coco_id,caption,dense_caption,prompt,target_path,generated_path,modality,experiment_id,guidance_scale,num_inference_steps,LPIPS_Distance,DreamSim_Distance,CLIP_Score
2685,A crowd of people stand near a man behind a bar with wine bottles on it.,"Several people are gathered around a wooden bar counter inside a restaurant, tasting room, or social event space. A man stands behind the counter near shelves filled with wine bottles while customers stand close together and talk in small groups. The room appears warmly lit.","bottle, cup, handbag, person, wine glass",/Users/yixiaoz/Desktop/cs348k_proj/outputs/baseline_semantic_sparse/cfg_3p0/000000002685/target.png,/Users/yixiaoz/Desktop/cs348k_proj/outputs/baseline_semantic_sparse/cfg_3p0/000000002685/generated.png,sparse_text_only,1,3.0,20,0.7777,0.6174,26.1459
6763,A man and a women posing next to one another in front of a table.,"A man and a woman sit close together at a table inside a dimly lit restaurant or bar. The man wears a dress shirt and tie and has his arm around the smiling woman beside him. Plates, utensils, and drinks are visible on the table.","cell phone, dining table, person, tie, tv",/Users/yixiaoz/Desktop/cs348k_proj/outputs/baseline_semantic_sparse/cfg_3p0/000000006763/target.png,/Users/yixiaoz/Desktop/cs348k_proj/outputs/baseline_semantic_sparse/cfg_3p0/000000006763/generated.png,sparse_text_only,1,3.0,20,0.7412,0.8131,18.7363
87144,A baby sitting between a lady and a man on a bench under a tree.,"A woman, a young child, and an elderly man sit on a park bench beneath the shade of a tree. The woman sits on the left wearing a patterned dress, the child sits near the center, and the older man sits on the right wearing.","bench, car, handbag, person",/Users/yixiaoz/Desktop/cs348k_proj/outputs/baseline_semantic_sparse/cfg_3p0/000000087144/target.png,/Users/yixiaoz/Desktop/cs348k_proj/outputs/baseline_semantic_sparse/cfg_3p0/000000087144/generated.png,sparse_text_only,1,3.0,20,0.7033,0.4922,28.0134
2157,A table topped with a cake covered in berries next to a plate of sandwiches.,"A table covered with a red tablecloth is arranged with desserts and party food in an outdoor or bright dining setting. A large cake topped with blueberries and raspberries sits near the front beside plates of sandwiches, bread, grapes, wine glasses, napkins, and stacked dishes.","cake, cup, dining table, knife, wine glass",/Users/yixiaoz/Desktop/cs348k_proj/outputs/baseline_semantic_sparse/cfg_3p0/000000002157/target.png,/Users/yixiaoz/Desktop/cs348k_proj/outputs/baseline_semantic_sparse/cfg_3p0/000000002157/generated.png,sparse_text_only,1,3.0,20,0.7406,0.5243,26.7528
14226,A person is sitting in a chair at a table with a laptop computer.,A man sits alone in a passenger train or railcar while using a laptop computer on a fold-out table in front of him. He wears a jacket and looks downward toward the screen with a focused expression. A large window beside him shows blurred scenery.,"apple, chair, dining table, laptop, person",/Users/yixiaoz/Desktop/cs348k_proj/outputs/baseline_semantic_sparse/cfg_3p0/000000014226/target.png,/Users/yixiaoz/Desktop/cs348k_proj/outputs/baseline_semantic_sparse/cfg_3p0/000000014226/generated.png,sparse_text_only,1,3.0,20,0.761,0.658,19.6628
35279,"A man laying his head down next to electronics, a butterfly, and a book.","A cluttered workspace or floor area contains several electronic devices and accessories arranged close together. A laptop displays a simple image on its screen, while a smartphone, cables, speakers, papers, a bottle, and other gadgets sit nearby. Part of a person’s face appears near the.","book, bottle, cell phone, handbag, laptop, person, tennis racket",/Users/yixiaoz/Desktop/cs348k_proj/outputs/baseline_semantic_sparse/cfg_3p0/000000035279/target.png,/Users/yixiaoz/Desktop/cs348k_proj/outputs/baseline_semantic_sparse/cfg_3p0/000000035279/generated.png,sparse_text_only,1,3.0,20,0.7668,0.6311,25.5283
31620,A woman in a white dress and a man in gray stand near a cake on a white table under a white canopy.,"Inside a large white event tent, a woman in a white dress and a man in a gray suit stand near a decorated table. The table is covered with a white cloth and appears to hold a cake or centerpiece. Soft light filters through the.","cake, chair, cup, knife, person, tie",/Users/yixiaoz/Desktop/cs348k_proj/outputs/baseline_semantic_sparse/cfg_3p0/000000031620/target.png,/Users/yixiaoz/Desktop/cs348k_proj/outputs/baseline_semantic_sparse/cfg_3p0/000000031620/generated.png,sparse_text_only,1,3.0,20,0.7072,0.8667,16.6652
95707,Several pastries sitting on aluminum foil next to a bowl with a knife and spatula in it.,"Several pastries and baked goods are arranged on aluminum foil on a table, with a bowl, knife, and spatula placed nearby for serving. The food includes rectangular pieces and a pale frosted or light-colored dessert item, suggesting a dessert spread or homemade baked selection. The.","bowl, cake, dining table, knife",/Users/yixiaoz/Desktop/cs348k_proj/outputs/baseline_semantic_sparse/cfg_3p0/000000095707/target.png,/Users/yixiaoz/Desktop/cs348k_proj/outputs/baseline_semantic_sparse/cfg_3p0/000000095707/generated.png,sparse_text_only,1,3.0,20,0.7085,0.5841,30.4933
54605,Milkshake in tall glass and piece of cake on plate near forks.,"A tall milkshake in a glass is topped with whipped cream and placed on a restaurant table beside a slice of layered cake on a white plate. A fork, napkins, and other table items sit nearby, while the background is dim and softly blurred. The.","cake, chair, cup, dining table, fork, person",/Users/yixiaoz/Desktop/cs348k_proj/outputs/baseline_semantic_sparse/cfg_3p0/000000054605/target.png,/Users/yixiaoz/Desktop/cs348k_proj/outputs/baseline_semantic_sparse/cfg_3p0/000000054605/generated.png,sparse_text_only,1,3.0,20,0.7356,0.6683,21.6756
27620,A laptop sitting on a desk next to a chair and another computer.,"A small home office or study area contains a glass-top desk, a laptop computer, a chair, and additional electronic equipment. The desk is positioned near a wall with windows and blinds, and another chair sits in front of the workspace. Cables, accessories, and a cup.","bottle, chair, keyboard, laptop, mouse",/Users/yixiaoz/Desktop/cs348k_proj/outputs/baseline_semantic_sparse/cfg_3p0/000000027620/target.png,/Users/yixiaoz/Desktop/cs348k_proj/outputs/baseline_semantic_sparse/cfg_3p0/000000027620/generated.png,sparse_text_only,1,3.0,20,0.7059,0.5644,28.655
66771,Two people sitting at a table with beverages on it and the woman holding her phone.,"Two people sit together at a restaurant table with beverages, cups, and small dishes in front of them. The man smiles while looking toward the woman, and the woman looks down at a smartphone in her hand. The table includes a drink with a straw.","bowl, cell phone, couch, cup, dining table, person, spoon",/Users/yixiaoz/Desktop/cs348k_proj/outputs/baseline_semantic_sparse/cfg_3p0/000000066771/target.png,/Users/yixiaoz/Desktop/cs348k_proj/outputs/baseline_semantic_sparse/cfg_3p0/000000066771/generated.png,sparse_text_only,1,3.0,20,0.711,0.7748,21.1901
18575,"Two plates, one with a sandwich and fries, the other with just a sandwich and a pickle.","Two plates of food are served on a restaurant table. One plate contains a sandwich with French fries, while the other plate includes a sandwich and a pickle with sliced vegetables and condiments nearby. Drinks, small containers, and utensils surround the plates, suggesting a casual.","bottle, bowl, dining table, knife, sandwich, wine glass",/Users/yixiaoz/Desktop/cs348k_proj/outputs/baseline_semantic_sparse/cfg_3p0/000000018575/target.png,/Users/yixiaoz/Desktop/cs348k_proj/outputs/baseline_semantic_sparse/cfg_3p0/000000018575/generated.png,sparse_text_only,1,3.0,20,0.71,0.5591,27.5686
66817,This plate consists of rice with sauce and peas and meat patties on the side.,"A plate of food is photographed from above on a table, containing rice covered with sauce, peas, and several browned meat patties on the side. A cup of yogurt or creamy dessert and a small bowl of fruit sit near the plate, creating a complete.","bowl, carrot, dining table, fork, spoon",/Users/yixiaoz/Desktop/cs348k_proj/outputs/baseline_semantic_sparse/cfg_3p0/000000066817/target.png,/Users/yixiaoz/Desktop/cs348k_proj/outputs/baseline_semantic_sparse/cfg_3p0/000000066817/generated.png,sparse_text_only,1,3.0,20,0.8031,0.672,20.0605
84674,a girl holds a baby eating a bagel with a boy standing next to them,"A woman sits indoors holding a small child who is eating a bagel or bread roll, while a young boy stands next to them facing the camera. The group appears to be in a restaurant, event space, or public indoor setting, with people and warm.","book, clock, couch, donut, person, tv",/Users/yixiaoz/Desktop/cs348k_proj/outputs/baseline_semantic_sparse/cfg_3p0/000000084674/target.png,/Users/yixiaoz/Desktop/cs348k_proj/outputs/baseline_semantic_sparse/cfg_3p0/000000084674/generated.png,sparse_text_only,1,3.0,20,0.754,0.5792,18.908
47112,A pizza served on a white plate next to empty wine glass and beer.,"A freshly baked pizza sits on a white plate on a restaurant table, with a glass of beer and an empty wine glass positioned behind it. The pizza has visible cheese and toppings, and the background contains tables, chairs, and restaurant décor. The low angle.","bottle, bowl, chair, dining table, knife, person, pizza, wine glass",/Users/yixiaoz/Desktop/cs348k_proj/outputs/baseline_semantic_sparse/cfg_3p0/000000047112/target.png,/Users/yixiaoz/Desktop/cs348k_proj/outputs/baseline_semantic_sparse/cfg_3p0/000000047112/generated.png,sparse_text_only,1,3.0,20,0.783,0.619,30.0078
59598,"A table with a laptop a plate with a muffin and a banana, a can and a cellphone.","An open laptop sits on a table in a classroom, meeting room, or conference setting. Nearby are a plate with a muffin and banana, a soda can, a mobile phone, and other small items. In the background, a presentation screen or projector area is visible.","banana, cake, cell phone, chair, keyboard, laptop, mouse, person",/Users/yixiaoz/Desktop/cs348k_proj/outputs/baseline_semantic_sparse/cfg_3p0/000000059598/target.png,/Users/yixiaoz/Desktop/cs348k_proj/outputs/baseline_semantic_sparse/cfg_3p0/000000059598/generated.png,sparse_text_only,1,3.0,20,0.716,0.5971,27.8008
91779,Three hot dogs with different toppings lined up on a tabletop.,"Three hot dogs with different toppings are arranged side by side on a tray or tabletop. One appears topped with sauce or chili, another with bright red peppers, and the surrounding area contains side dishes, cups, and food wrappers. The close-up composition highlights the variety.","bowl, chair, cup, dining table, hot dog, sandwich",/Users/yixiaoz/Desktop/cs348k_proj/outputs/baseline_semantic_sparse/cfg_3p0/000000091779/target.png,/Users/yixiaoz/Desktop/cs348k_proj/outputs/baseline_semantic_sparse/cfg_3p0/000000091779/generated.png,sparse_text_only,1,3.0,20,0.7031,0.4788,31.5313
22892,"A cat sitting on a table next to plants and a dog outside of a sliding glass door, looking in.","A gray cat sits indoors on a table beside potted plants near a sliding glass door, while a dog stands outside looking in through the glass. The cat faces downward toward the plants, and the dog is visible beyond the door on a balcony or.","cat, chair, dining table, dog, potted plant",/Users/yixiaoz/Desktop/cs348k_proj/outputs/baseline_semantic_sparse/cfg_3p0/000000022892/target.png,/Users/yixiaoz/Desktop/cs348k_proj/outputs/baseline_semantic_sparse/cfg_3p0/000000022892/generated.png,sparse_text_only,1,3.0,20,0.7467,0.6963,28.4187
97337,This is a nice living room set up with two couches and a television.,"A cozy living room contains two couches arranged around a coffee table facing a television. The television displays a map or graphic image, while lamps, curtains, and decorative furniture create a warm indoor atmosphere. The room appears tidy and comfortable, with soft lighting and a.","chair, couch, dining table, person, tv",/Users/yixiaoz/Desktop/cs348k_proj/outputs/baseline_semantic_sparse/cfg_3p0/000000097337/target.png,/Users/yixiaoz/Desktop/cs348k_proj/outputs/baseline_semantic_sparse/cfg_3p0/000000097337/generated.png,sparse_text_only,1,3.0,20,0.7192,0.6796,25.344
10707,Man with video game controller in living room with onlooker seated nearby.,"Several people gather in a living room around a coffee table covered with drinks, snacks, and small items. One man stands holding a video game controller, while others sit nearby watching or participating. Sofas, warm lighting, and casual clothing create the feeling of a relaxed.","backpack, bottle, couch, cup, dining table, laptop, person, remote",/Users/yixiaoz/Desktop/cs348k_proj/outputs/baseline_semantic_sparse/cfg_3p0/000000010707/target.png,/Users/yixiaoz/Desktop/cs348k_proj/outputs/baseline_semantic_sparse/cfg_3p0/000000010707/generated.png,sparse_text_only,1,3.0,20,0.787,0.7198,21.0867
65288,A yellow and green object with a brown bird perched on top of it.,"An ornate yellow and green decorative structure sits in the foreground, with a small brown bird perched on its top edge. Behind it, a crowd of people gathers outdoors near tables, chairs, plants, and shaded areas, suggesting a plaza, café, or public gathering space. The.","backpack, bicycle, bird, chair, person, potted plant",/Users/yixiaoz/Desktop/cs348k_proj/outputs/baseline_semantic_sparse/cfg_3p0/000000065288/target.png,/Users/yixiaoz/Desktop/cs348k_proj/outputs/baseline_semantic_sparse/cfg_3p0/000000065288/generated.png,sparse_text_only,1,3.0,20,0.7571,0.7429,20.405
116208,"A large pizza is shown on a table, with bottles and glasses of wine.","A large pizza topped with cheese, mushrooms, and other ingredients is placed on a raised stand at the center of a restaurant table. Wine bottles, glasses, plates, utensils, and small dishes surround it, suggesting a shared meal among several diners. The pizza is viewed from.","bottle, chair, cup, dining table, person, pizza, wine glass",/Users/yixiaoz/Desktop/cs348k_proj/outputs/baseline_semantic_sparse/cfg_3p0/000000116208/target.png,/Users/yixiaoz/Desktop/cs348k_proj/outputs/baseline_semantic_sparse/cfg_3p0/000000116208/generated.png,sparse_text_only,1,3.0,20,0.6816,0.5868,26.7862
74733,two flatbread pieces covered with different ingredients in between a flight of beers,"Two rectangular flatbread dishes topped with different ingredients are served on a wooden board beside a flight of beers. Several small glasses of beer, dipping containers, and additional drinkware are arranged around the food. The warm indoor lighting and tabletop presentation suggest a restaurant, pub.","chair, cup, dining table, person, pizza",/Users/yixiaoz/Desktop/cs348k_proj/outputs/baseline_semantic_sparse/cfg_3p0/000000074733/target.png,/Users/yixiaoz/Desktop/cs348k_proj/outputs/baseline_semantic_sparse/cfg_3p0/000000074733/generated.png,sparse_text_only,1,3.0,20,0.7552,0.6886,20.4886
114907,"A woman holding a milking attachment and standing in front of a cow, with a group of people in the audience.","A woman stands beside a large dairy cow while demonstrating or holding a milking attachment in front of a seated audience. The cow is positioned behind a metal barrier, and many people watch attentively from the foreground. The scene appears to be part of an.","cow, person, truck",/Users/yixiaoz/Desktop/cs348k_proj/outputs/baseline_semantic_sparse/cfg_3p0/000000114907/target.png,/Users/yixiaoz/Desktop/cs348k_proj/outputs/baseline_semantic_sparse/cfg_3p0/000000114907/generated.png,sparse_text_only,1,3.0,20,0.714,0.6065,28.5639
61333,The caramel-colored kitten is  lying on the small blanket on top of the unmade bed.,"An orange tabby kitten lies curled up on a small blanket placed on top of an unmade bed. The cat appears relaxed and sleepy, with its body tucked close and its head resting near the blanket. A bookshelf filled with books lines the background, adding.","bed, book, cat",/Users/yixiaoz/Desktop/cs348k_proj/outputs/baseline_semantic_sparse/cfg_3p0/000000061333/target.png,/Users/yixiaoz/Desktop/cs348k_proj/outputs/baseline_semantic_sparse/cfg_3p0/000000061333/generated.png,sparse_text_only,1,3.0,20,0.8752,0.5641,26.4814
18837,A large truck on a city street with two works sitting on top and one worker climbing in through door.,"A large green utility truck is parked on a city street while workers perform maintenance tasks around it. One worker appears to be on top of the vehicle, and another is climbing into or standing near the door. Cars, buildings, traffic signs, and urban infrastructure.","car, person, truck",/Users/yixiaoz/Desktop/cs348k_proj/outputs/baseline_semantic_sparse/cfg_3p0/000000018837/target.png,/Users/yixiaoz/Desktop/cs348k_proj/outputs/baseline_semantic_sparse/cfg_3p0/000000018837/generated.png,sparse_text_only,1,3.0,20,0.7199,0.7352,19.325
9914,"A sandwich, french fries, bowl of ketchup, onion slice, lettuce slice, tomato slice, and knife sit on the white plate.","A sandwich meal is served on a white plate with French fries, a small bowl of ketchup, sliced onion, tomato, lettuce, and a knife. The sandwich bun is topped with sesame seeds, and the fries are piled beside it. The close-up view focuses on the.","bowl, dining table, hot dog, knife, sandwich",/Users/yixiaoz/Desktop/cs348k_proj/outputs/baseline_semantic_sparse/cfg_3p0/000000009914/target.png,/Users/yixiaoz/Desktop/cs348k_proj/outputs/baseline_semantic_sparse/cfg_3p0/000000009914/generated.png,sparse_text_only,1,3.0,20,0.7896,0.5686,26.5979
39477,A beach towel covers a TV across from plants on the wall and in front of the window.,"A compact living room features a couch facing a television, with several plants placed near the window and on the wall. Natural light enters through a large curtained window, brightening the small room. A low table, rug, wall decorations, and shelving create a tidy residential.","book, couch, potted plant, tv, vase",/Users/yixiaoz/Desktop/cs348k_proj/outputs/baseline_semantic_sparse/cfg_3p0/000000039477/target.png,/Users/yixiaoz/Desktop/cs348k_proj/outputs/baseline_semantic_sparse/cfg_3p0/000000039477/generated.png,sparse_text_only,1,3.0,20,0.7447,0.6444,30.4146
61108,A blue bicycle with a puppy in its basket is parked next to the bleacher steps.,"A blue bicycle is parked beside outdoor bleacher steps, with a small puppy sitting inside a basket attached to the front. The bicycle rests near concrete steps and railings, suggesting a sports field, park, or recreational area. The puppy sits securely in the basket and.","bench, bicycle, car, dog",/Users/yixiaoz/Desktop/cs348k_proj/outputs/baseline_semantic_sparse/cfg_3p0/000000061108/target.png,/Users/yixiaoz/Desktop/cs348k_proj/outputs/baseline_semantic_sparse/cfg_3p0/000000061108/generated.png,sparse_text_only,1,3.0,20,0.6928,0.7147,26.1381
91615,"A kitchen has light wooden colored cabinetry, beige countertops, and stainless steel appliances in an open concept house.","A clean modern kitchen features light wooden cabinets, beige countertops, stainless steel appliances, and a sink built into a central counter area. A microwave, oven, refrigerator, dishwasher, and decorative flowers are visible throughout the room. The space appears bright, organized, and open, with neutral colors.","book, bottle, bowl, cup, microwave, oven, sink, tv, vase",/Users/yixiaoz/Desktop/cs348k_proj/outputs/baseline_semantic_sparse/cfg_3p0/000000091615/target.png,/Users/yixiaoz/Desktop/cs348k_proj/outputs/baseline_semantic_sparse/cfg_3p0/000000091615/generated.png,sparse_text_only,1,3.0,20,0.7141,0.3491,30.4601
77396,A cat being lazy and a cat being nozy in a living room with tv and a laptop displaying the same things.,"Two cats are in a living room facing a television and a laptop displaying similar imagery. One cat stands upright near the television, appearing curious about the screen, while another cat lies on the floor nearby. The room contains a TV stand, small table, and.","book, cat, chair, dining table, laptop, remote, tv",/Users/yixiaoz/Desktop/cs348k_proj/outputs/baseline_semantic_sparse/cfg_3p0/000000077396/target.png,/Users/yixiaoz/Desktop/cs348k_proj/outputs/baseline_semantic_sparse/cfg_3p0/000000077396/generated.png,sparse_text_only,1,3.0,20,0.7168,0.6396,34.3149
119233,A cat sprawled out over the top of a laptop computer keyboard.,"A black-and-white cat sprawls across the keyboard area of an open laptop on a wooden desk or counter. The cat lies comfortably with its body stretched over the computer, partially blocking the screen and keyboard. Various household objects, office supplies, and plants are visible around.","bird, cat, cell phone, cup, laptop, spoon",/Users/yixiaoz/Desktop/cs348k_proj/outputs/baseline_semantic_sparse/cfg_3p0/000000119233/target.png,/Users/yixiaoz/Desktop/cs348k_proj/outputs/baseline_semantic_sparse/cfg_3p0/000000119233/generated.png,sparse_text_only,1,3.0,20,0.8379,0.6661,29.6088
2431,"A table with a plate, wine-filled glass, and bread, among other items","A restaurant table is set with a plate, a wine-filled glass, bread, napkins, utensils, and other dining items. The objects are arranged closely together on a wooden surface, suggesting an ongoing or prepared meal. The image is framed from above and at a slight angle.","cup, dining table, knife, person, spoon, wine glass",/Users/yixiaoz/Desktop/cs348k_proj/outputs/baseline_semantic_sparse/cfg_3p0/000000002431/target.png,/Users/yixiaoz/Desktop/cs348k_proj/outputs/baseline_semantic_sparse/cfg_3p0/000000002431/generated.png,sparse_text_only,1,3.0,20,0.7004,0.6886,27.5349
56344,"Looking down at a desktop with two monitors, a key board, mouse and cell phones on it.","A desk workstation contains two large computer monitors positioned side by side, along with a keyboard, mouse, mobile phones, and several electronic accessories. The screens display different windows or web pages, and cables and devices are spread across the desktop. The space appears dimly lit.","cell phone, keyboard, mouse, remote, tv",/Users/yixiaoz/Desktop/cs348k_proj/outputs/baseline_semantic_sparse/cfg_3p0/000000056344/target.png,/Users/yixiaoz/Desktop/cs348k_proj/outputs/baseline_semantic_sparse/cfg_3p0/000000056344/generated.png,sparse_text_only,1,3.0,20,0.7168,0.7249,21.6109
54628,A tall multi layer cake sitting on top of a blue table cloth.,"A tall multi-layered decorative cake stands on a table covered with a blue tablecloth inside an elegant event venue. The cake is decorated with detailed patterns, flowers, and multiple tiers, making it the centerpiece of the room. Guests, tables, chairs, and chandeliers are visible in.","cake, chair, dining table, person, potted plant",/Users/yixiaoz/Desktop/cs348k_proj/outputs/baseline_semantic_sparse/cfg_3p0/000000054628/target.png,/Users/yixiaoz/Desktop/cs348k_proj/outputs/baseline_semantic_sparse/cfg_3p0/000000054628/generated.png,sparse_text_only,1,3.0,20,0.7411,0.7376,16.2534
110999,"A painting of a bowl of fruit sitting in front of another painting,","A framed painting of a bowl of fruit hangs above a table where a real bowl of fruit and decorative objects are arranged below it. The dark background and warm lighting create a still-life atmosphere, connecting the artwork to the physical objects in front of.","apple, bowl, cup, fork, knife, orange, person, spoon",/Users/yixiaoz/Desktop/cs348k_proj/outputs/baseline_semantic_sparse/cfg_3p0/000000110999/target.png,/Users/yixiaoz/Desktop/cs348k_proj/outputs/baseline_semantic_sparse/cfg_3p0/000000110999/generated.png,sparse_text_only,1,3.0,20,0.8197,0.6126,28.9872
72795,a group of ball players playing on a field in front of an audience,"Baseball players are positioned on a field during a game while a large audience watches from the stadium seats. The batter stands near home plate, with the catcher and umpire crouched behind him and other players visible on the field. The scene is viewed from.","baseball bat, baseball glove, person",/Users/yixiaoz/Desktop/cs348k_proj/outputs/baseline_semantic_sparse/cfg_3p0/000000072795/target.png,/Users/yixiaoz/Desktop/cs348k_proj/outputs/baseline_semantic_sparse/cfg_3p0/000000072795/generated.png,sparse_text_only,1,3.0,20,0.7792,0.7532,21.2079
92091,A little girl is using the toy brush for a chew toy rather than brushing the teddy.,"A young girl wearing a bright pink dress stands inside a cozy room while holding a toy brush near a stuffed teddy bear. The room includes wooden walls, chairs, a television, artwork, and home furnishings. The child appears to be playing pretend, possibly brushing the.","boat, chair, couch, person, teddy bear, toothbrush, tv",/Users/yixiaoz/Desktop/cs348k_proj/outputs/baseline_semantic_sparse/cfg_3p0/000000092091/target.png,/Users/yixiaoz/Desktop/cs348k_proj/outputs/baseline_semantic_sparse/cfg_3p0/000000092091/generated.png,sparse_text_only,1,3.0,20,0.7592,0.5873,23.3957
108253,there are two plates of food and a beer in the middle of the table,"Two plates of food and a beer bottle are arranged on a restaurant table. The plates contain sandwiches, fries, and other side dishes, while condiments and utensils sit nearby. The bottle of beer stands prominently near the center of the table, suggesting a casual meal.","bottle, cup, dining table, fork, knife, person, pizza, spoon",/Users/yixiaoz/Desktop/cs348k_proj/outputs/baseline_semantic_sparse/cfg_3p0/000000108253/target.png,/Users/yixiaoz/Desktop/cs348k_proj/outputs/baseline_semantic_sparse/cfg_3p0/000000108253/generated.png,sparse_text_only,1,3.0,20,0.7411,0.5194,30.5074
80932,A little boy sits at a table in a restaurant eating a slice of pizza.,"A young boy sits at a restaurant table eating a large slice of pizza. He holds the pizza close to his mouth while leaning over a white plate, concentrating on the meal. Other diners and wooden booth seating are visible in the background, creating a.","chair, cup, dining table, fork, person, pizza",/Users/yixiaoz/Desktop/cs348k_proj/outputs/baseline_semantic_sparse/cfg_3p0/000000080932/target.png,/Users/yixiaoz/Desktop/cs348k_proj/outputs/baseline_semantic_sparse/cfg_3p0/000000080932/generated.png,sparse_text_only,1,3.0,20,0.7646,0.6768,23.2972
50811,A man in a suit sitting a table with an empty bowl and empty beer bottles.,A man wearing a gray suit jacket sits alone at a wooden dining table with an empty bowl and several empty beer bottles placed in front of him. He smiles toward the camera in a simple indoor setting with a plain light-colored background. The table.,"bottle, bowl, cell phone, dining table, person, remote, tie",/Users/yixiaoz/Desktop/cs348k_proj/outputs/baseline_semantic_sparse/cfg_3p0/000000050811/target.png,/Users/yixiaoz/Desktop/cs348k_proj/outputs/baseline_semantic_sparse/cfg_3p0/000000050811/generated.png,sparse_text_only,1,3.0,20,0.7315,0.8445,18.7171
13659,A man typing on a laptop keyboard in a cluttered work environment.,"Several people work in a busy, cluttered office environment filled with desks, laptops, papers, cardboard boxes, and electronic equipment. A man in the foreground sits at a desk typing on a laptop while wearing headphones, and other people work in the background. The room looks.","chair, cup, dining table, laptop, person, tv",/Users/yixiaoz/Desktop/cs348k_proj/outputs/baseline_semantic_sparse/cfg_3p0/000000013659/target.png,/Users/yixiaoz/Desktop/cs348k_proj/outputs/baseline_semantic_sparse/cfg_3p0/000000013659/generated.png,sparse_text_only,1,3.0,20,0.7382,0.7977,24.7821
26465,The opened  laptop is sitting on the table along with other technological tools.,"An open laptop sits on a white tabletop surrounded by small technological tools and accessories, including a smartphone, a pen, and a compact electronic device. The laptop screen shows a dark desktop with a bright reflection near the center. The arrangement is simple and sparse.","cell phone, chair, keyboard, laptop, person, remote",/Users/yixiaoz/Desktop/cs348k_proj/outputs/baseline_semantic_sparse/cfg_3p0/000000026465/target.png,/Users/yixiaoz/Desktop/cs348k_proj/outputs/baseline_semantic_sparse/cfg_3p0/000000026465/generated.png,sparse_text_only,1,3.0,20,0.7201,0.6887,27.3201
25096,A boy sitting in front of cake fashioned to look like a skateboard.,"A young boy wearing a blue sports jersey sits at a table looking down at a cake designed to resemble a skateboard. The cake is decorated with bright colors and small details, and the boy appears focused on it as if preparing to cut or.","chair, dining table, knife, person, skateboard, zebra",/Users/yixiaoz/Desktop/cs348k_proj/outputs/baseline_semantic_sparse/cfg_3p0/000000025096/target.png,/Users/yixiaoz/Desktop/cs348k_proj/outputs/baseline_semantic_sparse/cfg_3p0/000000025096/generated.png,sparse_text_only,1,3.0,20,0.7997,0.7572,15.9438
26564,An office desk with a row of books and a desktop computer and laptop computer on the desk.,"An office desk is arranged with a desktop computer, laptop, keyboard, mouse, books, papers, and a row of binders or reference materials. The monitor displays a document or screen of text, and large windows brighten the workspace. The corner desk is compact but well equipped.","book, bottle, keyboard, laptop, mouse, tv",/Users/yixiaoz/Desktop/cs348k_proj/outputs/baseline_semantic_sparse/cfg_3p0/000000026564/target.png,/Users/yixiaoz/Desktop/cs348k_proj/outputs/baseline_semantic_sparse/cfg_3p0/000000026564/generated.png,sparse_text_only,1,3.0,20,0.7391,0.5513,28.5393
12670,A large crowd of people walking around while one owns a teddy bear.,"A large crowd of people walks and gathers in a busy outdoor public space, possibly a street, plaza, or festival area. The scene contains many individuals of different ages wearing colorful clothing, and one person appears to carry or hold a teddy bear among the.","backpack, cell phone, handbag, person, teddy bear",/Users/yixiaoz/Desktop/cs348k_proj/outputs/baseline_semantic_sparse/cfg_3p0/000000012670/target.png,/Users/yixiaoz/Desktop/cs348k_proj/outputs/baseline_semantic_sparse/cfg_3p0/000000012670/generated.png,sparse_text_only,1,3.0,20,0.7499,0.7823,24.1473
9400,Sever people are sitting next to each other while using laptops.,"Several people sit close together around a table while using laptop computers in a dimly lit indoor environment. Multiple screens glow in front of them, and drinks, cables, and computer accessories are spread across the table. The group appears to be collaborating, studying, or working.","cup, keyboard, laptop, mouse, person",/Users/yixiaoz/Desktop/cs348k_proj/outputs/baseline_semantic_sparse/cfg_3p0/000000009400/target.png,/Users/yixiaoz/Desktop/cs348k_proj/outputs/baseline_semantic_sparse/cfg_3p0/000000009400/generated.png,sparse_text_only,1,3.0,20,0.7785,0.777,23.0031
92053,Three white dishes with three different sorts of food on them.,"Three white plates with different dishes are arranged on a restaurant table under warm, dim lighting. The food includes various items with sauces, sides, and garnishes, and a drink sits nearby. Utensils are placed on or beside the plates, suggesting the meal is in progress.","bowl, cup, dining table, donut, fork, knife, person, sandwich",/Users/yixiaoz/Desktop/cs348k_proj/outputs/baseline_semantic_sparse/cfg_3p0/000000092053/target.png,/Users/yixiaoz/Desktop/cs348k_proj/outputs/baseline_semantic_sparse/cfg_3p0/000000092053/generated.png,sparse_text_only,1,3.0,20,0.7942,0.6724,21.269
74256,Two women standing in a train station looking at their phones.,"Two women stand together at an outdoor train station platform while looking down at their mobile phones. One woman wears a green scarf and dark clothing, while the other wears a patterned jacket. Train station signs, tracks, buildings, and platform structures appear in the background.","backpack, bus, cell phone, handbag, person, train",/Users/yixiaoz/Desktop/cs348k_proj/outputs/baseline_semantic_sparse/cfg_3p0/000000074256/target.png,/Users/yixiaoz/Desktop/cs348k_proj/outputs/baseline_semantic_sparse/cfg_3p0/000000074256/generated.png,sparse_text_only,1,3.0,20,0.697,0.6583,22.9909
7818,An illuminated floral display forms the centerpiece of the arrangement in this close up of a dining room table setting.,"A small illuminated floral display sits at the center of a dining table arranged with plates, napkins, glasses, and formal place settings. The image is softly focused with the centerpiece and table surface highlighted against a darker background. The scene appears elegant and quiet, possibly.","chair, dining table, fork, knife, vase, wine glass",/Users/yixiaoz/Desktop/cs348k_proj/outputs/baseline_semantic_sparse/cfg_3p0/000000007818/target.png,/Users/yixiaoz/Desktop/cs348k_proj/outputs/baseline_semantic_sparse/cfg_3p0/000000007818/generated.png,sparse_text_only,1,3.0,20,0.7104,0.4576,30.0393
109313,A man holding a Wii game controller while standing in a living room.,"A man stands in a living room holding a Wii game controller while facing a television outside the frame. He wears casual clothes and stands among household items, toys, furniture, and a colorful floor mat. The room appears lived-in and informal, with a kitchen or.","book, couch, cup, person, remote",/Users/yixiaoz/Desktop/cs348k_proj/outputs/baseline_semantic_sparse/cfg_3p0/000000109313/target.png,/Users/yixiaoz/Desktop/cs348k_proj/outputs/baseline_semantic_sparse/cfg_3p0/000000109313/generated.png,sparse_text_only,1,3.0,20,0.7523,0.6798,25.428
116439,A woman with a straw style hat sitting on a small row boat in the water and accessory items hanging behind her on the land area.,"A woman wearing a straw-style hat sits in a small wooden boat floating on water, surrounded by colorful fabrics and hanging accessories near the shoreline. The scene appears to take place in a riverside or floating market environment, with reflections on the water and goods.","boat, chair, handbag, person",/Users/yixiaoz/Desktop/cs348k_proj/outputs/baseline_semantic_sparse/cfg_3p0/000000116439/target.png,/Users/yixiaoz/Desktop/cs348k_proj/outputs/baseline_semantic_sparse/cfg_3p0/000000116439/generated.png,sparse_text_only,1,3.0,20,0.7156,0.5735,25.6648
11511,A sculpture of two women stting on a bench with their purses on the ground while people standing in a line behind them.,"A bronze sculpture of two women seated together on a bench is displayed in an outdoor public area. The figures sit close together with handbags or purses placed near their feet, and pedestrians stand or walk in the background. Strong light highlights the sculpture against.","bench, handbag, motorcycle, person",/Users/yixiaoz/Desktop/cs348k_proj/outputs/baseline_semantic_sparse/cfg_3p0/000000011511/target.png,/Users/yixiaoz/Desktop/cs348k_proj/outputs/baseline_semantic_sparse/cfg_3p0/000000011511/generated.png,sparse_text_only,1,3.0,20,0.685,0.6697,21.3088
17714,A banana frittata next to a plate of decoratively cut fruit and a cup of coffee.,"A breakfast or brunch meal is arranged on a wooden table, including a banana frittata, a plate of decorative cut fruit, and a cup of coffee. Sunlight falls across the tabletop, casting shadows and giving the meal a bright morning feel. The dishes are neatly.","banana, cup, dining table, fork, knife, pizza, spoon",/Users/yixiaoz/Desktop/cs348k_proj/outputs/baseline_semantic_sparse/cfg_3p0/000000017714/target.png,/Users/yixiaoz/Desktop/cs348k_proj/outputs/baseline_semantic_sparse/cfg_3p0/000000017714/generated.png,sparse_text_only,1,3.0,20,0.7342,0.6257,29.7876
15335,"a young child, lady , and man sitting in a booth at a table","A young child sits in a restaurant booth between adults at a table, with plates, drinks, and food items visible in the dim interior. The child appears to be eating or touching their mouth, while the adults sit close on either side. Warm lighting and.","bowl, cell phone, couch, cup, person",/Users/yixiaoz/Desktop/cs348k_proj/outputs/baseline_semantic_sparse/cfg_3p0/000000015335/target.png,/Users/yixiaoz/Desktop/cs348k_proj/outputs/baseline_semantic_sparse/cfg_3p0/000000015335/generated.png,sparse_text_only,1,3.0,20,0.7574,0.8768,16.9812
113589,"Two containers containing quiche, a salad, apples and a banana on the side.","A healthy prepared meal is arranged in two clear food containers and a small side area, including a slice of quiche, green salad, apple slices, and a banana. The food is neatly separated and photographed from above against a plain background. The composition emphasizes balanced.","apple, banana, bowl, pizza, sandwich",/Users/yixiaoz/Desktop/cs348k_proj/outputs/baseline_semantic_sparse/cfg_3p0/000000113589/target.png,/Users/yixiaoz/Desktop/cs348k_proj/outputs/baseline_semantic_sparse/cfg_3p0/000000113589/generated.png,sparse_text_only,1,3.0,20,0.8453,0.6379,30.2547
1503,A picture of an iMac desktop next to a Mac laptop on a desk.,"An older Apple iMac desktop computer sits on a desk beside a Mac laptop and several computer accessories. A keyboard, mouse, speakers, and monitor are arranged across the workspace, creating a technology-focused setup. The desk is positioned near a window with blinds, and the white.","keyboard, laptop, mouse, tv",/Users/yixiaoz/Desktop/cs348k_proj/outputs/baseline_semantic_sparse/cfg_3p0/000000001503/target.png,/Users/yixiaoz/Desktop/cs348k_proj/outputs/baseline_semantic_sparse/cfg_3p0/000000001503/generated.png,sparse_text_only,1,3.0,20,0.7062,0.6158,28.5143
88848,"Multiple pictures of fire hydrants, a woman standing near a tree, and people posing in front of a boat.","A collage of multiple photographs shows several yellow fire hydrants, a woman standing near a tree, and people posing in front of a boat or outdoor landmark. The images are arranged together in a grid-like layout, combining different scenes into one visual composition. The subject.","backpack, boat, fire hydrant, handbag, person",/Users/yixiaoz/Desktop/cs348k_proj/outputs/baseline_semantic_sparse/cfg_3p0/000000088848/target.png,/Users/yixiaoz/Desktop/cs348k_proj/outputs/baseline_semantic_sparse/cfg_3p0/000000088848/generated.png,sparse_text_only,1,3.0,20,0.7356,0.7296,22.5177
6471,A man at bat waiting for a pitch with a catcher and umpire behind him and players from the opposing team in the dugout.,"A baseball player in a white uniform stands at home plate holding a bat while waiting for a pitch. A catcher and umpire crouch behind him, and members of the opposing team sit in the dugout watching the play. The green field and stadium seating.","baseball bat, baseball glove, bench, bottle, person",/Users/yixiaoz/Desktop/cs348k_proj/outputs/baseline_semantic_sparse/cfg_3p0/000000006471/target.png,/Users/yixiaoz/Desktop/cs348k_proj/outputs/baseline_semantic_sparse/cfg_3p0/000000006471/generated.png,sparse_text_only,1,3.0,20,0.7613,0.7747,19.916
92660,An unbaked pizza with cheese and herbs on one half and broccoli on the second.,"An uncooked pizza topped with cheese, herbs, and broccoli sits on a round baking tray or pan. One half of the pizza appears more heavily covered with broccoli, while the other has more cheese and herbs exposed. The crust and toppings are clearly visible from.","bottle, broccoli, cup, pizza",/Users/yixiaoz/Desktop/cs348k_proj/outputs/baseline_semantic_sparse/cfg_3p0/000000092660/target.png,/Users/yixiaoz/Desktop/cs348k_proj/outputs/baseline_semantic_sparse/cfg_3p0/000000092660/generated.png,sparse_text_only,1,3.0,20,0.7623,0.5011,29.7205
105335,"A bowl of stew in a white bowl, being held by a person.","A bowl of stew in a white dish is being held by a person, with pieces of vegetables and meat visible in a warm broth. The stew contains colorful ingredients such as carrots, potatoes, and chunks of protein. The close-up framing focuses on the food.","bowl, broccoli, carrot, person",/Users/yixiaoz/Desktop/cs348k_proj/outputs/baseline_semantic_sparse/cfg_3p0/000000105335/target.png,/Users/yixiaoz/Desktop/cs348k_proj/outputs/baseline_semantic_sparse/cfg_3p0/000000105335/generated.png,sparse_text_only,1,3.0,20,0.8244,0.5587,25.6305
117719,A man sits at a bar in front of dozens of bottles of alcohol.,"A man stands behind a warmly lit bar surrounded by dozens of bottles of alcohol arranged on shelves. The bar interior features dark wood, glowing lights, glassware, and a cozy pub-like atmosphere. The bartender or customer is partly silhouetted against the illuminated bottles, creating a.","bottle, cup, person, wine glass",/Users/yixiaoz/Desktop/cs348k_proj/outputs/baseline_semantic_sparse/cfg_3p0/000000117719/target.png,/Users/yixiaoz/Desktop/cs348k_proj/outputs/baseline_semantic_sparse/cfg_3p0/000000117719/generated.png,sparse_text_only,1,3.0,20,0.7737,0.8049,22.5114
82085,A brightly colored train is stopped on the tracks to let passengers on.,"A brightly colored passenger train is stopped on railway tracks beside a platform, allowing passengers to board or exit. The train has yellow, blue, and red sections, and people stand nearby along the track area. Buildings, vegetation, and station infrastructure surround the scene. The image.","person, train",/Users/yixiaoz/Desktop/cs348k_proj/outputs/baseline_semantic_sparse/cfg_3p0/000000082085/target.png,/Users/yixiaoz/Desktop/cs348k_proj/outputs/baseline_semantic_sparse/cfg_3p0/000000082085/generated.png,sparse_text_only,1,3.0,20,0.7138,0.783,22.8208
70048,"A glass of wine sits next to a bowl of soup, salad, and a plate with a sandwich.","A restaurant meal is arranged on a table, including a glass of wine, a bowl of soup, a green salad, and a sandwich served on a round bread roll. Condiments, utensils, napkins, and additional dining items sit nearby. The overhead view emphasizes the variety and.","bowl, cup, dining table, sandwich, wine glass",/Users/yixiaoz/Desktop/cs348k_proj/outputs/baseline_semantic_sparse/cfg_3p0/000000070048/target.png,/Users/yixiaoz/Desktop/cs348k_proj/outputs/baseline_semantic_sparse/cfg_3p0/000000070048/generated.png,sparse_text_only,1,3.0,20,0.723,0.5178,30.6102
3845,A dinner plate that has white steamed rice with stir fry vegetables and chicken.,A large dinner plate holds a mound of white steamed rice next to stir-fried vegetables and pieces of chicken in a colorful sauce. The food is arranged on a patterned plate and viewed from above on a wooden table. The bright vegetables and sauce contrast.,"broccoli, carrot, cup, dining table, fork, spoon",/Users/yixiaoz/Desktop/cs348k_proj/outputs/baseline_semantic_sparse/cfg_3p0/000000003845/target.png,/Users/yixiaoz/Desktop/cs348k_proj/outputs/baseline_semantic_sparse/cfg_3p0/000000003845/generated.png,sparse_text_only,1,3.0,20,0.8511,0.621,23.6785
92939,a man and female standing side by side with a cake cutter in their hand,"A smiling man and woman stand side by side beside a small decorated cake, holding a cake knife together. The woman wears a light-colored strapless dress and the man wears a white shirt, suggesting a wedding, anniversary, or celebratory event. Palm trees and outdoor lighting.","cake, chair, cup, knife, person, wine glass",/Users/yixiaoz/Desktop/cs348k_proj/outputs/baseline_semantic_sparse/cfg_3p0/000000092939/target.png,/Users/yixiaoz/Desktop/cs348k_proj/outputs/baseline_semantic_sparse/cfg_3p0/000000092939/generated.png,sparse_text_only,1,3.0,20,0.7106,0.7691,20.6144
1268,A waterway under a bridge with people sitting down and a woman taking a photo.,"People sit and relax under a large bridge beside a waterfront, with sunlight reflecting brightly off the water. A woman stands in the foreground taking a photograph, while several people sit along the edge facing the river. The bridge structure forms a strong curved frame.","backpack, bird, boat, cell phone, handbag, person",/Users/yixiaoz/Desktop/cs348k_proj/outputs/baseline_semantic_sparse/cfg_3p0/000000001268/target.png,/Users/yixiaoz/Desktop/cs348k_proj/outputs/baseline_semantic_sparse/cfg_3p0/000000001268/generated.png,sparse_text_only,1,3.0,20,0.6924,0.6364,20.8401
33221,Two women at a beach with tennis rackets in their hands and one girl looking very excited with her tennis racket in the air.,"Two women stand on a sandy beach holding tennis rackets while people walk nearby in the background. One woman raises her racket enthusiastically above her head, while the other stands beside her wearing a hood or scarf. The beach, distant hills, flags, and open sky.","car, handbag, person, tennis racket, truck",/Users/yixiaoz/Desktop/cs348k_proj/outputs/baseline_semantic_sparse/cfg_3p0/000000033221/target.png,/Users/yixiaoz/Desktop/cs348k_proj/outputs/baseline_semantic_sparse/cfg_3p0/000000033221/generated.png,sparse_text_only,1,3.0,20,0.7202,0.7491,12.5559
68409,School boys sit cross legged in front of a chalkboard sign in a vintage black and white photo.,A vintage black-and-white photograph shows a group of schoolboys sitting cross-legged in a row in front of a chalkboard sign. The boys wear similar school uniforms and pose formally for the camera outdoors. Trees and a simple background are visible behind them. The image has.,"person, tie",/Users/yixiaoz/Desktop/cs348k_proj/outputs/baseline_semantic_sparse/cfg_3p0/000000068409/target.png,/Users/yixiaoz/Desktop/cs348k_proj/outputs/baseline_semantic_sparse/cfg_3p0/000000068409/generated.png,sparse_text_only,1,3.0,20,0.7278,0.599,13.1987
78170,"PASSENGER TRAIN IN THE NIGHT HOURS WITH NO SMOKING SIGN, AND TWO WOMEN","A black-and-white nighttime image shows passengers visible through the windows of a train car. A no-smoking sign and interior lights can be seen inside, while reflections and shadows create a dramatic atmosphere. Two women or passengers are visible near separate windows, framed by the train.","bottle, cell phone, chair, handbag, person, train",/Users/yixiaoz/Desktop/cs348k_proj/outputs/baseline_semantic_sparse/cfg_3p0/000000078170/target.png,/Users/yixiaoz/Desktop/cs348k_proj/outputs/baseline_semantic_sparse/cfg_3p0/000000078170/generated.png,sparse_text_only,1,3.0,20,0.6827,0.6133,19.7037
62554,a plate of broccoli on a table next to some other plates of food,"A plate or bowl of broccoli sits on a table next to other plates of food, including pasta or noodles and additional dishes in the background. The broccoli is bright green and placed prominently in the foreground, while the other foods are slightly out of.","bowl, broccoli, dining table, fork",/Users/yixiaoz/Desktop/cs348k_proj/outputs/baseline_semantic_sparse/cfg_3p0/000000062554/target.png,/Users/yixiaoz/Desktop/cs348k_proj/outputs/baseline_semantic_sparse/cfg_3p0/000000062554/generated.png,sparse_text_only,1,3.0,20,0.7287,0.4673,31.6385
58539,"A man in a red hat, suit, and blue striped tie walks past two other men on a street.","A man wearing a bright red hat, dark suit, and blue striped tie walks along a city street while other men and pedestrians stand nearby. Cars, buildings, and urban activity fill the background. The red hat makes the man stand out clearly from the crowd.","car, person, tie",/Users/yixiaoz/Desktop/cs348k_proj/outputs/baseline_semantic_sparse/cfg_3p0/000000058539/target.png,/Users/yixiaoz/Desktop/cs348k_proj/outputs/baseline_semantic_sparse/cfg_3p0/000000058539/generated.png,sparse_text_only,1,3.0,20,0.7178,0.587,23.0951
46031,A small tablet computer next to a larger monitor and keyboard.,"A laptop computer sits on a small desk beside a larger external monitor, keyboard, mouse, speakers, and other electronic devices. The laptop and monitor display green leaf or plant imagery, creating a matching visual theme across the screens. The desk is placed near a window.","cell phone, keyboard, laptop, mouse, tv",/Users/yixiaoz/Desktop/cs348k_proj/outputs/baseline_semantic_sparse/cfg_3p0/000000046031/target.png,/Users/yixiaoz/Desktop/cs348k_proj/outputs/baseline_semantic_sparse/cfg_3p0/000000046031/generated.png,sparse_text_only,1,3.0,20,0.7179,0.6066,26.181
9891,The man is loading luggage suitcases onto the cart in the parking lot.,"A man loads luggage and suitcases onto a metal cart in a parking lot filled with vehicles. He bends over while handling the bags beside a parked car, suggesting travel, airport transport, or hotel arrival. Other cars and a parking garage or covered structure are.","backpack, car, person, suitcase, tie",/Users/yixiaoz/Desktop/cs348k_proj/outputs/baseline_semantic_sparse/cfg_3p0/000000009891/target.png,/Users/yixiaoz/Desktop/cs348k_proj/outputs/baseline_semantic_sparse/cfg_3p0/000000009891/generated.png,sparse_text_only,1,3.0,20,0.7463,0.7885,19.4068
37777,The dining table near the kitchen has a bowl of fruit on it.,"A bright open kitchen and dining area features wooden cabinets, white appliances, tiled flooring, and a small table with a bowl of fruit on top. Sunlight enters through windows and illuminates the clean interior. The kitchen includes counters, a refrigerator, stove, and cabinets arranged along.","banana, chair, dining table, orange, oven, potted plant, refrigerator, sink",/Users/yixiaoz/Desktop/cs348k_proj/outputs/baseline_semantic_sparse/cfg_3p0/000000037777/target.png,/Users/yixiaoz/Desktop/cs348k_proj/outputs/baseline_semantic_sparse/cfg_3p0/000000037777/generated.png,sparse_text_only,1,3.0,20,0.7224,0.557,29.6139
65350,"Two young people are skateboarding on the ramp, trying to pull off tricks.","Two young people are skateboarding on a skate park ramp while attempting tricks. One skater lies or slides on the ramp with a skateboard nearby, while another stands or moves close by. Other people and bicycles are visible in the background near concrete walls. The.","backpack, bicycle, car, person, skateboard",/Users/yixiaoz/Desktop/cs348k_proj/outputs/baseline_semantic_sparse/cfg_3p0/000000065350/target.png,/Users/yixiaoz/Desktop/cs348k_proj/outputs/baseline_semantic_sparse/cfg_3p0/000000065350/generated.png,sparse_text_only,1,3.0,20,0.6746,0.5876,27.266
48396,A woman in a tan sweater holding a knife by a young boy in a plaid shirt.,"A woman wearing a tan or light-colored sweater stands beside a young boy in a plaid shirt near a table with cups and food items. The woman holds a knife, possibly preparing to cut or serve something. Both subjects face the camera in an indoor.","cake, chair, cup, dining table, knife, person",/Users/yixiaoz/Desktop/cs348k_proj/outputs/baseline_semantic_sparse/cfg_3p0/000000048396/target.png,/Users/yixiaoz/Desktop/cs348k_proj/outputs/baseline_semantic_sparse/cfg_3p0/000000048396/generated.png,sparse_text_only,1,3.0,20,0.7762,0.695,21.0865
117908,A man looking in the refrigerator with a cat also looking inside,"A man bends over and looks inside an open refrigerator while a cat stands nearby also peering into the fridge. Food, bottles, and containers are visible on the refrigerator shelves, and the cat appears curious about the contents. The warm indoor lighting and humorous interaction.","bottle, cat, person, refrigerator",/Users/yixiaoz/Desktop/cs348k_proj/outputs/baseline_semantic_sparse/cfg_3p0/000000117908/target.png,/Users/yixiaoz/Desktop/cs348k_proj/outputs/baseline_semantic_sparse/cfg_3p0/000000117908/generated.png,sparse_text_only,1,3.0,20,0.7993,0.6913,27.7881
97994,Three laptop computers and a desktop computer sit next to each other.,"Three laptop computers and a desktop workstation are arranged together on a desk in a compact home office or technical workspace. Several screens, keyboards, cables, and electronic accessories fill the tabletop, suggesting multitasking or computer-intensive work. A microphone or lamp stands near the setup, and.","book, bottle, clock, cup, keyboard, laptop, mouse, tv",/Users/yixiaoz/Desktop/cs348k_proj/outputs/baseline_semantic_sparse/cfg_3p0/000000097994/target.png,/Users/yixiaoz/Desktop/cs348k_proj/outputs/baseline_semantic_sparse/cfg_3p0/000000097994/generated.png,sparse_text_only,1,3.0,20,0.7152,0.6423,25.6477
30785,A plate filled with a bowl of vegetables and two slices of bread with a spread on them.,"A plate holds a healthy meal consisting of a bowl of green vegetables, slices of bread topped with a spread, and additional fresh ingredients. The food is arranged neatly on a wooden table, with the bowl and bread sharing the plate. The overhead view emphasizes.","bowl, broccoli, dining table, sandwich",/Users/yixiaoz/Desktop/cs348k_proj/outputs/baseline_semantic_sparse/cfg_3p0/000000030785/target.png,/Users/yixiaoz/Desktop/cs348k_proj/outputs/baseline_semantic_sparse/cfg_3p0/000000030785/generated.png,sparse_text_only,1,3.0,20,0.6709,0.479,31.886
76547,a male in a white shirt a bicycle and an orange and white train,"A man wearing a light-colored shirt sits at a table on a railway station platform near a parked bicycle. An orange and white passenger train is stopped alongside the platform, while overhead signs, metal beams, and station infrastructure extend into the background. The scene captures.","backpack, bench, bicycle, chair, dining table, laptop, person, tie, traffic light, train",/Users/yixiaoz/Desktop/cs348k_proj/outputs/baseline_semantic_sparse/cfg_3p0/000000076547/target.png,/Users/yixiaoz/Desktop/cs348k_proj/outputs/baseline_semantic_sparse/cfg_3p0/000000076547/generated.png,sparse_text_only,1,3.0,20,0.701,0.6291,25.797
116362,A small bowl filled with chopped vegetables and spoon,"A bowl filled with chopped fruit pieces sits on a wooden table with a spoon resting inside. The food appears freshly prepared, with colorful slices arranged casually in the bowl. The photograph is taken from above, focusing closely on the meal while leaving the surrounding.","apple, bowl, carrot, dining table, spoon",/Users/yixiaoz/Desktop/cs348k_proj/outputs/baseline_semantic_sparse/cfg_3p0/000000116362/target.png,/Users/yixiaoz/Desktop/cs348k_proj/outputs/baseline_semantic_sparse/cfg_3p0/000000116362/generated.png,sparse_text_only,1,3.0,20,0.7773,0.6672,27.8296
22371,A man in thought sitting in front of a laptop with a pen in his hand.,"A businessman sits at a desk in front of an open laptop computer while holding a pen and resting his head on one hand. He appears thoughtful and focused, possibly reviewing information or planning a project. The clean office setting includes a desk surface and.","book, laptop, person, tie",/Users/yixiaoz/Desktop/cs348k_proj/outputs/baseline_semantic_sparse/cfg_3p0/000000022371/target.png,/Users/yixiaoz/Desktop/cs348k_proj/outputs/baseline_semantic_sparse/cfg_3p0/000000022371/generated.png,sparse_text_only,1,3.0,20,0.7677,0.6886,23.8846
69224,A man and woman eating doughnuts out of a box at a coffee shop.,"A man and woman sit together at a table inside a café or coffee shop while sharing food from a box. Drinks, containers, and personal belongings are spread across the table. The pair appear engaged in conversation as they eat, creating a friendly and relaxed.","bottle, chair, dining table, donut, person",/Users/yixiaoz/Desktop/cs348k_proj/outputs/baseline_semantic_sparse/cfg_3p0/000000069224/target.png,/Users/yixiaoz/Desktop/cs348k_proj/outputs/baseline_semantic_sparse/cfg_3p0/000000069224/generated.png,sparse_text_only,1,3.0,20,0.804,0.8054,27.184
16249,It sure is a beautiful day to sit outside and read the paper.,"An older man sits outdoors on a bench reading a newspaper while enjoying a pleasant day in a public area. Several other people sit or stand nearby, creating a relaxed community setting. Sunlight illuminates the scene, and the man appears absorbed in reading while the.","backpack, bench, chair, person",/Users/yixiaoz/Desktop/cs348k_proj/outputs/baseline_semantic_sparse/cfg_3p0/000000016249/target.png,/Users/yixiaoz/Desktop/cs348k_proj/outputs/baseline_semantic_sparse/cfg_3p0/000000016249/generated.png,sparse_text_only,1,3.0,20,0.7005,0.6593,27.0251
85157,A group of people sitting around a table have a meal and a drink.,"A group of people sit around a restaurant table sharing food and drinks. Plates, glasses, and table settings fill the dining area while the diners converse with one another. The gathering appears social and informal, with participants enjoying a meal together in a warm indoor.","bowl, chair, cup, dining table, fork, person, pizza",/Users/yixiaoz/Desktop/cs348k_proj/outputs/baseline_semantic_sparse/cfg_3p0/000000085157/target.png,/Users/yixiaoz/Desktop/cs348k_proj/outputs/baseline_semantic_sparse/cfg_3p0/000000085157/generated.png,sparse_text_only,1,3.0,20,0.7361,0.7321,29.883
20571,A tugboat sits beside a ferry on placid water with a mountain in the distance.,"Several fishing boats are docked beside a harbor on calm water, with hills or mountains visible in the distance. Ropes, masts, and harbor equipment line the waterfront while the boats rest quietly along the dock. The scene reflects a working maritime environment and highlights the.","boat, handbag, person",/Users/yixiaoz/Desktop/cs348k_proj/outputs/baseline_semantic_sparse/cfg_3p0/000000020571/target.png,/Users/yixiaoz/Desktop/cs348k_proj/outputs/baseline_semantic_sparse/cfg_3p0/000000020571/generated.png,sparse_text_only,1,3.0,20,0.6918,0.6281,19.8798
84362,A toddler and cat are in a living room with open curtains.,"A toddler and a cat occupy a cozy living room illuminated by daylight coming through large windows with open curtains. Sofas and chairs surround the room, while the child sits or plays near the center of the space. The cat relaxes nearby, contributing to the.","cat, chair, couch, person, remote, truck, tv",/Users/yixiaoz/Desktop/cs348k_proj/outputs/baseline_semantic_sparse/cfg_3p0/000000084362/target.png,/Users/yixiaoz/Desktop/cs348k_proj/outputs/baseline_semantic_sparse/cfg_3p0/000000084362/generated.png,sparse_text_only,1,3.0,20,0.7434,0.5755,29.711
62808,Man photographing a fresh pizza his tired buddy just wants to eat,"A freshly baked pizza sits on a table in a restaurant while one man photographs it with a camera or phone. Another man sits nearby waiting to eat, looking toward the meal. Plates and dining items surround the pizza, suggesting the meal is about to.","bottle, cell phone, chair, dining table, knife, person, pizza",/Users/yixiaoz/Desktop/cs348k_proj/outputs/baseline_semantic_sparse/cfg_3p0/000000062808/target.png,/Users/yixiaoz/Desktop/cs348k_proj/outputs/baseline_semantic_sparse/cfg_3p0/000000062808/generated.png,sparse_text_only,1,3.0,20,0.742,0.5399,33.3735
106235,A living room featuring a comfortable seating arrangement of chairs and tables.,"A comfortable living room features sofas, armchairs, lamps, and a coffee table arranged around a central seating area. Warm lighting and decorative furnishings create a welcoming atmosphere. The room appears carefully organized for relaxation and conversation, with furniture positioned to encourage social interaction. Soft colors.","chair, couch, dining table, potted plant, remote",/Users/yixiaoz/Desktop/cs348k_proj/outputs/baseline_semantic_sparse/cfg_3p0/000000106235/target.png,/Users/yixiaoz/Desktop/cs348k_proj/outputs/baseline_semantic_sparse/cfg_3p0/000000106235/generated.png,sparse_text_only,1,3.0,20,0.7727,0.5321,28.239
117425,A young boy with a spoon looking at a birthday cupcake.,"A young child sits at a wooden table while looking closely at a small birthday cupcake decorated with a candle. The toddler appears curious and fascinated by the treat positioned directly in front of them. An adult stands nearby, partially visible, supervising the moment. Warm.","cake, cup, dining table, person, spoon",/Users/yixiaoz/Desktop/cs348k_proj/outputs/baseline_semantic_sparse/cfg_3p0/000000117425/target.png,/Users/yixiaoz/Desktop/cs348k_proj/outputs/baseline_semantic_sparse/cfg_3p0/000000117425/generated.png,sparse_text_only,1,3.0,20,0.7442,0.6487,27.7526
100624,A girl is standing by a storefront while talking on her phone.,"A young woman stands on a city sidewalk at night while talking on her mobile phone. Storefront windows, streetlights, and blurred city lights illuminate the background, creating an urban evening atmosphere. She appears focused on her conversation while standing near a shop entrance. The image.","backpack, car, cell phone, person",/Users/yixiaoz/Desktop/cs348k_proj/outputs/baseline_semantic_sparse/cfg_3p0/000000100624/target.png,/Users/yixiaoz/Desktop/cs348k_proj/outputs/baseline_semantic_sparse/cfg_3p0/000000100624/generated.png,sparse_text_only,1,3.0,20,0.7239,0.6933,11.4851
24243,"Two ladies seated with cups of drinks, one smoking while the other seated inside a fridge",Two women sit near a storefront or street-side seating area while holding drinks. One woman smokes a cigarette while the other sits inside a display-like enclosure resembling a refrigerator or booth. The unusual arrangement creates an eye-catching urban scene. Pedestrians and city elements appear in.,"cup, person, refrigerator",/Users/yixiaoz/Desktop/cs348k_proj/outputs/baseline_semantic_sparse/cfg_3p0/000000024243/target.png,/Users/yixiaoz/Desktop/cs348k_proj/outputs/baseline_semantic_sparse/cfg_3p0/000000024243/generated.png,sparse_text_only,1,3.0,20,0.7395,0.6448,19.7146
31296,"A group of people, some in leftover US army clothing, sit at tables in a large dining room.","A large group of people gather around tables inside a spacious dining room decorated with military memorabilia and clothing. The diners appear engaged in conversation while sharing food and drinks. Wooden floors, warm lighting, and the arrangement of tables create a communal atmosphere. The image.","bottle, cell phone, chair, clock, cup, dining table, person, tie",/Users/yixiaoz/Desktop/cs348k_proj/outputs/baseline_semantic_sparse/cfg_3p0/000000031296/target.png,/Users/yixiaoz/Desktop/cs348k_proj/outputs/baseline_semantic_sparse/cfg_3p0/000000031296/generated.png,sparse_text_only,1,3.0,20,0.7497,0.7748,22.9208
40083,a vintage photo of some people sitting under an umbrella,"This black-and-white photograph shows several people seated beneath a large umbrella beside a street or outdoor market area. Tables, chairs, and nearby structures suggest a casual public gathering place. The monochrome presentation gives the image a vintage appearance, emphasizing everyday social activity and street life.","bicycle, bottle, car, chair, person, umbrella",/Users/yixiaoz/Desktop/cs348k_proj/outputs/baseline_semantic_sparse/cfg_3p0/000000040083/target.png,/Users/yixiaoz/Desktop/cs348k_proj/outputs/baseline_semantic_sparse/cfg_3p0/000000040083/generated.png,sparse_text_only,1,3.0,20,0.6968,0.6516,11.876
36936,A man and woman sitting on a couch playing a video game.,"A man and woman sit together on a couch in a living room while playing a video game. A television displays the game in front of them, and snacks or drinks are visible on nearby tables. The indoor setting feels comfortable and informal, with warm.","book, bowl, cell phone, couch, cup, person, potted plant, remote, tv",/Users/yixiaoz/Desktop/cs348k_proj/outputs/baseline_semantic_sparse/cfg_3p0/000000036936/target.png,/Users/yixiaoz/Desktop/cs348k_proj/outputs/baseline_semantic_sparse/cfg_3p0/000000036936/generated.png,sparse_text_only,1,3.0,20,0.8023,0.7357,19.0083
18150,A man with a receding hairline offers a slice of pizza to a toddler.,"A man with a receding hairline offers a slice of pizza to a young child seated nearby. The pair appear engaged in a friendly interaction, with the child focusing on the food being presented. The indoor setting suggests a casual family meal or gathering. The.","backpack, bottle, couch, person, pizza",/Users/yixiaoz/Desktop/cs348k_proj/outputs/baseline_semantic_sparse/cfg_3p0/000000018150/target.png,/Users/yixiaoz/Desktop/cs348k_proj/outputs/baseline_semantic_sparse/cfg_3p0/000000018150/generated.png,sparse_text_only,1,3.0,20,0.8004,0.6787,24.2247
115870,Some people hanging around in a living room with a big couch.,Several people relax in a spacious living room centered around a large couch and coffee table. Some sit while others stand and converse near large windows that bring natural light into the room. Household decorations and comfortable furniture create a welcoming atmosphere. The scene captures.,"book, cell phone, couch, cup, person, potted plant",/Users/yixiaoz/Desktop/cs348k_proj/outputs/baseline_semantic_sparse/cfg_3p0/000000115870/target.png,/Users/yixiaoz/Desktop/cs348k_proj/outputs/baseline_semantic_sparse/cfg_3p0/000000115870/generated.png,sparse_text_only,1,3.0,20,0.718,0.6315,25.7128
32901,Four men are standing together behind a group of red chairs.,"Four men stand together behind a row of red chairs in an indoor event or meeting room. They smile toward the camera and appear dressed in semi-formal attire, suggesting a gathering, celebration, or professional occasion. The composition resembles a group portrait, with the individuals positioned.","bottle, chair, cup, dining table, person, tie, wine glass",/Users/yixiaoz/Desktop/cs348k_proj/outputs/baseline_semantic_sparse/cfg_3p0/000000032901/target.png,/Users/yixiaoz/Desktop/cs348k_proj/outputs/baseline_semantic_sparse/cfg_3p0/000000032901/generated.png,sparse_text_only,1,3.0,20,0.7476,0.8196,13.6658
25560,A cat perches on top of an entertainment center in front of a TV.,"A cat perches on top of an entertainment center directly in front of a television screen. The television displays a person on screen, while the cat appears more interested in the elevated resting spot than the program itself. Household electronics and furniture surround the scene.","cat, cup, person, tv",/Users/yixiaoz/Desktop/cs348k_proj/outputs/baseline_semantic_sparse/cfg_3p0/000000025560/target.png,/Users/yixiaoz/Desktop/cs348k_proj/outputs/baseline_semantic_sparse/cfg_3p0/000000025560/generated.png,sparse_text_only,1,3.0,20,0.7208,0.6646,31.8347
115245,Several suitcases on wheels leaning up against one long table with chairs.,"Several suitcases of different sizes stand upright beside a long table and a row of chairs in what appears to be a waiting area or meeting room. The luggage is grouped together on a polished wooden floor, suggesting recent travel, arrival, or preparation for departure.","backpack, chair, handbag, person, suitcase",/Users/yixiaoz/Desktop/cs348k_proj/outputs/baseline_semantic_sparse/cfg_3p0/000000115245/target.png,/Users/yixiaoz/Desktop/cs348k_proj/outputs/baseline_semantic_sparse/cfg_3p0/000000115245/generated.png,sparse_text_only,1,3.0,20,0.7506,0.8221,21.8178
5001,A group of people holding a large pair of scissors to a ribbon.,"A crowd of adults and children gather around a ceremonial ribbon-cutting event. Several people smile and pose while a large pair of scissors is used to cut a ribbon stretched across the foreground. Balloons, cameras, and excited expressions contribute to the celebratory atmosphere. The gathering.","bicycle, handbag, person, scissors",/Users/yixiaoz/Desktop/cs348k_proj/outputs/baseline_semantic_sparse/cfg_3p0/000000005001/target.png,/Users/yixiaoz/Desktop/cs348k_proj/outputs/baseline_semantic_sparse/cfg_3p0/000000005001/generated.png,sparse_text_only,1,3.0,20,0.7155,0.7472,17.6904
3934,A young girl in the foreground and a woman in a bridal dress and other adults in the background.,"A young girl wearing a light-colored dress stands in the foreground of a living room while adults gather in the background. Motion blur gives the impression of movement and activity throughout the room. Furniture, decorations, and warm indoor lighting create a family-oriented atmosphere. The scene.","couch, cup, person, remote, wine glass",/Users/yixiaoz/Desktop/cs348k_proj/outputs/baseline_semantic_sparse/cfg_3p0/000000003934/target.png,/Users/yixiaoz/Desktop/cs348k_proj/outputs/baseline_semantic_sparse/cfg_3p0/000000003934/generated.png,sparse_text_only,1,3.0,20,0.7412,0.7047,22.3048
91500,Two kids hanging out playing video games on folding chairs.,"Two young men sit on folding chairs while playing a video game together indoors. Each player holds a game controller and focuses on an off-camera television or display. The room contains tables, chairs, and household furnishings that suggest a casual social gathering. Their relaxed posture.","bottle, bowl, chair, cup, dining table, person, pizza, remote, sink",/Users/yixiaoz/Desktop/cs348k_proj/outputs/baseline_semantic_sparse/cfg_3p0/000000091500/target.png,/Users/yixiaoz/Desktop/cs348k_proj/outputs/baseline_semantic_sparse/cfg_3p0/000000091500/generated.png,sparse_text_only,1,3.0,20,0.7846,0.8139,14.7566
82696,a white and black bird is walking by a table and some chairs,"A white and black bird walks across the floor of an indoor dining area filled with tables and chairs. The bird moves freely between the furniture, creating an unusual contrast between wildlife and a human-designed environment. Empty chairs and table arrangements suggest a cafeteria, restaurant.","bird, chair, cup, dining table, person",/Users/yixiaoz/Desktop/cs348k_proj/outputs/baseline_semantic_sparse/cfg_3p0/000000082696/target.png,/Users/yixiaoz/Desktop/cs348k_proj/outputs/baseline_semantic_sparse/cfg_3p0/000000082696/generated.png,sparse_text_only,1,3.0,20,0.7964,0.7612,31.0469
25986,"Food is on the counter including a glass of water, rice, vegetables, and more","Several plates of food are arranged on a kitchen counter, including vegetables, rice, and prepared dishes ready to be served. Bowls, utensils, and drinking glasses surround the meal preparation area. The countertop is busy with ingredients and completed dishes, suggesting an active cooking session or.","bowl, broccoli, cup, donut, spoon",/Users/yixiaoz/Desktop/cs348k_proj/outputs/baseline_semantic_sparse/cfg_3p0/000000025986/target.png,/Users/yixiaoz/Desktop/cs348k_proj/outputs/baseline_semantic_sparse/cfg_3p0/000000025986/generated.png,sparse_text_only,1,3.0,20,0.7112,0.5788,23.2406
17899,Woman working with large assortment of baked goods at kitchen table.,An older woman works at a kitchen table covered with baking supplies and a large assortment of cookies or pastries. Trays of baked goods are arranged across the tabletop while ingredients and utensils remain nearby. The woman appears focused on decorating or organizing the treats.,"bird, cake, chair, couch, cup, dining table, hot dog, person, spoon",/Users/yixiaoz/Desktop/cs348k_proj/outputs/baseline_semantic_sparse/cfg_3p0/000000017899/target.png,/Users/yixiaoz/Desktop/cs348k_proj/outputs/baseline_semantic_sparse/cfg_3p0/000000017899/generated.png,sparse_text_only,1,3.0,20,0.8016,0.6767,22.9944
36494,"A crowd of people sitting in a room, with a clock tower in front.","A large crowd gathers inside a spacious hall featuring an enormous illuminated clock structure mounted on the wall. People sit and stand around tables while enjoying food, drinks, and conversation. The architecture, lighting, and oversized clock create a dramatic focal point within the room. The.","bottle, bowl, chair, clock, cup, dining table, person, refrigerator, vase",/Users/yixiaoz/Desktop/cs348k_proj/outputs/baseline_semantic_sparse/cfg_3p0/000000036494/target.png,/Users/yixiaoz/Desktop/cs348k_proj/outputs/baseline_semantic_sparse/cfg_3p0/000000036494/generated.png,sparse_text_only,1,3.0,20,0.8021,0.7766,17.3061
24610,There is a laptop computer in a room with a couch and a bookcase.,"A quiet room contains a desk with a laptop computer, bookshelves filled with books, and a couch positioned along one wall. Warm lighting and simple furnishings create a calm, comfortable environment suitable for reading, studying, or working. The arrangement suggests a personal living space or.","backpack, book, bottle, chair, couch, laptop",/Users/yixiaoz/Desktop/cs348k_proj/outputs/baseline_semantic_sparse/cfg_3p0/000000024610/target.png,/Users/yixiaoz/Desktop/cs348k_proj/outputs/baseline_semantic_sparse/cfg_3p0/000000024610/generated.png,sparse_text_only,1,3.0,20,0.8861,0.7716,25.5903
18380,a family sitting around a long table filled with a lot of food,"A large family gathers around a long dining table filled with food, drinks, and serving dishes. Adults and children smile toward the camera while seated closely together in a warm home environment. The table is crowded with meals prepared for sharing, creating a festive atmosphere.","bowl, carrot, chair, cup, dining table, fork, knife, person, spoon, vase, wine glass",/Users/yixiaoz/Desktop/cs348k_proj/outputs/baseline_semantic_sparse/cfg_3p0/000000018380/target.png,/Users/yixiaoz/Desktop/cs348k_proj/outputs/baseline_semantic_sparse/cfg_3p0/000000018380/generated.png,sparse_text_only,1,3.0,20,0.7685,0.7546,25.3523
102411,Two people sitting on a motorcycle in the street next to a beach.,"Two people sit on a motorcycle parked beside a waterfront area near a beach. The ocean, shoreline, and distant scenery provide a scenic backdrop while the riders pause along the road. Nearby pedestrians and open coastal views contribute to the relaxed atmosphere. The image combines.","car, handbag, motorcycle, person",/Users/yixiaoz/Desktop/cs348k_proj/outputs/baseline_semantic_sparse/cfg_3p0/000000102411/target.png,/Users/yixiaoz/Desktop/cs348k_proj/outputs/baseline_semantic_sparse/cfg_3p0/000000102411/generated.png,sparse_text_only,1,3.0,20,0.7214,0.5741,29.8705
99053,"A bowl of noodles, meat, broccoli and carrots in a sauce with a fork.","A bowl of noodles mixed with meat, broccoli, carrots, and vegetables sits on a table with a fork resting inside. The colorful ingredients are coated in sauce and arranged casually within the bowl. The close-up perspective focuses attention on the meal while minimizing background distractions.","bowl, broccoli, dining table, fork",/Users/yixiaoz/Desktop/cs348k_proj/outputs/baseline_semantic_sparse/cfg_3p0/000000099053/target.png,/Users/yixiaoz/Desktop/cs348k_proj/outputs/baseline_semantic_sparse/cfg_3p0/000000099053/generated.png,sparse_text_only,1,3.0,20,0.767,0.6453,24.0844
84650,THERE IS A CAT THAT IS SITTION ON TOP OF THE SUITCASE,A cat rests comfortably on top of a large suitcase surrounded by luggage and travel bags. The animal appears relaxed despite sitting among items associated with movement and transportation. The scene suggests preparation for a trip or recent arrival. The contrast between the cat’s calm.,"backpack, cat, handbag, suitcase",/Users/yixiaoz/Desktop/cs348k_proj/outputs/baseline_semantic_sparse/cfg_3p0/000000084650/target.png,/Users/yixiaoz/Desktop/cs348k_proj/outputs/baseline_semantic_sparse/cfg_3p0/000000084650/generated.png,sparse_text_only,1,3.0,20,0.6741,0.6187,28.6686
114049,"People inside a commuter train, with their luggage and bicycles.","Passengers stand inside a crowded train car surrounded by luggage, bicycles, and personal belongings. The narrow aisle is filled with travelers preparing for or continuing their journey. Bicycle wheels, suitcases, and overhead fixtures emphasize the transportation setting. The image captures the realities of public transit.","backpack, cell phone, chair, person, suitcase",/Users/yixiaoz/Desktop/cs348k_proj/outputs/baseline_semantic_sparse/cfg_3p0/000000114049/target.png,/Users/yixiaoz/Desktop/cs348k_proj/outputs/baseline_semantic_sparse/cfg_3p0/000000114049/generated.png,sparse_text_only,1,3.0,20,0.7189,0.653,19.7328
100723,Crown marching in one direction in a lightly attended protest.,"A group of protesters march through a public street carrying signs and banners while moving together in the same direction. Participants of different ages fill the scene, creating a visible demonstration of collective action. The signs suggest support for a social or political cause, while.","backpack, handbag, person, stop sign",/Users/yixiaoz/Desktop/cs348k_proj/outputs/baseline_semantic_sparse/cfg_3p0/000000100723/target.png,/Users/yixiaoz/Desktop/cs348k_proj/outputs/baseline_semantic_sparse/cfg_3p0/000000100723/generated.png,sparse_text_only,1,3.0,20,0.7194,0.7326,19.3179
40471,A painted white kitchen with a refrigerator and an automatic dish washer next to an oven stove.,"A clean white kitchen contains a refrigerator, oven, dishwasher, cabinets, and countertops arranged in a practical layout. Bright lighting reflects off the appliances and tiled surfaces, creating an organized and modern appearance. The room appears ready for cooking and daily household use. The image emphasizes.","apple, banana, bottle, bowl, cup, knife, microwave, oven, refrigerator, sink, spoon",/Users/yixiaoz/Desktop/cs348k_proj/outputs/baseline_semantic_sparse/cfg_3p0/000000040471/target.png,/Users/yixiaoz/Desktop/cs348k_proj/outputs/baseline_semantic_sparse/cfg_3p0/000000040471/generated.png,sparse_text_only,1,3.0,20,0.7803,0.8537,18.3401
100238,A family standing next to each other while holding frisbees.,"A family stands outdoors together while holding colorful frisbees. Adults and children pose side by side in a grassy area, appearing relaxed and cheerful. The open environment suggests a park, recreational field, or family gathering. Their casual clothing and outdoor setting contribute to a friendly.","bottle, frisbee, handbag, person",/Users/yixiaoz/Desktop/cs348k_proj/outputs/baseline_semantic_sparse/cfg_3p0/000000100238/target.png,/Users/yixiaoz/Desktop/cs348k_proj/outputs/baseline_semantic_sparse/cfg_3p0/000000100238/generated.png,sparse_text_only,1,3.0,20,0.7594,0.7175,23.611
39484,A street full of cars that are driving and parked and a group of people sitting outside eating.,"Cars move along a city street lined with buildings, storefronts, and restaurants. Some people sit outside dining establishments while traffic passes through the urban area. Signs, parked vehicles, and commercial activity contribute to a lively downtown atmosphere. The image captures the interaction between transportation, business.","airplane, car, chair, dining table, person, traffic light",/Users/yixiaoz/Desktop/cs348k_proj/outputs/baseline_semantic_sparse/cfg_3p0/000000039484/target.png,/Users/yixiaoz/Desktop/cs348k_proj/outputs/baseline_semantic_sparse/cfg_3p0/000000039484/generated.png,sparse_text_only,1,3.0,20,0.7342,0.749,25.1716
13729,A group of people playing with a Wii in the living room.,"Several people stand in a living room while playing a Nintendo Wii video game. Participants face a television and appear engaged in the activity, moving their bodies as part of the gameplay. Household furniture, decorations, and open floor space provide room for interaction. The image.","bottle, couch, cup, dining table, person, remote",/Users/yixiaoz/Desktop/cs348k_proj/outputs/baseline_semantic_sparse/cfg_3p0/000000013729/target.png,/Users/yixiaoz/Desktop/cs348k_proj/outputs/baseline_semantic_sparse/cfg_3p0/000000013729/generated.png,sparse_text_only,1,3.0,20,0.7012,0.7082,24.1627
80340,a small child wearing a tie and holding a suitcase with other people in the background,"A small child wearing a dress shirt, tie, and formal clothing stands on a sidewalk holding a rolling suitcase. Adults and other people gather nearby in the background, suggesting a family event, celebration, or travel occasion. The child’s serious posture contrasts with the oversized luggage.","chair, cup, dining table, person, suitcase, tie, wine glass",/Users/yixiaoz/Desktop/cs348k_proj/outputs/baseline_semantic_sparse/cfg_3p0/000000080340/target.png,/Users/yixiaoz/Desktop/cs348k_proj/outputs/baseline_semantic_sparse/cfg_3p0/000000080340/generated.png,sparse_text_only,1,3.0,20,0.7055,0.7806,13.6365
38829,Two boys riding on a single bicycle on a city street,"Two people ride together through a busy city street on a single bicycle while surrounded by scooters, motorcycles, and other commuters. Urban storefronts, signs, and passing vehicles create a lively transportation scene. The riders appear relaxed as they navigate traffic alongside other travelers. The image.","backpack, bicycle, motorcycle, person",/Users/yixiaoz/Desktop/cs348k_proj/outputs/baseline_semantic_sparse/cfg_3p0/000000038829/target.png,/Users/yixiaoz/Desktop/cs348k_proj/outputs/baseline_semantic_sparse/cfg_3p0/000000038829/generated.png,sparse_text_only,1,3.0,20,0.779,0.6597,22.0871
66841,"A whimsical artistic toaster has eyes, a mouth, a nose, spoon feet, spoon ears, and a mixing beater tail.","A whimsical toaster has been creatively decorated with eyes, a nose, spoon-shaped ears, and other objects to resemble a human face. The appliance stands upright in a kitchen or dining area, transforming an ordinary household item into a playful character. Surrounding utensils and decorative elements.","bottle, spoon, toaster",/Users/yixiaoz/Desktop/cs348k_proj/outputs/baseline_semantic_sparse/cfg_3p0/000000066841/target.png,/Users/yixiaoz/Desktop/cs348k_proj/outputs/baseline_semantic_sparse/cfg_3p0/000000066841/generated.png,sparse_text_only,1,3.0,20,0.763,0.7567,17.2208
25386,A man and woman are sitting together while the man eats with chopsticks.,"A man and woman sit together at a restaurant table while sharing a meal. Plates of food, chopsticks, drinks, and condiments are arranged in front of them as they look toward the camera. The indoor dining environment appears casual and welcoming. Their expressions suggest a.","chair, hot dog, person, sandwich",/Users/yixiaoz/Desktop/cs348k_proj/outputs/baseline_semantic_sparse/cfg_3p0/000000025386/target.png,/Users/yixiaoz/Desktop/cs348k_proj/outputs/baseline_semantic_sparse/cfg_3p0/000000025386/generated.png,sparse_text_only,1,3.0,20,0.7366,0.7469,23.0818
83531,A BBQ topped with lots of sausages sitting side by side.,"Several sausages cook on a barbecue grill above glowing heat while metal tongs rest nearby. The close-up perspective focuses on the food as it browns and develops grill marks. Smoke, cooking equipment, and the outdoor setting suggest a backyard gathering or cookout. The image emphasizes.","bottle, cup, hot dog, person",/Users/yixiaoz/Desktop/cs348k_proj/outputs/baseline_semantic_sparse/cfg_3p0/000000083531/target.png,/Users/yixiaoz/Desktop/cs348k_proj/outputs/baseline_semantic_sparse/cfg_3p0/000000083531/generated.png,sparse_text_only,1,3.0,20,0.7763,0.6487,15.1029
98392,"A photo of a busy intersection with a bus, several cars and a clock tower.","A busy city intersection contains multiple cars, a bus, and a prominent clock tower rising above nearby buildings. Traffic moves through the streets while pedestrians and commercial activity contribute to the urban atmosphere. Architectural details and transportation infrastructure create a recognizable downtown setting. The image.","bus, car, clock, person",/Users/yixiaoz/Desktop/cs348k_proj/outputs/baseline_semantic_sparse/cfg_3p0/000000098392/target.png,/Users/yixiaoz/Desktop/cs348k_proj/outputs/baseline_semantic_sparse/cfg_3p0/000000098392/generated.png,sparse_text_only,1,3.0,20,0.7793,0.5824,26.0203
12576,An elderly woman seated at a table holding three pizzas.,"An elderly woman sits at a dining table with several pizzas placed in front of her. Glasses, dishes, and table settings suggest a meal shared with others outside the frame. The warm indoor environment creates a comfortable and social atmosphere. The image highlights casual dining.","cup, dining table, fork, knife, person, pizza, tv",/Users/yixiaoz/Desktop/cs348k_proj/outputs/baseline_semantic_sparse/cfg_3p0/000000012576/target.png,/Users/yixiaoz/Desktop/cs348k_proj/outputs/baseline_semantic_sparse/cfg_3p0/000000012576/generated.png,sparse_text_only,1,3.0,20,0.6992,0.4549,29.4704
22705,A woman in a short black dress is holding a champagne flute and standing in front of a refrigerator.,"A woman wearing a black dress stands confidently in a kitchen while holding a champagne flute. Stainless steel appliances, wooden cabinets, and household furnishings form the background. Her posture and expression suggest she may be attending a celebration, gathering, or special occasion. The image combines.","bottle, bowl, person, refrigerator, wine glass",/Users/yixiaoz/Desktop/cs348k_proj/outputs/baseline_semantic_sparse/cfg_3p0/000000022705/target.png,/Users/yixiaoz/Desktop/cs348k_proj/outputs/baseline_semantic_sparse/cfg_3p0/000000022705/generated.png,sparse_text_only,1,3.0,20,0.7724,0.7978,19.8355
26204,A group of cars waiting at an intersection for the light to change,"Cars wait at an urban intersection lined with buildings, trees, and traffic infrastructure. Vehicles occupy multiple lanes as they pause for a traffic signal before continuing through the city. Sidewalks, storefronts, and street signs contribute to the metropolitan atmosphere. The image emphasizes transportation systems, traffic.","bus, car, person, traffic light, truck",/Users/yixiaoz/Desktop/cs348k_proj/outputs/baseline_semantic_sparse/cfg_3p0/000000026204/target.png,/Users/yixiaoz/Desktop/cs348k_proj/outputs/baseline_semantic_sparse/cfg_3p0/000000026204/generated.png,sparse_text_only,1,3.0,20,0.6857,0.5433,28.6534
31248,"Living room with white chairs and couches, fireplace and books on bookshelves.","A bright living room features white chairs, comfortable couches, bookshelves, and a fireplace serving as the central focal point. Decorative lamps, framed artwork, and neatly arranged furniture create an elegant and inviting atmosphere. Natural light and balanced interior design contribute to the room’s spacious appearance.","book, bowl, chair, couch, potted plant",/Users/yixiaoz/Desktop/cs348k_proj/outputs/baseline_semantic_sparse/cfg_3p0/000000031248/target.png,/Users/yixiaoz/Desktop/cs348k_proj/outputs/baseline_semantic_sparse/cfg_3p0/000000031248/generated.png,sparse_text_only,1,3.0,20,0.7222,0.6106,22.2379
107339,A pretty young lady standing in front of a couch behind a wooden table.,"A woman stands in a modern room near a couch and low wooden tables while another person sits nearby. Bright walls, large windows, and contemporary furniture create a clean and open interior space. The standing woman appears to be speaking, presenting, or interacting with the.","book, couch, person, remote",/Users/yixiaoz/Desktop/cs348k_proj/outputs/baseline_semantic_sparse/cfg_3p0/000000107339/target.png,/Users/yixiaoz/Desktop/cs348k_proj/outputs/baseline_semantic_sparse/cfg_3p0/000000107339/generated.png,sparse_text_only,1,3.0,20,0.76,0.6954,26.3388
87476,two people standing on the same skateboard and holding each other up.,"Two young people stand together at a public event while holding skateboards and interacting with one another. One person wears a helmet while colorful vehicles and event displays appear in the background. Their posture suggests friendship, instruction, or support during a skateboarding activity. The image.","person, skateboard, surfboard",/Users/yixiaoz/Desktop/cs348k_proj/outputs/baseline_semantic_sparse/cfg_3p0/000000087476/target.png,/Users/yixiaoz/Desktop/cs348k_proj/outputs/baseline_semantic_sparse/cfg_3p0/000000087476/generated.png,sparse_text_only,1,3.0,20,0.7386,0.6367,27.8728
78748,"A couple of motorcycles in front of sign, with people standing around.","Several motorcycles are parked in front of a display area featuring brand signage while people gather nearby. The polished bikes are arranged for viewing, suggesting a motorcycle show, dealership event, or public exhibition. Spectators walk around the display, examining the vehicles and socializing. The image.","backpack, motorcycle, person",/Users/yixiaoz/Desktop/cs348k_proj/outputs/baseline_semantic_sparse/cfg_3p0/000000078748/target.png,/Users/yixiaoz/Desktop/cs348k_proj/outputs/baseline_semantic_sparse/cfg_3p0/000000078748/generated.png,sparse_text_only,1,3.0,20,0.7335,0.6278,24.0175
29596,"A room with a couch, table set with dinnerware and a television.","A hotel-style room contains a couch, television, dining table, and neatly arranged place settings. Warm lighting, curtains, and decorative furnishings create a comfortable and welcoming atmosphere. The table is prepared for a meal, suggesting hospitality or room service. The image highlights interior design, temporary accommodations.","book, chair, couch, cup, dining table, potted plant, tv, vase",/Users/yixiaoz/Desktop/cs348k_proj/outputs/baseline_semantic_sparse/cfg_3p0/000000029596/target.png,/Users/yixiaoz/Desktop/cs348k_proj/outputs/baseline_semantic_sparse/cfg_3p0/000000029596/generated.png,sparse_text_only,1,3.0,20,0.7581,0.7553,22.1124
33854,"parked cars, motorcycles and buses on a cobblestone parking lot next to a street.","Cars, buses, and motorcycles occupy a cobblestone parking area near a city street lined with buildings. The scene contains multiple forms of transportation gathered within a shared urban space. Pedestrians move through the area while parked vehicles await their drivers. The image captures urban infrastructure.","bus, car, motorcycle, person",/Users/yixiaoz/Desktop/cs348k_proj/outputs/baseline_semantic_sparse/cfg_3p0/000000033854/target.png,/Users/yixiaoz/Desktop/cs348k_proj/outputs/baseline_semantic_sparse/cfg_3p0/000000033854/generated.png,sparse_text_only,1,3.0,20,0.756,0.8224,20.1034
36844,a black couch a green chair a red chair a mirror and a ceiling fan,"A living room contains a black couch, colorful chairs, a ceiling fan, and large windows that allow natural light into the space. Various pieces of furniture and decorative items are arranged throughout the room, creating a comfortable residential environment. The layout suggests an area designed.","bicycle, chair, couch, cup, potted plant, refrigerator, remote, tv",/Users/yixiaoz/Desktop/cs348k_proj/outputs/baseline_semantic_sparse/cfg_3p0/000000036844/target.png,/Users/yixiaoz/Desktop/cs348k_proj/outputs/baseline_semantic_sparse/cfg_3p0/000000036844/generated.png,sparse_text_only,1,3.0,20,0.7203,0.6075,29.0109
1000,A group of kids posing for a picture on a tennis court.,A large group of children gather together on a tennis court while posing for a photograph. Some hold tennis equipment while others stand closely beside teammates and friends. The outdoor sports facility provides a bright and energetic setting. Smiles and casual poses suggest a team.,"backpack, handbag, person, tennis racket",/Users/yixiaoz/Desktop/cs348k_proj/outputs/baseline_semantic_sparse/cfg_3p0/000000001000/target.png,/Users/yixiaoz/Desktop/cs348k_proj/outputs/baseline_semantic_sparse/cfg_3p0/000000001000/generated.png,sparse_text_only,1,3.0,20,0.8173,0.7398,17.2225
55528,A man holding a paper bag while showing the camera a toothbrush.,"A man sits in a chair while holding a paper bag and displaying a toothbrush toward the camera. His expression suggests humor or casual conversation as he presents the object. The indoor environment appears relaxed and informal, with household furnishings visible around him. The image.","book, clock, couch, person, remote, toothbrush",/Users/yixiaoz/Desktop/cs348k_proj/outputs/baseline_semantic_sparse/cfg_3p0/000000055528/target.png,/Users/yixiaoz/Desktop/cs348k_proj/outputs/baseline_semantic_sparse/cfg_3p0/000000055528/generated.png,sparse_text_only,1,3.0,20,0.6873,0.7756,19.4366
2006,City bus driving through pedestrian saturated area near crosswalk.,"A city bus travels through a busy urban area near a crosswalk while pedestrians and vehicles move through the surrounding streets. Buildings, signs, and transportation infrastructure create a dynamic city environment. The bus serves as the focal point, illustrating the role of public transit in.","bus, person, tie, traffic light",/Users/yixiaoz/Desktop/cs348k_proj/outputs/baseline_semantic_sparse/cfg_3p0/000000002006/target.png,/Users/yixiaoz/Desktop/cs348k_proj/outputs/baseline_semantic_sparse/cfg_3p0/000000002006/generated.png,sparse_text_only,1,3.0,20,0.7487,0.753,27.3106
113720,A couple are enjoying pizza and drinks at the restaurant,"A smiling couple sits together at a restaurant table enjoying pizza, drinks, and conversation. Plates of food and beverages are arranged neatly while the pair look toward the camera. The atmosphere appears relaxed and friendly, suggesting a casual meal shared between friends or partners. The.","bottle, chair, cup, dining table, fork, knife, person, pizza",/Users/yixiaoz/Desktop/cs348k_proj/outputs/baseline_semantic_sparse/cfg_3p0/000000113720/target.png,/Users/yixiaoz/Desktop/cs348k_proj/outputs/baseline_semantic_sparse/cfg_3p0/000000113720/generated.png,sparse_text_only,1,3.0,20,0.7264,0.6408,26.8569
52413,"A child holding a pink toy cell phone with ""Princess Aurora"" inside it.",A child holds a pink toy flip phone decorated with imagery inspired by a princess character. The toy is displayed prominently in the foreground while other people and objects appear nearby. Bright colors and playful design elements emphasize childhood interests and imaginative play. The image.,"cell phone, chair, cup, person",/Users/yixiaoz/Desktop/cs348k_proj/outputs/baseline_semantic_sparse/cfg_3p0/000000052413/target.png,/Users/yixiaoz/Desktop/cs348k_proj/outputs/baseline_semantic_sparse/cfg_3p0/000000052413/generated.png,sparse_text_only,1,3.0,20,0.7307,0.7969,16.3729
60932,A man in a suit that is standing in front of a group of people.,"A man dressed in a formal suit stands confidently in front of a group of people at what appears to be a celebration or reception. The black-and-white image captures him smiling and raising a hand while guests gather in the background. Tables, decorations, and formally.","dining table, person, tie",/Users/yixiaoz/Desktop/cs348k_proj/outputs/baseline_semantic_sparse/cfg_3p0/000000060932/target.png,/Users/yixiaoz/Desktop/cs348k_proj/outputs/baseline_semantic_sparse/cfg_3p0/000000060932/generated.png,sparse_text_only,1,3.0,20,0.7271,0.7923,15.3389
102805,A man in holds a Frisbee in the parking lot by the river.,"A man wearing a hat stands near a riverside parking area while holding a Frisbee in his hand. Mountains and water stretch across the background, creating a scenic outdoor setting. Several parked vehicles and open space suggest a recreational destination where people gather for leisure.","backpack, boat, car, frisbee, person, truck",/Users/yixiaoz/Desktop/cs348k_proj/outputs/baseline_semantic_sparse/cfg_3p0/000000102805/target.png,/Users/yixiaoz/Desktop/cs348k_proj/outputs/baseline_semantic_sparse/cfg_3p0/000000102805/generated.png,sparse_text_only,1,3.0,20,0.724,0.7678,18.8456
15254,These platters display healthy food choices of two entrees with a side  vegetable and fruit,"A neatly organized lunch container displays a balanced meal consisting of rice, vegetables, fruit, and other healthy foods arranged in separate compartments. Grapes, carrots, and a colorful entrée contribute to the vibrant appearance. The close-up perspective emphasizes nutrition, portioning, and meal preparation. The image reflects.","bowl, carrot, spoon",/Users/yixiaoz/Desktop/cs348k_proj/outputs/baseline_semantic_sparse/cfg_3p0/000000015254/target.png,/Users/yixiaoz/Desktop/cs348k_proj/outputs/baseline_semantic_sparse/cfg_3p0/000000015254/generated.png,sparse_text_only,1,3.0,20,0.8123,0.8508,23.2869
24567,There is a man looking at a lot if hot dogs in a bun in a pan,"A man wearing a hat looks down at a tray filled with hot dogs arranged in buns. The outdoor setting suggests a barbecue, picnic, or community gathering where food is being prepared and served. Bright colors from the toppings and buns create a festive appearance.","chair, hot dog, person",/Users/yixiaoz/Desktop/cs348k_proj/outputs/baseline_semantic_sparse/cfg_3p0/000000024567/target.png,/Users/yixiaoz/Desktop/cs348k_proj/outputs/baseline_semantic_sparse/cfg_3p0/000000024567/generated.png,sparse_text_only,1,3.0,20,0.7589,0.6559,32.1623
25603,A girl sitting around a table in a restaurant eating a pizza.,"A young girl sits at a restaurant table with a pizza placed in front of her. Glasses, plates, and table settings surround the meal while the warm indoor lighting creates a cozy atmosphere. She looks toward the camera as if waiting to eat or enjoying.","book, chair, cup, dining table, person, pizza",/Users/yixiaoz/Desktop/cs348k_proj/outputs/baseline_semantic_sparse/cfg_3p0/000000025603/target.png,/Users/yixiaoz/Desktop/cs348k_proj/outputs/baseline_semantic_sparse/cfg_3p0/000000025603/generated.png,sparse_text_only,1,3.0,20,0.7289,0.6808,24.0634
55150,Two children sit atop their parent's luggage in the parking lot.,"Two children sit atop luggage carts in a parking lot while surrounded by parked vehicles. The scene appears to capture a family trip, airport arrival, or vacation departure. The children seem comfortable and playful as they ride on the luggage. Cars, travel equipment, and open.","backpack, book, car, person, suitcase",/Users/yixiaoz/Desktop/cs348k_proj/outputs/baseline_semantic_sparse/cfg_3p0/000000055150/target.png,/Users/yixiaoz/Desktop/cs348k_proj/outputs/baseline_semantic_sparse/cfg_3p0/000000055150/generated.png,sparse_text_only,1,3.0,20,0.6754,0.6879,25.8733
30828,A person covered with an orange sleeping bag rests his head on a blue back pack as he sleeps on a park bench.,"A person sleeps on a park bench while covered by an orange sleeping bag and resting beside a backpack. The outdoor setting includes grass, trees, and surrounding park features. The image captures a quiet moment of rest in a public space, contrasting the bright colors.","backpack, bench, car, parking meter, person",/Users/yixiaoz/Desktop/cs348k_proj/outputs/baseline_semantic_sparse/cfg_3p0/000000030828/target.png,/Users/yixiaoz/Desktop/cs348k_proj/outputs/baseline_semantic_sparse/cfg_3p0/000000030828/generated.png,sparse_text_only,1,3.0,20,0.7988,0.638,27.465
32334,"Two people, a man and a woman, are toasting with wine glasses.","A smiling man and woman hold wine glasses while posing together indoors. The casual setting appears to be a social gathering, dinner, or celebration where friends enjoy food and drinks. Warm lighting and relaxed expressions create a welcoming atmosphere. The image emphasizes companionship, hospitality, and.","car, chair, person, wine glass",/Users/yixiaoz/Desktop/cs348k_proj/outputs/baseline_semantic_sparse/cfg_3p0/000000032334/target.png,/Users/yixiaoz/Desktop/cs348k_proj/outputs/baseline_semantic_sparse/cfg_3p0/000000032334/generated.png,sparse_text_only,1,3.0,20,0.7498,0.7786,19.3866
92416,A male with a bottled beverage wearing a flower in his lapel.,"A young man wearing formal attire stands outdoors holding a bottled beverage. A flower pinned to his lapel suggests participation in a wedding, graduation, or other ceremonial event. Water and distant scenery form a pleasant background. His posture and clothing indicate a special occasion, while.","boat, bottle, person, tie",/Users/yixiaoz/Desktop/cs348k_proj/outputs/baseline_semantic_sparse/cfg_3p0/000000092416/target.png,/Users/yixiaoz/Desktop/cs348k_proj/outputs/baseline_semantic_sparse/cfg_3p0/000000092416/generated.png,sparse_text_only,1,3.0,20,0.727,0.828,15.127
20553,Large stuffed animal posed outdoors as if sitting in a chair with beverages on a table.,A large stuffed animal is arranged outdoors in a desert-like environment while seated in a chair beside beverages and decorative items placed on a small table. The unusual setup creates a humorous and imaginative scene. Open ground and sparse surroundings emphasize the contrast between the.,"bottle, chair, cup, dining table, teddy bear, umbrella, vase",/Users/yixiaoz/Desktop/cs348k_proj/outputs/baseline_semantic_sparse/cfg_3p0/000000020553/target.png,/Users/yixiaoz/Desktop/cs348k_proj/outputs/baseline_semantic_sparse/cfg_3p0/000000020553/generated.png,sparse_text_only,1,3.0,20,0.8532,0.7115,31.247
93437,An older man is wearing a funny hat in his dining room.,"An elderly man wearing a distinctive hat stands inside a dining area or kitchen while smiling toward the camera. Household furnishings and cabinets appear in the background, creating a comfortable domestic setting. His expression suggests warmth and friendliness, while the unusual hat adds character and.","book, bottle, chair, clock, cup, dining table, person, vase",/Users/yixiaoz/Desktop/cs348k_proj/outputs/baseline_semantic_sparse/cfg_3p0/000000093437/target.png,/Users/yixiaoz/Desktop/cs348k_proj/outputs/baseline_semantic_sparse/cfg_3p0/000000093437/generated.png,sparse_text_only,1,3.0,20,0.7079,0.8617,19.2741
89648,People using electronic devises all facing in the same direction.,"Several people sit in rows while using laptops and other electronic devices. Viewed from above, the scene resembles a classroom, workshop, conference, or training session focused on technology. Participants face the same direction and appear engaged with their screens. The arrangement emphasizes learning, collaboration, and.","backpack, book, cell phone, chair, laptop, person",/Users/yixiaoz/Desktop/cs348k_proj/outputs/baseline_semantic_sparse/cfg_3p0/000000089648/target.png,/Users/yixiaoz/Desktop/cs348k_proj/outputs/baseline_semantic_sparse/cfg_3p0/000000089648/generated.png,sparse_text_only,1,3.0,20,0.7279,0.6769,21.7364
7574,"A kitchen with two sinks, a counter, detergent, a stove and a refrigerator in it.","A kitchen interior contains wooden cabinets, a refrigerator, a stove, countertops, and cleaning supplies arranged around the room. Various household items are visible near the sink and work surfaces, creating a realistic lived-in appearance. The image emphasizes domestic functionality and organization while showcasing the appliances.","bottle, bowl, microwave, oven, refrigerator, sink, vase, wine glass",/Users/yixiaoz/Desktop/cs348k_proj/outputs/baseline_semantic_sparse/cfg_3p0/000000007574/target.png,/Users/yixiaoz/Desktop/cs348k_proj/outputs/baseline_semantic_sparse/cfg_3p0/000000007574/generated.png,sparse_text_only,1,3.0,20,0.7205,0.4016,29.0963
88040,"Plates of shrimp, vegetables, and noodles served with tea.","Several plates of food are arranged on a table viewed from above, including shrimp, vegetables, noodles, and accompanying beverages. Bowls, cups, and serving dishes contribute to the inviting dining presentation. The meal appears carefully prepared and shared among multiple people. The image highlights culinary variety.","bottle, bowl, cup, dining table, fork, knife, spoon",/Users/yixiaoz/Desktop/cs348k_proj/outputs/baseline_semantic_sparse/cfg_3p0/000000088040/target.png,/Users/yixiaoz/Desktop/cs348k_proj/outputs/baseline_semantic_sparse/cfg_3p0/000000088040/generated.png,sparse_text_only,1,3.0,20,0.7208,0.6477,23.5008
4134,Two men standing next to each other holding hands.,"Two men stand together at a formal event while greeting one another and shaking hands. Other attendees and banquet tables are visible in the background, suggesting a conference, reception, or celebration. Their professional attire and engaged expressions indicate a respectful social interaction. The image highlights.","chair, dining table, person, tie, wine glass",/Users/yixiaoz/Desktop/cs348k_proj/outputs/baseline_semantic_sparse/cfg_3p0/000000004134/target.png,/Users/yixiaoz/Desktop/cs348k_proj/outputs/baseline_semantic_sparse/cfg_3p0/000000004134/generated.png,sparse_text_only,1,3.0,20,0.7584,0.8297,18.1117
39769,Two cats sleeping with a remote control near each of them.,Two cats sleep peacefully on a bright pink blanket with television remotes placed nearby. Their relaxed poses and stretched bodies create a calm and comfortable scene. The indoor setting suggests a living room or bedroom where the animals have chosen a soft resting place. The.,"bed, cat, couch, remote",/Users/yixiaoz/Desktop/cs348k_proj/outputs/baseline_semantic_sparse/cfg_3p0/000000039769/target.png,/Users/yixiaoz/Desktop/cs348k_proj/outputs/baseline_semantic_sparse/cfg_3p0/000000039769/generated.png,sparse_text_only,1,3.0,20,0.7813,0.587,28.304
14439,A group of people standing on a field flying a colorful kite.,"A group of people stand together in a grassy park while flying a large colorful kite. Open space, recreational equipment, and other visitors create a lively outdoor environment. Participants work together to manage the kite as it catches the wind above the field. The image.","backpack, chair, kite, person",/Users/yixiaoz/Desktop/cs348k_proj/outputs/baseline_semantic_sparse/cfg_3p0/000000014439/target.png,/Users/yixiaoz/Desktop/cs348k_proj/outputs/baseline_semantic_sparse/cfg_3p0/000000014439/generated.png,sparse_text_only,1,3.0,20,0.7807,0.549,23.2437
104669,"A plate with a meal of meat, potatoes, carrots, and broccoli.","A plate holds a complete meal featuring a piece of meat alongside potatoes, carrots, broccoli, and other vegetables. The arrangement is neatly presented, suggesting a restaurant dish or carefully prepared home-cooked dinner. Bright colors from the vegetables contrast with the darker entrée. The image emphasizes.","broccoli, carrot, dining table, fork, knife, orange",/Users/yixiaoz/Desktop/cs348k_proj/outputs/baseline_semantic_sparse/cfg_3p0/000000104669/target.png,/Users/yixiaoz/Desktop/cs348k_proj/outputs/baseline_semantic_sparse/cfg_3p0/000000104669/generated.png,sparse_text_only,1,3.0,20,0.8081,0.5088,31.4985
11149,A man sitting on a motorcycle near several bicycles with a partially visible person standing nearby.,"A motorcycle is parked near several bicycles while people stand nearby in an outdoor setting. The collection of vehicles suggests a shared recreational or transportation area. Trees, pathways, and surrounding activity contribute to the public atmosphere. The image highlights different modes of personal transportation and.","bicycle, motorcycle, person",/Users/yixiaoz/Desktop/cs348k_proj/outputs/baseline_semantic_sparse/cfg_3p0/000000011149/target.png,/Users/yixiaoz/Desktop/cs348k_proj/outputs/baseline_semantic_sparse/cfg_3p0/000000011149/generated.png,sparse_text_only,1,3.0,20,0.7076,0.5499,24.5528
52996,A group of women in military outfits helping other women in a kitchen.,"A group of women wearing military-style uniforms work together in a kitchen while preparing food. Large pots, utensils, and work surfaces indicate an organized cooking effort intended to serve many people. Their coordinated activity reflects teamwork and shared responsibility. The image highlights food preparation, community.","backpack, book, bowl, cup, dining table, handbag, knife, oven, person, refrigerator",/Users/yixiaoz/Desktop/cs348k_proj/outputs/baseline_semantic_sparse/cfg_3p0/000000052996/target.png,/Users/yixiaoz/Desktop/cs348k_proj/outputs/baseline_semantic_sparse/cfg_3p0/000000052996/generated.png,sparse_text_only,1,3.0,20,0.7153,0.7005,12.6404
30213,"The picture shows the interior of a kitchen, with vintage refrigerator, stove, and other appliances.","The interior of a vintage-style kitchen is filled with retro appliances, patterned wallpaper, wooden cabinets, and decorative household items. A classic refrigerator, stove, sink, and dining furniture create a nostalgic atmosphere reminiscent of mid-century home design. Various utensils, containers, and decorations are arranged throughout the.","apple, bottle, bowl, chair, dining table, oven, refrigerator, sink",/Users/yixiaoz/Desktop/cs348k_proj/outputs/baseline_semantic_sparse/cfg_3p0/000000030213/target.png,/Users/yixiaoz/Desktop/cs348k_proj/outputs/baseline_semantic_sparse/cfg_3p0/000000030213/generated.png,sparse_text_only,1,3.0,20,0.7435,0.6585,28.2645
56127,"A room with a fire extinguisher, mugs hanging from a shelf and several lights.","A narrow interior room contains shelves lined with mugs, a fire extinguisher, counters, hanging lights, and decorative details. Warm lighting and colorful walls create a welcoming atmosphere that resembles a small café, restaurant service area, or compact workspace. The room is carefully organized to maximize.","bench, cup, oven, refrigerator, sink",/Users/yixiaoz/Desktop/cs348k_proj/outputs/baseline_semantic_sparse/cfg_3p0/000000056127/target.png,/Users/yixiaoz/Desktop/cs348k_proj/outputs/baseline_semantic_sparse/cfg_3p0/000000056127/generated.png,sparse_text_only,1,3.0,20,0.7855,0.6634,22.2921
84031,A batter swinging a bat at a baseball with the catcher and umpire behind him.,A baseball player swings at a pitch while the catcher and umpire closely follow the action behind home plate. The game takes place on a well-maintained field surrounded by spectators and stadium structures. The batter’s posture captures the intensity and timing required in competitive baseball.,"baseball bat, baseball glove, person, sports ball",/Users/yixiaoz/Desktop/cs348k_proj/outputs/baseline_semantic_sparse/cfg_3p0/000000084031/target.png,/Users/yixiaoz/Desktop/cs348k_proj/outputs/baseline_semantic_sparse/cfg_3p0/000000084031/generated.png,sparse_text_only,1,3.0,20,0.7548,0.7974,21.0457
74209,A black and stainless steel kitchen with a snack bar and bar stools.,"A modern kitchen features stainless steel appliances, polished countertops, pendant lighting, and a snack bar lined with stools. The clean design emphasizes contemporary architecture and efficient use of space. Cabinets, sinks, and work surfaces are neatly arranged to support cooking and dining activities. The room.","apple, banana, bottle, bowl, chair, clock, cup, dining table, orange, oven, refrigerator, sink",/Users/yixiaoz/Desktop/cs348k_proj/outputs/baseline_semantic_sparse/cfg_3p0/000000074209/target.png,/Users/yixiaoz/Desktop/cs348k_proj/outputs/baseline_semantic_sparse/cfg_3p0/000000074209/generated.png,sparse_text_only,1,3.0,20,0.7123,0.6062,25.9068
52891,A dog walking on the beach with a frizzbe in his month.,"A dog stands on a sandy beach while carrying a bright yellow frisbee in its mouth. Ocean water, waves, and distant shoreline scenery create a scenic coastal backdrop. The animal appears alert and energetic, as if engaged in a game of fetch with its owner.","dog, frisbee, person",/Users/yixiaoz/Desktop/cs348k_proj/outputs/baseline_semantic_sparse/cfg_3p0/000000052891/target.png,/Users/yixiaoz/Desktop/cs348k_proj/outputs/baseline_semantic_sparse/cfg_3p0/000000052891/generated.png,sparse_text_only,1,3.0,20,0.742,0.8036,24.4317
99039,Plates of food and two glasses of red wine are on a table.,Several plates of food and two glasses of red wine are arranged on a table beside a large window overlooking greenery and nearby buildings. The setting appears to be a restaurant or dining area where people are enjoying a meal together. Soft natural light enters.,"bowl, fork, knife, person, pizza, spoon, wine glass",/Users/yixiaoz/Desktop/cs348k_proj/outputs/baseline_semantic_sparse/cfg_3p0/000000099039/target.png,/Users/yixiaoz/Desktop/cs348k_proj/outputs/baseline_semantic_sparse/cfg_3p0/000000099039/generated.png,sparse_text_only,1,3.0,20,0.7431,0.6843,28.7395
66635,"An apple computer monitor, keyboard and mouse sits on top of a clean wooden desk.","An Apple desktop computer sits on a clean wooden desk alongside a keyboard and mouse. The workspace is simple, organized, and free from clutter, emphasizing productivity and focus. The monitor occupies the center of the arrangement while the surrounding furniture provides ample working space. The.","keyboard, mouse, remote, tv",/Users/yixiaoz/Desktop/cs348k_proj/outputs/baseline_semantic_sparse/cfg_3p0/000000066635/target.png,/Users/yixiaoz/Desktop/cs348k_proj/outputs/baseline_semantic_sparse/cfg_3p0/000000066635/generated.png,sparse_text_only,1,3.0,20,0.7554,0.5944,29.722
107226,Men race on wheeled vehicles towed by a group of husky dogs.,Competitors participate in a dog-powered racing event where huskies pull wheeled vehicles through an outdoor course. Spectators gather nearby to watch the action while handlers guide the dogs. The animals appear strong and energetic as they work together as a team. The image highlights sporting.,"bicycle, dog, person, umbrella",/Users/yixiaoz/Desktop/cs348k_proj/outputs/baseline_semantic_sparse/cfg_3p0/000000107226/target.png,/Users/yixiaoz/Desktop/cs348k_proj/outputs/baseline_semantic_sparse/cfg_3p0/000000107226/generated.png,sparse_text_only,1,3.0,20,0.7208,0.6245,27.9681
14038,A kitchen with hard wood floors and a yellow smiley face balloon.,"A living room decorated for a celebration contains colorful balloons, furniture, and a large yellow smiley-face balloon suspended near the ceiling. The room features wooden flooring, entertainment equipment, and decorative touches that create a festive atmosphere. The arrangement suggests a birthday party or social gathering.","bed, book, bottle, cell phone, chair, couch, dining table, microwave, potted plant, refrigerator, tv",/Users/yixiaoz/Desktop/cs348k_proj/outputs/baseline_semantic_sparse/cfg_3p0/000000014038/target.png,/Users/yixiaoz/Desktop/cs348k_proj/outputs/baseline_semantic_sparse/cfg_3p0/000000014038/generated.png,sparse_text_only,1,3.0,20,0.7042,0.5097,24.8573
114884,"A woman with a cigarette standing, while a group of people with luggage walk towards a bus.","A woman stands inside a transportation terminal while travelers carrying luggage move through the background toward buses or other transit services. The spacious facility contains seating areas, structural supports, and signs associated with public transportation. People appear focused on their journeys as they navigate the.","backpack, bus, handbag, person, suitcase",/Users/yixiaoz/Desktop/cs348k_proj/outputs/baseline_semantic_sparse/cfg_3p0/000000114884/target.png,/Users/yixiaoz/Desktop/cs348k_proj/outputs/baseline_semantic_sparse/cfg_3p0/000000114884/generated.png,sparse_text_only,1,3.0,20,0.7563,0.7456,24.29
12120,A couple of women playing a game of tennis on a tennis court.,"Two women compete in a tennis match on a professional court surrounded by spectators and stadium seating. Both athletes focus intensely on the ball as they move across the blue playing surface. The sporting venue includes advertising displays, officials, and fans observing the competition. The.","chair, person, sports ball, tennis racket",/Users/yixiaoz/Desktop/cs348k_proj/outputs/baseline_semantic_sparse/cfg_3p0/000000012120/target.png,/Users/yixiaoz/Desktop/cs348k_proj/outputs/baseline_semantic_sparse/cfg_3p0/000000012120/generated.png,sparse_text_only,1,3.0,20,0.7756,0.8173,21.6395
87470,a big heard of cows walking down a road in a row with green tags on their ears,A large herd of cattle walks together along a rural road bordered by open countryside. The animals move in an organized line while green ear tags help identify members of the herd. Rolling terrain and natural vegetation create an agricultural landscape in the background. The.,"cow, horse, person",/Users/yixiaoz/Desktop/cs348k_proj/outputs/baseline_semantic_sparse/cfg_3p0/000000087470/target.png,/Users/yixiaoz/Desktop/cs348k_proj/outputs/baseline_semantic_sparse/cfg_3p0/000000087470/generated.png,sparse_text_only,1,3.0,20,0.6696,0.6278,22.2976
41872,"A bedroom with  a large bed facing a fireplace that has a television over the top of it, in a shelf space.","A comfortable bedroom contains a large bed, fireplace, television, built-in shelving, and warm lighting. Soft furnishings and decorative details create a relaxing atmosphere designed for rest and comfort. The layout resembles a hotel suite or upscale residential bedroom where entertainment and relaxation are combined in.","bed, chair, clock, tv",/Users/yixiaoz/Desktop/cs348k_proj/outputs/baseline_semantic_sparse/cfg_3p0/000000041872/target.png,/Users/yixiaoz/Desktop/cs348k_proj/outputs/baseline_semantic_sparse/cfg_3p0/000000041872/generated.png,sparse_text_only,1,3.0,20,0.8655,0.528,27.5279
60899,The young boy is playing in the living room of his house.,"A young boy plays in a living room while raising an object above his head. Household furniture, rugs, and natural light create a comfortable domestic setting. The child appears energetic and engaged in imaginative play. The image captures a candid family moment that reflects childhood.","book, chair, horse, person",/Users/yixiaoz/Desktop/cs348k_proj/outputs/baseline_semantic_sparse/cfg_3p0/000000060899/target.png,/Users/yixiaoz/Desktop/cs348k_proj/outputs/baseline_semantic_sparse/cfg_3p0/000000060899/generated.png,sparse_text_only,1,3.0,20,0.734,0.7504,22.6571
46872,a man standing next to a truck with some stuff on it,"A man stands beside a flatbed truck loaded with large industrial materials and equipment. The outdoor setting suggests a construction, transportation, or delivery operation. The truck occupies most of the scene while the worker appears to inspect or supervise the cargo. The image highlights logistics.","car, person, truck",/Users/yixiaoz/Desktop/cs348k_proj/outputs/baseline_semantic_sparse/cfg_3p0/000000046872/target.png,/Users/yixiaoz/Desktop/cs348k_proj/outputs/baseline_semantic_sparse/cfg_3p0/000000046872/generated.png,sparse_text_only,1,3.0,20,0.6851,0.69,21.4424
33638,A woman wearing shorts bends over a frying pan on a stove.,"A woman bends over a stove while preparing food in a traditional kitchen. Pots, utensils, and cooking equipment surround her as she works on a meal. The room contains functional appliances and furnishings that support everyday household cooking. The image emphasizes domestic life, food preparation.","bowl, oven, person, spoon",/Users/yixiaoz/Desktop/cs348k_proj/outputs/baseline_semantic_sparse/cfg_3p0/000000033638/target.png,/Users/yixiaoz/Desktop/cs348k_proj/outputs/baseline_semantic_sparse/cfg_3p0/000000033638/generated.png,sparse_text_only,1,3.0,20,0.7955,0.8281,22.3035
66038,The father and daughter are under an umbrella on the beach.,"A father and daughter relax beneath colorful beach umbrellas near the shoreline. Sand, water, and bright weather create a pleasant coastal environment suited for recreation and family outings. The pair appear comfortable as they spend time together enjoying the outdoors. The image highlights family relationships.","bird, chair, person, umbrella",/Users/yixiaoz/Desktop/cs348k_proj/outputs/baseline_semantic_sparse/cfg_3p0/000000066038/target.png,/Users/yixiaoz/Desktop/cs348k_proj/outputs/baseline_semantic_sparse/cfg_3p0/000000066038/generated.png,sparse_text_only,1,3.0,20,0.7763,0.6314,24.6367
86582,A person watering plants with a computer in the foreground.,"A laptop computer sits prominently in the foreground while a person tends plants in the background. Potted plants, gardening supplies, and outdoor views create a peaceful setting that combines technology with nature. The scene suggests remote work, personal projects, or a lifestyle that balances digital.","laptop, mouse, person, potted plant",/Users/yixiaoz/Desktop/cs348k_proj/outputs/baseline_semantic_sparse/cfg_3p0/000000086582/target.png,/Users/yixiaoz/Desktop/cs348k_proj/outputs/baseline_semantic_sparse/cfg_3p0/000000086582/generated.png,sparse_text_only,1,3.0,20,0.802,0.5891,31.1538
32610,Assortment of laptop computers displayed on table with backpacks full of electronic cords.,"Multiple laptop computers, backpacks, cables, and electronic accessories are displayed across a table. The collection of equipment suggests a workshop, conference, classroom, or technology-focused event. Devices are arranged side by side, emphasizing preparation and connectivity. The image highlights digital tools used for communication, learning, and.","backpack, laptop",/Users/yixiaoz/Desktop/cs348k_proj/outputs/baseline_semantic_sparse/cfg_3p0/000000032610/target.png,/Users/yixiaoz/Desktop/cs348k_proj/outputs/baseline_semantic_sparse/cfg_3p0/000000032610/generated.png,sparse_text_only,1,3.0,20,0.794,0.7344,20.5333
8021,An audience is looking at an film of a man taking that is projected onto a wall.,"A speaker stands in front of a large projected image while addressing an audience seated in a darkened room. The presentation appears to be part of a conference, lecture, or public event. Audience members focus on the stage while the presenter gestures toward visual material.","bottle, person, tie",/Users/yixiaoz/Desktop/cs348k_proj/outputs/baseline_semantic_sparse/cfg_3p0/000000008021/target.png,/Users/yixiaoz/Desktop/cs348k_proj/outputs/baseline_semantic_sparse/cfg_3p0/000000008021/generated.png,sparse_text_only,1,3.0,20,0.7713,0.8248,14.5707
81738,Someone about to cut and birthday cake with blue and yellow frosting.,"A rectangular birthday cake decorated with blue and yellow frosting sits on a kitchen counter while a person uses a knife to cut into it. The cake appears homemade or specially prepared for a celebration, with decorative writing and icing patterns spread across the surface.","bottle, cake, dining table, knife, person",/Users/yixiaoz/Desktop/cs348k_proj/outputs/baseline_semantic_sparse/cfg_3p0/000000081738/target.png,/Users/yixiaoz/Desktop/cs348k_proj/outputs/baseline_semantic_sparse/cfg_3p0/000000081738/generated.png,sparse_text_only,1,3.0,20,0.7311,0.7808,20.7518
94944,A skier on skies and a snowboarder carrying a snowboard on a mountain slope.,"Several people are gathered on a snowy mountain slope surrounded by dramatic alpine scenery and distant snow-covered peaks. One individual carries a snowboard while others prepare equipment or rest nearby. The expansive landscape dominates the background, emphasizing the scale of the mountainous environment. The image.","backpack, person, skis, snowboard",/Users/yixiaoz/Desktop/cs348k_proj/outputs/baseline_semantic_sparse/cfg_3p0/000000094944/target.png,/Users/yixiaoz/Desktop/cs348k_proj/outputs/baseline_semantic_sparse/cfg_3p0/000000094944/generated.png,sparse_text_only,1,3.0,20,0.6262,0.4031,30.1346
48504,A brown and a gray elephant are in a circus ring and the brown elephant is walking behind the gray elephant as well as two people training them are standing nearby.,Two elephants stand inside a large indoor training or exhibition space while handlers supervise them nearby. One elephant follows behind the other as they move across the floor beneath overhead lighting and structural beams. Equipment and barriers suggest a controlled environment designed for animal care.,"bench, elephant, person",/Users/yixiaoz/Desktop/cs348k_proj/outputs/baseline_semantic_sparse/cfg_3p0/000000048504/target.png,/Users/yixiaoz/Desktop/cs348k_proj/outputs/baseline_semantic_sparse/cfg_3p0/000000048504/generated.png,sparse_text_only,1,3.0,20,0.7008,0.6148,29.6045
69213,Two men who are wearing suits and hats standing next to each other.,"Two men wearing dark suits and matching hats stand side by side outdoors while looking toward the camera. Their formal attire contrasts with the busy background, where people and vehicles are visible. The pair appear composed and confident, suggesting they may be attending a formal.","motorcycle, person",/Users/yixiaoz/Desktop/cs348k_proj/outputs/baseline_semantic_sparse/cfg_3p0/000000069213/target.png,/Users/yixiaoz/Desktop/cs348k_proj/outputs/baseline_semantic_sparse/cfg_3p0/000000069213/generated.png,sparse_text_only,1,3.0,20,0.7158,0.8131,15.0638
44877,Two people are in a wheelchair and only one of them is holding a racket.,"Two people are positioned on a tennis court, one seated in a wheelchair while holding a tennis racket. The scene highlights adaptive sports and athletic participation regardless of physical ability. Both individuals focus on the activity taking place on the court, surrounded by fencing and.","person, sports ball, tennis racket",/Users/yixiaoz/Desktop/cs348k_proj/outputs/baseline_semantic_sparse/cfg_3p0/000000044877/target.png,/Users/yixiaoz/Desktop/cs348k_proj/outputs/baseline_semantic_sparse/cfg_3p0/000000044877/generated.png,sparse_text_only,1,3.0,20,0.7444,0.7217,28.6631
74058,A sidewalk next to the outdoor sitting area of a restaurant.,"A black-and-white street scene shows a sidewalk café or restaurant with outdoor seating positioned beside a busy road. Bicycles are parked nearby while tables and chairs extend beneath awnings. Cars line the street and pedestrians move through the area. The monochrome presentation emphasizes geometry, shadows.","bicycle, car, chair, dining table, handbag, person, truck, umbrella",/Users/yixiaoz/Desktop/cs348k_proj/outputs/baseline_semantic_sparse/cfg_3p0/000000074058/target.png,/Users/yixiaoz/Desktop/cs348k_proj/outputs/baseline_semantic_sparse/cfg_3p0/000000074058/generated.png,sparse_text_only,1,3.0,20,0.7319,0.7051,15.7378
69356,An Indian woman stands in front of a man selling his fruit,"A fruit vendor stands beside a colorful outdoor market stall filled with oranges, bananas, and other produce. A woman stands nearby while additional people move through the area. Trees and buildings line the background, suggesting a neighborhood street market. The image highlights small-scale commerce, local.","apple, banana, car, person",/Users/yixiaoz/Desktop/cs348k_proj/outputs/baseline_semantic_sparse/cfg_3p0/000000069356/target.png,/Users/yixiaoz/Desktop/cs348k_proj/outputs/baseline_semantic_sparse/cfg_3p0/000000069356/generated.png,sparse_text_only,1,3.0,20,0.7503,0.6341,26.4168
57232,A chair is fashioned from baseball bats and two cushions.,"A chair has been creatively constructed from baseball bats and cushioned seating materials, transforming sporting equipment into functional furniture. Additional decorative items, including a globe and various objects, surround the unusual piece. The craftsmanship demonstrates artistic repurposing and design innovation. The image highlights the intersection.","baseball bat, chair, vase",/Users/yixiaoz/Desktop/cs348k_proj/outputs/baseline_semantic_sparse/cfg_3p0/000000057232/target.png,/Users/yixiaoz/Desktop/cs348k_proj/outputs/baseline_semantic_sparse/cfg_3p0/000000057232/generated.png,sparse_text_only,1,3.0,20,0.8169,0.7544,30.9542
5193,A group of people pose for a picture while a man holds two surfboards.,"A group of people gathers indoors for a photograph while one individual holds two colorful surfboards upright. Several children and adults pose together, smiling toward the camera. The surfboards act as focal points, suggesting a beach, surfing, or recreational theme. The image captures a celebratory.","bottle, person, surfboard",/Users/yixiaoz/Desktop/cs348k_proj/outputs/baseline_semantic_sparse/cfg_3p0/000000005193/target.png,/Users/yixiaoz/Desktop/cs348k_proj/outputs/baseline_semantic_sparse/cfg_3p0/000000005193/generated.png,sparse_text_only,1,3.0,20,0.7326,0.7216,25.0413
94751,A traffic light and a signpost at a crossroads intersection near a waterway.,"Traffic lights and road signs stand at an intersection near a waterfront area. Fences, streets, and utility structures define the urban landscape while water and distant infrastructure appear in the background. The scene focuses on transportation systems and traffic management rather than people. The image.","bench, car, person, traffic light",/Users/yixiaoz/Desktop/cs348k_proj/outputs/baseline_semantic_sparse/cfg_3p0/000000094751/target.png,/Users/yixiaoz/Desktop/cs348k_proj/outputs/baseline_semantic_sparse/cfg_3p0/000000094751/generated.png,sparse_text_only,1,3.0,20,0.763,0.7778,18.637
13546,Young man on skate board balancing on concrete barrier near sidewalk with small park area near by.,"A skateboarder balances on a concrete structure within a small park while performing a trick. The rider’s posture demonstrates concentration and control as wheels contact the edge of the obstacle. Grass, pathways, and recreational facilities surround the scene. The image captures motion and athletic skill.","bench, person, skateboard",/Users/yixiaoz/Desktop/cs348k_proj/outputs/baseline_semantic_sparse/cfg_3p0/000000013546/target.png,/Users/yixiaoz/Desktop/cs348k_proj/outputs/baseline_semantic_sparse/cfg_3p0/000000013546/generated.png,sparse_text_only,1,3.0,20,0.698,0.5481,29.6452
112378,A bunch of bananas on a wooden bench with hammocks in the background.,"A bunch of bananas rests on a wooden bench in an outdoor setting where hammocks and tropical vegetation appear in the background. The fruit is arranged casually, creating a simple still-life composition. Natural lighting and greenery contribute to a relaxed atmosphere. The image highlights everyday.","banana, bench, chair, dining table",/Users/yixiaoz/Desktop/cs348k_proj/outputs/baseline_semantic_sparse/cfg_3p0/000000112378/target.png,/Users/yixiaoz/Desktop/cs348k_proj/outputs/baseline_semantic_sparse/cfg_3p0/000000112378/generated.png,sparse_text_only,1,3.0,20,0.7693,0.7752,20.4398
57672,a river.A group of people with life jacket rowing a long boat in,"A long rowing boat moves across a calm river while a coordinated team of rowers wearing life jackets paddles together. Their synchronized effort propels the vessel through the water as spectators and shoreline features remain visible in the distance. The image highlights teamwork, endurance, and.","boat, car, person, truck",/Users/yixiaoz/Desktop/cs348k_proj/outputs/baseline_semantic_sparse/cfg_3p0/000000057672/target.png,/Users/yixiaoz/Desktop/cs348k_proj/outputs/baseline_semantic_sparse/cfg_3p0/000000057672/generated.png,sparse_text_only,1,3.0,20,0.715,0.801,12.5021
19432,He's almost got this tennis ball at the end of his racket.,"A tennis player focuses intensely on a ball approaching the racket during a match on a professional court. Stadium seating and fencing create the backdrop while the athlete prepares to make contact. The composition freezes a precise moment that requires timing, concentration, and technical skill.","chair, person, sports ball, tennis racket",/Users/yixiaoz/Desktop/cs348k_proj/outputs/baseline_semantic_sparse/cfg_3p0/000000019432/target.png,/Users/yixiaoz/Desktop/cs348k_proj/outputs/baseline_semantic_sparse/cfg_3p0/000000019432/generated.png,sparse_text_only,1,3.0,20,0.8202,0.7865,17.9742
73702,A couple of guys standingoutside in the sun talking to each other.,"Several people stand together outdoors near a transportation or public-service area while engaged in conversation. Some individuals carry bags or wear protective clothing, suggesting travel, work, or transit-related activities. The scene appears candid and documentary in nature, focusing on social interaction rather than posed photography.","backpack, handbag, person, umbrella",/Users/yixiaoz/Desktop/cs348k_proj/outputs/baseline_semantic_sparse/cfg_3p0/000000073702/target.png,/Users/yixiaoz/Desktop/cs348k_proj/outputs/baseline_semantic_sparse/cfg_3p0/000000073702/generated.png,sparse_text_only,1,3.0,20,0.7255,0.7042,24.9787
84241,Three women cooking in a professional kitchen together.,"Three women work together inside a professional kitchen while preparing food. Large bowls of vegetables, cookware, and stainless-steel surfaces surround them as they coordinate meal preparation. The environment suggests a restaurant, catering operation, or culinary training setting. The image highlights teamwork, food service, and culinary.","bottle, bowl, broccoli, dining table, fork, oven, person, sandwich, sink, spoon",/Users/yixiaoz/Desktop/cs348k_proj/outputs/baseline_semantic_sparse/cfg_3p0/000000084241/target.png,/Users/yixiaoz/Desktop/cs348k_proj/outputs/baseline_semantic_sparse/cfg_3p0/000000084241/generated.png,sparse_text_only,1,3.0,20,0.7518,0.6329,24.8542
34417,Donuts traveling down an assembly line in a factory while people work behind it.,"Donuts move along a production line inside a bakery or food-processing facility while workers supervise operations in the background. Conveyors, trays, and industrial equipment are visible throughout the workspace. The image illustrates large-scale food production and the systems used to manufacture baked goods efficiently. It.","donut, person, tie",/Users/yixiaoz/Desktop/cs348k_proj/outputs/baseline_semantic_sparse/cfg_3p0/000000034417/target.png,/Users/yixiaoz/Desktop/cs348k_proj/outputs/baseline_semantic_sparse/cfg_3p0/000000034417/generated.png,sparse_text_only,1,3.0,20,0.7946,0.8379,21.4537
25181,A train station with an awning is depicted with a train on the right platform.,"A train station platform extends into the distance beneath a large canopy, creating strong lines and symmetry throughout the composition. A train sits along one side of the platform while signs and architectural details reinforce the sense of order. The black-and-white presentation emphasizes structure and.","backpack, bench, person, train",/Users/yixiaoz/Desktop/cs348k_proj/outputs/baseline_semantic_sparse/cfg_3p0/000000025181/target.png,/Users/yixiaoz/Desktop/cs348k_proj/outputs/baseline_semantic_sparse/cfg_3p0/000000025181/generated.png,sparse_text_only,1,3.0,20,0.7106,0.7153,22.4517
67213,"A dog jumping through the air above a pool of water that has been marked for distance, with people watching in the distance.","A dog leaps high above a pool during a dock-diving competition while spectators watch from behind barriers. The animal is captured midair, demonstrating athletic ability, speed, and confidence. Water, measuring equipment, and event organizers suggest a structured sporting competition. The image highlights the bond between.","car, dog, person",/Users/yixiaoz/Desktop/cs348k_proj/outputs/baseline_semantic_sparse/cfg_3p0/000000067213/target.png,/Users/yixiaoz/Desktop/cs348k_proj/outputs/baseline_semantic_sparse/cfg_3p0/000000067213/generated.png,sparse_text_only,1,3.0,20,0.7327,0.7315,14.507
94871,A group of people standing around sheep on a field.,"Several sheep stand together in a field while people gather nearby. Different breeds and wool colors create visual variety across the scene. The setting resembles an agricultural fair, livestock exhibition, or rural community event where animals are displayed and evaluated. The image highlights farming culture.","handbag, person, sheep",/Users/yixiaoz/Desktop/cs348k_proj/outputs/baseline_semantic_sparse/cfg_3p0/000000094871/target.png,/Users/yixiaoz/Desktop/cs348k_proj/outputs/baseline_semantic_sparse/cfg_3p0/000000094871/generated.png,sparse_text_only,1,3.0,20,0.6865,0.5268,24.8539
2685,A crowd of people stand near a man behind a bar with wine bottles on it.,"Several people are gathered around a wooden bar counter inside a restaurant, tasting room, or social event space. A man stands behind the counter near shelves filled with wine bottles while customers stand close together and talk in small groups. The room appears warmly lit.","bottle, cup, handbag, person, wine glass",/Users/yixiaoz/Desktop/cs348k_proj/outputs/baseline_semantic_sparse/cfg_5p0/000000002685/target.png,/Users/yixiaoz/Desktop/cs348k_proj/outputs/baseline_semantic_sparse/cfg_5p0/000000002685/generated.png,sparse_text_only,1,5.0,20,0.7624,0.7507,24.6712
6763,A man and a women posing next to one another in front of a table.,"A man and a woman sit close together at a table inside a dimly lit restaurant or bar. The man wears a dress shirt and tie and has his arm around the smiling woman beside him. Plates, utensils, and drinks are visible on the table.","cell phone, dining table, person, tie, tv",/Users/yixiaoz/Desktop/cs348k_proj/outputs/baseline_semantic_sparse/cfg_5p0/000000006763/target.png,/Users/yixiaoz/Desktop/cs348k_proj/outputs/baseline_semantic_sparse/cfg_5p0/000000006763/generated.png,sparse_text_only,1,5.0,20,0.7481,0.86,20.6832
87144,A baby sitting between a lady and a man on a bench under a tree.,"A woman, a young child, and an elderly man sit on a park bench beneath the shade of a tree. The woman sits on the left wearing a patterned dress, the child sits near the center, and the older man sits on the right wearing.","bench, car, handbag, person",/Users/yixiaoz/Desktop/cs348k_proj/outputs/baseline_semantic_sparse/cfg_5p0/000000087144/target.png,/Users/yixiaoz/Desktop/cs348k_proj/outputs/baseline_semantic_sparse/cfg_5p0/000000087144/generated.png,sparse_text_only,1,5.0,20,0.7161,0.6384,21.8445
2157,A table topped with a cake covered in berries next to a plate of sandwiches.,"A table covered with a red tablecloth is arranged with desserts and party food in an outdoor or bright dining setting. A large cake topped with blueberries and raspberries sits near the front beside plates of sandwiches, bread, grapes, wine glasses, napkins, and stacked dishes.","cake, cup, dining table, knife, wine glass",/Users/yixiaoz/Desktop/cs348k_proj/outputs/baseline_semantic_sparse/cfg_5p0/000000002157/target.png,/Users/yixiaoz/Desktop/cs348k_proj/outputs/baseline_semantic_sparse/cfg_5p0/000000002157/generated.png,sparse_text_only,1,5.0,20,0.7472,0.5908,27.0849
14226,A person is sitting in a chair at a table with a laptop computer.,A man sits alone in a passenger train or railcar while using a laptop computer on a fold-out table in front of him. He wears a jacket and looks downward toward the screen with a focused expression. A large window beside him shows blurred scenery.,"apple, chair, dining table, laptop, person",/Users/yixiaoz/Desktop/cs348k_proj/outputs/baseline_semantic_sparse/cfg_5p0/000000014226/target.png,/Users/yixiaoz/Desktop/cs348k_proj/outputs/baseline_semantic_sparse/cfg_5p0/000000014226/generated.png,sparse_text_only,1,5.0,20,0.7226,0.6138,19.0969
35279,"A man laying his head down next to electronics, a butterfly, and a book.","A cluttered workspace or floor area contains several electronic devices and accessories arranged close together. A laptop displays a simple image on its screen, while a smartphone, cables, speakers, papers, a bottle, and other gadgets sit nearby. Part of a person’s face appears near the.","book, bottle, cell phone, handbag, laptop, person, tennis racket",/Users/yixiaoz/Desktop/cs348k_proj/outputs/baseline_semantic_sparse/cfg_5p0/000000035279/target.png,/Users/yixiaoz/Desktop/cs348k_proj/outputs/baseline_semantic_sparse/cfg_5p0/000000035279/generated.png,sparse_text_only,1,5.0,20,0.8305,0.7072,24.0957
31620,A woman in a white dress and a man in gray stand near a cake on a white table under a white canopy.,"Inside a large white event tent, a woman in a white dress and a man in a gray suit stand near a decorated table. The table is covered with a white cloth and appears to hold a cake or centerpiece. Soft light filters through the.","cake, chair, cup, knife, person, tie",/Users/yixiaoz/Desktop/cs348k_proj/outputs/baseline_semantic_sparse/cfg_5p0/000000031620/target.png,/Users/yixiaoz/Desktop/cs348k_proj/outputs/baseline_semantic_sparse/cfg_5p0/000000031620/generated.png,sparse_text_only,1,5.0,20,0.7204,0.8856,16.3144
95707,Several pastries sitting on aluminum foil next to a bowl with a knife and spatula in it.,"Several pastries and baked goods are arranged on aluminum foil on a table, with a bowl, knife, and spatula placed nearby for serving. The food includes rectangular pieces and a pale frosted or light-colored dessert item, suggesting a dessert spread or homemade baked selection. The.","bowl, cake, dining table, knife",/Users/yixiaoz/Desktop/cs348k_proj/outputs/baseline_semantic_sparse/cfg_5p0/000000095707/target.png,/Users/yixiaoz/Desktop/cs348k_proj/outputs/baseline_semantic_sparse/cfg_5p0/000000095707/generated.png,sparse_text_only,1,5.0,20,0.8008,0.706,27.7984
54605,Milkshake in tall glass and piece of cake on plate near forks.,"A tall milkshake in a glass is topped with whipped cream and placed on a restaurant table beside a slice of layered cake on a white plate. A fork, napkins, and other table items sit nearby, while the background is dim and softly blurred. The.","cake, chair, cup, dining table, fork, person",/Users/yixiaoz/Desktop/cs348k_proj/outputs/baseline_semantic_sparse/cfg_5p0/000000054605/target.png,/Users/yixiaoz/Desktop/cs348k_proj/outputs/baseline_semantic_sparse/cfg_5p0/000000054605/generated.png,sparse_text_only,1,5.0,20,0.7448,0.7121,26.9941
27620,A laptop sitting on a desk next to a chair and another computer.,"A small home office or study area contains a glass-top desk, a laptop computer, a chair, and additional electronic equipment. The desk is positioned near a wall with windows and blinds, and another chair sits in front of the workspace. Cables, accessories, and a cup.","bottle, chair, keyboard, laptop, mouse",/Users/yixiaoz/Desktop/cs348k_proj/outputs/baseline_semantic_sparse/cfg_5p0/000000027620/target.png,/Users/yixiaoz/Desktop/cs348k_proj/outputs/baseline_semantic_sparse/cfg_5p0/000000027620/generated.png,sparse_text_only,1,5.0,20,0.7405,0.6953,24.4181
66771,Two people sitting at a table with beverages on it and the woman holding her phone.,"Two people sit together at a restaurant table with beverages, cups, and small dishes in front of them. The man smiles while looking toward the woman, and the woman looks down at a smartphone in her hand. The table includes a drink with a straw.","bowl, cell phone, couch, cup, dining table, person, spoon",/Users/yixiaoz/Desktop/cs348k_proj/outputs/baseline_semantic_sparse/cfg_5p0/000000066771/target.png,/Users/yixiaoz/Desktop/cs348k_proj/outputs/baseline_semantic_sparse/cfg_5p0/000000066771/generated.png,sparse_text_only,1,5.0,20,0.7719,0.7671,22.272
18575,"Two plates, one with a sandwich and fries, the other with just a sandwich and a pickle.","Two plates of food are served on a restaurant table. One plate contains a sandwich with French fries, while the other plate includes a sandwich and a pickle with sliced vegetables and condiments nearby. Drinks, small containers, and utensils surround the plates, suggesting a casual.","bottle, bowl, dining table, knife, sandwich, wine glass",/Users/yixiaoz/Desktop/cs348k_proj/outputs/baseline_semantic_sparse/cfg_5p0/000000018575/target.png,/Users/yixiaoz/Desktop/cs348k_proj/outputs/baseline_semantic_sparse/cfg_5p0/000000018575/generated.png,sparse_text_only,1,5.0,20,0.7375,0.4899,30.6135
66817,This plate consists of rice with sauce and peas and meat patties on the side.,"A plate of food is photographed from above on a table, containing rice covered with sauce, peas, and several browned meat patties on the side. A cup of yogurt or creamy dessert and a small bowl of fruit sit near the plate, creating a complete.","bowl, carrot, dining table, fork, spoon",/Users/yixiaoz/Desktop/cs348k_proj/outputs/baseline_semantic_sparse/cfg_5p0/000000066817/target.png,/Users/yixiaoz/Desktop/cs348k_proj/outputs/baseline_semantic_sparse/cfg_5p0/000000066817/generated.png,sparse_text_only,1,5.0,20,0.801,0.5964,23.8473
84674,a girl holds a baby eating a bagel with a boy standing next to them,"A woman sits indoors holding a small child who is eating a bagel or bread roll, while a young boy stands next to them facing the camera. The group appears to be in a restaurant, event space, or public indoor setting, with people and warm.","book, clock, couch, donut, person, tv",/Users/yixiaoz/Desktop/cs348k_proj/outputs/baseline_semantic_sparse/cfg_5p0/000000084674/target.png,/Users/yixiaoz/Desktop/cs348k_proj/outputs/baseline_semantic_sparse/cfg_5p0/000000084674/generated.png,sparse_text_only,1,5.0,20,0.7992,0.6621,24.64
47112,A pizza served on a white plate next to empty wine glass and beer.,"A freshly baked pizza sits on a white plate on a restaurant table, with a glass of beer and an empty wine glass positioned behind it. The pizza has visible cheese and toppings, and the background contains tables, chairs, and restaurant décor. The low angle.","bottle, bowl, chair, dining table, knife, person, pizza, wine glass",/Users/yixiaoz/Desktop/cs348k_proj/outputs/baseline_semantic_sparse/cfg_5p0/000000047112/target.png,/Users/yixiaoz/Desktop/cs348k_proj/outputs/baseline_semantic_sparse/cfg_5p0/000000047112/generated.png,sparse_text_only,1,5.0,20,0.7926,0.5438,31.033
59598,"A table with a laptop a plate with a muffin and a banana, a can and a cellphone.","An open laptop sits on a table in a classroom, meeting room, or conference setting. Nearby are a plate with a muffin and banana, a soda can, a mobile phone, and other small items. In the background, a presentation screen or projector area is visible.","banana, cake, cell phone, chair, keyboard, laptop, mouse, person",/Users/yixiaoz/Desktop/cs348k_proj/outputs/baseline_semantic_sparse/cfg_5p0/000000059598/target.png,/Users/yixiaoz/Desktop/cs348k_proj/outputs/baseline_semantic_sparse/cfg_5p0/000000059598/generated.png,sparse_text_only,1,5.0,20,0.7538,0.5405,31.8587
91779,Three hot dogs with different toppings lined up on a tabletop.,"Three hot dogs with different toppings are arranged side by side on a tray or tabletop. One appears topped with sauce or chili, another with bright red peppers, and the surrounding area contains side dishes, cups, and food wrappers. The close-up composition highlights the variety.","bowl, chair, cup, dining table, hot dog, sandwich",/Users/yixiaoz/Desktop/cs348k_proj/outputs/baseline_semantic_sparse/cfg_5p0/000000091779/target.png,/Users/yixiaoz/Desktop/cs348k_proj/outputs/baseline_semantic_sparse/cfg_5p0/000000091779/generated.png,sparse_text_only,1,5.0,20,0.7529,0.7577,25.7158
22892,"A cat sitting on a table next to plants and a dog outside of a sliding glass door, looking in.","A gray cat sits indoors on a table beside potted plants near a sliding glass door, while a dog stands outside looking in through the glass. The cat faces downward toward the plants, and the dog is visible beyond the door on a balcony or.","cat, chair, dining table, dog, potted plant",/Users/yixiaoz/Desktop/cs348k_proj/outputs/baseline_semantic_sparse/cfg_5p0/000000022892/target.png,/Users/yixiaoz/Desktop/cs348k_proj/outputs/baseline_semantic_sparse/cfg_5p0/000000022892/generated.png,sparse_text_only,1,5.0,20,0.7528,0.7209,33.3813
97337,This is a nice living room set up with two couches and a television.,"A cozy living room contains two couches arranged around a coffee table facing a television. The television displays a map or graphic image, while lamps, curtains, and decorative furniture create a warm indoor atmosphere. The room appears tidy and comfortable, with soft lighting and a.","chair, couch, dining table, person, tv",/Users/yixiaoz/Desktop/cs348k_proj/outputs/baseline_semantic_sparse/cfg_5p0/000000097337/target.png,/Users/yixiaoz/Desktop/cs348k_proj/outputs/baseline_semantic_sparse/cfg_5p0/000000097337/generated.png,sparse_text_only,1,5.0,20,0.6902,0.6118,32.656
10707,Man with video game controller in living room with onlooker seated nearby.,"Several people gather in a living room around a coffee table covered with drinks, snacks, and small items. One man stands holding a video game controller, while others sit nearby watching or participating. Sofas, warm lighting, and casual clothing create the feeling of a relaxed.","backpack, bottle, couch, cup, dining table, laptop, person, remote",/Users/yixiaoz/Desktop/cs348k_proj/outputs/baseline_semantic_sparse/cfg_5p0/000000010707/target.png,/Users/yixiaoz/Desktop/cs348k_proj/outputs/baseline_semantic_sparse/cfg_5p0/000000010707/generated.png,sparse_text_only,1,5.0,20,0.8624,0.7894,21.4823
65288,A yellow and green object with a brown bird perched on top of it.,"An ornate yellow and green decorative structure sits in the foreground, with a small brown bird perched on its top edge. Behind it, a crowd of people gathers outdoors near tables, chairs, plants, and shaded areas, suggesting a plaza, café, or public gathering space. The.","backpack, bicycle, bird, chair, person, potted plant",/Users/yixiaoz/Desktop/cs348k_proj/outputs/baseline_semantic_sparse/cfg_5p0/000000065288/target.png,/Users/yixiaoz/Desktop/cs348k_proj/outputs/baseline_semantic_sparse/cfg_5p0/000000065288/generated.png,sparse_text_only,1,5.0,20,0.8079,0.7876,21.422
116208,"A large pizza is shown on a table, with bottles and glasses of wine.","A large pizza topped with cheese, mushrooms, and other ingredients is placed on a raised stand at the center of a restaurant table. Wine bottles, glasses, plates, utensils, and small dishes surround it, suggesting a shared meal among several diners. The pizza is viewed from.","bottle, chair, cup, dining table, person, pizza, wine glass",/Users/yixiaoz/Desktop/cs348k_proj/outputs/baseline_semantic_sparse/cfg_5p0/000000116208/target.png,/Users/yixiaoz/Desktop/cs348k_proj/outputs/baseline_semantic_sparse/cfg_5p0/000000116208/generated.png,sparse_text_only,1,5.0,20,0.7496,0.5232,31.2554
74733,two flatbread pieces covered with different ingredients in between a flight of beers,"Two rectangular flatbread dishes topped with different ingredients are served on a wooden board beside a flight of beers. Several small glasses of beer, dipping containers, and additional drinkware are arranged around the food. The warm indoor lighting and tabletop presentation suggest a restaurant, pub.","chair, cup, dining table, person, pizza",/Users/yixiaoz/Desktop/cs348k_proj/outputs/baseline_semantic_sparse/cfg_5p0/000000074733/target.png,/Users/yixiaoz/Desktop/cs348k_proj/outputs/baseline_semantic_sparse/cfg_5p0/000000074733/generated.png,sparse_text_only,1,5.0,20,0.8262,0.6327,20.0893
114907,"A woman holding a milking attachment and standing in front of a cow, with a group of people in the audience.","A woman stands beside a large dairy cow while demonstrating or holding a milking attachment in front of a seated audience. The cow is positioned behind a metal barrier, and many people watch attentively from the foreground. The scene appears to be part of an.","cow, person, truck",/Users/yixiaoz/Desktop/cs348k_proj/outputs/baseline_semantic_sparse/cfg_5p0/000000114907/target.png,/Users/yixiaoz/Desktop/cs348k_proj/outputs/baseline_semantic_sparse/cfg_5p0/000000114907/generated.png,sparse_text_only,1,5.0,20,0.7548,0.6849,28.4283
61333,The caramel-colored kitten is  lying on the small blanket on top of the unmade bed.,"An orange tabby kitten lies curled up on a small blanket placed on top of an unmade bed. The cat appears relaxed and sleepy, with its body tucked close and its head resting near the blanket. A bookshelf filled with books lines the background, adding.","bed, book, cat",/Users/yixiaoz/Desktop/cs348k_proj/outputs/baseline_semantic_sparse/cfg_5p0/000000061333/target.png,/Users/yixiaoz/Desktop/cs348k_proj/outputs/baseline_semantic_sparse/cfg_5p0/000000061333/generated.png,sparse_text_only,1,5.0,20,0.8731,0.6446,27.5754
18837,A large truck on a city street with two works sitting on top and one worker climbing in through door.,"A large green utility truck is parked on a city street while workers perform maintenance tasks around it. One worker appears to be on top of the vehicle, and another is climbing into or standing near the door. Cars, buildings, traffic signs, and urban infrastructure.","car, person, truck",/Users/yixiaoz/Desktop/cs348k_proj/outputs/baseline_semantic_sparse/cfg_5p0/000000018837/target.png,/Users/yixiaoz/Desktop/cs348k_proj/outputs/baseline_semantic_sparse/cfg_5p0/000000018837/generated.png,sparse_text_only,1,5.0,20,0.7095,0.6822,21.1005
9914,"A sandwich, french fries, bowl of ketchup, onion slice, lettuce slice, tomato slice, and knife sit on the white plate.","A sandwich meal is served on a white plate with French fries, a small bowl of ketchup, sliced onion, tomato, lettuce, and a knife. The sandwich bun is topped with sesame seeds, and the fries are piled beside it. The close-up view focuses on the.","bowl, dining table, hot dog, knife, sandwich",/Users/yixiaoz/Desktop/cs348k_proj/outputs/baseline_semantic_sparse/cfg_5p0/000000009914/target.png,/Users/yixiaoz/Desktop/cs348k_proj/outputs/baseline_semantic_sparse/cfg_5p0/000000009914/generated.png,sparse_text_only,1,5.0,20,0.8726,0.5919,25.196
39477,A beach towel covers a TV across from plants on the wall and in front of the window.,"A compact living room features a couch facing a television, with several plants placed near the window and on the wall. Natural light enters through a large curtained window, brightening the small room. A low table, rug, wall decorations, and shelving create a tidy residential.","book, couch, potted plant, tv, vase",/Users/yixiaoz/Desktop/cs348k_proj/outputs/baseline_semantic_sparse/cfg_5p0/000000039477/target.png,/Users/yixiaoz/Desktop/cs348k_proj/outputs/baseline_semantic_sparse/cfg_5p0/000000039477/generated.png,sparse_text_only,1,5.0,20,0.7647,0.6417,30.3908
61108,A blue bicycle with a puppy in its basket is parked next to the bleacher steps.,"A blue bicycle is parked beside outdoor bleacher steps, with a small puppy sitting inside a basket attached to the front. The bicycle rests near concrete steps and railings, suggesting a sports field, park, or recreational area. The puppy sits securely in the basket and.","bench, bicycle, car, dog",/Users/yixiaoz/Desktop/cs348k_proj/outputs/baseline_semantic_sparse/cfg_5p0/000000061108/target.png,/Users/yixiaoz/Desktop/cs348k_proj/outputs/baseline_semantic_sparse/cfg_5p0/000000061108/generated.png,sparse_text_only,1,5.0,20,0.6862,0.6777,30.21
91615,"A kitchen has light wooden colored cabinetry, beige countertops, and stainless steel appliances in an open concept house.","A clean modern kitchen features light wooden cabinets, beige countertops, stainless steel appliances, and a sink built into a central counter area. A microwave, oven, refrigerator, dishwasher, and decorative flowers are visible throughout the room. The space appears bright, organized, and open, with neutral colors.","book, bottle, bowl, cup, microwave, oven, sink, tv, vase",/Users/yixiaoz/Desktop/cs348k_proj/outputs/baseline_semantic_sparse/cfg_5p0/000000091615/target.png,/Users/yixiaoz/Desktop/cs348k_proj/outputs/baseline_semantic_sparse/cfg_5p0/000000091615/generated.png,sparse_text_only,1,5.0,20,0.7203,0.5174,27.5186
77396,A cat being lazy and a cat being nozy in a living room with tv and a laptop displaying the same things.,"Two cats are in a living room facing a television and a laptop displaying similar imagery. One cat stands upright near the television, appearing curious about the screen, while another cat lies on the floor nearby. The room contains a TV stand, small table, and.","book, cat, chair, dining table, laptop, remote, tv",/Users/yixiaoz/Desktop/cs348k_proj/outputs/baseline_semantic_sparse/cfg_5p0/000000077396/target.png,/Users/yixiaoz/Desktop/cs348k_proj/outputs/baseline_semantic_sparse/cfg_5p0/000000077396/generated.png,sparse_text_only,1,5.0,20,0.6842,0.6682,33.3857
119233,A cat sprawled out over the top of a laptop computer keyboard.,"A black-and-white cat sprawls across the keyboard area of an open laptop on a wooden desk or counter. The cat lies comfortably with its body stretched over the computer, partially blocking the screen and keyboard. Various household objects, office supplies, and plants are visible around.","bird, cat, cell phone, cup, laptop, spoon",/Users/yixiaoz/Desktop/cs348k_proj/outputs/baseline_semantic_sparse/cfg_5p0/000000119233/target.png,/Users/yixiaoz/Desktop/cs348k_proj/outputs/baseline_semantic_sparse/cfg_5p0/000000119233/generated.png,sparse_text_only,1,5.0,20,0.8869,0.6465,28.4822
2431,"A table with a plate, wine-filled glass, and bread, among other items","A restaurant table is set with a plate, a wine-filled glass, bread, napkins, utensils, and other dining items. The objects are arranged closely together on a wooden surface, suggesting an ongoing or prepared meal. The image is framed from above and at a slight angle.","cup, dining table, knife, person, spoon, wine glass",/Users/yixiaoz/Desktop/cs348k_proj/outputs/baseline_semantic_sparse/cfg_5p0/000000002431/target.png,/Users/yixiaoz/Desktop/cs348k_proj/outputs/baseline_semantic_sparse/cfg_5p0/000000002431/generated.png,sparse_text_only,1,5.0,20,0.6921,0.6375,30.4262
56344,"Looking down at a desktop with two monitors, a key board, mouse and cell phones on it.","A desk workstation contains two large computer monitors positioned side by side, along with a keyboard, mouse, mobile phones, and several electronic accessories. The screens display different windows or web pages, and cables and devices are spread across the desktop. The space appears dimly lit.","cell phone, keyboard, mouse, remote, tv",/Users/yixiaoz/Desktop/cs348k_proj/outputs/baseline_semantic_sparse/cfg_5p0/000000056344/target.png,/Users/yixiaoz/Desktop/cs348k_proj/outputs/baseline_semantic_sparse/cfg_5p0/000000056344/generated.png,sparse_text_only,1,5.0,20,0.7393,0.7393,21.208
54628,A tall multi layer cake sitting on top of a blue table cloth.,"A tall multi-layered decorative cake stands on a table covered with a blue tablecloth inside an elegant event venue. The cake is decorated with detailed patterns, flowers, and multiple tiers, making it the centerpiece of the room. Guests, tables, chairs, and chandeliers are visible in.","cake, chair, dining table, person, potted plant",/Users/yixiaoz/Desktop/cs348k_proj/outputs/baseline_semantic_sparse/cfg_5p0/000000054628/target.png,/Users/yixiaoz/Desktop/cs348k_proj/outputs/baseline_semantic_sparse/cfg_5p0/000000054628/generated.png,sparse_text_only,1,5.0,20,0.726,0.7952,14.4362
110999,"A painting of a bowl of fruit sitting in front of another painting,","A framed painting of a bowl of fruit hangs above a table where a real bowl of fruit and decorative objects are arranged below it. The dark background and warm lighting create a still-life atmosphere, connecting the artwork to the physical objects in front of.","apple, bowl, cup, fork, knife, orange, person, spoon",/Users/yixiaoz/Desktop/cs348k_proj/outputs/baseline_semantic_sparse/cfg_5p0/000000110999/target.png,/Users/yixiaoz/Desktop/cs348k_proj/outputs/baseline_semantic_sparse/cfg_5p0/000000110999/generated.png,sparse_text_only,1,5.0,20,0.7641,0.7711,16.5079
72795,a group of ball players playing on a field in front of an audience,"Baseball players are positioned on a field during a game while a large audience watches from the stadium seats. The batter stands near home plate, with the catcher and umpire crouched behind him and other players visible on the field. The scene is viewed from.","baseball bat, baseball glove, person",/Users/yixiaoz/Desktop/cs348k_proj/outputs/baseline_semantic_sparse/cfg_5p0/000000072795/target.png,/Users/yixiaoz/Desktop/cs348k_proj/outputs/baseline_semantic_sparse/cfg_5p0/000000072795/generated.png,sparse_text_only,1,5.0,20,0.7808,0.8284,16.6578
92091,A little girl is using the toy brush for a chew toy rather than brushing the teddy.,"A young girl wearing a bright pink dress stands inside a cozy room while holding a toy brush near a stuffed teddy bear. The room includes wooden walls, chairs, a television, artwork, and home furnishings. The child appears to be playing pretend, possibly brushing the.","boat, chair, couch, person, teddy bear, toothbrush, tv",/Users/yixiaoz/Desktop/cs348k_proj/outputs/baseline_semantic_sparse/cfg_5p0/000000092091/target.png,/Users/yixiaoz/Desktop/cs348k_proj/outputs/baseline_semantic_sparse/cfg_5p0/000000092091/generated.png,sparse_text_only,1,5.0,20,0.7701,0.6205,26.3718
108253,there are two plates of food and a beer in the middle of the table,"Two plates of food and a beer bottle are arranged on a restaurant table. The plates contain sandwiches, fries, and other side dishes, while condiments and utensils sit nearby. The bottle of beer stands prominently near the center of the table, suggesting a casual meal.","bottle, cup, dining table, fork, knife, person, pizza, spoon",/Users/yixiaoz/Desktop/cs348k_proj/outputs/baseline_semantic_sparse/cfg_5p0/000000108253/target.png,/Users/yixiaoz/Desktop/cs348k_proj/outputs/baseline_semantic_sparse/cfg_5p0/000000108253/generated.png,sparse_text_only,1,5.0,20,0.7934,0.68,27.6934
80932,A little boy sits at a table in a restaurant eating a slice of pizza.,"A young boy sits at a restaurant table eating a large slice of pizza. He holds the pizza close to his mouth while leaning over a white plate, concentrating on the meal. Other diners and wooden booth seating are visible in the background, creating a.","chair, cup, dining table, fork, person, pizza",/Users/yixiaoz/Desktop/cs348k_proj/outputs/baseline_semantic_sparse/cfg_5p0/000000080932/target.png,/Users/yixiaoz/Desktop/cs348k_proj/outputs/baseline_semantic_sparse/cfg_5p0/000000080932/generated.png,sparse_text_only,1,5.0,20,0.8133,0.7079,21.8282
50811,A man in a suit sitting a table with an empty bowl and empty beer bottles.,A man wearing a gray suit jacket sits alone at a wooden dining table with an empty bowl and several empty beer bottles placed in front of him. He smiles toward the camera in a simple indoor setting with a plain light-colored background. The table.,"bottle, bowl, cell phone, dining table, person, remote, tie",/Users/yixiaoz/Desktop/cs348k_proj/outputs/baseline_semantic_sparse/cfg_5p0/000000050811/target.png,/Users/yixiaoz/Desktop/cs348k_proj/outputs/baseline_semantic_sparse/cfg_5p0/000000050811/generated.png,sparse_text_only,1,5.0,20,0.6974,0.7983,24.4334
13659,A man typing on a laptop keyboard in a cluttered work environment.,"Several people work in a busy, cluttered office environment filled with desks, laptops, papers, cardboard boxes, and electronic equipment. A man in the foreground sits at a desk typing on a laptop while wearing headphones, and other people work in the background. The room looks.","chair, cup, dining table, laptop, person, tv",/Users/yixiaoz/Desktop/cs348k_proj/outputs/baseline_semantic_sparse/cfg_5p0/000000013659/target.png,/Users/yixiaoz/Desktop/cs348k_proj/outputs/baseline_semantic_sparse/cfg_5p0/000000013659/generated.png,sparse_text_only,1,5.0,20,0.7143,0.666,22.1032
26465,The opened  laptop is sitting on the table along with other technological tools.,"An open laptop sits on a white tabletop surrounded by small technological tools and accessories, including a smartphone, a pen, and a compact electronic device. The laptop screen shows a dark desktop with a bright reflection near the center. The arrangement is simple and sparse.","cell phone, chair, keyboard, laptop, person, remote",/Users/yixiaoz/Desktop/cs348k_proj/outputs/baseline_semantic_sparse/cfg_5p0/000000026465/target.png,/Users/yixiaoz/Desktop/cs348k_proj/outputs/baseline_semantic_sparse/cfg_5p0/000000026465/generated.png,sparse_text_only,1,5.0,20,0.6787,0.5967,26.5776
25096,A boy sitting in front of cake fashioned to look like a skateboard.,"A young boy wearing a blue sports jersey sits at a table looking down at a cake designed to resemble a skateboard. The cake is decorated with bright colors and small details, and the boy appears focused on it as if preparing to cut or.","chair, dining table, knife, person, skateboard, zebra",/Users/yixiaoz/Desktop/cs348k_proj/outputs/baseline_semantic_sparse/cfg_5p0/000000025096/target.png,/Users/yixiaoz/Desktop/cs348k_proj/outputs/baseline_semantic_sparse/cfg_5p0/000000025096/generated.png,sparse_text_only,1,5.0,20,0.793,0.7108,20.2197
26564,An office desk with a row of books and a desktop computer and laptop computer on the desk.,"An office desk is arranged with a desktop computer, laptop, keyboard, mouse, books, papers, and a row of binders or reference materials. The monitor displays a document or screen of text, and large windows brighten the workspace. The corner desk is compact but well equipped.","book, bottle, keyboard, laptop, mouse, tv",/Users/yixiaoz/Desktop/cs348k_proj/outputs/baseline_semantic_sparse/cfg_5p0/000000026564/target.png,/Users/yixiaoz/Desktop/cs348k_proj/outputs/baseline_semantic_sparse/cfg_5p0/000000026564/generated.png,sparse_text_only,1,5.0,20,0.7408,0.5499,29.2493
12670,A large crowd of people walking around while one owns a teddy bear.,"A large crowd of people walks and gathers in a busy outdoor public space, possibly a street, plaza, or festival area. The scene contains many individuals of different ages wearing colorful clothing, and one person appears to carry or hold a teddy bear among the.","backpack, cell phone, handbag, person, teddy bear",/Users/yixiaoz/Desktop/cs348k_proj/outputs/baseline_semantic_sparse/cfg_5p0/000000012670/target.png,/Users/yixiaoz/Desktop/cs348k_proj/outputs/baseline_semantic_sparse/cfg_5p0/000000012670/generated.png,sparse_text_only,1,5.0,20,0.7503,0.6418,21.6116
9400,Sever people are sitting next to each other while using laptops.,"Several people sit close together around a table while using laptop computers in a dimly lit indoor environment. Multiple screens glow in front of them, and drinks, cables, and computer accessories are spread across the table. The group appears to be collaborating, studying, or working.","cup, keyboard, laptop, mouse, person",/Users/yixiaoz/Desktop/cs348k_proj/outputs/baseline_semantic_sparse/cfg_5p0/000000009400/target.png,/Users/yixiaoz/Desktop/cs348k_proj/outputs/baseline_semantic_sparse/cfg_5p0/000000009400/generated.png,sparse_text_only,1,5.0,20,0.7915,0.7286,20.9395
92053,Three white dishes with three different sorts of food on them.,"Three white plates with different dishes are arranged on a restaurant table under warm, dim lighting. The food includes various items with sauces, sides, and garnishes, and a drink sits nearby. Utensils are placed on or beside the plates, suggesting the meal is in progress.","bowl, cup, dining table, donut, fork, knife, person, sandwich",/Users/yixiaoz/Desktop/cs348k_proj/outputs/baseline_semantic_sparse/cfg_5p0/000000092053/target.png,/Users/yixiaoz/Desktop/cs348k_proj/outputs/baseline_semantic_sparse/cfg_5p0/000000092053/generated.png,sparse_text_only,1,5.0,20,0.8007,0.6181,25.3373
74256,Two women standing in a train station looking at their phones.,"Two women stand together at an outdoor train station platform while looking down at their mobile phones. One woman wears a green scarf and dark clothing, while the other wears a patterned jacket. Train station signs, tracks, buildings, and platform structures appear in the background.","backpack, bus, cell phone, handbag, person, train",/Users/yixiaoz/Desktop/cs348k_proj/outputs/baseline_semantic_sparse/cfg_5p0/000000074256/target.png,/Users/yixiaoz/Desktop/cs348k_proj/outputs/baseline_semantic_sparse/cfg_5p0/000000074256/generated.png,sparse_text_only,1,5.0,20,0.7941,0.7554,21.9851
7818,An illuminated floral display forms the centerpiece of the arrangement in this close up of a dining room table setting.,"A small illuminated floral display sits at the center of a dining table arranged with plates, napkins, glasses, and formal place settings. The image is softly focused with the centerpiece and table surface highlighted against a darker background. The scene appears elegant and quiet, possibly.","chair, dining table, fork, knife, vase, wine glass",/Users/yixiaoz/Desktop/cs348k_proj/outputs/baseline_semantic_sparse/cfg_5p0/000000007818/target.png,/Users/yixiaoz/Desktop/cs348k_proj/outputs/baseline_semantic_sparse/cfg_5p0/000000007818/generated.png,sparse_text_only,1,5.0,20,0.7843,0.5882,27.7127
109313,A man holding a Wii game controller while standing in a living room.,"A man stands in a living room holding a Wii game controller while facing a television outside the frame. He wears casual clothes and stands among household items, toys, furniture, and a colorful floor mat. The room appears lived-in and informal, with a kitchen or.","book, couch, cup, person, remote",/Users/yixiaoz/Desktop/cs348k_proj/outputs/baseline_semantic_sparse/cfg_5p0/000000109313/target.png,/Users/yixiaoz/Desktop/cs348k_proj/outputs/baseline_semantic_sparse/cfg_5p0/000000109313/generated.png,sparse_text_only,1,5.0,20,0.7421,0.688,20.9174
116439,A woman with a straw style hat sitting on a small row boat in the water and accessory items hanging behind her on the land area.,"A woman wearing a straw-style hat sits in a small wooden boat floating on water, surrounded by colorful fabrics and hanging accessories near the shoreline. The scene appears to take place in a riverside or floating market environment, with reflections on the water and goods.","boat, chair, handbag, person",/Users/yixiaoz/Desktop/cs348k_proj/outputs/baseline_semantic_sparse/cfg_5p0/000000116439/target.png,/Users/yixiaoz/Desktop/cs348k_proj/outputs/baseline_semantic_sparse/cfg_5p0/000000116439/generated.png,sparse_text_only,1,5.0,20,0.6857,0.6609,23.5813
11511,A sculpture of two women stting on a bench with their purses on the ground while people standing in a line behind them.,"A bronze sculpture of two women seated together on a bench is displayed in an outdoor public area. The figures sit close together with handbags or purses placed near their feet, and pedestrians stand or walk in the background. Strong light highlights the sculpture against.","bench, handbag, motorcycle, person",/Users/yixiaoz/Desktop/cs348k_proj/outputs/baseline_semantic_sparse/cfg_5p0/000000011511/target.png,/Users/yixiaoz/Desktop/cs348k_proj/outputs/baseline_semantic_sparse/cfg_5p0/000000011511/generated.png,sparse_text_only,1,5.0,20,0.676,0.6449,21.3094
17714,A banana frittata next to a plate of decoratively cut fruit and a cup of coffee.,"A breakfast or brunch meal is arranged on a wooden table, including a banana frittata, a plate of decorative cut fruit, and a cup of coffee. Sunlight falls across the tabletop, casting shadows and giving the meal a bright morning feel. The dishes are neatly.","banana, cup, dining table, fork, knife, pizza, spoon",/Users/yixiaoz/Desktop/cs348k_proj/outputs/baseline_semantic_sparse/cfg_5p0/000000017714/target.png,/Users/yixiaoz/Desktop/cs348k_proj/outputs/baseline_semantic_sparse/cfg_5p0/000000017714/generated.png,sparse_text_only,1,5.0,20,0.7177,0.5614,26.2617
15335,"a young child, lady , and man sitting in a booth at a table","A young child sits in a restaurant booth between adults at a table, with plates, drinks, and food items visible in the dim interior. The child appears to be eating or touching their mouth, while the adults sit close on either side. Warm lighting and.","bowl, cell phone, couch, cup, person",/Users/yixiaoz/Desktop/cs348k_proj/outputs/baseline_semantic_sparse/cfg_5p0/000000015335/target.png,/Users/yixiaoz/Desktop/cs348k_proj/outputs/baseline_semantic_sparse/cfg_5p0/000000015335/generated.png,sparse_text_only,1,5.0,20,0.7639,0.7647,16.7851
113589,"Two containers containing quiche, a salad, apples and a banana on the side.","A healthy prepared meal is arranged in two clear food containers and a small side area, including a slice of quiche, green salad, apple slices, and a banana. The food is neatly separated and photographed from above against a plain background. The composition emphasizes balanced.","apple, banana, bowl, pizza, sandwich",/Users/yixiaoz/Desktop/cs348k_proj/outputs/baseline_semantic_sparse/cfg_5p0/000000113589/target.png,/Users/yixiaoz/Desktop/cs348k_proj/outputs/baseline_semantic_sparse/cfg_5p0/000000113589/generated.png,sparse_text_only,1,5.0,20,0.8846,0.5561,30.1664
1503,A picture of an iMac desktop next to a Mac laptop on a desk.,"An older Apple iMac desktop computer sits on a desk beside a Mac laptop and several computer accessories. A keyboard, mouse, speakers, and monitor are arranged across the workspace, creating a technology-focused setup. The desk is positioned near a window with blinds, and the white.","keyboard, laptop, mouse, tv",/Users/yixiaoz/Desktop/cs348k_proj/outputs/baseline_semantic_sparse/cfg_5p0/000000001503/target.png,/Users/yixiaoz/Desktop/cs348k_proj/outputs/baseline_semantic_sparse/cfg_5p0/000000001503/generated.png,sparse_text_only,1,5.0,20,0.8016,0.5604,30.0008
88848,"Multiple pictures of fire hydrants, a woman standing near a tree, and people posing in front of a boat.","A collage of multiple photographs shows several yellow fire hydrants, a woman standing near a tree, and people posing in front of a boat or outdoor landmark. The images are arranged together in a grid-like layout, combining different scenes into one visual composition. The subject.","backpack, boat, fire hydrant, handbag, person",/Users/yixiaoz/Desktop/cs348k_proj/outputs/baseline_semantic_sparse/cfg_5p0/000000088848/target.png,/Users/yixiaoz/Desktop/cs348k_proj/outputs/baseline_semantic_sparse/cfg_5p0/000000088848/generated.png,sparse_text_only,1,5.0,20,0.7831,0.6762,29.3505
6471,A man at bat waiting for a pitch with a catcher and umpire behind him and players from the opposing team in the dugout.,"A baseball player in a white uniform stands at home plate holding a bat while waiting for a pitch. A catcher and umpire crouch behind him, and members of the opposing team sit in the dugout watching the play. The green field and stadium seating.","baseball bat, baseball glove, bench, bottle, person",/Users/yixiaoz/Desktop/cs348k_proj/outputs/baseline_semantic_sparse/cfg_5p0/000000006471/target.png,/Users/yixiaoz/Desktop/cs348k_proj/outputs/baseline_semantic_sparse/cfg_5p0/000000006471/generated.png,sparse_text_only,1,5.0,20,0.746,0.7981,20.0019
92660,An unbaked pizza with cheese and herbs on one half and broccoli on the second.,"An uncooked pizza topped with cheese, herbs, and broccoli sits on a round baking tray or pan. One half of the pizza appears more heavily covered with broccoli, while the other has more cheese and herbs exposed. The crust and toppings are clearly visible from.","bottle, broccoli, cup, pizza",/Users/yixiaoz/Desktop/cs348k_proj/outputs/baseline_semantic_sparse/cfg_5p0/000000092660/target.png,/Users/yixiaoz/Desktop/cs348k_proj/outputs/baseline_semantic_sparse/cfg_5p0/000000092660/generated.png,sparse_text_only,1,5.0,20,0.7569,0.3598,27.8893
105335,"A bowl of stew in a white bowl, being held by a person.","A bowl of stew in a white dish is being held by a person, with pieces of vegetables and meat visible in a warm broth. The stew contains colorful ingredients such as carrots, potatoes, and chunks of protein. The close-up framing focuses on the food.","bowl, broccoli, carrot, person",/Users/yixiaoz/Desktop/cs348k_proj/outputs/baseline_semantic_sparse/cfg_5p0/000000105335/target.png,/Users/yixiaoz/Desktop/cs348k_proj/outputs/baseline_semantic_sparse/cfg_5p0/000000105335/generated.png,sparse_text_only,1,5.0,20,0.8175,0.6525,22.4785
117719,A man sits at a bar in front of dozens of bottles of alcohol.,"A man stands behind a warmly lit bar surrounded by dozens of bottles of alcohol arranged on shelves. The bar interior features dark wood, glowing lights, glassware, and a cozy pub-like atmosphere. The bartender or customer is partly silhouetted against the illuminated bottles, creating a.","bottle, cup, person, wine glass",/Users/yixiaoz/Desktop/cs348k_proj/outputs/baseline_semantic_sparse/cfg_5p0/000000117719/target.png,/Users/yixiaoz/Desktop/cs348k_proj/outputs/baseline_semantic_sparse/cfg_5p0/000000117719/generated.png,sparse_text_only,1,5.0,20,0.7392,0.7389,17.5503
82085,A brightly colored train is stopped on the tracks to let passengers on.,"A brightly colored passenger train is stopped on railway tracks beside a platform, allowing passengers to board or exit. The train has yellow, blue, and red sections, and people stand nearby along the track area. Buildings, vegetation, and station infrastructure surround the scene. The image.","person, train",/Users/yixiaoz/Desktop/cs348k_proj/outputs/baseline_semantic_sparse/cfg_5p0/000000082085/target.png,/Users/yixiaoz/Desktop/cs348k_proj/outputs/baseline_semantic_sparse/cfg_5p0/000000082085/generated.png,sparse_text_only,1,5.0,20,0.7022,0.4327,28.2362
70048,"A glass of wine sits next to a bowl of soup, salad, and a plate with a sandwich.","A restaurant meal is arranged on a table, including a glass of wine, a bowl of soup, a green salad, and a sandwich served on a round bread roll. Condiments, utensils, napkins, and additional dining items sit nearby. The overhead view emphasizes the variety and.","bowl, cup, dining table, sandwich, wine glass",/Users/yixiaoz/Desktop/cs348k_proj/outputs/baseline_semantic_sparse/cfg_5p0/000000070048/target.png,/Users/yixiaoz/Desktop/cs348k_proj/outputs/baseline_semantic_sparse/cfg_5p0/000000070048/generated.png,sparse_text_only,1,5.0,20,0.7189,0.4807,28.3467
3845,A dinner plate that has white steamed rice with stir fry vegetables and chicken.,A large dinner plate holds a mound of white steamed rice next to stir-fried vegetables and pieces of chicken in a colorful sauce. The food is arranged on a patterned plate and viewed from above on a wooden table. The bright vegetables and sauce contrast.,"broccoli, carrot, cup, dining table, fork, spoon",/Users/yixiaoz/Desktop/cs348k_proj/outputs/baseline_semantic_sparse/cfg_5p0/000000003845/target.png,/Users/yixiaoz/Desktop/cs348k_proj/outputs/baseline_semantic_sparse/cfg_5p0/000000003845/generated.png,sparse_text_only,1,5.0,20,0.8078,0.6851,20.4454
92939,a man and female standing side by side with a cake cutter in their hand,"A smiling man and woman stand side by side beside a small decorated cake, holding a cake knife together. The woman wears a light-colored strapless dress and the man wears a white shirt, suggesting a wedding, anniversary, or celebratory event. Palm trees and outdoor lighting.","cake, chair, cup, knife, person, wine glass",/Users/yixiaoz/Desktop/cs348k_proj/outputs/baseline_semantic_sparse/cfg_5p0/000000092939/target.png,/Users/yixiaoz/Desktop/cs348k_proj/outputs/baseline_semantic_sparse/cfg_5p0/000000092939/generated.png,sparse_text_only,1,5.0,20,0.8347,0.7947,20.3241
1268,A waterway under a bridge with people sitting down and a woman taking a photo.,"People sit and relax under a large bridge beside a waterfront, with sunlight reflecting brightly off the water. A woman stands in the foreground taking a photograph, while several people sit along the edge facing the river. The bridge structure forms a strong curved frame.","backpack, bird, boat, cell phone, handbag, person",/Users/yixiaoz/Desktop/cs348k_proj/outputs/baseline_semantic_sparse/cfg_5p0/000000001268/target.png,/Users/yixiaoz/Desktop/cs348k_proj/outputs/baseline_semantic_sparse/cfg_5p0/000000001268/generated.png,sparse_text_only,1,5.0,20,0.6917,0.6806,23.2547
33221,Two women at a beach with tennis rackets in their hands and one girl looking very excited with her tennis racket in the air.,"Two women stand on a sandy beach holding tennis rackets while people walk nearby in the background. One woman raises her racket enthusiastically above her head, while the other stands beside her wearing a hood or scarf. The beach, distant hills, flags, and open sky.","car, handbag, person, tennis racket, truck",/Users/yixiaoz/Desktop/cs348k_proj/outputs/baseline_semantic_sparse/cfg_5p0/000000033221/target.png,/Users/yixiaoz/Desktop/cs348k_proj/outputs/baseline_semantic_sparse/cfg_5p0/000000033221/generated.png,sparse_text_only,1,5.0,20,0.6985,0.6358,17.0746
68409,School boys sit cross legged in front of a chalkboard sign in a vintage black and white photo.,A vintage black-and-white photograph shows a group of schoolboys sitting cross-legged in a row in front of a chalkboard sign. The boys wear similar school uniforms and pose formally for the camera outdoors. Trees and a simple background are visible behind them. The image has.,"person, tie",/Users/yixiaoz/Desktop/cs348k_proj/outputs/baseline_semantic_sparse/cfg_5p0/000000068409/target.png,/Users/yixiaoz/Desktop/cs348k_proj/outputs/baseline_semantic_sparse/cfg_5p0/000000068409/generated.png,sparse_text_only,1,5.0,20,0.7484,0.8043,11.4032
78170,"PASSENGER TRAIN IN THE NIGHT HOURS WITH NO SMOKING SIGN, AND TWO WOMEN","A black-and-white nighttime image shows passengers visible through the windows of a train car. A no-smoking sign and interior lights can be seen inside, while reflections and shadows create a dramatic atmosphere. Two women or passengers are visible near separate windows, framed by the train.","bottle, cell phone, chair, handbag, person, train",/Users/yixiaoz/Desktop/cs348k_proj/outputs/baseline_semantic_sparse/cfg_5p0/000000078170/target.png,/Users/yixiaoz/Desktop/cs348k_proj/outputs/baseline_semantic_sparse/cfg_5p0/000000078170/generated.png,sparse_text_only,1,5.0,20,0.6727,0.6675,17.9394
62554,a plate of broccoli on a table next to some other plates of food,"A plate or bowl of broccoli sits on a table next to other plates of food, including pasta or noodles and additional dishes in the background. The broccoli is bright green and placed prominently in the foreground, while the other foods are slightly out of.","bowl, broccoli, dining table, fork",/Users/yixiaoz/Desktop/cs348k_proj/outputs/baseline_semantic_sparse/cfg_5p0/000000062554/target.png,/Users/yixiaoz/Desktop/cs348k_proj/outputs/baseline_semantic_sparse/cfg_5p0/000000062554/generated.png,sparse_text_only,1,5.0,20,0.7373,0.3472,32.7853
58539,"A man in a red hat, suit, and blue striped tie walks past two other men on a street.","A man wearing a bright red hat, dark suit, and blue striped tie walks along a city street while other men and pedestrians stand nearby. Cars, buildings, and urban activity fill the background. The red hat makes the man stand out clearly from the crowd.","car, person, tie",/Users/yixiaoz/Desktop/cs348k_proj/outputs/baseline_semantic_sparse/cfg_5p0/000000058539/target.png,/Users/yixiaoz/Desktop/cs348k_proj/outputs/baseline_semantic_sparse/cfg_5p0/000000058539/generated.png,sparse_text_only,1,5.0,20,0.7408,0.8005,15.721
46031,A small tablet computer next to a larger monitor and keyboard.,"A laptop computer sits on a small desk beside a larger external monitor, keyboard, mouse, speakers, and other electronic devices. The laptop and monitor display green leaf or plant imagery, creating a matching visual theme across the screens. The desk is placed near a window.","cell phone, keyboard, laptop, mouse, tv",/Users/yixiaoz/Desktop/cs348k_proj/outputs/baseline_semantic_sparse/cfg_5p0/000000046031/target.png,/Users/yixiaoz/Desktop/cs348k_proj/outputs/baseline_semantic_sparse/cfg_5p0/000000046031/generated.png,sparse_text_only,1,5.0,20,0.7812,0.4451,30.6603
9891,The man is loading luggage suitcases onto the cart in the parking lot.,"A man loads luggage and suitcases onto a metal cart in a parking lot filled with vehicles. He bends over while handling the bags beside a parked car, suggesting travel, airport transport, or hotel arrival. Other cars and a parking garage or covered structure are.","backpack, car, person, suitcase, tie",/Users/yixiaoz/Desktop/cs348k_proj/outputs/baseline_semantic_sparse/cfg_5p0/000000009891/target.png,/Users/yixiaoz/Desktop/cs348k_proj/outputs/baseline_semantic_sparse/cfg_5p0/000000009891/generated.png,sparse_text_only,1,5.0,20,0.6782,0.6377,28.7951
37777,The dining table near the kitchen has a bowl of fruit on it.,"A bright open kitchen and dining area features wooden cabinets, white appliances, tiled flooring, and a small table with a bowl of fruit on top. Sunlight enters through windows and illuminates the clean interior. The kitchen includes counters, a refrigerator, stove, and cabinets arranged along.","banana, chair, dining table, orange, oven, potted plant, refrigerator, sink",/Users/yixiaoz/Desktop/cs348k_proj/outputs/baseline_semantic_sparse/cfg_5p0/000000037777/target.png,/Users/yixiaoz/Desktop/cs348k_proj/outputs/baseline_semantic_sparse/cfg_5p0/000000037777/generated.png,sparse_text_only,1,5.0,20,0.7204,0.6103,28.6853
65350,"Two young people are skateboarding on the ramp, trying to pull off tricks.","Two young people are skateboarding on a skate park ramp while attempting tricks. One skater lies or slides on the ramp with a skateboard nearby, while another stands or moves close by. Other people and bicycles are visible in the background near concrete walls. The.","backpack, bicycle, car, person, skateboard",/Users/yixiaoz/Desktop/cs348k_proj/outputs/baseline_semantic_sparse/cfg_5p0/000000065350/target.png,/Users/yixiaoz/Desktop/cs348k_proj/outputs/baseline_semantic_sparse/cfg_5p0/000000065350/generated.png,sparse_text_only,1,5.0,20,0.6819,0.7005,18.1342
48396,A woman in a tan sweater holding a knife by a young boy in a plaid shirt.,"A woman wearing a tan or light-colored sweater stands beside a young boy in a plaid shirt near a table with cups and food items. The woman holds a knife, possibly preparing to cut or serve something. Both subjects face the camera in an indoor.","cake, chair, cup, dining table, knife, person",/Users/yixiaoz/Desktop/cs348k_proj/outputs/baseline_semantic_sparse/cfg_5p0/000000048396/target.png,/Users/yixiaoz/Desktop/cs348k_proj/outputs/baseline_semantic_sparse/cfg_5p0/000000048396/generated.png,sparse_text_only,1,5.0,20,0.726,0.695,19.5005
117908,A man looking in the refrigerator with a cat also looking inside,"A man bends over and looks inside an open refrigerator while a cat stands nearby also peering into the fridge. Food, bottles, and containers are visible on the refrigerator shelves, and the cat appears curious about the contents. The warm indoor lighting and humorous interaction.","bottle, cat, person, refrigerator",/Users/yixiaoz/Desktop/cs348k_proj/outputs/baseline_semantic_sparse/cfg_5p0/000000117908/target.png,/Users/yixiaoz/Desktop/cs348k_proj/outputs/baseline_semantic_sparse/cfg_5p0/000000117908/generated.png,sparse_text_only,1,5.0,20,0.8052,0.7146,32.8965
97994,Three laptop computers and a desktop computer sit next to each other.,"Three laptop computers and a desktop workstation are arranged together on a desk in a compact home office or technical workspace. Several screens, keyboards, cables, and electronic accessories fill the tabletop, suggesting multitasking or computer-intensive work. A microphone or lamp stands near the setup, and.","book, bottle, clock, cup, keyboard, laptop, mouse, tv",/Users/yixiaoz/Desktop/cs348k_proj/outputs/baseline_semantic_sparse/cfg_5p0/000000097994/target.png,/Users/yixiaoz/Desktop/cs348k_proj/outputs/baseline_semantic_sparse/cfg_5p0/000000097994/generated.png,sparse_text_only,1,5.0,20,0.6898,0.4988,25.9407
30785,A plate filled with a bowl of vegetables and two slices of bread with a spread on them.,"A plate holds a healthy meal consisting of a bowl of green vegetables, slices of bread topped with a spread, and additional fresh ingredients. The food is arranged neatly on a wooden table, with the bowl and bread sharing the plate. The overhead view emphasizes.","bowl, broccoli, dining table, sandwich",/Users/yixiaoz/Desktop/cs348k_proj/outputs/baseline_semantic_sparse/cfg_5p0/000000030785/target.png,/Users/yixiaoz/Desktop/cs348k_proj/outputs/baseline_semantic_sparse/cfg_5p0/000000030785/generated.png,sparse_text_only,1,5.0,20,0.7654,0.5224,30.7219
76547,a male in a white shirt a bicycle and an orange and white train,"A man wearing a light-colored shirt sits at a table on a railway station platform near a parked bicycle. An orange and white passenger train is stopped alongside the platform, while overhead signs, metal beams, and station infrastructure extend into the background. The scene captures.","backpack, bench, bicycle, chair, dining table, laptop, person, tie, traffic light, train",/Users/yixiaoz/Desktop/cs348k_proj/outputs/baseline_semantic_sparse/cfg_5p0/000000076547/target.png,/Users/yixiaoz/Desktop/cs348k_proj/outputs/baseline_semantic_sparse/cfg_5p0/000000076547/generated.png,sparse_text_only,1,5.0,20,0.6668,0.5855,22.2602
116362,A small bowl filled with chopped vegetables and spoon,"A bowl filled with chopped fruit pieces sits on a wooden table with a spoon resting inside. The food appears freshly prepared, with colorful slices arranged casually in the bowl. The photograph is taken from above, focusing closely on the meal while leaving the surrounding.","apple, bowl, carrot, dining table, spoon",/Users/yixiaoz/Desktop/cs348k_proj/outputs/baseline_semantic_sparse/cfg_5p0/000000116362/target.png,/Users/yixiaoz/Desktop/cs348k_proj/outputs/baseline_semantic_sparse/cfg_5p0/000000116362/generated.png,sparse_text_only,1,5.0,20,0.9069,0.6629,24.7072
22371,A man in thought sitting in front of a laptop with a pen in his hand.,"A businessman sits at a desk in front of an open laptop computer while holding a pen and resting his head on one hand. He appears thoughtful and focused, possibly reviewing information or planning a project. The clean office setting includes a desk surface and.","book, laptop, person, tie",/Users/yixiaoz/Desktop/cs348k_proj/outputs/baseline_semantic_sparse/cfg_5p0/000000022371/target.png,/Users/yixiaoz/Desktop/cs348k_proj/outputs/baseline_semantic_sparse/cfg_5p0/000000022371/generated.png,sparse_text_only,1,5.0,20,0.7565,0.7697,25.144
69224,A man and woman eating doughnuts out of a box at a coffee shop.,"A man and woman sit together at a table inside a café or coffee shop while sharing food from a box. Drinks, containers, and personal belongings are spread across the table. The pair appear engaged in conversation as they eat, creating a friendly and relaxed.","bottle, chair, dining table, donut, person",/Users/yixiaoz/Desktop/cs348k_proj/outputs/baseline_semantic_sparse/cfg_5p0/000000069224/target.png,/Users/yixiaoz/Desktop/cs348k_proj/outputs/baseline_semantic_sparse/cfg_5p0/000000069224/generated.png,sparse_text_only,1,5.0,20,0.7854,0.8494,24.201
16249,It sure is a beautiful day to sit outside and read the paper.,"An older man sits outdoors on a bench reading a newspaper while enjoying a pleasant day in a public area. Several other people sit or stand nearby, creating a relaxed community setting. Sunlight illuminates the scene, and the man appears absorbed in reading while the.","backpack, bench, chair, person",/Users/yixiaoz/Desktop/cs348k_proj/outputs/baseline_semantic_sparse/cfg_5p0/000000016249/target.png,/Users/yixiaoz/Desktop/cs348k_proj/outputs/baseline_semantic_sparse/cfg_5p0/000000016249/generated.png,sparse_text_only,1,5.0,20,0.7088,0.6853,28.0156
85157,A group of people sitting around a table have a meal and a drink.,"A group of people sit around a restaurant table sharing food and drinks. Plates, glasses, and table settings fill the dining area while the diners converse with one another. The gathering appears social and informal, with participants enjoying a meal together in a warm indoor.","bowl, chair, cup, dining table, fork, person, pizza",/Users/yixiaoz/Desktop/cs348k_proj/outputs/baseline_semantic_sparse/cfg_5p0/000000085157/target.png,/Users/yixiaoz/Desktop/cs348k_proj/outputs/baseline_semantic_sparse/cfg_5p0/000000085157/generated.png,sparse_text_only,1,5.0,20,0.7714,0.8165,29.1086
20571,A tugboat sits beside a ferry on placid water with a mountain in the distance.,"Several fishing boats are docked beside a harbor on calm water, with hills or mountains visible in the distance. Ropes, masts, and harbor equipment line the waterfront while the boats rest quietly along the dock. The scene reflects a working maritime environment and highlights the.","boat, handbag, person",/Users/yixiaoz/Desktop/cs348k_proj/outputs/baseline_semantic_sparse/cfg_5p0/000000020571/target.png,/Users/yixiaoz/Desktop/cs348k_proj/outputs/baseline_semantic_sparse/cfg_5p0/000000020571/generated.png,sparse_text_only,1,5.0,20,0.6962,0.6403,18.0374
84362,A toddler and cat are in a living room with open curtains.,"A toddler and a cat occupy a cozy living room illuminated by daylight coming through large windows with open curtains. Sofas and chairs surround the room, while the child sits or plays near the center of the space. The cat relaxes nearby, contributing to the.","cat, chair, couch, person, remote, truck, tv",/Users/yixiaoz/Desktop/cs348k_proj/outputs/baseline_semantic_sparse/cfg_5p0/000000084362/target.png,/Users/yixiaoz/Desktop/cs348k_proj/outputs/baseline_semantic_sparse/cfg_5p0/000000084362/generated.png,sparse_text_only,1,5.0,20,0.6983,0.7346,29.8294
62808,Man photographing a fresh pizza his tired buddy just wants to eat,"A freshly baked pizza sits on a table in a restaurant while one man photographs it with a camera or phone. Another man sits nearby waiting to eat, looking toward the meal. Plates and dining items surround the pizza, suggesting the meal is about to.","bottle, cell phone, chair, dining table, knife, person, pizza",/Users/yixiaoz/Desktop/cs348k_proj/outputs/baseline_semantic_sparse/cfg_5p0/000000062808/target.png,/Users/yixiaoz/Desktop/cs348k_proj/outputs/baseline_semantic_sparse/cfg_5p0/000000062808/generated.png,sparse_text_only,1,5.0,20,0.743,0.5137,32.5541
106235,A living room featuring a comfortable seating arrangement of chairs and tables.,"A comfortable living room features sofas, armchairs, lamps, and a coffee table arranged around a central seating area. Warm lighting and decorative furnishings create a welcoming atmosphere. The room appears carefully organized for relaxation and conversation, with furniture positioned to encourage social interaction. Soft colors.","chair, couch, dining table, potted plant, remote",/Users/yixiaoz/Desktop/cs348k_proj/outputs/baseline_semantic_sparse/cfg_5p0/000000106235/target.png,/Users/yixiaoz/Desktop/cs348k_proj/outputs/baseline_semantic_sparse/cfg_5p0/000000106235/generated.png,sparse_text_only,1,5.0,20,0.7863,0.4936,29.2604
117425,A young boy with a spoon looking at a birthday cupcake.,"A young child sits at a wooden table while looking closely at a small birthday cupcake decorated with a candle. The toddler appears curious and fascinated by the treat positioned directly in front of them. An adult stands nearby, partially visible, supervising the moment. Warm.","cake, cup, dining table, person, spoon",/Users/yixiaoz/Desktop/cs348k_proj/outputs/baseline_semantic_sparse/cfg_5p0/000000117425/target.png,/Users/yixiaoz/Desktop/cs348k_proj/outputs/baseline_semantic_sparse/cfg_5p0/000000117425/generated.png,sparse_text_only,1,5.0,20,0.8628,0.6944,23.6364
100624,A girl is standing by a storefront while talking on her phone.,"A young woman stands on a city sidewalk at night while talking on her mobile phone. Storefront windows, streetlights, and blurred city lights illuminate the background, creating an urban evening atmosphere. She appears focused on her conversation while standing near a shop entrance. The image.","backpack, car, cell phone, person",/Users/yixiaoz/Desktop/cs348k_proj/outputs/baseline_semantic_sparse/cfg_5p0/000000100624/target.png,/Users/yixiaoz/Desktop/cs348k_proj/outputs/baseline_semantic_sparse/cfg_5p0/000000100624/generated.png,sparse_text_only,1,5.0,20,0.8056,0.7484,15.3142
24243,"Two ladies seated with cups of drinks, one smoking while the other seated inside a fridge",Two women sit near a storefront or street-side seating area while holding drinks. One woman smokes a cigarette while the other sits inside a display-like enclosure resembling a refrigerator or booth. The unusual arrangement creates an eye-catching urban scene. Pedestrians and city elements appear in.,"cup, person, refrigerator",/Users/yixiaoz/Desktop/cs348k_proj/outputs/baseline_semantic_sparse/cfg_5p0/000000024243/target.png,/Users/yixiaoz/Desktop/cs348k_proj/outputs/baseline_semantic_sparse/cfg_5p0/000000024243/generated.png,sparse_text_only,1,5.0,20,0.7074,0.7758,13.2899
31296,"A group of people, some in leftover US army clothing, sit at tables in a large dining room.","A large group of people gather around tables inside a spacious dining room decorated with military memorabilia and clothing. The diners appear engaged in conversation while sharing food and drinks. Wooden floors, warm lighting, and the arrangement of tables create a communal atmosphere. The image.","bottle, cell phone, chair, clock, cup, dining table, person, tie",/Users/yixiaoz/Desktop/cs348k_proj/outputs/baseline_semantic_sparse/cfg_5p0/000000031296/target.png,/Users/yixiaoz/Desktop/cs348k_proj/outputs/baseline_semantic_sparse/cfg_5p0/000000031296/generated.png,sparse_text_only,1,5.0,20,0.7606,0.6636,25.4315
40083,a vintage photo of some people sitting under an umbrella,"This black-and-white photograph shows several people seated beneath a large umbrella beside a street or outdoor market area. Tables, chairs, and nearby structures suggest a casual public gathering place. The monochrome presentation gives the image a vintage appearance, emphasizing everyday social activity and street life.","bicycle, bottle, car, chair, person, umbrella",/Users/yixiaoz/Desktop/cs348k_proj/outputs/baseline_semantic_sparse/cfg_5p0/000000040083/target.png,/Users/yixiaoz/Desktop/cs348k_proj/outputs/baseline_semantic_sparse/cfg_5p0/000000040083/generated.png,sparse_text_only,1,5.0,20,0.7034,0.7018,17.7203
36936,A man and woman sitting on a couch playing a video game.,"A man and woman sit together on a couch in a living room while playing a video game. A television displays the game in front of them, and snacks or drinks are visible on nearby tables. The indoor setting feels comfortable and informal, with warm.","book, bowl, cell phone, couch, cup, person, potted plant, remote, tv",/Users/yixiaoz/Desktop/cs348k_proj/outputs/baseline_semantic_sparse/cfg_5p0/000000036936/target.png,/Users/yixiaoz/Desktop/cs348k_proj/outputs/baseline_semantic_sparse/cfg_5p0/000000036936/generated.png,sparse_text_only,1,5.0,20,0.8542,0.8126,17.9671
18150,A man with a receding hairline offers a slice of pizza to a toddler.,"A man with a receding hairline offers a slice of pizza to a young child seated nearby. The pair appear engaged in a friendly interaction, with the child focusing on the food being presented. The indoor setting suggests a casual family meal or gathering. The.","backpack, bottle, couch, person, pizza",/Users/yixiaoz/Desktop/cs348k_proj/outputs/baseline_semantic_sparse/cfg_5p0/000000018150/target.png,/Users/yixiaoz/Desktop/cs348k_proj/outputs/baseline_semantic_sparse/cfg_5p0/000000018150/generated.png,sparse_text_only,1,5.0,20,0.7662,0.754,20.3515
115870,Some people hanging around in a living room with a big couch.,Several people relax in a spacious living room centered around a large couch and coffee table. Some sit while others stand and converse near large windows that bring natural light into the room. Household decorations and comfortable furniture create a welcoming atmosphere. The scene captures.,"book, cell phone, couch, cup, person, potted plant",/Users/yixiaoz/Desktop/cs348k_proj/outputs/baseline_semantic_sparse/cfg_5p0/000000115870/target.png,/Users/yixiaoz/Desktop/cs348k_proj/outputs/baseline_semantic_sparse/cfg_5p0/000000115870/generated.png,sparse_text_only,1,5.0,20,0.7549,0.7894,20.6307
32901,Four men are standing together behind a group of red chairs.,"Four men stand together behind a row of red chairs in an indoor event or meeting room. They smile toward the camera and appear dressed in semi-formal attire, suggesting a gathering, celebration, or professional occasion. The composition resembles a group portrait, with the individuals positioned.","bottle, chair, cup, dining table, person, tie, wine glass",/Users/yixiaoz/Desktop/cs348k_proj/outputs/baseline_semantic_sparse/cfg_5p0/000000032901/target.png,/Users/yixiaoz/Desktop/cs348k_proj/outputs/baseline_semantic_sparse/cfg_5p0/000000032901/generated.png,sparse_text_only,1,5.0,20,0.7855,0.7553,20.8432
25560,A cat perches on top of an entertainment center in front of a TV.,"A cat perches on top of an entertainment center directly in front of a television screen. The television displays a person on screen, while the cat appears more interested in the elevated resting spot than the program itself. Household electronics and furniture surround the scene.","cat, cup, person, tv",/Users/yixiaoz/Desktop/cs348k_proj/outputs/baseline_semantic_sparse/cfg_5p0/000000025560/target.png,/Users/yixiaoz/Desktop/cs348k_proj/outputs/baseline_semantic_sparse/cfg_5p0/000000025560/generated.png,sparse_text_only,1,5.0,20,0.8254,0.7716,25.5316
115245,Several suitcases on wheels leaning up against one long table with chairs.,"Several suitcases of different sizes stand upright beside a long table and a row of chairs in what appears to be a waiting area or meeting room. The luggage is grouped together on a polished wooden floor, suggesting recent travel, arrival, or preparation for departure.","backpack, chair, handbag, person, suitcase",/Users/yixiaoz/Desktop/cs348k_proj/outputs/baseline_semantic_sparse/cfg_5p0/000000115245/target.png,/Users/yixiaoz/Desktop/cs348k_proj/outputs/baseline_semantic_sparse/cfg_5p0/000000115245/generated.png,sparse_text_only,1,5.0,20,0.722,0.6841,27.7462
5001,A group of people holding a large pair of scissors to a ribbon.,"A crowd of adults and children gather around a ceremonial ribbon-cutting event. Several people smile and pose while a large pair of scissors is used to cut a ribbon stretched across the foreground. Balloons, cameras, and excited expressions contribute to the celebratory atmosphere. The gathering.","bicycle, handbag, person, scissors",/Users/yixiaoz/Desktop/cs348k_proj/outputs/baseline_semantic_sparse/cfg_5p0/000000005001/target.png,/Users/yixiaoz/Desktop/cs348k_proj/outputs/baseline_semantic_sparse/cfg_5p0/000000005001/generated.png,sparse_text_only,1,5.0,20,0.7307,0.7568,18.378
3934,A young girl in the foreground and a woman in a bridal dress and other adults in the background.,"A young girl wearing a light-colored dress stands in the foreground of a living room while adults gather in the background. Motion blur gives the impression of movement and activity throughout the room. Furniture, decorations, and warm indoor lighting create a family-oriented atmosphere. The scene.","couch, cup, person, remote, wine glass",/Users/yixiaoz/Desktop/cs348k_proj/outputs/baseline_semantic_sparse/cfg_5p0/000000003934/target.png,/Users/yixiaoz/Desktop/cs348k_proj/outputs/baseline_semantic_sparse/cfg_5p0/000000003934/generated.png,sparse_text_only,1,5.0,20,0.7554,0.7044,21.8466
91500,Two kids hanging out playing video games on folding chairs.,"Two young men sit on folding chairs while playing a video game together indoors. Each player holds a game controller and focuses on an off-camera television or display. The room contains tables, chairs, and household furnishings that suggest a casual social gathering. Their relaxed posture.","bottle, bowl, chair, cup, dining table, person, pizza, remote, sink",/Users/yixiaoz/Desktop/cs348k_proj/outputs/baseline_semantic_sparse/cfg_5p0/000000091500/target.png,/Users/yixiaoz/Desktop/cs348k_proj/outputs/baseline_semantic_sparse/cfg_5p0/000000091500/generated.png,sparse_text_only,1,5.0,20,0.8005,0.8001,18.5524
82696,a white and black bird is walking by a table and some chairs,"A white and black bird walks across the floor of an indoor dining area filled with tables and chairs. The bird moves freely between the furniture, creating an unusual contrast between wildlife and a human-designed environment. Empty chairs and table arrangements suggest a cafeteria, restaurant.","bird, chair, cup, dining table, person",/Users/yixiaoz/Desktop/cs348k_proj/outputs/baseline_semantic_sparse/cfg_5p0/000000082696/target.png,/Users/yixiaoz/Desktop/cs348k_proj/outputs/baseline_semantic_sparse/cfg_5p0/000000082696/generated.png,sparse_text_only,1,5.0,20,0.7667,0.7848,27.3259
25986,"Food is on the counter including a glass of water, rice, vegetables, and more","Several plates of food are arranged on a kitchen counter, including vegetables, rice, and prepared dishes ready to be served. Bowls, utensils, and drinking glasses surround the meal preparation area. The countertop is busy with ingredients and completed dishes, suggesting an active cooking session or.","bowl, broccoli, cup, donut, spoon",/Users/yixiaoz/Desktop/cs348k_proj/outputs/baseline_semantic_sparse/cfg_5p0/000000025986/target.png,/Users/yixiaoz/Desktop/cs348k_proj/outputs/baseline_semantic_sparse/cfg_5p0/000000025986/generated.png,sparse_text_only,1,5.0,20,0.7516,0.5771,19.8339
17899,Woman working with large assortment of baked goods at kitchen table.,An older woman works at a kitchen table covered with baking supplies and a large assortment of cookies or pastries. Trays of baked goods are arranged across the tabletop while ingredients and utensils remain nearby. The woman appears focused on decorating or organizing the treats.,"bird, cake, chair, couch, cup, dining table, hot dog, person, spoon",/Users/yixiaoz/Desktop/cs348k_proj/outputs/baseline_semantic_sparse/cfg_5p0/000000017899/target.png,/Users/yixiaoz/Desktop/cs348k_proj/outputs/baseline_semantic_sparse/cfg_5p0/000000017899/generated.png,sparse_text_only,1,5.0,20,0.7773,0.6341,24.215
36494,"A crowd of people sitting in a room, with a clock tower in front.","A large crowd gathers inside a spacious hall featuring an enormous illuminated clock structure mounted on the wall. People sit and stand around tables while enjoying food, drinks, and conversation. The architecture, lighting, and oversized clock create a dramatic focal point within the room. The.","bottle, bowl, chair, clock, cup, dining table, person, refrigerator, vase",/Users/yixiaoz/Desktop/cs348k_proj/outputs/baseline_semantic_sparse/cfg_5p0/000000036494/target.png,/Users/yixiaoz/Desktop/cs348k_proj/outputs/baseline_semantic_sparse/cfg_5p0/000000036494/generated.png,sparse_text_only,1,5.0,20,0.6979,0.615,23.2491
24610,There is a laptop computer in a room with a couch and a bookcase.,"A quiet room contains a desk with a laptop computer, bookshelves filled with books, and a couch positioned along one wall. Warm lighting and simple furnishings create a calm, comfortable environment suitable for reading, studying, or working. The arrangement suggests a personal living space or.","backpack, book, bottle, chair, couch, laptop",/Users/yixiaoz/Desktop/cs348k_proj/outputs/baseline_semantic_sparse/cfg_5p0/000000024610/target.png,/Users/yixiaoz/Desktop/cs348k_proj/outputs/baseline_semantic_sparse/cfg_5p0/000000024610/generated.png,sparse_text_only,1,5.0,20,0.8596,0.649,27.0858
18380,a family sitting around a long table filled with a lot of food,"A large family gathers around a long dining table filled with food, drinks, and serving dishes. Adults and children smile toward the camera while seated closely together in a warm home environment. The table is crowded with meals prepared for sharing, creating a festive atmosphere.","bowl, carrot, chair, cup, dining table, fork, knife, person, spoon, vase, wine glass",/Users/yixiaoz/Desktop/cs348k_proj/outputs/baseline_semantic_sparse/cfg_5p0/000000018380/target.png,/Users/yixiaoz/Desktop/cs348k_proj/outputs/baseline_semantic_sparse/cfg_5p0/000000018380/generated.png,sparse_text_only,1,5.0,20,0.7587,0.8174,24.2989
102411,Two people sitting on a motorcycle in the street next to a beach.,"Two people sit on a motorcycle parked beside a waterfront area near a beach. The ocean, shoreline, and distant scenery provide a scenic backdrop while the riders pause along the road. Nearby pedestrians and open coastal views contribute to the relaxed atmosphere. The image combines.","car, handbag, motorcycle, person",/Users/yixiaoz/Desktop/cs348k_proj/outputs/baseline_semantic_sparse/cfg_5p0/000000102411/target.png,/Users/yixiaoz/Desktop/cs348k_proj/outputs/baseline_semantic_sparse/cfg_5p0/000000102411/generated.png,sparse_text_only,1,5.0,20,0.7059,0.549,23.3788
99053,"A bowl of noodles, meat, broccoli and carrots in a sauce with a fork.","A bowl of noodles mixed with meat, broccoli, carrots, and vegetables sits on a table with a fork resting inside. The colorful ingredients are coated in sauce and arranged casually within the bowl. The close-up perspective focuses attention on the meal while minimizing background distractions.","bowl, broccoli, dining table, fork",/Users/yixiaoz/Desktop/cs348k_proj/outputs/baseline_semantic_sparse/cfg_5p0/000000099053/target.png,/Users/yixiaoz/Desktop/cs348k_proj/outputs/baseline_semantic_sparse/cfg_5p0/000000099053/generated.png,sparse_text_only,1,5.0,20,0.8268,0.6681,25.3326
84650,THERE IS A CAT THAT IS SITTION ON TOP OF THE SUITCASE,A cat rests comfortably on top of a large suitcase surrounded by luggage and travel bags. The animal appears relaxed despite sitting among items associated with movement and transportation. The scene suggests preparation for a trip or recent arrival. The contrast between the cat’s calm.,"backpack, cat, handbag, suitcase",/Users/yixiaoz/Desktop/cs348k_proj/outputs/baseline_semantic_sparse/cfg_5p0/000000084650/target.png,/Users/yixiaoz/Desktop/cs348k_proj/outputs/baseline_semantic_sparse/cfg_5p0/000000084650/generated.png,sparse_text_only,1,5.0,20,0.7437,0.6478,30.2564
114049,"People inside a commuter train, with their luggage and bicycles.","Passengers stand inside a crowded train car surrounded by luggage, bicycles, and personal belongings. The narrow aisle is filled with travelers preparing for or continuing their journey. Bicycle wheels, suitcases, and overhead fixtures emphasize the transportation setting. The image captures the realities of public transit.","backpack, cell phone, chair, person, suitcase",/Users/yixiaoz/Desktop/cs348k_proj/outputs/baseline_semantic_sparse/cfg_5p0/000000114049/target.png,/Users/yixiaoz/Desktop/cs348k_proj/outputs/baseline_semantic_sparse/cfg_5p0/000000114049/generated.png,sparse_text_only,1,5.0,20,0.6989,0.5507,18.7935
100723,Crown marching in one direction in a lightly attended protest.,"A group of protesters march through a public street carrying signs and banners while moving together in the same direction. Participants of different ages fill the scene, creating a visible demonstration of collective action. The signs suggest support for a social or political cause, while.","backpack, handbag, person, stop sign",/Users/yixiaoz/Desktop/cs348k_proj/outputs/baseline_semantic_sparse/cfg_5p0/000000100723/target.png,/Users/yixiaoz/Desktop/cs348k_proj/outputs/baseline_semantic_sparse/cfg_5p0/000000100723/generated.png,sparse_text_only,1,5.0,20,0.7518,0.6532,23.358
40471,A painted white kitchen with a refrigerator and an automatic dish washer next to an oven stove.,"A clean white kitchen contains a refrigerator, oven, dishwasher, cabinets, and countertops arranged in a practical layout. Bright lighting reflects off the appliances and tiled surfaces, creating an organized and modern appearance. The room appears ready for cooking and daily household use. The image emphasizes.","apple, banana, bottle, bowl, cup, knife, microwave, oven, refrigerator, sink, spoon",/Users/yixiaoz/Desktop/cs348k_proj/outputs/baseline_semantic_sparse/cfg_5p0/000000040471/target.png,/Users/yixiaoz/Desktop/cs348k_proj/outputs/baseline_semantic_sparse/cfg_5p0/000000040471/generated.png,sparse_text_only,1,5.0,20,0.7622,0.8031,17.6836
100238,A family standing next to each other while holding frisbees.,"A family stands outdoors together while holding colorful frisbees. Adults and children pose side by side in a grassy area, appearing relaxed and cheerful. The open environment suggests a park, recreational field, or family gathering. Their casual clothing and outdoor setting contribute to a friendly.","bottle, frisbee, handbag, person",/Users/yixiaoz/Desktop/cs348k_proj/outputs/baseline_semantic_sparse/cfg_5p0/000000100238/target.png,/Users/yixiaoz/Desktop/cs348k_proj/outputs/baseline_semantic_sparse/cfg_5p0/000000100238/generated.png,sparse_text_only,1,5.0,20,0.7223,0.744,23.9682
39484,A street full of cars that are driving and parked and a group of people sitting outside eating.,"Cars move along a city street lined with buildings, storefronts, and restaurants. Some people sit outside dining establishments while traffic passes through the urban area. Signs, parked vehicles, and commercial activity contribute to a lively downtown atmosphere. The image captures the interaction between transportation, business.","airplane, car, chair, dining table, person, traffic light",/Users/yixiaoz/Desktop/cs348k_proj/outputs/baseline_semantic_sparse/cfg_5p0/000000039484/target.png,/Users/yixiaoz/Desktop/cs348k_proj/outputs/baseline_semantic_sparse/cfg_5p0/000000039484/generated.png,sparse_text_only,1,5.0,20,0.8351,0.7837,27.8455
13729,A group of people playing with a Wii in the living room.,"Several people stand in a living room while playing a Nintendo Wii video game. Participants face a television and appear engaged in the activity, moving their bodies as part of the gameplay. Household furniture, decorations, and open floor space provide room for interaction. The image.","bottle, couch, cup, dining table, person, remote",/Users/yixiaoz/Desktop/cs348k_proj/outputs/baseline_semantic_sparse/cfg_5p0/000000013729/target.png,/Users/yixiaoz/Desktop/cs348k_proj/outputs/baseline_semantic_sparse/cfg_5p0/000000013729/generated.png,sparse_text_only,1,5.0,20,0.6984,0.6851,25.2262
80340,a small child wearing a tie and holding a suitcase with other people in the background,"A small child wearing a dress shirt, tie, and formal clothing stands on a sidewalk holding a rolling suitcase. Adults and other people gather nearby in the background, suggesting a family event, celebration, or travel occasion. The child’s serious posture contrasts with the oversized luggage.","chair, cup, dining table, person, suitcase, tie, wine glass",/Users/yixiaoz/Desktop/cs348k_proj/outputs/baseline_semantic_sparse/cfg_5p0/000000080340/target.png,/Users/yixiaoz/Desktop/cs348k_proj/outputs/baseline_semantic_sparse/cfg_5p0/000000080340/generated.png,sparse_text_only,1,5.0,20,0.6845,0.7518,9.5471
38829,Two boys riding on a single bicycle on a city street,"Two people ride together through a busy city street on a single bicycle while surrounded by scooters, motorcycles, and other commuters. Urban storefronts, signs, and passing vehicles create a lively transportation scene. The riders appear relaxed as they navigate traffic alongside other travelers. The image.","backpack, bicycle, motorcycle, person",/Users/yixiaoz/Desktop/cs348k_proj/outputs/baseline_semantic_sparse/cfg_5p0/000000038829/target.png,/Users/yixiaoz/Desktop/cs348k_proj/outputs/baseline_semantic_sparse/cfg_5p0/000000038829/generated.png,sparse_text_only,1,5.0,20,0.7472,0.5859,23.8007
66841,"A whimsical artistic toaster has eyes, a mouth, a nose, spoon feet, spoon ears, and a mixing beater tail.","A whimsical toaster has been creatively decorated with eyes, a nose, spoon-shaped ears, and other objects to resemble a human face. The appliance stands upright in a kitchen or dining area, transforming an ordinary household item into a playful character. Surrounding utensils and decorative elements.","bottle, spoon, toaster",/Users/yixiaoz/Desktop/cs348k_proj/outputs/baseline_semantic_sparse/cfg_5p0/000000066841/target.png,/Users/yixiaoz/Desktop/cs348k_proj/outputs/baseline_semantic_sparse/cfg_5p0/000000066841/generated.png,sparse_text_only,1,5.0,20,0.7775,0.8404,25.1905
25386,A man and woman are sitting together while the man eats with chopsticks.,"A man and woman sit together at a restaurant table while sharing a meal. Plates of food, chopsticks, drinks, and condiments are arranged in front of them as they look toward the camera. The indoor dining environment appears casual and welcoming. Their expressions suggest a.","chair, hot dog, person, sandwich",/Users/yixiaoz/Desktop/cs348k_proj/outputs/baseline_semantic_sparse/cfg_5p0/000000025386/target.png,/Users/yixiaoz/Desktop/cs348k_proj/outputs/baseline_semantic_sparse/cfg_5p0/000000025386/generated.png,sparse_text_only,1,5.0,20,0.7791,0.767,22.3133
83531,A BBQ topped with lots of sausages sitting side by side.,"Several sausages cook on a barbecue grill above glowing heat while metal tongs rest nearby. The close-up perspective focuses on the food as it browns and develops grill marks. Smoke, cooking equipment, and the outdoor setting suggest a backyard gathering or cookout. The image emphasizes.","bottle, cup, hot dog, person",/Users/yixiaoz/Desktop/cs348k_proj/outputs/baseline_semantic_sparse/cfg_5p0/000000083531/target.png,/Users/yixiaoz/Desktop/cs348k_proj/outputs/baseline_semantic_sparse/cfg_5p0/000000083531/generated.png,sparse_text_only,1,5.0,20,0.7687,0.5758,24.7761
98392,"A photo of a busy intersection with a bus, several cars and a clock tower.","A busy city intersection contains multiple cars, a bus, and a prominent clock tower rising above nearby buildings. Traffic moves through the streets while pedestrians and commercial activity contribute to the urban atmosphere. Architectural details and transportation infrastructure create a recognizable downtown setting. The image.","bus, car, clock, person",/Users/yixiaoz/Desktop/cs348k_proj/outputs/baseline_semantic_sparse/cfg_5p0/000000098392/target.png,/Users/yixiaoz/Desktop/cs348k_proj/outputs/baseline_semantic_sparse/cfg_5p0/000000098392/generated.png,sparse_text_only,1,5.0,20,0.6764,0.8142,20.0346
12576,An elderly woman seated at a table holding three pizzas.,"An elderly woman sits at a dining table with several pizzas placed in front of her. Glasses, dishes, and table settings suggest a meal shared with others outside the frame. The warm indoor environment creates a comfortable and social atmosphere. The image highlights casual dining.","cup, dining table, fork, knife, person, pizza, tv",/Users/yixiaoz/Desktop/cs348k_proj/outputs/baseline_semantic_sparse/cfg_5p0/000000012576/target.png,/Users/yixiaoz/Desktop/cs348k_proj/outputs/baseline_semantic_sparse/cfg_5p0/000000012576/generated.png,sparse_text_only,1,5.0,20,0.7891,0.59,28.6924
22705,A woman in a short black dress is holding a champagne flute and standing in front of a refrigerator.,"A woman wearing a black dress stands confidently in a kitchen while holding a champagne flute. Stainless steel appliances, wooden cabinets, and household furnishings form the background. Her posture and expression suggest she may be attending a celebration, gathering, or special occasion. The image combines.","bottle, bowl, person, refrigerator, wine glass",/Users/yixiaoz/Desktop/cs348k_proj/outputs/baseline_semantic_sparse/cfg_5p0/000000022705/target.png,/Users/yixiaoz/Desktop/cs348k_proj/outputs/baseline_semantic_sparse/cfg_5p0/000000022705/generated.png,sparse_text_only,1,5.0,20,0.7189,0.7777,18.1017
26204,A group of cars waiting at an intersection for the light to change,"Cars wait at an urban intersection lined with buildings, trees, and traffic infrastructure. Vehicles occupy multiple lanes as they pause for a traffic signal before continuing through the city. Sidewalks, storefronts, and street signs contribute to the metropolitan atmosphere. The image emphasizes transportation systems, traffic.","bus, car, person, traffic light, truck",/Users/yixiaoz/Desktop/cs348k_proj/outputs/baseline_semantic_sparse/cfg_5p0/000000026204/target.png,/Users/yixiaoz/Desktop/cs348k_proj/outputs/baseline_semantic_sparse/cfg_5p0/000000026204/generated.png,sparse_text_only,1,5.0,20,0.7335,0.7513,23.5949
31248,"Living room with white chairs and couches, fireplace and books on bookshelves.","A bright living room features white chairs, comfortable couches, bookshelves, and a fireplace serving as the central focal point. Decorative lamps, framed artwork, and neatly arranged furniture create an elegant and inviting atmosphere. Natural light and balanced interior design contribute to the room’s spacious appearance.","book, bowl, chair, couch, potted plant",/Users/yixiaoz/Desktop/cs348k_proj/outputs/baseline_semantic_sparse/cfg_5p0/000000031248/target.png,/Users/yixiaoz/Desktop/cs348k_proj/outputs/baseline_semantic_sparse/cfg_5p0/000000031248/generated.png,sparse_text_only,1,5.0,20,0.7258,0.7355,22.0681
107339,A pretty young lady standing in front of a couch behind a wooden table.,"A woman stands in a modern room near a couch and low wooden tables while another person sits nearby. Bright walls, large windows, and contemporary furniture create a clean and open interior space. The standing woman appears to be speaking, presenting, or interacting with the.","book, couch, person, remote",/Users/yixiaoz/Desktop/cs348k_proj/outputs/baseline_semantic_sparse/cfg_5p0/000000107339/target.png,/Users/yixiaoz/Desktop/cs348k_proj/outputs/baseline_semantic_sparse/cfg_5p0/000000107339/generated.png,sparse_text_only,1,5.0,20,0.8231,0.7331,23.1134
87476,two people standing on the same skateboard and holding each other up.,"Two young people stand together at a public event while holding skateboards and interacting with one another. One person wears a helmet while colorful vehicles and event displays appear in the background. Their posture suggests friendship, instruction, or support during a skateboarding activity. The image.","person, skateboard, surfboard",/Users/yixiaoz/Desktop/cs348k_proj/outputs/baseline_semantic_sparse/cfg_5p0/000000087476/target.png,/Users/yixiaoz/Desktop/cs348k_proj/outputs/baseline_semantic_sparse/cfg_5p0/000000087476/generated.png,sparse_text_only,1,5.0,20,0.7928,0.7555,26.8051
78748,"A couple of motorcycles in front of sign, with people standing around.","Several motorcycles are parked in front of a display area featuring brand signage while people gather nearby. The polished bikes are arranged for viewing, suggesting a motorcycle show, dealership event, or public exhibition. Spectators walk around the display, examining the vehicles and socializing. The image.","backpack, motorcycle, person",/Users/yixiaoz/Desktop/cs348k_proj/outputs/baseline_semantic_sparse/cfg_5p0/000000078748/target.png,/Users/yixiaoz/Desktop/cs348k_proj/outputs/baseline_semantic_sparse/cfg_5p0/000000078748/generated.png,sparse_text_only,1,5.0,20,0.7762,0.5881,23.3652
29596,"A room with a couch, table set with dinnerware and a television.","A hotel-style room contains a couch, television, dining table, and neatly arranged place settings. Warm lighting, curtains, and decorative furnishings create a comfortable and welcoming atmosphere. The table is prepared for a meal, suggesting hospitality or room service. The image highlights interior design, temporary accommodations.","book, chair, couch, cup, dining table, potted plant, tv, vase",/Users/yixiaoz/Desktop/cs348k_proj/outputs/baseline_semantic_sparse/cfg_5p0/000000029596/target.png,/Users/yixiaoz/Desktop/cs348k_proj/outputs/baseline_semantic_sparse/cfg_5p0/000000029596/generated.png,sparse_text_only,1,5.0,20,0.7195,0.6363,23.2337
33854,"parked cars, motorcycles and buses on a cobblestone parking lot next to a street.","Cars, buses, and motorcycles occupy a cobblestone parking area near a city street lined with buildings. The scene contains multiple forms of transportation gathered within a shared urban space. Pedestrians move through the area while parked vehicles await their drivers. The image captures urban infrastructure.","bus, car, motorcycle, person",/Users/yixiaoz/Desktop/cs348k_proj/outputs/baseline_semantic_sparse/cfg_5p0/000000033854/target.png,/Users/yixiaoz/Desktop/cs348k_proj/outputs/baseline_semantic_sparse/cfg_5p0/000000033854/generated.png,sparse_text_only,1,5.0,20,0.7316,0.6869,25.5324
36844,a black couch a green chair a red chair a mirror and a ceiling fan,"A living room contains a black couch, colorful chairs, a ceiling fan, and large windows that allow natural light into the space. Various pieces of furniture and decorative items are arranged throughout the room, creating a comfortable residential environment. The layout suggests an area designed.","bicycle, chair, couch, cup, potted plant, refrigerator, remote, tv",/Users/yixiaoz/Desktop/cs348k_proj/outputs/baseline_semantic_sparse/cfg_5p0/000000036844/target.png,/Users/yixiaoz/Desktop/cs348k_proj/outputs/baseline_semantic_sparse/cfg_5p0/000000036844/generated.png,sparse_text_only,1,5.0,20,0.7363,0.6978,25.5375
1000,A group of kids posing for a picture on a tennis court.,A large group of children gather together on a tennis court while posing for a photograph. Some hold tennis equipment while others stand closely beside teammates and friends. The outdoor sports facility provides a bright and energetic setting. Smiles and casual poses suggest a team.,"backpack, handbag, person, tennis racket",/Users/yixiaoz/Desktop/cs348k_proj/outputs/baseline_semantic_sparse/cfg_5p0/000000001000/target.png,/Users/yixiaoz/Desktop/cs348k_proj/outputs/baseline_semantic_sparse/cfg_5p0/000000001000/generated.png,sparse_text_only,1,5.0,20,0.7908,0.7375,20.7905
55528,A man holding a paper bag while showing the camera a toothbrush.,"A man sits in a chair while holding a paper bag and displaying a toothbrush toward the camera. His expression suggests humor or casual conversation as he presents the object. The indoor environment appears relaxed and informal, with household furnishings visible around him. The image.","book, clock, couch, person, remote, toothbrush",/Users/yixiaoz/Desktop/cs348k_proj/outputs/baseline_semantic_sparse/cfg_5p0/000000055528/target.png,/Users/yixiaoz/Desktop/cs348k_proj/outputs/baseline_semantic_sparse/cfg_5p0/000000055528/generated.png,sparse_text_only,1,5.0,20,0.7014,0.8108,22.5212
2006,City bus driving through pedestrian saturated area near crosswalk.,"A city bus travels through a busy urban area near a crosswalk while pedestrians and vehicles move through the surrounding streets. Buildings, signs, and transportation infrastructure create a dynamic city environment. The bus serves as the focal point, illustrating the role of public transit in.","bus, person, tie, traffic light",/Users/yixiaoz/Desktop/cs348k_proj/outputs/baseline_semantic_sparse/cfg_5p0/000000002006/target.png,/Users/yixiaoz/Desktop/cs348k_proj/outputs/baseline_semantic_sparse/cfg_5p0/000000002006/generated.png,sparse_text_only,1,5.0,20,0.7196,0.7093,26.6521
113720,A couple are enjoying pizza and drinks at the restaurant,"A smiling couple sits together at a restaurant table enjoying pizza, drinks, and conversation. Plates of food and beverages are arranged neatly while the pair look toward the camera. The atmosphere appears relaxed and friendly, suggesting a casual meal shared between friends or partners. The.","bottle, chair, cup, dining table, fork, knife, person, pizza",/Users/yixiaoz/Desktop/cs348k_proj/outputs/baseline_semantic_sparse/cfg_5p0/000000113720/target.png,/Users/yixiaoz/Desktop/cs348k_proj/outputs/baseline_semantic_sparse/cfg_5p0/000000113720/generated.png,sparse_text_only,1,5.0,20,0.7838,0.7174,27.134
52413,"A child holding a pink toy cell phone with ""Princess Aurora"" inside it.",A child holds a pink toy flip phone decorated with imagery inspired by a princess character. The toy is displayed prominently in the foreground while other people and objects appear nearby. Bright colors and playful design elements emphasize childhood interests and imaginative play. The image.,"cell phone, chair, cup, person",/Users/yixiaoz/Desktop/cs348k_proj/outputs/baseline_semantic_sparse/cfg_5p0/000000052413/target.png,/Users/yixiaoz/Desktop/cs348k_proj/outputs/baseline_semantic_sparse/cfg_5p0/000000052413/generated.png,sparse_text_only,1,5.0,20,0.7279,0.7672,14.4393
60932,A man in a suit that is standing in front of a group of people.,"A man dressed in a formal suit stands confidently in front of a group of people at what appears to be a celebration or reception. The black-and-white image captures him smiling and raising a hand while guests gather in the background. Tables, decorations, and formally.","dining table, person, tie",/Users/yixiaoz/Desktop/cs348k_proj/outputs/baseline_semantic_sparse/cfg_5p0/000000060932/target.png,/Users/yixiaoz/Desktop/cs348k_proj/outputs/baseline_semantic_sparse/cfg_5p0/000000060932/generated.png,sparse_text_only,1,5.0,20,0.7433,0.6782,19.5703
102805,A man in holds a Frisbee in the parking lot by the river.,"A man wearing a hat stands near a riverside parking area while holding a Frisbee in his hand. Mountains and water stretch across the background, creating a scenic outdoor setting. Several parked vehicles and open space suggest a recreational destination where people gather for leisure.","backpack, boat, car, frisbee, person, truck",/Users/yixiaoz/Desktop/cs348k_proj/outputs/baseline_semantic_sparse/cfg_5p0/000000102805/target.png,/Users/yixiaoz/Desktop/cs348k_proj/outputs/baseline_semantic_sparse/cfg_5p0/000000102805/generated.png,sparse_text_only,1,5.0,20,0.728,0.7223,23.9473
15254,These platters display healthy food choices of two entrees with a side  vegetable and fruit,"A neatly organized lunch container displays a balanced meal consisting of rice, vegetables, fruit, and other healthy foods arranged in separate compartments. Grapes, carrots, and a colorful entrée contribute to the vibrant appearance. The close-up perspective emphasizes nutrition, portioning, and meal preparation. The image reflects.","bowl, carrot, spoon",/Users/yixiaoz/Desktop/cs348k_proj/outputs/baseline_semantic_sparse/cfg_5p0/000000015254/target.png,/Users/yixiaoz/Desktop/cs348k_proj/outputs/baseline_semantic_sparse/cfg_5p0/000000015254/generated.png,sparse_text_only,1,5.0,20,0.8277,0.8543,23.9319
24567,There is a man looking at a lot if hot dogs in a bun in a pan,"A man wearing a hat looks down at a tray filled with hot dogs arranged in buns. The outdoor setting suggests a barbecue, picnic, or community gathering where food is being prepared and served. Bright colors from the toppings and buns create a festive appearance.","chair, hot dog, person",/Users/yixiaoz/Desktop/cs348k_proj/outputs/baseline_semantic_sparse/cfg_5p0/000000024567/target.png,/Users/yixiaoz/Desktop/cs348k_proj/outputs/baseline_semantic_sparse/cfg_5p0/000000024567/generated.png,sparse_text_only,1,5.0,20,0.774,0.5982,23.9109
25603,A girl sitting around a table in a restaurant eating a pizza.,"A young girl sits at a restaurant table with a pizza placed in front of her. Glasses, plates, and table settings surround the meal while the warm indoor lighting creates a cozy atmosphere. She looks toward the camera as if waiting to eat or enjoying.","book, chair, cup, dining table, person, pizza",/Users/yixiaoz/Desktop/cs348k_proj/outputs/baseline_semantic_sparse/cfg_5p0/000000025603/target.png,/Users/yixiaoz/Desktop/cs348k_proj/outputs/baseline_semantic_sparse/cfg_5p0/000000025603/generated.png,sparse_text_only,1,5.0,20,0.7917,0.7915,27.2155
55150,Two children sit atop their parent's luggage in the parking lot.,"Two children sit atop luggage carts in a parking lot while surrounded by parked vehicles. The scene appears to capture a family trip, airport arrival, or vacation departure. The children seem comfortable and playful as they ride on the luggage. Cars, travel equipment, and open.","backpack, book, car, person, suitcase",/Users/yixiaoz/Desktop/cs348k_proj/outputs/baseline_semantic_sparse/cfg_5p0/000000055150/target.png,/Users/yixiaoz/Desktop/cs348k_proj/outputs/baseline_semantic_sparse/cfg_5p0/000000055150/generated.png,sparse_text_only,1,5.0,20,0.7121,0.5997,20.9831
30828,A person covered with an orange sleeping bag rests his head on a blue back pack as he sleeps on a park bench.,"A person sleeps on a park bench while covered by an orange sleeping bag and resting beside a backpack. The outdoor setting includes grass, trees, and surrounding park features. The image captures a quiet moment of rest in a public space, contrasting the bright colors.","backpack, bench, car, parking meter, person",/Users/yixiaoz/Desktop/cs348k_proj/outputs/baseline_semantic_sparse/cfg_5p0/000000030828/target.png,/Users/yixiaoz/Desktop/cs348k_proj/outputs/baseline_semantic_sparse/cfg_5p0/000000030828/generated.png,sparse_text_only,1,5.0,20,0.7821,0.8461,20.9215
32334,"Two people, a man and a woman, are toasting with wine glasses.","A smiling man and woman hold wine glasses while posing together indoors. The casual setting appears to be a social gathering, dinner, or celebration where friends enjoy food and drinks. Warm lighting and relaxed expressions create a welcoming atmosphere. The image emphasizes companionship, hospitality, and.","car, chair, person, wine glass",/Users/yixiaoz/Desktop/cs348k_proj/outputs/baseline_semantic_sparse/cfg_5p0/000000032334/target.png,/Users/yixiaoz/Desktop/cs348k_proj/outputs/baseline_semantic_sparse/cfg_5p0/000000032334/generated.png,sparse_text_only,1,5.0,20,0.7284,0.5273,27.5198
92416,A male with a bottled beverage wearing a flower in his lapel.,"A young man wearing formal attire stands outdoors holding a bottled beverage. A flower pinned to his lapel suggests participation in a wedding, graduation, or other ceremonial event. Water and distant scenery form a pleasant background. His posture and clothing indicate a special occasion, while.","boat, bottle, person, tie",/Users/yixiaoz/Desktop/cs348k_proj/outputs/baseline_semantic_sparse/cfg_5p0/000000092416/target.png,/Users/yixiaoz/Desktop/cs348k_proj/outputs/baseline_semantic_sparse/cfg_5p0/000000092416/generated.png,sparse_text_only,1,5.0,20,0.7167,0.7617,19.8723
20553,Large stuffed animal posed outdoors as if sitting in a chair with beverages on a table.,A large stuffed animal is arranged outdoors in a desert-like environment while seated in a chair beside beverages and decorative items placed on a small table. The unusual setup creates a humorous and imaginative scene. Open ground and sparse surroundings emphasize the contrast between the.,"bottle, chair, cup, dining table, teddy bear, umbrella, vase",/Users/yixiaoz/Desktop/cs348k_proj/outputs/baseline_semantic_sparse/cfg_5p0/000000020553/target.png,/Users/yixiaoz/Desktop/cs348k_proj/outputs/baseline_semantic_sparse/cfg_5p0/000000020553/generated.png,sparse_text_only,1,5.0,20,0.7896,0.7506,29.6921
93437,An older man is wearing a funny hat in his dining room.,"An elderly man wearing a distinctive hat stands inside a dining area or kitchen while smiling toward the camera. Household furnishings and cabinets appear in the background, creating a comfortable domestic setting. His expression suggests warmth and friendliness, while the unusual hat adds character and.","book, bottle, chair, clock, cup, dining table, person, vase",/Users/yixiaoz/Desktop/cs348k_proj/outputs/baseline_semantic_sparse/cfg_5p0/000000093437/target.png,/Users/yixiaoz/Desktop/cs348k_proj/outputs/baseline_semantic_sparse/cfg_5p0/000000093437/generated.png,sparse_text_only,1,5.0,20,0.7307,0.8709,19.0547
89648,People using electronic devises all facing in the same direction.,"Several people sit in rows while using laptops and other electronic devices. Viewed from above, the scene resembles a classroom, workshop, conference, or training session focused on technology. Participants face the same direction and appear engaged with their screens. The arrangement emphasizes learning, collaboration, and.","backpack, book, cell phone, chair, laptop, person",/Users/yixiaoz/Desktop/cs348k_proj/outputs/baseline_semantic_sparse/cfg_5p0/000000089648/target.png,/Users/yixiaoz/Desktop/cs348k_proj/outputs/baseline_semantic_sparse/cfg_5p0/000000089648/generated.png,sparse_text_only,1,5.0,20,0.7039,0.6989,22.9677
7574,"A kitchen with two sinks, a counter, detergent, a stove and a refrigerator in it.","A kitchen interior contains wooden cabinets, a refrigerator, a stove, countertops, and cleaning supplies arranged around the room. Various household items are visible near the sink and work surfaces, creating a realistic lived-in appearance. The image emphasizes domestic functionality and organization while showcasing the appliances.","bottle, bowl, microwave, oven, refrigerator, sink, vase, wine glass",/Users/yixiaoz/Desktop/cs348k_proj/outputs/baseline_semantic_sparse/cfg_5p0/000000007574/target.png,/Users/yixiaoz/Desktop/cs348k_proj/outputs/baseline_semantic_sparse/cfg_5p0/000000007574/generated.png,sparse_text_only,1,5.0,20,0.6942,0.4838,29.539
88040,"Plates of shrimp, vegetables, and noodles served with tea.","Several plates of food are arranged on a table viewed from above, including shrimp, vegetables, noodles, and accompanying beverages. Bowls, cups, and serving dishes contribute to the inviting dining presentation. The meal appears carefully prepared and shared among multiple people. The image highlights culinary variety.","bottle, bowl, cup, dining table, fork, knife, spoon",/Users/yixiaoz/Desktop/cs348k_proj/outputs/baseline_semantic_sparse/cfg_5p0/000000088040/target.png,/Users/yixiaoz/Desktop/cs348k_proj/outputs/baseline_semantic_sparse/cfg_5p0/000000088040/generated.png,sparse_text_only,1,5.0,20,0.7788,0.6722,23.8041
4134,Two men standing next to each other holding hands.,"Two men stand together at a formal event while greeting one another and shaking hands. Other attendees and banquet tables are visible in the background, suggesting a conference, reception, or celebration. Their professional attire and engaged expressions indicate a respectful social interaction. The image highlights.","chair, dining table, person, tie, wine glass",/Users/yixiaoz/Desktop/cs348k_proj/outputs/baseline_semantic_sparse/cfg_5p0/000000004134/target.png,/Users/yixiaoz/Desktop/cs348k_proj/outputs/baseline_semantic_sparse/cfg_5p0/000000004134/generated.png,sparse_text_only,1,5.0,20,0.7314,0.806,18.3399
39769,Two cats sleeping with a remote control near each of them.,Two cats sleep peacefully on a bright pink blanket with television remotes placed nearby. Their relaxed poses and stretched bodies create a calm and comfortable scene. The indoor setting suggests a living room or bedroom where the animals have chosen a soft resting place. The.,"bed, cat, couch, remote",/Users/yixiaoz/Desktop/cs348k_proj/outputs/baseline_semantic_sparse/cfg_5p0/000000039769/target.png,/Users/yixiaoz/Desktop/cs348k_proj/outputs/baseline_semantic_sparse/cfg_5p0/000000039769/generated.png,sparse_text_only,1,5.0,20,0.7312,0.5615,31.3669
14439,A group of people standing on a field flying a colorful kite.,"A group of people stand together in a grassy park while flying a large colorful kite. Open space, recreational equipment, and other visitors create a lively outdoor environment. Participants work together to manage the kite as it catches the wind above the field. The image.","backpack, chair, kite, person",/Users/yixiaoz/Desktop/cs348k_proj/outputs/baseline_semantic_sparse/cfg_5p0/000000014439/target.png,/Users/yixiaoz/Desktop/cs348k_proj/outputs/baseline_semantic_sparse/cfg_5p0/000000014439/generated.png,sparse_text_only,1,5.0,20,0.7768,0.5515,30.6153
104669,"A plate with a meal of meat, potatoes, carrots, and broccoli.","A plate holds a complete meal featuring a piece of meat alongside potatoes, carrots, broccoli, and other vegetables. The arrangement is neatly presented, suggesting a restaurant dish or carefully prepared home-cooked dinner. Bright colors from the vegetables contrast with the darker entrée. The image emphasizes.","broccoli, carrot, dining table, fork, knife, orange",/Users/yixiaoz/Desktop/cs348k_proj/outputs/baseline_semantic_sparse/cfg_5p0/000000104669/target.png,/Users/yixiaoz/Desktop/cs348k_proj/outputs/baseline_semantic_sparse/cfg_5p0/000000104669/generated.png,sparse_text_only,1,5.0,20,0.8098,0.562,28.5412
11149,A man sitting on a motorcycle near several bicycles with a partially visible person standing nearby.,"A motorcycle is parked near several bicycles while people stand nearby in an outdoor setting. The collection of vehicles suggests a shared recreational or transportation area. Trees, pathways, and surrounding activity contribute to the public atmosphere. The image highlights different modes of personal transportation and.","bicycle, motorcycle, person",/Users/yixiaoz/Desktop/cs348k_proj/outputs/baseline_semantic_sparse/cfg_5p0/000000011149/target.png,/Users/yixiaoz/Desktop/cs348k_proj/outputs/baseline_semantic_sparse/cfg_5p0/000000011149/generated.png,sparse_text_only,1,5.0,20,0.6474,0.5552,28.9099
52996,A group of women in military outfits helping other women in a kitchen.,"A group of women wearing military-style uniforms work together in a kitchen while preparing food. Large pots, utensils, and work surfaces indicate an organized cooking effort intended to serve many people. Their coordinated activity reflects teamwork and shared responsibility. The image highlights food preparation, community.","backpack, book, bowl, cup, dining table, handbag, knife, oven, person, refrigerator",/Users/yixiaoz/Desktop/cs348k_proj/outputs/baseline_semantic_sparse/cfg_5p0/000000052996/target.png,/Users/yixiaoz/Desktop/cs348k_proj/outputs/baseline_semantic_sparse/cfg_5p0/000000052996/generated.png,sparse_text_only,1,5.0,20,0.7328,0.7935,15.0081
30213,"The picture shows the interior of a kitchen, with vintage refrigerator, stove, and other appliances.","The interior of a vintage-style kitchen is filled with retro appliances, patterned wallpaper, wooden cabinets, and decorative household items. A classic refrigerator, stove, sink, and dining furniture create a nostalgic atmosphere reminiscent of mid-century home design. Various utensils, containers, and decorations are arranged throughout the.","apple, bottle, bowl, chair, dining table, oven, refrigerator, sink",/Users/yixiaoz/Desktop/cs348k_proj/outputs/baseline_semantic_sparse/cfg_5p0/000000030213/target.png,/Users/yixiaoz/Desktop/cs348k_proj/outputs/baseline_semantic_sparse/cfg_5p0/000000030213/generated.png,sparse_text_only,1,5.0,20,0.7679,0.707,23.1327
56127,"A room with a fire extinguisher, mugs hanging from a shelf and several lights.","A narrow interior room contains shelves lined with mugs, a fire extinguisher, counters, hanging lights, and decorative details. Warm lighting and colorful walls create a welcoming atmosphere that resembles a small café, restaurant service area, or compact workspace. The room is carefully organized to maximize.","bench, cup, oven, refrigerator, sink",/Users/yixiaoz/Desktop/cs348k_proj/outputs/baseline_semantic_sparse/cfg_5p0/000000056127/target.png,/Users/yixiaoz/Desktop/cs348k_proj/outputs/baseline_semantic_sparse/cfg_5p0/000000056127/generated.png,sparse_text_only,1,5.0,20,0.7423,0.6573,24.4774
84031,A batter swinging a bat at a baseball with the catcher and umpire behind him.,A baseball player swings at a pitch while the catcher and umpire closely follow the action behind home plate. The game takes place on a well-maintained field surrounded by spectators and stadium structures. The batter’s posture captures the intensity and timing required in competitive baseball.,"baseball bat, baseball glove, person, sports ball",/Users/yixiaoz/Desktop/cs348k_proj/outputs/baseline_semantic_sparse/cfg_5p0/000000084031/target.png,/Users/yixiaoz/Desktop/cs348k_proj/outputs/baseline_semantic_sparse/cfg_5p0/000000084031/generated.png,sparse_text_only,1,5.0,20,0.7779,0.8103,23.0712
74209,A black and stainless steel kitchen with a snack bar and bar stools.,"A modern kitchen features stainless steel appliances, polished countertops, pendant lighting, and a snack bar lined with stools. The clean design emphasizes contemporary architecture and efficient use of space. Cabinets, sinks, and work surfaces are neatly arranged to support cooking and dining activities. The room.","apple, banana, bottle, bowl, chair, clock, cup, dining table, orange, oven, refrigerator, sink",/Users/yixiaoz/Desktop/cs348k_proj/outputs/baseline_semantic_sparse/cfg_5p0/000000074209/target.png,/Users/yixiaoz/Desktop/cs348k_proj/outputs/baseline_semantic_sparse/cfg_5p0/000000074209/generated.png,sparse_text_only,1,5.0,20,0.7125,0.5997,28.3033
52891,A dog walking on the beach with a frizzbe in his month.,"A dog stands on a sandy beach while carrying a bright yellow frisbee in its mouth. Ocean water, waves, and distant shoreline scenery create a scenic coastal backdrop. The animal appears alert and energetic, as if engaged in a game of fetch with its owner.","dog, frisbee, person",/Users/yixiaoz/Desktop/cs348k_proj/outputs/baseline_semantic_sparse/cfg_5p0/000000052891/target.png,/Users/yixiaoz/Desktop/cs348k_proj/outputs/baseline_semantic_sparse/cfg_5p0/000000052891/generated.png,sparse_text_only,1,5.0,20,0.7892,0.7679,22.5805
99039,Plates of food and two glasses of red wine are on a table.,Several plates of food and two glasses of red wine are arranged on a table beside a large window overlooking greenery and nearby buildings. The setting appears to be a restaurant or dining area where people are enjoying a meal together. Soft natural light enters.,"bowl, fork, knife, person, pizza, spoon, wine glass",/Users/yixiaoz/Desktop/cs348k_proj/outputs/baseline_semantic_sparse/cfg_5p0/000000099039/target.png,/Users/yixiaoz/Desktop/cs348k_proj/outputs/baseline_semantic_sparse/cfg_5p0/000000099039/generated.png,sparse_text_only,1,5.0,20,0.7297,0.7554,20.467
66635,"An apple computer monitor, keyboard and mouse sits on top of a clean wooden desk.","An Apple desktop computer sits on a clean wooden desk alongside a keyboard and mouse. The workspace is simple, organized, and free from clutter, emphasizing productivity and focus. The monitor occupies the center of the arrangement while the surrounding furniture provides ample working space. The.","keyboard, mouse, remote, tv",/Users/yixiaoz/Desktop/cs348k_proj/outputs/baseline_semantic_sparse/cfg_5p0/000000066635/target.png,/Users/yixiaoz/Desktop/cs348k_proj/outputs/baseline_semantic_sparse/cfg_5p0/000000066635/generated.png,sparse_text_only,1,5.0,20,0.7766,0.576,29.0201
107226,Men race on wheeled vehicles towed by a group of husky dogs.,Competitors participate in a dog-powered racing event where huskies pull wheeled vehicles through an outdoor course. Spectators gather nearby to watch the action while handlers guide the dogs. The animals appear strong and energetic as they work together as a team. The image highlights sporting.,"bicycle, dog, person, umbrella",/Users/yixiaoz/Desktop/cs348k_proj/outputs/baseline_semantic_sparse/cfg_5p0/000000107226/target.png,/Users/yixiaoz/Desktop/cs348k_proj/outputs/baseline_semantic_sparse/cfg_5p0/000000107226/generated.png,sparse_text_only,1,5.0,20,0.7997,0.6402,25.5307
14038,A kitchen with hard wood floors and a yellow smiley face balloon.,"A living room decorated for a celebration contains colorful balloons, furniture, and a large yellow smiley-face balloon suspended near the ceiling. The room features wooden flooring, entertainment equipment, and decorative touches that create a festive atmosphere. The arrangement suggests a birthday party or social gathering.","bed, book, bottle, cell phone, chair, couch, dining table, microwave, potted plant, refrigerator, tv",/Users/yixiaoz/Desktop/cs348k_proj/outputs/baseline_semantic_sparse/cfg_5p0/000000014038/target.png,/Users/yixiaoz/Desktop/cs348k_proj/outputs/baseline_semantic_sparse/cfg_5p0/000000014038/generated.png,sparse_text_only,1,5.0,20,0.7395,0.6105,24.392
114884,"A woman with a cigarette standing, while a group of people with luggage walk towards a bus.","A woman stands inside a transportation terminal while travelers carrying luggage move through the background toward buses or other transit services. The spacious facility contains seating areas, structural supports, and signs associated with public transportation. People appear focused on their journeys as they navigate the.","backpack, bus, handbag, person, suitcase",/Users/yixiaoz/Desktop/cs348k_proj/outputs/baseline_semantic_sparse/cfg_5p0/000000114884/target.png,/Users/yixiaoz/Desktop/cs348k_proj/outputs/baseline_semantic_sparse/cfg_5p0/000000114884/generated.png,sparse_text_only,1,5.0,20,0.7,0.6642,24.4366
12120,A couple of women playing a game of tennis on a tennis court.,"Two women compete in a tennis match on a professional court surrounded by spectators and stadium seating. Both athletes focus intensely on the ball as they move across the blue playing surface. The sporting venue includes advertising displays, officials, and fans observing the competition. The.","chair, person, sports ball, tennis racket",/Users/yixiaoz/Desktop/cs348k_proj/outputs/baseline_semantic_sparse/cfg_5p0/000000012120/target.png,/Users/yixiaoz/Desktop/cs348k_proj/outputs/baseline_semantic_sparse/cfg_5p0/000000012120/generated.png,sparse_text_only,1,5.0,20,0.7976,0.6581,31.4394
87470,a big heard of cows walking down a road in a row with green tags on their ears,A large herd of cattle walks together along a rural road bordered by open countryside. The animals move in an organized line while green ear tags help identify members of the herd. Rolling terrain and natural vegetation create an agricultural landscape in the background. The.,"cow, horse, person",/Users/yixiaoz/Desktop/cs348k_proj/outputs/baseline_semantic_sparse/cfg_5p0/000000087470/target.png,/Users/yixiaoz/Desktop/cs348k_proj/outputs/baseline_semantic_sparse/cfg_5p0/000000087470/generated.png,sparse_text_only,1,5.0,20,0.6484,0.4792,27.3583
41872,"A bedroom with  a large bed facing a fireplace that has a television over the top of it, in a shelf space.","A comfortable bedroom contains a large bed, fireplace, television, built-in shelving, and warm lighting. Soft furnishings and decorative details create a relaxing atmosphere designed for rest and comfort. The layout resembles a hotel suite or upscale residential bedroom where entertainment and relaxation are combined in.","bed, chair, clock, tv",/Users/yixiaoz/Desktop/cs348k_proj/outputs/baseline_semantic_sparse/cfg_5p0/000000041872/target.png,/Users/yixiaoz/Desktop/cs348k_proj/outputs/baseline_semantic_sparse/cfg_5p0/000000041872/generated.png,sparse_text_only,1,5.0,20,0.9322,0.586,27.9265
60899,The young boy is playing in the living room of his house.,"A young boy plays in a living room while raising an object above his head. Household furniture, rugs, and natural light create a comfortable domestic setting. The child appears energetic and engaged in imaginative play. The image captures a candid family moment that reflects childhood.","book, chair, horse, person",/Users/yixiaoz/Desktop/cs348k_proj/outputs/baseline_semantic_sparse/cfg_5p0/000000060899/target.png,/Users/yixiaoz/Desktop/cs348k_proj/outputs/baseline_semantic_sparse/cfg_5p0/000000060899/generated.png,sparse_text_only,1,5.0,20,0.7037,0.7062,19.0151
46872,a man standing next to a truck with some stuff on it,"A man stands beside a flatbed truck loaded with large industrial materials and equipment. The outdoor setting suggests a construction, transportation, or delivery operation. The truck occupies most of the scene while the worker appears to inspect or supervise the cargo. The image highlights logistics.","car, person, truck",/Users/yixiaoz/Desktop/cs348k_proj/outputs/baseline_semantic_sparse/cfg_5p0/000000046872/target.png,/Users/yixiaoz/Desktop/cs348k_proj/outputs/baseline_semantic_sparse/cfg_5p0/000000046872/generated.png,sparse_text_only,1,5.0,20,0.6709,0.5801,24.1439
33638,A woman wearing shorts bends over a frying pan on a stove.,"A woman bends over a stove while preparing food in a traditional kitchen. Pots, utensils, and cooking equipment surround her as she works on a meal. The room contains functional appliances and furnishings that support everyday household cooking. The image emphasizes domestic life, food preparation.","bowl, oven, person, spoon",/Users/yixiaoz/Desktop/cs348k_proj/outputs/baseline_semantic_sparse/cfg_5p0/000000033638/target.png,/Users/yixiaoz/Desktop/cs348k_proj/outputs/baseline_semantic_sparse/cfg_5p0/000000033638/generated.png,sparse_text_only,1,5.0,20,0.771,0.8456,15.3707
66038,The father and daughter are under an umbrella on the beach.,"A father and daughter relax beneath colorful beach umbrellas near the shoreline. Sand, water, and bright weather create a pleasant coastal environment suited for recreation and family outings. The pair appear comfortable as they spend time together enjoying the outdoors. The image highlights family relationships.","bird, chair, person, umbrella",/Users/yixiaoz/Desktop/cs348k_proj/outputs/baseline_semantic_sparse/cfg_5p0/000000066038/target.png,/Users/yixiaoz/Desktop/cs348k_proj/outputs/baseline_semantic_sparse/cfg_5p0/000000066038/generated.png,sparse_text_only,1,5.0,20,0.7957,0.7224,21.6943
86582,A person watering plants with a computer in the foreground.,"A laptop computer sits prominently in the foreground while a person tends plants in the background. Potted plants, gardening supplies, and outdoor views create a peaceful setting that combines technology with nature. The scene suggests remote work, personal projects, or a lifestyle that balances digital.","laptop, mouse, person, potted plant",/Users/yixiaoz/Desktop/cs348k_proj/outputs/baseline_semantic_sparse/cfg_5p0/000000086582/target.png,/Users/yixiaoz/Desktop/cs348k_proj/outputs/baseline_semantic_sparse/cfg_5p0/000000086582/generated.png,sparse_text_only,1,5.0,20,0.8003,0.573,33.4937
32610,Assortment of laptop computers displayed on table with backpacks full of electronic cords.,"Multiple laptop computers, backpacks, cables, and electronic accessories are displayed across a table. The collection of equipment suggests a workshop, conference, classroom, or technology-focused event. Devices are arranged side by side, emphasizing preparation and connectivity. The image highlights digital tools used for communication, learning, and.","backpack, laptop",/Users/yixiaoz/Desktop/cs348k_proj/outputs/baseline_semantic_sparse/cfg_5p0/000000032610/target.png,/Users/yixiaoz/Desktop/cs348k_proj/outputs/baseline_semantic_sparse/cfg_5p0/000000032610/generated.png,sparse_text_only,1,5.0,20,0.7955,0.7187,18.534
8021,An audience is looking at an film of a man taking that is projected onto a wall.,"A speaker stands in front of a large projected image while addressing an audience seated in a darkened room. The presentation appears to be part of a conference, lecture, or public event. Audience members focus on the stage while the presenter gestures toward visual material.","bottle, person, tie",/Users/yixiaoz/Desktop/cs348k_proj/outputs/baseline_semantic_sparse/cfg_5p0/000000008021/target.png,/Users/yixiaoz/Desktop/cs348k_proj/outputs/baseline_semantic_sparse/cfg_5p0/000000008021/generated.png,sparse_text_only,1,5.0,20,0.7919,0.8728,13.3906
81738,Someone about to cut and birthday cake with blue and yellow frosting.,"A rectangular birthday cake decorated with blue and yellow frosting sits on a kitchen counter while a person uses a knife to cut into it. The cake appears homemade or specially prepared for a celebration, with decorative writing and icing patterns spread across the surface.","bottle, cake, dining table, knife, person",/Users/yixiaoz/Desktop/cs348k_proj/outputs/baseline_semantic_sparse/cfg_5p0/000000081738/target.png,/Users/yixiaoz/Desktop/cs348k_proj/outputs/baseline_semantic_sparse/cfg_5p0/000000081738/generated.png,sparse_text_only,1,5.0,20,0.78,0.7595,22.525
94944,A skier on skies and a snowboarder carrying a snowboard on a mountain slope.,"Several people are gathered on a snowy mountain slope surrounded by dramatic alpine scenery and distant snow-covered peaks. One individual carries a snowboard while others prepare equipment or rest nearby. The expansive landscape dominates the background, emphasizing the scale of the mountainous environment. The image.","backpack, person, skis, snowboard",/Users/yixiaoz/Desktop/cs348k_proj/outputs/baseline_semantic_sparse/cfg_5p0/000000094944/target.png,/Users/yixiaoz/Desktop/cs348k_proj/outputs/baseline_semantic_sparse/cfg_5p0/000000094944/generated.png,sparse_text_only,1,5.0,20,0.6971,0.5229,29.1219
48504,A brown and a gray elephant are in a circus ring and the brown elephant is walking behind the gray elephant as well as two people training them are standing nearby.,Two elephants stand inside a large indoor training or exhibition space while handlers supervise them nearby. One elephant follows behind the other as they move across the floor beneath overhead lighting and structural beams. Equipment and barriers suggest a controlled environment designed for animal care.,"bench, elephant, person",/Users/yixiaoz/Desktop/cs348k_proj/outputs/baseline_semantic_sparse/cfg_5p0/000000048504/target.png,/Users/yixiaoz/Desktop/cs348k_proj/outputs/baseline_semantic_sparse/cfg_5p0/000000048504/generated.png,sparse_text_only,1,5.0,20,0.7286,0.6601,29.059
69213,Two men who are wearing suits and hats standing next to each other.,"Two men wearing dark suits and matching hats stand side by side outdoors while looking toward the camera. Their formal attire contrasts with the busy background, where people and vehicles are visible. The pair appear composed and confident, suggesting they may be attending a formal.","motorcycle, person",/Users/yixiaoz/Desktop/cs348k_proj/outputs/baseline_semantic_sparse/cfg_5p0/000000069213/target.png,/Users/yixiaoz/Desktop/cs348k_proj/outputs/baseline_semantic_sparse/cfg_5p0/000000069213/generated.png,sparse_text_only,1,5.0,20,0.691,0.8139,13.195
44877,Two people are in a wheelchair and only one of them is holding a racket.,"Two people are positioned on a tennis court, one seated in a wheelchair while holding a tennis racket. The scene highlights adaptive sports and athletic participation regardless of physical ability. Both individuals focus on the activity taking place on the court, surrounded by fencing and.","person, sports ball, tennis racket",/Users/yixiaoz/Desktop/cs348k_proj/outputs/baseline_semantic_sparse/cfg_5p0/000000044877/target.png,/Users/yixiaoz/Desktop/cs348k_proj/outputs/baseline_semantic_sparse/cfg_5p0/000000044877/generated.png,sparse_text_only,1,5.0,20,0.7157,0.6036,25.3239
74058,A sidewalk next to the outdoor sitting area of a restaurant.,"A black-and-white street scene shows a sidewalk café or restaurant with outdoor seating positioned beside a busy road. Bicycles are parked nearby while tables and chairs extend beneath awnings. Cars line the street and pedestrians move through the area. The monochrome presentation emphasizes geometry, shadows.","bicycle, car, chair, dining table, handbag, person, truck, umbrella",/Users/yixiaoz/Desktop/cs348k_proj/outputs/baseline_semantic_sparse/cfg_5p0/000000074058/target.png,/Users/yixiaoz/Desktop/cs348k_proj/outputs/baseline_semantic_sparse/cfg_5p0/000000074058/generated.png,sparse_text_only,1,5.0,20,0.6615,0.7008,18.2075
69356,An Indian woman stands in front of a man selling his fruit,"A fruit vendor stands beside a colorful outdoor market stall filled with oranges, bananas, and other produce. A woman stands nearby while additional people move through the area. Trees and buildings line the background, suggesting a neighborhood street market. The image highlights small-scale commerce, local.","apple, banana, car, person",/Users/yixiaoz/Desktop/cs348k_proj/outputs/baseline_semantic_sparse/cfg_5p0/000000069356/target.png,/Users/yixiaoz/Desktop/cs348k_proj/outputs/baseline_semantic_sparse/cfg_5p0/000000069356/generated.png,sparse_text_only,1,5.0,20,0.7199,0.8115,14.3379
57232,A chair is fashioned from baseball bats and two cushions.,"A chair has been creatively constructed from baseball bats and cushioned seating materials, transforming sporting equipment into functional furniture. Additional decorative items, including a globe and various objects, surround the unusual piece. The craftsmanship demonstrates artistic repurposing and design innovation. The image highlights the intersection.","baseball bat, chair, vase",/Users/yixiaoz/Desktop/cs348k_proj/outputs/baseline_semantic_sparse/cfg_5p0/000000057232/target.png,/Users/yixiaoz/Desktop/cs348k_proj/outputs/baseline_semantic_sparse/cfg_5p0/000000057232/generated.png,sparse_text_only,1,5.0,20,0.7336,0.668,27.6359
5193,A group of people pose for a picture while a man holds two surfboards.,"A group of people gathers indoors for a photograph while one individual holds two colorful surfboards upright. Several children and adults pose together, smiling toward the camera. The surfboards act as focal points, suggesting a beach, surfing, or recreational theme. The image captures a celebratory.","bottle, person, surfboard",/Users/yixiaoz/Desktop/cs348k_proj/outputs/baseline_semantic_sparse/cfg_5p0/000000005193/target.png,/Users/yixiaoz/Desktop/cs348k_proj/outputs/baseline_semantic_sparse/cfg_5p0/000000005193/generated.png,sparse_text_only,1,5.0,20,0.7752,0.7854,29.0887
94751,A traffic light and a signpost at a crossroads intersection near a waterway.,"Traffic lights and road signs stand at an intersection near a waterfront area. Fences, streets, and utility structures define the urban landscape while water and distant infrastructure appear in the background. The scene focuses on transportation systems and traffic management rather than people. The image.","bench, car, person, traffic light",/Users/yixiaoz/Desktop/cs348k_proj/outputs/baseline_semantic_sparse/cfg_5p0/000000094751/target.png,/Users/yixiaoz/Desktop/cs348k_proj/outputs/baseline_semantic_sparse/cfg_5p0/000000094751/generated.png,sparse_text_only,1,5.0,20,0.7724,0.7546,20.64
13546,Young man on skate board balancing on concrete barrier near sidewalk with small park area near by.,"A skateboarder balances on a concrete structure within a small park while performing a trick. The rider’s posture demonstrates concentration and control as wheels contact the edge of the obstacle. Grass, pathways, and recreational facilities surround the scene. The image captures motion and athletic skill.","bench, person, skateboard",/Users/yixiaoz/Desktop/cs348k_proj/outputs/baseline_semantic_sparse/cfg_5p0/000000013546/target.png,/Users/yixiaoz/Desktop/cs348k_proj/outputs/baseline_semantic_sparse/cfg_5p0/000000013546/generated.png,sparse_text_only,1,5.0,20,0.7224,0.7538,25.2957
112378,A bunch of bananas on a wooden bench with hammocks in the background.,"A bunch of bananas rests on a wooden bench in an outdoor setting where hammocks and tropical vegetation appear in the background. The fruit is arranged casually, creating a simple still-life composition. Natural lighting and greenery contribute to a relaxed atmosphere. The image highlights everyday.","banana, bench, chair, dining table",/Users/yixiaoz/Desktop/cs348k_proj/outputs/baseline_semantic_sparse/cfg_5p0/000000112378/target.png,/Users/yixiaoz/Desktop/cs348k_proj/outputs/baseline_semantic_sparse/cfg_5p0/000000112378/generated.png,sparse_text_only,1,5.0,20,0.7501,0.7258,19.3974
57672,a river.A group of people with life jacket rowing a long boat in,"A long rowing boat moves across a calm river while a coordinated team of rowers wearing life jackets paddles together. Their synchronized effort propels the vessel through the water as spectators and shoreline features remain visible in the distance. The image highlights teamwork, endurance, and.","boat, car, person, truck",/Users/yixiaoz/Desktop/cs348k_proj/outputs/baseline_semantic_sparse/cfg_5p0/000000057672/target.png,/Users/yixiaoz/Desktop/cs348k_proj/outputs/baseline_semantic_sparse/cfg_5p0/000000057672/generated.png,sparse_text_only,1,5.0,20,0.7873,0.7519,25.0777
19432,He's almost got this tennis ball at the end of his racket.,"A tennis player focuses intensely on a ball approaching the racket during a match on a professional court. Stadium seating and fencing create the backdrop while the athlete prepares to make contact. The composition freezes a precise moment that requires timing, concentration, and technical skill.","chair, person, sports ball, tennis racket",/Users/yixiaoz/Desktop/cs348k_proj/outputs/baseline_semantic_sparse/cfg_5p0/000000019432/target.png,/Users/yixiaoz/Desktop/cs348k_proj/outputs/baseline_semantic_sparse/cfg_5p0/000000019432/generated.png,sparse_text_only,1,5.0,20,0.756,0.6883,24.6254
73702,A couple of guys standingoutside in the sun talking to each other.,"Several people stand together outdoors near a transportation or public-service area while engaged in conversation. Some individuals carry bags or wear protective clothing, suggesting travel, work, or transit-related activities. The scene appears candid and documentary in nature, focusing on social interaction rather than posed photography.","backpack, handbag, person, umbrella",/Users/yixiaoz/Desktop/cs348k_proj/outputs/baseline_semantic_sparse/cfg_5p0/000000073702/target.png,/Users/yixiaoz/Desktop/cs348k_proj/outputs/baseline_semantic_sparse/cfg_5p0/000000073702/generated.png,sparse_text_only,1,5.0,20,0.6914,0.6558,24.44
84241,Three women cooking in a professional kitchen together.,"Three women work together inside a professional kitchen while preparing food. Large bowls of vegetables, cookware, and stainless-steel surfaces surround them as they coordinate meal preparation. The environment suggests a restaurant, catering operation, or culinary training setting. The image highlights teamwork, food service, and culinary.","bottle, bowl, broccoli, dining table, fork, oven, person, sandwich, sink, spoon",/Users/yixiaoz/Desktop/cs348k_proj/outputs/baseline_semantic_sparse/cfg_5p0/000000084241/target.png,/Users/yixiaoz/Desktop/cs348k_proj/outputs/baseline_semantic_sparse/cfg_5p0/000000084241/generated.png,sparse_text_only,1,5.0,20,0.848,0.7263,23.3645
34417,Donuts traveling down an assembly line in a factory while people work behind it.,"Donuts move along a production line inside a bakery or food-processing facility while workers supervise operations in the background. Conveyors, trays, and industrial equipment are visible throughout the workspace. The image illustrates large-scale food production and the systems used to manufacture baked goods efficiently. It.","donut, person, tie",/Users/yixiaoz/Desktop/cs348k_proj/outputs/baseline_semantic_sparse/cfg_5p0/000000034417/target.png,/Users/yixiaoz/Desktop/cs348k_proj/outputs/baseline_semantic_sparse/cfg_5p0/000000034417/generated.png,sparse_text_only,1,5.0,20,0.7987,0.7724,24.8409
25181,A train station with an awning is depicted with a train on the right platform.,"A train station platform extends into the distance beneath a large canopy, creating strong lines and symmetry throughout the composition. A train sits along one side of the platform while signs and architectural details reinforce the sense of order. The black-and-white presentation emphasizes structure and.","backpack, bench, person, train",/Users/yixiaoz/Desktop/cs348k_proj/outputs/baseline_semantic_sparse/cfg_5p0/000000025181/target.png,/Users/yixiaoz/Desktop/cs348k_proj/outputs/baseline_semantic_sparse/cfg_5p0/000000025181/generated.png,sparse_text_only,1,5.0,20,0.6992,0.8034,23.7708
67213,"A dog jumping through the air above a pool of water that has been marked for distance, with people watching in the distance.","A dog leaps high above a pool during a dock-diving competition while spectators watch from behind barriers. The animal is captured midair, demonstrating athletic ability, speed, and confidence. Water, measuring equipment, and event organizers suggest a structured sporting competition. The image highlights the bond between.","car, dog, person",/Users/yixiaoz/Desktop/cs348k_proj/outputs/baseline_semantic_sparse/cfg_5p0/000000067213/target.png,/Users/yixiaoz/Desktop/cs348k_proj/outputs/baseline_semantic_sparse/cfg_5p0/000000067213/generated.png,sparse_text_only,1,5.0,20,0.7304,0.7455,12.0966
94871,A group of people standing around sheep on a field.,"Several sheep stand together in a field while people gather nearby. Different breeds and wool colors create visual variety across the scene. The setting resembles an agricultural fair, livestock exhibition, or rural community event where animals are displayed and evaluated. The image highlights farming culture.","handbag, person, sheep",/Users/yixiaoz/Desktop/cs348k_proj/outputs/baseline_semantic_sparse/cfg_5p0/000000094871/target.png,/Users/yixiaoz/Desktop/cs348k_proj/outputs/baseline_semantic_sparse/cfg_5p0/000000094871/generated.png,sparse_text_only,1,5.0,20,0.7101,0.5931,23.3031
2685,A crowd of people stand near a man behind a bar with wine bottles on it.,"Several people are gathered around a wooden bar counter inside a restaurant, tasting room, or social event space. A man stands behind the counter near shelves filled with wine bottles while customers stand close together and talk in small groups. The room appears warmly lit.","bottle, cup, handbag, person, wine glass",/Users/yixiaoz/Desktop/cs348k_proj/outputs/baseline_semantic_sparse/cfg_7p5/000000002685/target.png,/Users/yixiaoz/Desktop/cs348k_proj/outputs/baseline_semantic_sparse/cfg_7p5/000000002685/generated.png,sparse_text_only,1,7.5,20,0.8083,0.77,29.0087
6763,A man and a women posing next to one another in front of a table.,"A man and a woman sit close together at a table inside a dimly lit restaurant or bar. The man wears a dress shirt and tie and has his arm around the smiling woman beside him. Plates, utensils, and drinks are visible on the table.","cell phone, dining table, person, tie, tv",/Users/yixiaoz/Desktop/cs348k_proj/outputs/baseline_semantic_sparse/cfg_7p5/000000006763/target.png,/Users/yixiaoz/Desktop/cs348k_proj/outputs/baseline_semantic_sparse/cfg_7p5/000000006763/generated.png,sparse_text_only,1,7.5,20,0.7623,0.8358,19.3684
87144,A baby sitting between a lady and a man on a bench under a tree.,"A woman, a young child, and an elderly man sit on a park bench beneath the shade of a tree. The woman sits on the left wearing a patterned dress, the child sits near the center, and the older man sits on the right wearing.","bench, car, handbag, person",/Users/yixiaoz/Desktop/cs348k_proj/outputs/baseline_semantic_sparse/cfg_7p5/000000087144/target.png,/Users/yixiaoz/Desktop/cs348k_proj/outputs/baseline_semantic_sparse/cfg_7p5/000000087144/generated.png,sparse_text_only,1,7.5,20,0.7353,0.4917,25.3907
2157,A table topped with a cake covered in berries next to a plate of sandwiches.,"A table covered with a red tablecloth is arranged with desserts and party food in an outdoor or bright dining setting. A large cake topped with blueberries and raspberries sits near the front beside plates of sandwiches, bread, grapes, wine glasses, napkins, and stacked dishes.","cake, cup, dining table, knife, wine glass",/Users/yixiaoz/Desktop/cs348k_proj/outputs/baseline_semantic_sparse/cfg_7p5/000000002157/target.png,/Users/yixiaoz/Desktop/cs348k_proj/outputs/baseline_semantic_sparse/cfg_7p5/000000002157/generated.png,sparse_text_only,1,7.5,20,0.7831,0.6375,28.604
14226,A person is sitting in a chair at a table with a laptop computer.,A man sits alone in a passenger train or railcar while using a laptop computer on a fold-out table in front of him. He wears a jacket and looks downward toward the screen with a focused expression. A large window beside him shows blurred scenery.,"apple, chair, dining table, laptop, person",/Users/yixiaoz/Desktop/cs348k_proj/outputs/baseline_semantic_sparse/cfg_7p5/000000014226/target.png,/Users/yixiaoz/Desktop/cs348k_proj/outputs/baseline_semantic_sparse/cfg_7p5/000000014226/generated.png,sparse_text_only,1,7.5,20,0.7309,0.5919,18.1641
35279,"A man laying his head down next to electronics, a butterfly, and a book.","A cluttered workspace or floor area contains several electronic devices and accessories arranged close together. A laptop displays a simple image on its screen, while a smartphone, cables, speakers, papers, a bottle, and other gadgets sit nearby. Part of a person’s face appears near the.","book, bottle, cell phone, handbag, laptop, person, tennis racket",/Users/yixiaoz/Desktop/cs348k_proj/outputs/baseline_semantic_sparse/cfg_7p5/000000035279/target.png,/Users/yixiaoz/Desktop/cs348k_proj/outputs/baseline_semantic_sparse/cfg_7p5/000000035279/generated.png,sparse_text_only,1,7.5,20,0.8268,0.7222,28.7115
31620,A woman in a white dress and a man in gray stand near a cake on a white table under a white canopy.,"Inside a large white event tent, a woman in a white dress and a man in a gray suit stand near a decorated table. The table is covered with a white cloth and appears to hold a cake or centerpiece. Soft light filters through the.","cake, chair, cup, knife, person, tie",/Users/yixiaoz/Desktop/cs348k_proj/outputs/baseline_semantic_sparse/cfg_7p5/000000031620/target.png,/Users/yixiaoz/Desktop/cs348k_proj/outputs/baseline_semantic_sparse/cfg_7p5/000000031620/generated.png,sparse_text_only,1,7.5,20,0.7446,0.8876,22.9978
95707,Several pastries sitting on aluminum foil next to a bowl with a knife and spatula in it.,"Several pastries and baked goods are arranged on aluminum foil on a table, with a bowl, knife, and spatula placed nearby for serving. The food includes rectangular pieces and a pale frosted or light-colored dessert item, suggesting a dessert spread or homemade baked selection. The.","bowl, cake, dining table, knife",/Users/yixiaoz/Desktop/cs348k_proj/outputs/baseline_semantic_sparse/cfg_7p5/000000095707/target.png,/Users/yixiaoz/Desktop/cs348k_proj/outputs/baseline_semantic_sparse/cfg_7p5/000000095707/generated.png,sparse_text_only,1,7.5,20,0.726,0.7509,25.9281
54605,Milkshake in tall glass and piece of cake on plate near forks.,"A tall milkshake in a glass is topped with whipped cream and placed on a restaurant table beside a slice of layered cake on a white plate. A fork, napkins, and other table items sit nearby, while the background is dim and softly blurred. The.","cake, chair, cup, dining table, fork, person",/Users/yixiaoz/Desktop/cs348k_proj/outputs/baseline_semantic_sparse/cfg_7p5/000000054605/target.png,/Users/yixiaoz/Desktop/cs348k_proj/outputs/baseline_semantic_sparse/cfg_7p5/000000054605/generated.png,sparse_text_only,1,7.5,20,0.8352,0.8391,24.7471
27620,A laptop sitting on a desk next to a chair and another computer.,"A small home office or study area contains a glass-top desk, a laptop computer, a chair, and additional electronic equipment. The desk is positioned near a wall with windows and blinds, and another chair sits in front of the workspace. Cables, accessories, and a cup.","bottle, chair, keyboard, laptop, mouse",/Users/yixiaoz/Desktop/cs348k_proj/outputs/baseline_semantic_sparse/cfg_7p5/000000027620/target.png,/Users/yixiaoz/Desktop/cs348k_proj/outputs/baseline_semantic_sparse/cfg_7p5/000000027620/generated.png,sparse_text_only,1,7.5,20,0.7073,0.5434,29.3574
66771,Two people sitting at a table with beverages on it and the woman holding her phone.,"Two people sit together at a restaurant table with beverages, cups, and small dishes in front of them. The man smiles while looking toward the woman, and the woman looks down at a smartphone in her hand. The table includes a drink with a straw.","bowl, cell phone, couch, cup, dining table, person, spoon",/Users/yixiaoz/Desktop/cs348k_proj/outputs/baseline_semantic_sparse/cfg_7p5/000000066771/target.png,/Users/yixiaoz/Desktop/cs348k_proj/outputs/baseline_semantic_sparse/cfg_7p5/000000066771/generated.png,sparse_text_only,1,7.5,20,0.7831,0.714,24.0423
18575,"Two plates, one with a sandwich and fries, the other with just a sandwich and a pickle.","Two plates of food are served on a restaurant table. One plate contains a sandwich with French fries, while the other plate includes a sandwich and a pickle with sliced vegetables and condiments nearby. Drinks, small containers, and utensils surround the plates, suggesting a casual.","bottle, bowl, dining table, knife, sandwich, wine glass",/Users/yixiaoz/Desktop/cs348k_proj/outputs/baseline_semantic_sparse/cfg_7p5/000000018575/target.png,/Users/yixiaoz/Desktop/cs348k_proj/outputs/baseline_semantic_sparse/cfg_7p5/000000018575/generated.png,sparse_text_only,1,7.5,20,0.7496,0.619,29.3775
66817,This plate consists of rice with sauce and peas and meat patties on the side.,"A plate of food is photographed from above on a table, containing rice covered with sauce, peas, and several browned meat patties on the side. A cup of yogurt or creamy dessert and a small bowl of fruit sit near the plate, creating a complete.","bowl, carrot, dining table, fork, spoon",/Users/yixiaoz/Desktop/cs348k_proj/outputs/baseline_semantic_sparse/cfg_7p5/000000066817/target.png,/Users/yixiaoz/Desktop/cs348k_proj/outputs/baseline_semantic_sparse/cfg_7p5/000000066817/generated.png,sparse_text_only,1,7.5,20,0.8257,0.6979,21.1457
84674,a girl holds a baby eating a bagel with a boy standing next to them,"A woman sits indoors holding a small child who is eating a bagel or bread roll, while a young boy stands next to them facing the camera. The group appears to be in a restaurant, event space, or public indoor setting, with people and warm.","book, clock, couch, donut, person, tv",/Users/yixiaoz/Desktop/cs348k_proj/outputs/baseline_semantic_sparse/cfg_7p5/000000084674/target.png,/Users/yixiaoz/Desktop/cs348k_proj/outputs/baseline_semantic_sparse/cfg_7p5/000000084674/generated.png,sparse_text_only,1,7.5,20,0.8285,0.6362,21.2416
47112,A pizza served on a white plate next to empty wine glass and beer.,"A freshly baked pizza sits on a white plate on a restaurant table, with a glass of beer and an empty wine glass positioned behind it. The pizza has visible cheese and toppings, and the background contains tables, chairs, and restaurant décor. The low angle.","bottle, bowl, chair, dining table, knife, person, pizza, wine glass",/Users/yixiaoz/Desktop/cs348k_proj/outputs/baseline_semantic_sparse/cfg_7p5/000000047112/target.png,/Users/yixiaoz/Desktop/cs348k_proj/outputs/baseline_semantic_sparse/cfg_7p5/000000047112/generated.png,sparse_text_only,1,7.5,20,0.8017,0.6131,31.353
59598,"A table with a laptop a plate with a muffin and a banana, a can and a cellphone.","An open laptop sits on a table in a classroom, meeting room, or conference setting. Nearby are a plate with a muffin and banana, a soda can, a mobile phone, and other small items. In the background, a presentation screen or projector area is visible.","banana, cake, cell phone, chair, keyboard, laptop, mouse, person",/Users/yixiaoz/Desktop/cs348k_proj/outputs/baseline_semantic_sparse/cfg_7p5/000000059598/target.png,/Users/yixiaoz/Desktop/cs348k_proj/outputs/baseline_semantic_sparse/cfg_7p5/000000059598/generated.png,sparse_text_only,1,7.5,20,0.752,0.5298,28.4804
91779,Three hot dogs with different toppings lined up on a tabletop.,"Three hot dogs with different toppings are arranged side by side on a tray or tabletop. One appears topped with sauce or chili, another with bright red peppers, and the surrounding area contains side dishes, cups, and food wrappers. The close-up composition highlights the variety.","bowl, chair, cup, dining table, hot dog, sandwich",/Users/yixiaoz/Desktop/cs348k_proj/outputs/baseline_semantic_sparse/cfg_7p5/000000091779/target.png,/Users/yixiaoz/Desktop/cs348k_proj/outputs/baseline_semantic_sparse/cfg_7p5/000000091779/generated.png,sparse_text_only,1,7.5,20,0.7935,0.5734,33.4769
22892,"A cat sitting on a table next to plants and a dog outside of a sliding glass door, looking in.","A gray cat sits indoors on a table beside potted plants near a sliding glass door, while a dog stands outside looking in through the glass. The cat faces downward toward the plants, and the dog is visible beyond the door on a balcony or.","cat, chair, dining table, dog, potted plant",/Users/yixiaoz/Desktop/cs348k_proj/outputs/baseline_semantic_sparse/cfg_7p5/000000022892/target.png,/Users/yixiaoz/Desktop/cs348k_proj/outputs/baseline_semantic_sparse/cfg_7p5/000000022892/generated.png,sparse_text_only,1,7.5,20,0.7462,0.6043,28.782
97337,This is a nice living room set up with two couches and a television.,"A cozy living room contains two couches arranged around a coffee table facing a television. The television displays a map or graphic image, while lamps, curtains, and decorative furniture create a warm indoor atmosphere. The room appears tidy and comfortable, with soft lighting and a.","chair, couch, dining table, person, tv",/Users/yixiaoz/Desktop/cs348k_proj/outputs/baseline_semantic_sparse/cfg_7p5/000000097337/target.png,/Users/yixiaoz/Desktop/cs348k_proj/outputs/baseline_semantic_sparse/cfg_7p5/000000097337/generated.png,sparse_text_only,1,7.5,20,0.7393,0.5929,30.9598
10707,Man with video game controller in living room with onlooker seated nearby.,"Several people gather in a living room around a coffee table covered with drinks, snacks, and small items. One man stands holding a video game controller, while others sit nearby watching or participating. Sofas, warm lighting, and casual clothing create the feeling of a relaxed.","backpack, bottle, couch, cup, dining table, laptop, person, remote",/Users/yixiaoz/Desktop/cs348k_proj/outputs/baseline_semantic_sparse/cfg_7p5/000000010707/target.png,/Users/yixiaoz/Desktop/cs348k_proj/outputs/baseline_semantic_sparse/cfg_7p5/000000010707/generated.png,sparse_text_only,1,7.5,20,0.809,0.8017,22.7949
65288,A yellow and green object with a brown bird perched on top of it.,"An ornate yellow and green decorative structure sits in the foreground, with a small brown bird perched on its top edge. Behind it, a crowd of people gathers outdoors near tables, chairs, plants, and shaded areas, suggesting a plaza, café, or public gathering space. The.","backpack, bicycle, bird, chair, person, potted plant",/Users/yixiaoz/Desktop/cs348k_proj/outputs/baseline_semantic_sparse/cfg_7p5/000000065288/target.png,/Users/yixiaoz/Desktop/cs348k_proj/outputs/baseline_semantic_sparse/cfg_7p5/000000065288/generated.png,sparse_text_only,1,7.5,20,0.7784,0.7923,21.2884
116208,"A large pizza is shown on a table, with bottles and glasses of wine.","A large pizza topped with cheese, mushrooms, and other ingredients is placed on a raised stand at the center of a restaurant table. Wine bottles, glasses, plates, utensils, and small dishes surround it, suggesting a shared meal among several diners. The pizza is viewed from.","bottle, chair, cup, dining table, person, pizza, wine glass",/Users/yixiaoz/Desktop/cs348k_proj/outputs/baseline_semantic_sparse/cfg_7p5/000000116208/target.png,/Users/yixiaoz/Desktop/cs348k_proj/outputs/baseline_semantic_sparse/cfg_7p5/000000116208/generated.png,sparse_text_only,1,7.5,20,0.7698,0.5532,30.6997
74733,two flatbread pieces covered with different ingredients in between a flight of beers,"Two rectangular flatbread dishes topped with different ingredients are served on a wooden board beside a flight of beers. Several small glasses of beer, dipping containers, and additional drinkware are arranged around the food. The warm indoor lighting and tabletop presentation suggest a restaurant, pub.","chair, cup, dining table, person, pizza",/Users/yixiaoz/Desktop/cs348k_proj/outputs/baseline_semantic_sparse/cfg_7p5/000000074733/target.png,/Users/yixiaoz/Desktop/cs348k_proj/outputs/baseline_semantic_sparse/cfg_7p5/000000074733/generated.png,sparse_text_only,1,7.5,20,0.7937,0.7192,18.109
114907,"A woman holding a milking attachment and standing in front of a cow, with a group of people in the audience.","A woman stands beside a large dairy cow while demonstrating or holding a milking attachment in front of a seated audience. The cow is positioned behind a metal barrier, and many people watch attentively from the foreground. The scene appears to be part of an.","cow, person, truck",/Users/yixiaoz/Desktop/cs348k_proj/outputs/baseline_semantic_sparse/cfg_7p5/000000114907/target.png,/Users/yixiaoz/Desktop/cs348k_proj/outputs/baseline_semantic_sparse/cfg_7p5/000000114907/generated.png,sparse_text_only,1,7.5,20,0.7093,0.6599,20.3392
61333,The caramel-colored kitten is  lying on the small blanket on top of the unmade bed.,"An orange tabby kitten lies curled up on a small blanket placed on top of an unmade bed. The cat appears relaxed and sleepy, with its body tucked close and its head resting near the blanket. A bookshelf filled with books lines the background, adding.","bed, book, cat",/Users/yixiaoz/Desktop/cs348k_proj/outputs/baseline_semantic_sparse/cfg_7p5/000000061333/target.png,/Users/yixiaoz/Desktop/cs348k_proj/outputs/baseline_semantic_sparse/cfg_7p5/000000061333/generated.png,sparse_text_only,1,7.5,20,0.8361,0.5942,30.9843
18837,A large truck on a city street with two works sitting on top and one worker climbing in through door.,"A large green utility truck is parked on a city street while workers perform maintenance tasks around it. One worker appears to be on top of the vehicle, and another is climbing into or standing near the door. Cars, buildings, traffic signs, and urban infrastructure.","car, person, truck",/Users/yixiaoz/Desktop/cs348k_proj/outputs/baseline_semantic_sparse/cfg_7p5/000000018837/target.png,/Users/yixiaoz/Desktop/cs348k_proj/outputs/baseline_semantic_sparse/cfg_7p5/000000018837/generated.png,sparse_text_only,1,7.5,20,0.7623,0.7455,14.1326
9914,"A sandwich, french fries, bowl of ketchup, onion slice, lettuce slice, tomato slice, and knife sit on the white plate.","A sandwich meal is served on a white plate with French fries, a small bowl of ketchup, sliced onion, tomato, lettuce, and a knife. The sandwich bun is topped with sesame seeds, and the fries are piled beside it. The close-up view focuses on the.","bowl, dining table, hot dog, knife, sandwich",/Users/yixiaoz/Desktop/cs348k_proj/outputs/baseline_semantic_sparse/cfg_7p5/000000009914/target.png,/Users/yixiaoz/Desktop/cs348k_proj/outputs/baseline_semantic_sparse/cfg_7p5/000000009914/generated.png,sparse_text_only,1,7.5,20,0.7314,0.5973,27.3001
39477,A beach towel covers a TV across from plants on the wall and in front of the window.,"A compact living room features a couch facing a television, with several plants placed near the window and on the wall. Natural light enters through a large curtained window, brightening the small room. A low table, rug, wall decorations, and shelving create a tidy residential.","book, couch, potted plant, tv, vase",/Users/yixiaoz/Desktop/cs348k_proj/outputs/baseline_semantic_sparse/cfg_7p5/000000039477/target.png,/Users/yixiaoz/Desktop/cs348k_proj/outputs/baseline_semantic_sparse/cfg_7p5/000000039477/generated.png,sparse_text_only,1,7.5,20,0.7268,0.6254,30.0937
61108,A blue bicycle with a puppy in its basket is parked next to the bleacher steps.,"A blue bicycle is parked beside outdoor bleacher steps, with a small puppy sitting inside a basket attached to the front. The bicycle rests near concrete steps and railings, suggesting a sports field, park, or recreational area. The puppy sits securely in the basket and.","bench, bicycle, car, dog",/Users/yixiaoz/Desktop/cs348k_proj/outputs/baseline_semantic_sparse/cfg_7p5/000000061108/target.png,/Users/yixiaoz/Desktop/cs348k_proj/outputs/baseline_semantic_sparse/cfg_7p5/000000061108/generated.png,sparse_text_only,1,7.5,20,0.6516,0.5208,34.6337
91615,"A kitchen has light wooden colored cabinetry, beige countertops, and stainless steel appliances in an open concept house.","A clean modern kitchen features light wooden cabinets, beige countertops, stainless steel appliances, and a sink built into a central counter area. A microwave, oven, refrigerator, dishwasher, and decorative flowers are visible throughout the room. The space appears bright, organized, and open, with neutral colors.","book, bottle, bowl, cup, microwave, oven, sink, tv, vase",/Users/yixiaoz/Desktop/cs348k_proj/outputs/baseline_semantic_sparse/cfg_7p5/000000091615/target.png,/Users/yixiaoz/Desktop/cs348k_proj/outputs/baseline_semantic_sparse/cfg_7p5/000000091615/generated.png,sparse_text_only,1,7.5,20,0.7438,0.5468,27.7631
77396,A cat being lazy and a cat being nozy in a living room with tv and a laptop displaying the same things.,"Two cats are in a living room facing a television and a laptop displaying similar imagery. One cat stands upright near the television, appearing curious about the screen, while another cat lies on the floor nearby. The room contains a TV stand, small table, and.","book, cat, chair, dining table, laptop, remote, tv",/Users/yixiaoz/Desktop/cs348k_proj/outputs/baseline_semantic_sparse/cfg_7p5/000000077396/target.png,/Users/yixiaoz/Desktop/cs348k_proj/outputs/baseline_semantic_sparse/cfg_7p5/000000077396/generated.png,sparse_text_only,1,7.5,20,0.706,0.4995,34.001
119233,A cat sprawled out over the top of a laptop computer keyboard.,"A black-and-white cat sprawls across the keyboard area of an open laptop on a wooden desk or counter. The cat lies comfortably with its body stretched over the computer, partially blocking the screen and keyboard. Various household objects, office supplies, and plants are visible around.","bird, cat, cell phone, cup, laptop, spoon",/Users/yixiaoz/Desktop/cs348k_proj/outputs/baseline_semantic_sparse/cfg_7p5/000000119233/target.png,/Users/yixiaoz/Desktop/cs348k_proj/outputs/baseline_semantic_sparse/cfg_7p5/000000119233/generated.png,sparse_text_only,1,7.5,20,0.7631,0.6558,24.992
2431,"A table with a plate, wine-filled glass, and bread, among other items","A restaurant table is set with a plate, a wine-filled glass, bread, napkins, utensils, and other dining items. The objects are arranged closely together on a wooden surface, suggesting an ongoing or prepared meal. The image is framed from above and at a slight angle.","cup, dining table, knife, person, spoon, wine glass",/Users/yixiaoz/Desktop/cs348k_proj/outputs/baseline_semantic_sparse/cfg_7p5/000000002431/target.png,/Users/yixiaoz/Desktop/cs348k_proj/outputs/baseline_semantic_sparse/cfg_7p5/000000002431/generated.png,sparse_text_only,1,7.5,20,0.6987,0.7297,29.6967
56344,"Looking down at a desktop with two monitors, a key board, mouse and cell phones on it.","A desk workstation contains two large computer monitors positioned side by side, along with a keyboard, mouse, mobile phones, and several electronic accessories. The screens display different windows or web pages, and cables and devices are spread across the desktop. The space appears dimly lit.","cell phone, keyboard, mouse, remote, tv",/Users/yixiaoz/Desktop/cs348k_proj/outputs/baseline_semantic_sparse/cfg_7p5/000000056344/target.png,/Users/yixiaoz/Desktop/cs348k_proj/outputs/baseline_semantic_sparse/cfg_7p5/000000056344/generated.png,sparse_text_only,1,7.5,20,0.7782,0.6281,26.2408
54628,A tall multi layer cake sitting on top of a blue table cloth.,"A tall multi-layered decorative cake stands on a table covered with a blue tablecloth inside an elegant event venue. The cake is decorated with detailed patterns, flowers, and multiple tiers, making it the centerpiece of the room. Guests, tables, chairs, and chandeliers are visible in.","cake, chair, dining table, person, potted plant",/Users/yixiaoz/Desktop/cs348k_proj/outputs/baseline_semantic_sparse/cfg_7p5/000000054628/target.png,/Users/yixiaoz/Desktop/cs348k_proj/outputs/baseline_semantic_sparse/cfg_7p5/000000054628/generated.png,sparse_text_only,1,7.5,20,0.7305,0.757,15.3522
110999,"A painting of a bowl of fruit sitting in front of another painting,","A framed painting of a bowl of fruit hangs above a table where a real bowl of fruit and decorative objects are arranged below it. The dark background and warm lighting create a still-life atmosphere, connecting the artwork to the physical objects in front of.","apple, bowl, cup, fork, knife, orange, person, spoon",/Users/yixiaoz/Desktop/cs348k_proj/outputs/baseline_semantic_sparse/cfg_7p5/000000110999/target.png,/Users/yixiaoz/Desktop/cs348k_proj/outputs/baseline_semantic_sparse/cfg_7p5/000000110999/generated.png,sparse_text_only,1,7.5,20,0.7929,0.6426,26.0263
72795,a group of ball players playing on a field in front of an audience,"Baseball players are positioned on a field during a game while a large audience watches from the stadium seats. The batter stands near home plate, with the catcher and umpire crouched behind him and other players visible on the field. The scene is viewed from.","baseball bat, baseball glove, person",/Users/yixiaoz/Desktop/cs348k_proj/outputs/baseline_semantic_sparse/cfg_7p5/000000072795/target.png,/Users/yixiaoz/Desktop/cs348k_proj/outputs/baseline_semantic_sparse/cfg_7p5/000000072795/generated.png,sparse_text_only,1,7.5,20,0.7986,0.8488,21.5761
92091,A little girl is using the toy brush for a chew toy rather than brushing the teddy.,"A young girl wearing a bright pink dress stands inside a cozy room while holding a toy brush near a stuffed teddy bear. The room includes wooden walls, chairs, a television, artwork, and home furnishings. The child appears to be playing pretend, possibly brushing the.","boat, chair, couch, person, teddy bear, toothbrush, tv",/Users/yixiaoz/Desktop/cs348k_proj/outputs/baseline_semantic_sparse/cfg_7p5/000000092091/target.png,/Users/yixiaoz/Desktop/cs348k_proj/outputs/baseline_semantic_sparse/cfg_7p5/000000092091/generated.png,sparse_text_only,1,7.5,20,0.8153,0.6843,25.4736
108253,there are two plates of food and a beer in the middle of the table,"Two plates of food and a beer bottle are arranged on a restaurant table. The plates contain sandwiches, fries, and other side dishes, while condiments and utensils sit nearby. The bottle of beer stands prominently near the center of the table, suggesting a casual meal.","bottle, cup, dining table, fork, knife, person, pizza, spoon",/Users/yixiaoz/Desktop/cs348k_proj/outputs/baseline_semantic_sparse/cfg_7p5/000000108253/target.png,/Users/yixiaoz/Desktop/cs348k_proj/outputs/baseline_semantic_sparse/cfg_7p5/000000108253/generated.png,sparse_text_only,1,7.5,20,0.7848,0.6676,25.6322
80932,A little boy sits at a table in a restaurant eating a slice of pizza.,"A young boy sits at a restaurant table eating a large slice of pizza. He holds the pizza close to his mouth while leaning over a white plate, concentrating on the meal. Other diners and wooden booth seating are visible in the background, creating a.","chair, cup, dining table, fork, person, pizza",/Users/yixiaoz/Desktop/cs348k_proj/outputs/baseline_semantic_sparse/cfg_7p5/000000080932/target.png,/Users/yixiaoz/Desktop/cs348k_proj/outputs/baseline_semantic_sparse/cfg_7p5/000000080932/generated.png,sparse_text_only,1,7.5,20,0.7557,0.6638,25.3016
50811,A man in a suit sitting a table with an empty bowl and empty beer bottles.,A man wearing a gray suit jacket sits alone at a wooden dining table with an empty bowl and several empty beer bottles placed in front of him. He smiles toward the camera in a simple indoor setting with a plain light-colored background. The table.,"bottle, bowl, cell phone, dining table, person, remote, tie",/Users/yixiaoz/Desktop/cs348k_proj/outputs/baseline_semantic_sparse/cfg_7p5/000000050811/target.png,/Users/yixiaoz/Desktop/cs348k_proj/outputs/baseline_semantic_sparse/cfg_7p5/000000050811/generated.png,sparse_text_only,1,7.5,20,0.7475,0.7507,22.0696
13659,A man typing on a laptop keyboard in a cluttered work environment.,"Several people work in a busy, cluttered office environment filled with desks, laptops, papers, cardboard boxes, and electronic equipment. A man in the foreground sits at a desk typing on a laptop while wearing headphones, and other people work in the background. The room looks.","chair, cup, dining table, laptop, person, tv",/Users/yixiaoz/Desktop/cs348k_proj/outputs/baseline_semantic_sparse/cfg_7p5/000000013659/target.png,/Users/yixiaoz/Desktop/cs348k_proj/outputs/baseline_semantic_sparse/cfg_7p5/000000013659/generated.png,sparse_text_only,1,7.5,20,0.7012,0.5893,31.2618
26465,The opened  laptop is sitting on the table along with other technological tools.,"An open laptop sits on a white tabletop surrounded by small technological tools and accessories, including a smartphone, a pen, and a compact electronic device. The laptop screen shows a dark desktop with a bright reflection near the center. The arrangement is simple and sparse.","cell phone, chair, keyboard, laptop, person, remote",/Users/yixiaoz/Desktop/cs348k_proj/outputs/baseline_semantic_sparse/cfg_7p5/000000026465/target.png,/Users/yixiaoz/Desktop/cs348k_proj/outputs/baseline_semantic_sparse/cfg_7p5/000000026465/generated.png,sparse_text_only,1,7.5,20,0.7469,0.6251,26.9599
25096,A boy sitting in front of cake fashioned to look like a skateboard.,"A young boy wearing a blue sports jersey sits at a table looking down at a cake designed to resemble a skateboard. The cake is decorated with bright colors and small details, and the boy appears focused on it as if preparing to cut or.","chair, dining table, knife, person, skateboard, zebra",/Users/yixiaoz/Desktop/cs348k_proj/outputs/baseline_semantic_sparse/cfg_7p5/000000025096/target.png,/Users/yixiaoz/Desktop/cs348k_proj/outputs/baseline_semantic_sparse/cfg_7p5/000000025096/generated.png,sparse_text_only,1,7.5,20,0.723,0.7626,17.5532
26564,An office desk with a row of books and a desktop computer and laptop computer on the desk.,"An office desk is arranged with a desktop computer, laptop, keyboard, mouse, books, papers, and a row of binders or reference materials. The monitor displays a document or screen of text, and large windows brighten the workspace. The corner desk is compact but well equipped.","book, bottle, keyboard, laptop, mouse, tv",/Users/yixiaoz/Desktop/cs348k_proj/outputs/baseline_semantic_sparse/cfg_7p5/000000026564/target.png,/Users/yixiaoz/Desktop/cs348k_proj/outputs/baseline_semantic_sparse/cfg_7p5/000000026564/generated.png,sparse_text_only,1,7.5,20,0.7906,0.5329,29.9919
12670,A large crowd of people walking around while one owns a teddy bear.,"A large crowd of people walks and gathers in a busy outdoor public space, possibly a street, plaza, or festival area. The scene contains many individuals of different ages wearing colorful clothing, and one person appears to carry or hold a teddy bear among the.","backpack, cell phone, handbag, person, teddy bear",/Users/yixiaoz/Desktop/cs348k_proj/outputs/baseline_semantic_sparse/cfg_7p5/000000012670/target.png,/Users/yixiaoz/Desktop/cs348k_proj/outputs/baseline_semantic_sparse/cfg_7p5/000000012670/generated.png,sparse_text_only,1,7.5,20,0.7705,0.7596,24.3746
9400,Sever people are sitting next to each other while using laptops.,"Several people sit close together around a table while using laptop computers in a dimly lit indoor environment. Multiple screens glow in front of them, and drinks, cables, and computer accessories are spread across the table. The group appears to be collaborating, studying, or working.","cup, keyboard, laptop, mouse, person",/Users/yixiaoz/Desktop/cs348k_proj/outputs/baseline_semantic_sparse/cfg_7p5/000000009400/target.png,/Users/yixiaoz/Desktop/cs348k_proj/outputs/baseline_semantic_sparse/cfg_7p5/000000009400/generated.png,sparse_text_only,1,7.5,20,0.7894,0.7535,22.7065
92053,Three white dishes with three different sorts of food on them.,"Three white plates with different dishes are arranged on a restaurant table under warm, dim lighting. The food includes various items with sauces, sides, and garnishes, and a drink sits nearby. Utensils are placed on or beside the plates, suggesting the meal is in progress.","bowl, cup, dining table, donut, fork, knife, person, sandwich",/Users/yixiaoz/Desktop/cs348k_proj/outputs/baseline_semantic_sparse/cfg_7p5/000000092053/target.png,/Users/yixiaoz/Desktop/cs348k_proj/outputs/baseline_semantic_sparse/cfg_7p5/000000092053/generated.png,sparse_text_only,1,7.5,20,0.7697,0.6081,22.5473
74256,Two women standing in a train station looking at their phones.,"Two women stand together at an outdoor train station platform while looking down at their mobile phones. One woman wears a green scarf and dark clothing, while the other wears a patterned jacket. Train station signs, tracks, buildings, and platform structures appear in the background.","backpack, bus, cell phone, handbag, person, train",/Users/yixiaoz/Desktop/cs348k_proj/outputs/baseline_semantic_sparse/cfg_7p5/000000074256/target.png,/Users/yixiaoz/Desktop/cs348k_proj/outputs/baseline_semantic_sparse/cfg_7p5/000000074256/generated.png,sparse_text_only,1,7.5,20,0.6918,0.5689,28.1918
7818,An illuminated floral display forms the centerpiece of the arrangement in this close up of a dining room table setting.,"A small illuminated floral display sits at the center of a dining table arranged with plates, napkins, glasses, and formal place settings. The image is softly focused with the centerpiece and table surface highlighted against a darker background. The scene appears elegant and quiet, possibly.","chair, dining table, fork, knife, vase, wine glass",/Users/yixiaoz/Desktop/cs348k_proj/outputs/baseline_semantic_sparse/cfg_7p5/000000007818/target.png,/Users/yixiaoz/Desktop/cs348k_proj/outputs/baseline_semantic_sparse/cfg_7p5/000000007818/generated.png,sparse_text_only,1,7.5,20,0.7398,0.5699,27.0387
109313,A man holding a Wii game controller while standing in a living room.,"A man stands in a living room holding a Wii game controller while facing a television outside the frame. He wears casual clothes and stands among household items, toys, furniture, and a colorful floor mat. The room appears lived-in and informal, with a kitchen or.","book, couch, cup, person, remote",/Users/yixiaoz/Desktop/cs348k_proj/outputs/baseline_semantic_sparse/cfg_7p5/000000109313/target.png,/Users/yixiaoz/Desktop/cs348k_proj/outputs/baseline_semantic_sparse/cfg_7p5/000000109313/generated.png,sparse_text_only,1,7.5,20,0.7713,0.7465,17.7521
116439,A woman with a straw style hat sitting on a small row boat in the water and accessory items hanging behind her on the land area.,"A woman wearing a straw-style hat sits in a small wooden boat floating on water, surrounded by colorful fabrics and hanging accessories near the shoreline. The scene appears to take place in a riverside or floating market environment, with reflections on the water and goods.","boat, chair, handbag, person",/Users/yixiaoz/Desktop/cs348k_proj/outputs/baseline_semantic_sparse/cfg_7p5/000000116439/target.png,/Users/yixiaoz/Desktop/cs348k_proj/outputs/baseline_semantic_sparse/cfg_7p5/000000116439/generated.png,sparse_text_only,1,7.5,20,0.7297,0.7105,23.8531
11511,A sculpture of two women stting on a bench with their purses on the ground while people standing in a line behind them.,"A bronze sculpture of two women seated together on a bench is displayed in an outdoor public area. The figures sit close together with handbags or purses placed near their feet, and pedestrians stand or walk in the background. Strong light highlights the sculpture against.","bench, handbag, motorcycle, person",/Users/yixiaoz/Desktop/cs348k_proj/outputs/baseline_semantic_sparse/cfg_7p5/000000011511/target.png,/Users/yixiaoz/Desktop/cs348k_proj/outputs/baseline_semantic_sparse/cfg_7p5/000000011511/generated.png,sparse_text_only,1,7.5,20,0.6992,0.7308,22.7021
17714,A banana frittata next to a plate of decoratively cut fruit and a cup of coffee.,"A breakfast or brunch meal is arranged on a wooden table, including a banana frittata, a plate of decorative cut fruit, and a cup of coffee. Sunlight falls across the tabletop, casting shadows and giving the meal a bright morning feel. The dishes are neatly.","banana, cup, dining table, fork, knife, pizza, spoon",/Users/yixiaoz/Desktop/cs348k_proj/outputs/baseline_semantic_sparse/cfg_7p5/000000017714/target.png,/Users/yixiaoz/Desktop/cs348k_proj/outputs/baseline_semantic_sparse/cfg_7p5/000000017714/generated.png,sparse_text_only,1,7.5,20,0.7192,0.5932,28.3962
15335,"a young child, lady , and man sitting in a booth at a table","A young child sits in a restaurant booth between adults at a table, with plates, drinks, and food items visible in the dim interior. The child appears to be eating or touching their mouth, while the adults sit close on either side. Warm lighting and.","bowl, cell phone, couch, cup, person",/Users/yixiaoz/Desktop/cs348k_proj/outputs/baseline_semantic_sparse/cfg_7p5/000000015335/target.png,/Users/yixiaoz/Desktop/cs348k_proj/outputs/baseline_semantic_sparse/cfg_7p5/000000015335/generated.png,sparse_text_only,1,7.5,20,0.777,0.8705,16.4066
113589,"Two containers containing quiche, a salad, apples and a banana on the side.","A healthy prepared meal is arranged in two clear food containers and a small side area, including a slice of quiche, green salad, apple slices, and a banana. The food is neatly separated and photographed from above against a plain background. The composition emphasizes balanced.","apple, banana, bowl, pizza, sandwich",/Users/yixiaoz/Desktop/cs348k_proj/outputs/baseline_semantic_sparse/cfg_7p5/000000113589/target.png,/Users/yixiaoz/Desktop/cs348k_proj/outputs/baseline_semantic_sparse/cfg_7p5/000000113589/generated.png,sparse_text_only,1,7.5,20,0.8096,0.5747,27.546
1503,A picture of an iMac desktop next to a Mac laptop on a desk.,"An older Apple iMac desktop computer sits on a desk beside a Mac laptop and several computer accessories. A keyboard, mouse, speakers, and monitor are arranged across the workspace, creating a technology-focused setup. The desk is positioned near a window with blinds, and the white.","keyboard, laptop, mouse, tv",/Users/yixiaoz/Desktop/cs348k_proj/outputs/baseline_semantic_sparse/cfg_7p5/000000001503/target.png,/Users/yixiaoz/Desktop/cs348k_proj/outputs/baseline_semantic_sparse/cfg_7p5/000000001503/generated.png,sparse_text_only,1,7.5,20,0.7098,0.6946,27.7064
88848,"Multiple pictures of fire hydrants, a woman standing near a tree, and people posing in front of a boat.","A collage of multiple photographs shows several yellow fire hydrants, a woman standing near a tree, and people posing in front of a boat or outdoor landmark. The images are arranged together in a grid-like layout, combining different scenes into one visual composition. The subject.","backpack, boat, fire hydrant, handbag, person",/Users/yixiaoz/Desktop/cs348k_proj/outputs/baseline_semantic_sparse/cfg_7p5/000000088848/target.png,/Users/yixiaoz/Desktop/cs348k_proj/outputs/baseline_semantic_sparse/cfg_7p5/000000088848/generated.png,sparse_text_only,1,7.5,20,0.7952,0.6829,26.6563
6471,A man at bat waiting for a pitch with a catcher and umpire behind him and players from the opposing team in the dugout.,"A baseball player in a white uniform stands at home plate holding a bat while waiting for a pitch. A catcher and umpire crouch behind him, and members of the opposing team sit in the dugout watching the play. The green field and stadium seating.","baseball bat, baseball glove, bench, bottle, person",/Users/yixiaoz/Desktop/cs348k_proj/outputs/baseline_semantic_sparse/cfg_7p5/000000006471/target.png,/Users/yixiaoz/Desktop/cs348k_proj/outputs/baseline_semantic_sparse/cfg_7p5/000000006471/generated.png,sparse_text_only,1,7.5,20,0.7263,0.699,24.7501
92660,An unbaked pizza with cheese and herbs on one half and broccoli on the second.,"An uncooked pizza topped with cheese, herbs, and broccoli sits on a round baking tray or pan. One half of the pizza appears more heavily covered with broccoli, while the other has more cheese and herbs exposed. The crust and toppings are clearly visible from.","bottle, broccoli, cup, pizza",/Users/yixiaoz/Desktop/cs348k_proj/outputs/baseline_semantic_sparse/cfg_7p5/000000092660/target.png,/Users/yixiaoz/Desktop/cs348k_proj/outputs/baseline_semantic_sparse/cfg_7p5/000000092660/generated.png,sparse_text_only,1,7.5,20,0.7562,0.4317,30.9606
105335,"A bowl of stew in a white bowl, being held by a person.","A bowl of stew in a white dish is being held by a person, with pieces of vegetables and meat visible in a warm broth. The stew contains colorful ingredients such as carrots, potatoes, and chunks of protein. The close-up framing focuses on the food.","bowl, broccoli, carrot, person",/Users/yixiaoz/Desktop/cs348k_proj/outputs/baseline_semantic_sparse/cfg_7p5/000000105335/target.png,/Users/yixiaoz/Desktop/cs348k_proj/outputs/baseline_semantic_sparse/cfg_7p5/000000105335/generated.png,sparse_text_only,1,7.5,20,0.8735,0.7293,23.164
117719,A man sits at a bar in front of dozens of bottles of alcohol.,"A man stands behind a warmly lit bar surrounded by dozens of bottles of alcohol arranged on shelves. The bar interior features dark wood, glowing lights, glassware, and a cozy pub-like atmosphere. The bartender or customer is partly silhouetted against the illuminated bottles, creating a.","bottle, cup, person, wine glass",/Users/yixiaoz/Desktop/cs348k_proj/outputs/baseline_semantic_sparse/cfg_7p5/000000117719/target.png,/Users/yixiaoz/Desktop/cs348k_proj/outputs/baseline_semantic_sparse/cfg_7p5/000000117719/generated.png,sparse_text_only,1,7.5,20,0.7895,0.8181,20.4924
82085,A brightly colored train is stopped on the tracks to let passengers on.,"A brightly colored passenger train is stopped on railway tracks beside a platform, allowing passengers to board or exit. The train has yellow, blue, and red sections, and people stand nearby along the track area. Buildings, vegetation, and station infrastructure surround the scene. The image.","person, train",/Users/yixiaoz/Desktop/cs348k_proj/outputs/baseline_semantic_sparse/cfg_7p5/000000082085/target.png,/Users/yixiaoz/Desktop/cs348k_proj/outputs/baseline_semantic_sparse/cfg_7p5/000000082085/generated.png,sparse_text_only,1,7.5,20,0.7031,0.5859,25.4529
70048,"A glass of wine sits next to a bowl of soup, salad, and a plate with a sandwich.","A restaurant meal is arranged on a table, including a glass of wine, a bowl of soup, a green salad, and a sandwich served on a round bread roll. Condiments, utensils, napkins, and additional dining items sit nearby. The overhead view emphasizes the variety and.","bowl, cup, dining table, sandwich, wine glass",/Users/yixiaoz/Desktop/cs348k_proj/outputs/baseline_semantic_sparse/cfg_7p5/000000070048/target.png,/Users/yixiaoz/Desktop/cs348k_proj/outputs/baseline_semantic_sparse/cfg_7p5/000000070048/generated.png,sparse_text_only,1,7.5,20,0.7548,0.6899,26.1703
3845,A dinner plate that has white steamed rice with stir fry vegetables and chicken.,A large dinner plate holds a mound of white steamed rice next to stir-fried vegetables and pieces of chicken in a colorful sauce. The food is arranged on a patterned plate and viewed from above on a wooden table. The bright vegetables and sauce contrast.,"broccoli, carrot, cup, dining table, fork, spoon",/Users/yixiaoz/Desktop/cs348k_proj/outputs/baseline_semantic_sparse/cfg_7p5/000000003845/target.png,/Users/yixiaoz/Desktop/cs348k_proj/outputs/baseline_semantic_sparse/cfg_7p5/000000003845/generated.png,sparse_text_only,1,7.5,20,0.7414,0.5627,22.3938
92939,a man and female standing side by side with a cake cutter in their hand,"A smiling man and woman stand side by side beside a small decorated cake, holding a cake knife together. The woman wears a light-colored strapless dress and the man wears a white shirt, suggesting a wedding, anniversary, or celebratory event. Palm trees and outdoor lighting.","cake, chair, cup, knife, person, wine glass",/Users/yixiaoz/Desktop/cs348k_proj/outputs/baseline_semantic_sparse/cfg_7p5/000000092939/target.png,/Users/yixiaoz/Desktop/cs348k_proj/outputs/baseline_semantic_sparse/cfg_7p5/000000092939/generated.png,sparse_text_only,1,7.5,20,0.7563,0.7436,17.1499
1268,A waterway under a bridge with people sitting down and a woman taking a photo.,"People sit and relax under a large bridge beside a waterfront, with sunlight reflecting brightly off the water. A woman stands in the foreground taking a photograph, while several people sit along the edge facing the river. The bridge structure forms a strong curved frame.","backpack, bird, boat, cell phone, handbag, person",/Users/yixiaoz/Desktop/cs348k_proj/outputs/baseline_semantic_sparse/cfg_7p5/000000001268/target.png,/Users/yixiaoz/Desktop/cs348k_proj/outputs/baseline_semantic_sparse/cfg_7p5/000000001268/generated.png,sparse_text_only,1,7.5,20,0.7719,0.6482,23.2226
33221,Two women at a beach with tennis rackets in their hands and one girl looking very excited with her tennis racket in the air.,"Two women stand on a sandy beach holding tennis rackets while people walk nearby in the background. One woman raises her racket enthusiastically above her head, while the other stands beside her wearing a hood or scarf. The beach, distant hills, flags, and open sky.","car, handbag, person, tennis racket, truck",/Users/yixiaoz/Desktop/cs348k_proj/outputs/baseline_semantic_sparse/cfg_7p5/000000033221/target.png,/Users/yixiaoz/Desktop/cs348k_proj/outputs/baseline_semantic_sparse/cfg_7p5/000000033221/generated.png,sparse_text_only,1,7.5,20,0.7335,0.6501,17.0736
68409,School boys sit cross legged in front of a chalkboard sign in a vintage black and white photo.,A vintage black-and-white photograph shows a group of schoolboys sitting cross-legged in a row in front of a chalkboard sign. The boys wear similar school uniforms and pose formally for the camera outdoors. Trees and a simple background are visible behind them. The image has.,"person, tie",/Users/yixiaoz/Desktop/cs348k_proj/outputs/baseline_semantic_sparse/cfg_7p5/000000068409/target.png,/Users/yixiaoz/Desktop/cs348k_proj/outputs/baseline_semantic_sparse/cfg_7p5/000000068409/generated.png,sparse_text_only,1,7.5,20,0.8009,0.8869,11.1706
78170,"PASSENGER TRAIN IN THE NIGHT HOURS WITH NO SMOKING SIGN, AND TWO WOMEN","A black-and-white nighttime image shows passengers visible through the windows of a train car. A no-smoking sign and interior lights can be seen inside, while reflections and shadows create a dramatic atmosphere. Two women or passengers are visible near separate windows, framed by the train.","bottle, cell phone, chair, handbag, person, train",/Users/yixiaoz/Desktop/cs348k_proj/outputs/baseline_semantic_sparse/cfg_7p5/000000078170/target.png,/Users/yixiaoz/Desktop/cs348k_proj/outputs/baseline_semantic_sparse/cfg_7p5/000000078170/generated.png,sparse_text_only,1,7.5,20,0.7015,0.6374,19.5974
62554,a plate of broccoli on a table next to some other plates of food,"A plate or bowl of broccoli sits on a table next to other plates of food, including pasta or noodles and additional dishes in the background. The broccoli is bright green and placed prominently in the foreground, while the other foods are slightly out of.","bowl, broccoli, dining table, fork",/Users/yixiaoz/Desktop/cs348k_proj/outputs/baseline_semantic_sparse/cfg_7p5/000000062554/target.png,/Users/yixiaoz/Desktop/cs348k_proj/outputs/baseline_semantic_sparse/cfg_7p5/000000062554/generated.png,sparse_text_only,1,7.5,20,0.8533,0.5286,34.3003
58539,"A man in a red hat, suit, and blue striped tie walks past two other men on a street.","A man wearing a bright red hat, dark suit, and blue striped tie walks along a city street while other men and pedestrians stand nearby. Cars, buildings, and urban activity fill the background. The red hat makes the man stand out clearly from the crowd.","car, person, tie",/Users/yixiaoz/Desktop/cs348k_proj/outputs/baseline_semantic_sparse/cfg_7p5/000000058539/target.png,/Users/yixiaoz/Desktop/cs348k_proj/outputs/baseline_semantic_sparse/cfg_7p5/000000058539/generated.png,sparse_text_only,1,7.5,20,0.7039,0.6579,26.0517
46031,A small tablet computer next to a larger monitor and keyboard.,"A laptop computer sits on a small desk beside a larger external monitor, keyboard, mouse, speakers, and other electronic devices. The laptop and monitor display green leaf or plant imagery, creating a matching visual theme across the screens. The desk is placed near a window.","cell phone, keyboard, laptop, mouse, tv",/Users/yixiaoz/Desktop/cs348k_proj/outputs/baseline_semantic_sparse/cfg_7p5/000000046031/target.png,/Users/yixiaoz/Desktop/cs348k_proj/outputs/baseline_semantic_sparse/cfg_7p5/000000046031/generated.png,sparse_text_only,1,7.5,20,0.8452,0.61,28.5901
9891,The man is loading luggage suitcases onto the cart in the parking lot.,"A man loads luggage and suitcases onto a metal cart in a parking lot filled with vehicles. He bends over while handling the bags beside a parked car, suggesting travel, airport transport, or hotel arrival. Other cars and a parking garage or covered structure are.","backpack, car, person, suitcase, tie",/Users/yixiaoz/Desktop/cs348k_proj/outputs/baseline_semantic_sparse/cfg_7p5/000000009891/target.png,/Users/yixiaoz/Desktop/cs348k_proj/outputs/baseline_semantic_sparse/cfg_7p5/000000009891/generated.png,sparse_text_only,1,7.5,20,0.7142,0.693,26.4959
37777,The dining table near the kitchen has a bowl of fruit on it.,"A bright open kitchen and dining area features wooden cabinets, white appliances, tiled flooring, and a small table with a bowl of fruit on top. Sunlight enters through windows and illuminates the clean interior. The kitchen includes counters, a refrigerator, stove, and cabinets arranged along.","banana, chair, dining table, orange, oven, potted plant, refrigerator, sink",/Users/yixiaoz/Desktop/cs348k_proj/outputs/baseline_semantic_sparse/cfg_7p5/000000037777/target.png,/Users/yixiaoz/Desktop/cs348k_proj/outputs/baseline_semantic_sparse/cfg_7p5/000000037777/generated.png,sparse_text_only,1,7.5,20,0.7778,0.6548,30.5174
65350,"Two young people are skateboarding on the ramp, trying to pull off tricks.","Two young people are skateboarding on a skate park ramp while attempting tricks. One skater lies or slides on the ramp with a skateboard nearby, while another stands or moves close by. Other people and bicycles are visible in the background near concrete walls. The.","backpack, bicycle, car, person, skateboard",/Users/yixiaoz/Desktop/cs348k_proj/outputs/baseline_semantic_sparse/cfg_7p5/000000065350/target.png,/Users/yixiaoz/Desktop/cs348k_proj/outputs/baseline_semantic_sparse/cfg_7p5/000000065350/generated.png,sparse_text_only,1,7.5,20,0.7172,0.6609,17.3594
48396,A woman in a tan sweater holding a knife by a young boy in a plaid shirt.,"A woman wearing a tan or light-colored sweater stands beside a young boy in a plaid shirt near a table with cups and food items. The woman holds a knife, possibly preparing to cut or serve something. Both subjects face the camera in an indoor.","cake, chair, cup, dining table, knife, person",/Users/yixiaoz/Desktop/cs348k_proj/outputs/baseline_semantic_sparse/cfg_7p5/000000048396/target.png,/Users/yixiaoz/Desktop/cs348k_proj/outputs/baseline_semantic_sparse/cfg_7p5/000000048396/generated.png,sparse_text_only,1,7.5,20,0.768,0.6828,23.0862
117908,A man looking in the refrigerator with a cat also looking inside,"A man bends over and looks inside an open refrigerator while a cat stands nearby also peering into the fridge. Food, bottles, and containers are visible on the refrigerator shelves, and the cat appears curious about the contents. The warm indoor lighting and humorous interaction.","bottle, cat, person, refrigerator",/Users/yixiaoz/Desktop/cs348k_proj/outputs/baseline_semantic_sparse/cfg_7p5/000000117908/target.png,/Users/yixiaoz/Desktop/cs348k_proj/outputs/baseline_semantic_sparse/cfg_7p5/000000117908/generated.png,sparse_text_only,1,7.5,20,0.7414,0.6602,35.5344
97994,Three laptop computers and a desktop computer sit next to each other.,"Three laptop computers and a desktop workstation are arranged together on a desk in a compact home office or technical workspace. Several screens, keyboards, cables, and electronic accessories fill the tabletop, suggesting multitasking or computer-intensive work. A microphone or lamp stands near the setup, and.","book, bottle, clock, cup, keyboard, laptop, mouse, tv",/Users/yixiaoz/Desktop/cs348k_proj/outputs/baseline_semantic_sparse/cfg_7p5/000000097994/target.png,/Users/yixiaoz/Desktop/cs348k_proj/outputs/baseline_semantic_sparse/cfg_7p5/000000097994/generated.png,sparse_text_only,1,7.5,20,0.718,0.572,25.5537
30785,A plate filled with a bowl of vegetables and two slices of bread with a spread on them.,"A plate holds a healthy meal consisting of a bowl of green vegetables, slices of bread topped with a spread, and additional fresh ingredients. The food is arranged neatly on a wooden table, with the bowl and bread sharing the plate. The overhead view emphasizes.","bowl, broccoli, dining table, sandwich",/Users/yixiaoz/Desktop/cs348k_proj/outputs/baseline_semantic_sparse/cfg_7p5/000000030785/target.png,/Users/yixiaoz/Desktop/cs348k_proj/outputs/baseline_semantic_sparse/cfg_7p5/000000030785/generated.png,sparse_text_only,1,7.5,20,0.7862,0.5132,33.1899
76547,a male in a white shirt a bicycle and an orange and white train,"A man wearing a light-colored shirt sits at a table on a railway station platform near a parked bicycle. An orange and white passenger train is stopped alongside the platform, while overhead signs, metal beams, and station infrastructure extend into the background. The scene captures.","backpack, bench, bicycle, chair, dining table, laptop, person, tie, traffic light, train",/Users/yixiaoz/Desktop/cs348k_proj/outputs/baseline_semantic_sparse/cfg_7p5/000000076547/target.png,/Users/yixiaoz/Desktop/cs348k_proj/outputs/baseline_semantic_sparse/cfg_7p5/000000076547/generated.png,sparse_text_only,1,7.5,20,0.6633,0.5928,21.3064
116362,A small bowl filled with chopped vegetables and spoon,"A bowl filled with chopped fruit pieces sits on a wooden table with a spoon resting inside. The food appears freshly prepared, with colorful slices arranged casually in the bowl. The photograph is taken from above, focusing closely on the meal while leaving the surrounding.","apple, bowl, carrot, dining table, spoon",/Users/yixiaoz/Desktop/cs348k_proj/outputs/baseline_semantic_sparse/cfg_7p5/000000116362/target.png,/Users/yixiaoz/Desktop/cs348k_proj/outputs/baseline_semantic_sparse/cfg_7p5/000000116362/generated.png,sparse_text_only,1,7.5,20,0.7654,0.6595,24.9517
22371,A man in thought sitting in front of a laptop with a pen in his hand.,"A businessman sits at a desk in front of an open laptop computer while holding a pen and resting his head on one hand. He appears thoughtful and focused, possibly reviewing information or planning a project. The clean office setting includes a desk surface and.","book, laptop, person, tie",/Users/yixiaoz/Desktop/cs348k_proj/outputs/baseline_semantic_sparse/cfg_7p5/000000022371/target.png,/Users/yixiaoz/Desktop/cs348k_proj/outputs/baseline_semantic_sparse/cfg_7p5/000000022371/generated.png,sparse_text_only,1,7.5,20,0.789,0.7591,25.2579
69224,A man and woman eating doughnuts out of a box at a coffee shop.,"A man and woman sit together at a table inside a café or coffee shop while sharing food from a box. Drinks, containers, and personal belongings are spread across the table. The pair appear engaged in conversation as they eat, creating a friendly and relaxed.","bottle, chair, dining table, donut, person",/Users/yixiaoz/Desktop/cs348k_proj/outputs/baseline_semantic_sparse/cfg_7p5/000000069224/target.png,/Users/yixiaoz/Desktop/cs348k_proj/outputs/baseline_semantic_sparse/cfg_7p5/000000069224/generated.png,sparse_text_only,1,7.5,20,0.7618,0.7564,27.0955
16249,It sure is a beautiful day to sit outside and read the paper.,"An older man sits outdoors on a bench reading a newspaper while enjoying a pleasant day in a public area. Several other people sit or stand nearby, creating a relaxed community setting. Sunlight illuminates the scene, and the man appears absorbed in reading while the.","backpack, bench, chair, person",/Users/yixiaoz/Desktop/cs348k_proj/outputs/baseline_semantic_sparse/cfg_7p5/000000016249/target.png,/Users/yixiaoz/Desktop/cs348k_proj/outputs/baseline_semantic_sparse/cfg_7p5/000000016249/generated.png,sparse_text_only,1,7.5,20,0.6624,0.6707,26.353
85157,A group of people sitting around a table have a meal and a drink.,"A group of people sit around a restaurant table sharing food and drinks. Plates, glasses, and table settings fill the dining area while the diners converse with one another. The gathering appears social and informal, with participants enjoying a meal together in a warm indoor.","bowl, chair, cup, dining table, fork, person, pizza",/Users/yixiaoz/Desktop/cs348k_proj/outputs/baseline_semantic_sparse/cfg_7p5/000000085157/target.png,/Users/yixiaoz/Desktop/cs348k_proj/outputs/baseline_semantic_sparse/cfg_7p5/000000085157/generated.png,sparse_text_only,1,7.5,20,0.775,0.7061,28.2505
20571,A tugboat sits beside a ferry on placid water with a mountain in the distance.,"Several fishing boats are docked beside a harbor on calm water, with hills or mountains visible in the distance. Ropes, masts, and harbor equipment line the waterfront while the boats rest quietly along the dock. The scene reflects a working maritime environment and highlights the.","boat, handbag, person",/Users/yixiaoz/Desktop/cs348k_proj/outputs/baseline_semantic_sparse/cfg_7p5/000000020571/target.png,/Users/yixiaoz/Desktop/cs348k_proj/outputs/baseline_semantic_sparse/cfg_7p5/000000020571/generated.png,sparse_text_only,1,7.5,20,0.7189,0.7036,19.9348
84362,A toddler and cat are in a living room with open curtains.,"A toddler and a cat occupy a cozy living room illuminated by daylight coming through large windows with open curtains. Sofas and chairs surround the room, while the child sits or plays near the center of the space. The cat relaxes nearby, contributing to the.","cat, chair, couch, person, remote, truck, tv",/Users/yixiaoz/Desktop/cs348k_proj/outputs/baseline_semantic_sparse/cfg_7p5/000000084362/target.png,/Users/yixiaoz/Desktop/cs348k_proj/outputs/baseline_semantic_sparse/cfg_7p5/000000084362/generated.png,sparse_text_only,1,7.5,20,0.7379,0.711,28.5698
62808,Man photographing a fresh pizza his tired buddy just wants to eat,"A freshly baked pizza sits on a table in a restaurant while one man photographs it with a camera or phone. Another man sits nearby waiting to eat, looking toward the meal. Plates and dining items surround the pizza, suggesting the meal is about to.","bottle, cell phone, chair, dining table, knife, person, pizza",/Users/yixiaoz/Desktop/cs348k_proj/outputs/baseline_semantic_sparse/cfg_7p5/000000062808/target.png,/Users/yixiaoz/Desktop/cs348k_proj/outputs/baseline_semantic_sparse/cfg_7p5/000000062808/generated.png,sparse_text_only,1,7.5,20,0.7929,0.5493,29.5754
106235,A living room featuring a comfortable seating arrangement of chairs and tables.,"A comfortable living room features sofas, armchairs, lamps, and a coffee table arranged around a central seating area. Warm lighting and decorative furnishings create a welcoming atmosphere. The room appears carefully organized for relaxation and conversation, with furniture positioned to encourage social interaction. Soft colors.","chair, couch, dining table, potted plant, remote",/Users/yixiaoz/Desktop/cs348k_proj/outputs/baseline_semantic_sparse/cfg_7p5/000000106235/target.png,/Users/yixiaoz/Desktop/cs348k_proj/outputs/baseline_semantic_sparse/cfg_7p5/000000106235/generated.png,sparse_text_only,1,7.5,20,0.7792,0.6016,28.9289
117425,A young boy with a spoon looking at a birthday cupcake.,"A young child sits at a wooden table while looking closely at a small birthday cupcake decorated with a candle. The toddler appears curious and fascinated by the treat positioned directly in front of them. An adult stands nearby, partially visible, supervising the moment. Warm.","cake, cup, dining table, person, spoon",/Users/yixiaoz/Desktop/cs348k_proj/outputs/baseline_semantic_sparse/cfg_7p5/000000117425/target.png,/Users/yixiaoz/Desktop/cs348k_proj/outputs/baseline_semantic_sparse/cfg_7p5/000000117425/generated.png,sparse_text_only,1,7.5,20,0.7482,0.7333,22.999
100624,A girl is standing by a storefront while talking on her phone.,"A young woman stands on a city sidewalk at night while talking on her mobile phone. Storefront windows, streetlights, and blurred city lights illuminate the background, creating an urban evening atmosphere. She appears focused on her conversation while standing near a shop entrance. The image.","backpack, car, cell phone, person",/Users/yixiaoz/Desktop/cs348k_proj/outputs/baseline_semantic_sparse/cfg_7p5/000000100624/target.png,/Users/yixiaoz/Desktop/cs348k_proj/outputs/baseline_semantic_sparse/cfg_7p5/000000100624/generated.png,sparse_text_only,1,7.5,20,0.7562,0.6825,15.192
24243,"Two ladies seated with cups of drinks, one smoking while the other seated inside a fridge",Two women sit near a storefront or street-side seating area while holding drinks. One woman smokes a cigarette while the other sits inside a display-like enclosure resembling a refrigerator or booth. The unusual arrangement creates an eye-catching urban scene. Pedestrians and city elements appear in.,"cup, person, refrigerator",/Users/yixiaoz/Desktop/cs348k_proj/outputs/baseline_semantic_sparse/cfg_7p5/000000024243/target.png,/Users/yixiaoz/Desktop/cs348k_proj/outputs/baseline_semantic_sparse/cfg_7p5/000000024243/generated.png,sparse_text_only,1,7.5,20,0.7655,0.8053,19.4116
31296,"A group of people, some in leftover US army clothing, sit at tables in a large dining room.","A large group of people gather around tables inside a spacious dining room decorated with military memorabilia and clothing. The diners appear engaged in conversation while sharing food and drinks. Wooden floors, warm lighting, and the arrangement of tables create a communal atmosphere. The image.","bottle, cell phone, chair, clock, cup, dining table, person, tie",/Users/yixiaoz/Desktop/cs348k_proj/outputs/baseline_semantic_sparse/cfg_7p5/000000031296/target.png,/Users/yixiaoz/Desktop/cs348k_proj/outputs/baseline_semantic_sparse/cfg_7p5/000000031296/generated.png,sparse_text_only,1,7.5,20,0.7308,0.7617,19.1529
40083,a vintage photo of some people sitting under an umbrella,"This black-and-white photograph shows several people seated beneath a large umbrella beside a street or outdoor market area. Tables, chairs, and nearby structures suggest a casual public gathering place. The monochrome presentation gives the image a vintage appearance, emphasizing everyday social activity and street life.","bicycle, bottle, car, chair, person, umbrella",/Users/yixiaoz/Desktop/cs348k_proj/outputs/baseline_semantic_sparse/cfg_7p5/000000040083/target.png,/Users/yixiaoz/Desktop/cs348k_proj/outputs/baseline_semantic_sparse/cfg_7p5/000000040083/generated.png,sparse_text_only,1,7.5,20,0.668,0.6624,20.6685
36936,A man and woman sitting on a couch playing a video game.,"A man and woman sit together on a couch in a living room while playing a video game. A television displays the game in front of them, and snacks or drinks are visible on nearby tables. The indoor setting feels comfortable and informal, with warm.","book, bowl, cell phone, couch, cup, person, potted plant, remote, tv",/Users/yixiaoz/Desktop/cs348k_proj/outputs/baseline_semantic_sparse/cfg_7p5/000000036936/target.png,/Users/yixiaoz/Desktop/cs348k_proj/outputs/baseline_semantic_sparse/cfg_7p5/000000036936/generated.png,sparse_text_only,1,7.5,20,0.8091,0.803,22.5088
18150,A man with a receding hairline offers a slice of pizza to a toddler.,"A man with a receding hairline offers a slice of pizza to a young child seated nearby. The pair appear engaged in a friendly interaction, with the child focusing on the food being presented. The indoor setting suggests a casual family meal or gathering. The.","backpack, bottle, couch, person, pizza",/Users/yixiaoz/Desktop/cs348k_proj/outputs/baseline_semantic_sparse/cfg_7p5/000000018150/target.png,/Users/yixiaoz/Desktop/cs348k_proj/outputs/baseline_semantic_sparse/cfg_7p5/000000018150/generated.png,sparse_text_only,1,7.5,20,0.7371,0.6924,26.0868
115870,Some people hanging around in a living room with a big couch.,Several people relax in a spacious living room centered around a large couch and coffee table. Some sit while others stand and converse near large windows that bring natural light into the room. Household decorations and comfortable furniture create a welcoming atmosphere. The scene captures.,"book, cell phone, couch, cup, person, potted plant",/Users/yixiaoz/Desktop/cs348k_proj/outputs/baseline_semantic_sparse/cfg_7p5/000000115870/target.png,/Users/yixiaoz/Desktop/cs348k_proj/outputs/baseline_semantic_sparse/cfg_7p5/000000115870/generated.png,sparse_text_only,1,7.5,20,0.7445,0.7946,23.5577
32901,Four men are standing together behind a group of red chairs.,"Four men stand together behind a row of red chairs in an indoor event or meeting room. They smile toward the camera and appear dressed in semi-formal attire, suggesting a gathering, celebration, or professional occasion. The composition resembles a group portrait, with the individuals positioned.","bottle, chair, cup, dining table, person, tie, wine glass",/Users/yixiaoz/Desktop/cs348k_proj/outputs/baseline_semantic_sparse/cfg_7p5/000000032901/target.png,/Users/yixiaoz/Desktop/cs348k_proj/outputs/baseline_semantic_sparse/cfg_7p5/000000032901/generated.png,sparse_text_only,1,7.5,20,0.7678,0.8373,15.7408
25560,A cat perches on top of an entertainment center in front of a TV.,"A cat perches on top of an entertainment center directly in front of a television screen. The television displays a person on screen, while the cat appears more interested in the elevated resting spot than the program itself. Household electronics and furniture surround the scene.","cat, cup, person, tv",/Users/yixiaoz/Desktop/cs348k_proj/outputs/baseline_semantic_sparse/cfg_7p5/000000025560/target.png,/Users/yixiaoz/Desktop/cs348k_proj/outputs/baseline_semantic_sparse/cfg_7p5/000000025560/generated.png,sparse_text_only,1,7.5,20,0.8443,0.6959,26.5784
115245,Several suitcases on wheels leaning up against one long table with chairs.,"Several suitcases of different sizes stand upright beside a long table and a row of chairs in what appears to be a waiting area or meeting room. The luggage is grouped together on a polished wooden floor, suggesting recent travel, arrival, or preparation for departure.","backpack, chair, handbag, person, suitcase",/Users/yixiaoz/Desktop/cs348k_proj/outputs/baseline_semantic_sparse/cfg_7p5/000000115245/target.png,/Users/yixiaoz/Desktop/cs348k_proj/outputs/baseline_semantic_sparse/cfg_7p5/000000115245/generated.png,sparse_text_only,1,7.5,20,0.7608,0.7284,24.2581
5001,A group of people holding a large pair of scissors to a ribbon.,"A crowd of adults and children gather around a ceremonial ribbon-cutting event. Several people smile and pose while a large pair of scissors is used to cut a ribbon stretched across the foreground. Balloons, cameras, and excited expressions contribute to the celebratory atmosphere. The gathering.","bicycle, handbag, person, scissors",/Users/yixiaoz/Desktop/cs348k_proj/outputs/baseline_semantic_sparse/cfg_7p5/000000005001/target.png,/Users/yixiaoz/Desktop/cs348k_proj/outputs/baseline_semantic_sparse/cfg_7p5/000000005001/generated.png,sparse_text_only,1,7.5,20,0.7096,0.7808,11.4963
3934,A young girl in the foreground and a woman in a bridal dress and other adults in the background.,"A young girl wearing a light-colored dress stands in the foreground of a living room while adults gather in the background. Motion blur gives the impression of movement and activity throughout the room. Furniture, decorations, and warm indoor lighting create a family-oriented atmosphere. The scene.","couch, cup, person, remote, wine glass",/Users/yixiaoz/Desktop/cs348k_proj/outputs/baseline_semantic_sparse/cfg_7p5/000000003934/target.png,/Users/yixiaoz/Desktop/cs348k_proj/outputs/baseline_semantic_sparse/cfg_7p5/000000003934/generated.png,sparse_text_only,1,7.5,20,0.7603,0.7024,20.1513
91500,Two kids hanging out playing video games on folding chairs.,"Two young men sit on folding chairs while playing a video game together indoors. Each player holds a game controller and focuses on an off-camera television or display. The room contains tables, chairs, and household furnishings that suggest a casual social gathering. Their relaxed posture.","bottle, bowl, chair, cup, dining table, person, pizza, remote, sink",/Users/yixiaoz/Desktop/cs348k_proj/outputs/baseline_semantic_sparse/cfg_7p5/000000091500/target.png,/Users/yixiaoz/Desktop/cs348k_proj/outputs/baseline_semantic_sparse/cfg_7p5/000000091500/generated.png,sparse_text_only,1,7.5,20,0.8315,0.7361,18.2321
82696,a white and black bird is walking by a table and some chairs,"A white and black bird walks across the floor of an indoor dining area filled with tables and chairs. The bird moves freely between the furniture, creating an unusual contrast between wildlife and a human-designed environment. Empty chairs and table arrangements suggest a cafeteria, restaurant.","bird, chair, cup, dining table, person",/Users/yixiaoz/Desktop/cs348k_proj/outputs/baseline_semantic_sparse/cfg_7p5/000000082696/target.png,/Users/yixiaoz/Desktop/cs348k_proj/outputs/baseline_semantic_sparse/cfg_7p5/000000082696/generated.png,sparse_text_only,1,7.5,20,0.8751,0.7653,35.1477
25986,"Food is on the counter including a glass of water, rice, vegetables, and more","Several plates of food are arranged on a kitchen counter, including vegetables, rice, and prepared dishes ready to be served. Bowls, utensils, and drinking glasses surround the meal preparation area. The countertop is busy with ingredients and completed dishes, suggesting an active cooking session or.","bowl, broccoli, cup, donut, spoon",/Users/yixiaoz/Desktop/cs348k_proj/outputs/baseline_semantic_sparse/cfg_7p5/000000025986/target.png,/Users/yixiaoz/Desktop/cs348k_proj/outputs/baseline_semantic_sparse/cfg_7p5/000000025986/generated.png,sparse_text_only,1,7.5,20,0.7753,0.563,20.5544
17899,Woman working with large assortment of baked goods at kitchen table.,An older woman works at a kitchen table covered with baking supplies and a large assortment of cookies or pastries. Trays of baked goods are arranged across the tabletop while ingredients and utensils remain nearby. The woman appears focused on decorating or organizing the treats.,"bird, cake, chair, couch, cup, dining table, hot dog, person, spoon",/Users/yixiaoz/Desktop/cs348k_proj/outputs/baseline_semantic_sparse/cfg_7p5/000000017899/target.png,/Users/yixiaoz/Desktop/cs348k_proj/outputs/baseline_semantic_sparse/cfg_7p5/000000017899/generated.png,sparse_text_only,1,7.5,20,0.8441,0.6118,23.6627
36494,"A crowd of people sitting in a room, with a clock tower in front.","A large crowd gathers inside a spacious hall featuring an enormous illuminated clock structure mounted on the wall. People sit and stand around tables while enjoying food, drinks, and conversation. The architecture, lighting, and oversized clock create a dramatic focal point within the room. The.","bottle, bowl, chair, clock, cup, dining table, person, refrigerator, vase",/Users/yixiaoz/Desktop/cs348k_proj/outputs/baseline_semantic_sparse/cfg_7p5/000000036494/target.png,/Users/yixiaoz/Desktop/cs348k_proj/outputs/baseline_semantic_sparse/cfg_7p5/000000036494/generated.png,sparse_text_only,1,7.5,20,0.7412,0.6825,21.6623
24610,There is a laptop computer in a room with a couch and a bookcase.,"A quiet room contains a desk with a laptop computer, bookshelves filled with books, and a couch positioned along one wall. Warm lighting and simple furnishings create a calm, comfortable environment suitable for reading, studying, or working. The arrangement suggests a personal living space or.","backpack, book, bottle, chair, couch, laptop",/Users/yixiaoz/Desktop/cs348k_proj/outputs/baseline_semantic_sparse/cfg_7p5/000000024610/target.png,/Users/yixiaoz/Desktop/cs348k_proj/outputs/baseline_semantic_sparse/cfg_7p5/000000024610/generated.png,sparse_text_only,1,7.5,20,0.8756,0.7387,24.2555
18380,a family sitting around a long table filled with a lot of food,"A large family gathers around a long dining table filled with food, drinks, and serving dishes. Adults and children smile toward the camera while seated closely together in a warm home environment. The table is crowded with meals prepared for sharing, creating a festive atmosphere.","bowl, carrot, chair, cup, dining table, fork, knife, person, spoon, vase, wine glass",/Users/yixiaoz/Desktop/cs348k_proj/outputs/baseline_semantic_sparse/cfg_7p5/000000018380/target.png,/Users/yixiaoz/Desktop/cs348k_proj/outputs/baseline_semantic_sparse/cfg_7p5/000000018380/generated.png,sparse_text_only,1,7.5,20,0.7593,0.7143,24.5254
102411,Two people sitting on a motorcycle in the street next to a beach.,"Two people sit on a motorcycle parked beside a waterfront area near a beach. The ocean, shoreline, and distant scenery provide a scenic backdrop while the riders pause along the road. Nearby pedestrians and open coastal views contribute to the relaxed atmosphere. The image combines.","car, handbag, motorcycle, person",/Users/yixiaoz/Desktop/cs348k_proj/outputs/baseline_semantic_sparse/cfg_7p5/000000102411/target.png,/Users/yixiaoz/Desktop/cs348k_proj/outputs/baseline_semantic_sparse/cfg_7p5/000000102411/generated.png,sparse_text_only,1,7.5,20,0.688,0.5376,28.5509
99053,"A bowl of noodles, meat, broccoli and carrots in a sauce with a fork.","A bowl of noodles mixed with meat, broccoli, carrots, and vegetables sits on a table with a fork resting inside. The colorful ingredients are coated in sauce and arranged casually within the bowl. The close-up perspective focuses attention on the meal while minimizing background distractions.","bowl, broccoli, dining table, fork",/Users/yixiaoz/Desktop/cs348k_proj/outputs/baseline_semantic_sparse/cfg_7p5/000000099053/target.png,/Users/yixiaoz/Desktop/cs348k_proj/outputs/baseline_semantic_sparse/cfg_7p5/000000099053/generated.png,sparse_text_only,1,7.5,20,0.8242,0.6816,25.9656
84650,THERE IS A CAT THAT IS SITTION ON TOP OF THE SUITCASE,A cat rests comfortably on top of a large suitcase surrounded by luggage and travel bags. The animal appears relaxed despite sitting among items associated with movement and transportation. The scene suggests preparation for a trip or recent arrival. The contrast between the cat’s calm.,"backpack, cat, handbag, suitcase",/Users/yixiaoz/Desktop/cs348k_proj/outputs/baseline_semantic_sparse/cfg_7p5/000000084650/target.png,/Users/yixiaoz/Desktop/cs348k_proj/outputs/baseline_semantic_sparse/cfg_7p5/000000084650/generated.png,sparse_text_only,1,7.5,20,0.6927,0.7086,21.7351
114049,"People inside a commuter train, with their luggage and bicycles.","Passengers stand inside a crowded train car surrounded by luggage, bicycles, and personal belongings. The narrow aisle is filled with travelers preparing for or continuing their journey. Bicycle wheels, suitcases, and overhead fixtures emphasize the transportation setting. The image captures the realities of public transit.","backpack, cell phone, chair, person, suitcase",/Users/yixiaoz/Desktop/cs348k_proj/outputs/baseline_semantic_sparse/cfg_7p5/000000114049/target.png,/Users/yixiaoz/Desktop/cs348k_proj/outputs/baseline_semantic_sparse/cfg_7p5/000000114049/generated.png,sparse_text_only,1,7.5,20,0.7359,0.7253,16.3245
100723,Crown marching in one direction in a lightly attended protest.,"A group of protesters march through a public street carrying signs and banners while moving together in the same direction. Participants of different ages fill the scene, creating a visible demonstration of collective action. The signs suggest support for a social or political cause, while.","backpack, handbag, person, stop sign",/Users/yixiaoz/Desktop/cs348k_proj/outputs/baseline_semantic_sparse/cfg_7p5/000000100723/target.png,/Users/yixiaoz/Desktop/cs348k_proj/outputs/baseline_semantic_sparse/cfg_7p5/000000100723/generated.png,sparse_text_only,1,7.5,20,0.8172,0.742,21.0738
40471,A painted white kitchen with a refrigerator and an automatic dish washer next to an oven stove.,"A clean white kitchen contains a refrigerator, oven, dishwasher, cabinets, and countertops arranged in a practical layout. Bright lighting reflects off the appliances and tiled surfaces, creating an organized and modern appearance. The room appears ready for cooking and daily household use. The image emphasizes.","apple, banana, bottle, bowl, cup, knife, microwave, oven, refrigerator, sink, spoon",/Users/yixiaoz/Desktop/cs348k_proj/outputs/baseline_semantic_sparse/cfg_7p5/000000040471/target.png,/Users/yixiaoz/Desktop/cs348k_proj/outputs/baseline_semantic_sparse/cfg_7p5/000000040471/generated.png,sparse_text_only,1,7.5,20,0.7583,0.7939,20.2607
100238,A family standing next to each other while holding frisbees.,"A family stands outdoors together while holding colorful frisbees. Adults and children pose side by side in a grassy area, appearing relaxed and cheerful. The open environment suggests a park, recreational field, or family gathering. Their casual clothing and outdoor setting contribute to a friendly.","bottle, frisbee, handbag, person",/Users/yixiaoz/Desktop/cs348k_proj/outputs/baseline_semantic_sparse/cfg_7p5/000000100238/target.png,/Users/yixiaoz/Desktop/cs348k_proj/outputs/baseline_semantic_sparse/cfg_7p5/000000100238/generated.png,sparse_text_only,1,7.5,20,0.8204,0.6114,29.1503
39484,A street full of cars that are driving and parked and a group of people sitting outside eating.,"Cars move along a city street lined with buildings, storefronts, and restaurants. Some people sit outside dining establishments while traffic passes through the urban area. Signs, parked vehicles, and commercial activity contribute to a lively downtown atmosphere. The image captures the interaction between transportation, business.","airplane, car, chair, dining table, person, traffic light",/Users/yixiaoz/Desktop/cs348k_proj/outputs/baseline_semantic_sparse/cfg_7p5/000000039484/target.png,/Users/yixiaoz/Desktop/cs348k_proj/outputs/baseline_semantic_sparse/cfg_7p5/000000039484/generated.png,sparse_text_only,1,7.5,20,0.8106,0.8316,21.1351
13729,A group of people playing with a Wii in the living room.,"Several people stand in a living room while playing a Nintendo Wii video game. Participants face a television and appear engaged in the activity, moving their bodies as part of the gameplay. Household furniture, decorations, and open floor space provide room for interaction. The image.","bottle, couch, cup, dining table, person, remote",/Users/yixiaoz/Desktop/cs348k_proj/outputs/baseline_semantic_sparse/cfg_7p5/000000013729/target.png,/Users/yixiaoz/Desktop/cs348k_proj/outputs/baseline_semantic_sparse/cfg_7p5/000000013729/generated.png,sparse_text_only,1,7.5,20,0.7065,0.6566,24.1381
80340,a small child wearing a tie and holding a suitcase with other people in the background,"A small child wearing a dress shirt, tie, and formal clothing stands on a sidewalk holding a rolling suitcase. Adults and other people gather nearby in the background, suggesting a family event, celebration, or travel occasion. The child’s serious posture contrasts with the oversized luggage.","chair, cup, dining table, person, suitcase, tie, wine glass",/Users/yixiaoz/Desktop/cs348k_proj/outputs/baseline_semantic_sparse/cfg_7p5/000000080340/target.png,/Users/yixiaoz/Desktop/cs348k_proj/outputs/baseline_semantic_sparse/cfg_7p5/000000080340/generated.png,sparse_text_only,1,7.5,20,0.7092,0.7311,23.4812
38829,Two boys riding on a single bicycle on a city street,"Two people ride together through a busy city street on a single bicycle while surrounded by scooters, motorcycles, and other commuters. Urban storefronts, signs, and passing vehicles create a lively transportation scene. The riders appear relaxed as they navigate traffic alongside other travelers. The image.","backpack, bicycle, motorcycle, person",/Users/yixiaoz/Desktop/cs348k_proj/outputs/baseline_semantic_sparse/cfg_7p5/000000038829/target.png,/Users/yixiaoz/Desktop/cs348k_proj/outputs/baseline_semantic_sparse/cfg_7p5/000000038829/generated.png,sparse_text_only,1,7.5,20,0.7743,0.6239,22.3755
66841,"A whimsical artistic toaster has eyes, a mouth, a nose, spoon feet, spoon ears, and a mixing beater tail.","A whimsical toaster has been creatively decorated with eyes, a nose, spoon-shaped ears, and other objects to resemble a human face. The appliance stands upright in a kitchen or dining area, transforming an ordinary household item into a playful character. Surrounding utensils and decorative elements.","bottle, spoon, toaster",/Users/yixiaoz/Desktop/cs348k_proj/outputs/baseline_semantic_sparse/cfg_7p5/000000066841/target.png,/Users/yixiaoz/Desktop/cs348k_proj/outputs/baseline_semantic_sparse/cfg_7p5/000000066841/generated.png,sparse_text_only,1,7.5,20,0.7957,0.7712,21.0055
25386,A man and woman are sitting together while the man eats with chopsticks.,"A man and woman sit together at a restaurant table while sharing a meal. Plates of food, chopsticks, drinks, and condiments are arranged in front of them as they look toward the camera. The indoor dining environment appears casual and welcoming. Their expressions suggest a.","chair, hot dog, person, sandwich",/Users/yixiaoz/Desktop/cs348k_proj/outputs/baseline_semantic_sparse/cfg_7p5/000000025386/target.png,/Users/yixiaoz/Desktop/cs348k_proj/outputs/baseline_semantic_sparse/cfg_7p5/000000025386/generated.png,sparse_text_only,1,7.5,20,0.8057,0.7224,22.8707
83531,A BBQ topped with lots of sausages sitting side by side.,"Several sausages cook on a barbecue grill above glowing heat while metal tongs rest nearby. The close-up perspective focuses on the food as it browns and develops grill marks. Smoke, cooking equipment, and the outdoor setting suggest a backyard gathering or cookout. The image emphasizes.","bottle, cup, hot dog, person",/Users/yixiaoz/Desktop/cs348k_proj/outputs/baseline_semantic_sparse/cfg_7p5/000000083531/target.png,/Users/yixiaoz/Desktop/cs348k_proj/outputs/baseline_semantic_sparse/cfg_7p5/000000083531/generated.png,sparse_text_only,1,7.5,20,0.809,0.5795,24.4313
98392,"A photo of a busy intersection with a bus, several cars and a clock tower.","A busy city intersection contains multiple cars, a bus, and a prominent clock tower rising above nearby buildings. Traffic moves through the streets while pedestrians and commercial activity contribute to the urban atmosphere. Architectural details and transportation infrastructure create a recognizable downtown setting. The image.","bus, car, clock, person",/Users/yixiaoz/Desktop/cs348k_proj/outputs/baseline_semantic_sparse/cfg_7p5/000000098392/target.png,/Users/yixiaoz/Desktop/cs348k_proj/outputs/baseline_semantic_sparse/cfg_7p5/000000098392/generated.png,sparse_text_only,1,7.5,20,0.7411,0.6813,25.0731
12576,An elderly woman seated at a table holding three pizzas.,"An elderly woman sits at a dining table with several pizzas placed in front of her. Glasses, dishes, and table settings suggest a meal shared with others outside the frame. The warm indoor environment creates a comfortable and social atmosphere. The image highlights casual dining.","cup, dining table, fork, knife, person, pizza, tv",/Users/yixiaoz/Desktop/cs348k_proj/outputs/baseline_semantic_sparse/cfg_7p5/000000012576/target.png,/Users/yixiaoz/Desktop/cs348k_proj/outputs/baseline_semantic_sparse/cfg_7p5/000000012576/generated.png,sparse_text_only,1,7.5,20,0.7712,0.5801,25.8744
22705,A woman in a short black dress is holding a champagne flute and standing in front of a refrigerator.,"A woman wearing a black dress stands confidently in a kitchen while holding a champagne flute. Stainless steel appliances, wooden cabinets, and household furnishings form the background. Her posture and expression suggest she may be attending a celebration, gathering, or special occasion. The image combines.","bottle, bowl, person, refrigerator, wine glass",/Users/yixiaoz/Desktop/cs348k_proj/outputs/baseline_semantic_sparse/cfg_7p5/000000022705/target.png,/Users/yixiaoz/Desktop/cs348k_proj/outputs/baseline_semantic_sparse/cfg_7p5/000000022705/generated.png,sparse_text_only,1,7.5,20,0.7992,0.8062,18.1722
26204,A group of cars waiting at an intersection for the light to change,"Cars wait at an urban intersection lined with buildings, trees, and traffic infrastructure. Vehicles occupy multiple lanes as they pause for a traffic signal before continuing through the city. Sidewalks, storefronts, and street signs contribute to the metropolitan atmosphere. The image emphasizes transportation systems, traffic.","bus, car, person, traffic light, truck",/Users/yixiaoz/Desktop/cs348k_proj/outputs/baseline_semantic_sparse/cfg_7p5/000000026204/target.png,/Users/yixiaoz/Desktop/cs348k_proj/outputs/baseline_semantic_sparse/cfg_7p5/000000026204/generated.png,sparse_text_only,1,7.5,20,0.6859,0.5529,28.0615
31248,"Living room with white chairs and couches, fireplace and books on bookshelves.","A bright living room features white chairs, comfortable couches, bookshelves, and a fireplace serving as the central focal point. Decorative lamps, framed artwork, and neatly arranged furniture create an elegant and inviting atmosphere. Natural light and balanced interior design contribute to the room’s spacious appearance.","book, bowl, chair, couch, potted plant",/Users/yixiaoz/Desktop/cs348k_proj/outputs/baseline_semantic_sparse/cfg_7p5/000000031248/target.png,/Users/yixiaoz/Desktop/cs348k_proj/outputs/baseline_semantic_sparse/cfg_7p5/000000031248/generated.png,sparse_text_only,1,7.5,20,0.7609,0.6604,23.5775
107339,A pretty young lady standing in front of a couch behind a wooden table.,"A woman stands in a modern room near a couch and low wooden tables while another person sits nearby. Bright walls, large windows, and contemporary furniture create a clean and open interior space. The standing woman appears to be speaking, presenting, or interacting with the.","book, couch, person, remote",/Users/yixiaoz/Desktop/cs348k_proj/outputs/baseline_semantic_sparse/cfg_7p5/000000107339/target.png,/Users/yixiaoz/Desktop/cs348k_proj/outputs/baseline_semantic_sparse/cfg_7p5/000000107339/generated.png,sparse_text_only,1,7.5,20,0.8466,0.7911,23.4882
87476,two people standing on the same skateboard and holding each other up.,"Two young people stand together at a public event while holding skateboards and interacting with one another. One person wears a helmet while colorful vehicles and event displays appear in the background. Their posture suggests friendship, instruction, or support during a skateboarding activity. The image.","person, skateboard, surfboard",/Users/yixiaoz/Desktop/cs348k_proj/outputs/baseline_semantic_sparse/cfg_7p5/000000087476/target.png,/Users/yixiaoz/Desktop/cs348k_proj/outputs/baseline_semantic_sparse/cfg_7p5/000000087476/generated.png,sparse_text_only,1,7.5,20,0.8031,0.7113,27.5616
78748,"A couple of motorcycles in front of sign, with people standing around.","Several motorcycles are parked in front of a display area featuring brand signage while people gather nearby. The polished bikes are arranged for viewing, suggesting a motorcycle show, dealership event, or public exhibition. Spectators walk around the display, examining the vehicles and socializing. The image.","backpack, motorcycle, person",/Users/yixiaoz/Desktop/cs348k_proj/outputs/baseline_semantic_sparse/cfg_7p5/000000078748/target.png,/Users/yixiaoz/Desktop/cs348k_proj/outputs/baseline_semantic_sparse/cfg_7p5/000000078748/generated.png,sparse_text_only,1,7.5,20,0.7225,0.5765,25.4651
29596,"A room with a couch, table set with dinnerware and a television.","A hotel-style room contains a couch, television, dining table, and neatly arranged place settings. Warm lighting, curtains, and decorative furnishings create a comfortable and welcoming atmosphere. The table is prepared for a meal, suggesting hospitality or room service. The image highlights interior design, temporary accommodations.","book, chair, couch, cup, dining table, potted plant, tv, vase",/Users/yixiaoz/Desktop/cs348k_proj/outputs/baseline_semantic_sparse/cfg_7p5/000000029596/target.png,/Users/yixiaoz/Desktop/cs348k_proj/outputs/baseline_semantic_sparse/cfg_7p5/000000029596/generated.png,sparse_text_only,1,7.5,20,0.7423,0.6798,23.3272
33854,"parked cars, motorcycles and buses on a cobblestone parking lot next to a street.","Cars, buses, and motorcycles occupy a cobblestone parking area near a city street lined with buildings. The scene contains multiple forms of transportation gathered within a shared urban space. Pedestrians move through the area while parked vehicles await their drivers. The image captures urban infrastructure.","bus, car, motorcycle, person",/Users/yixiaoz/Desktop/cs348k_proj/outputs/baseline_semantic_sparse/cfg_7p5/000000033854/target.png,/Users/yixiaoz/Desktop/cs348k_proj/outputs/baseline_semantic_sparse/cfg_7p5/000000033854/generated.png,sparse_text_only,1,7.5,20,0.7525,0.7206,20.204
36844,a black couch a green chair a red chair a mirror and a ceiling fan,"A living room contains a black couch, colorful chairs, a ceiling fan, and large windows that allow natural light into the space. Various pieces of furniture and decorative items are arranged throughout the room, creating a comfortable residential environment. The layout suggests an area designed.","bicycle, chair, couch, cup, potted plant, refrigerator, remote, tv",/Users/yixiaoz/Desktop/cs348k_proj/outputs/baseline_semantic_sparse/cfg_7p5/000000036844/target.png,/Users/yixiaoz/Desktop/cs348k_proj/outputs/baseline_semantic_sparse/cfg_7p5/000000036844/generated.png,sparse_text_only,1,7.5,20,0.7775,0.7123,30.6931
1000,A group of kids posing for a picture on a tennis court.,A large group of children gather together on a tennis court while posing for a photograph. Some hold tennis equipment while others stand closely beside teammates and friends. The outdoor sports facility provides a bright and energetic setting. Smiles and casual poses suggest a team.,"backpack, handbag, person, tennis racket",/Users/yixiaoz/Desktop/cs348k_proj/outputs/baseline_semantic_sparse/cfg_7p5/000000001000/target.png,/Users/yixiaoz/Desktop/cs348k_proj/outputs/baseline_semantic_sparse/cfg_7p5/000000001000/generated.png,sparse_text_only,1,7.5,20,0.7307,0.7811,23.3052
55528,A man holding a paper bag while showing the camera a toothbrush.,"A man sits in a chair while holding a paper bag and displaying a toothbrush toward the camera. His expression suggests humor or casual conversation as he presents the object. The indoor environment appears relaxed and informal, with household furnishings visible around him. The image.","book, clock, couch, person, remote, toothbrush",/Users/yixiaoz/Desktop/cs348k_proj/outputs/baseline_semantic_sparse/cfg_7p5/000000055528/target.png,/Users/yixiaoz/Desktop/cs348k_proj/outputs/baseline_semantic_sparse/cfg_7p5/000000055528/generated.png,sparse_text_only,1,7.5,20,0.7559,0.8389,21.7161
2006,City bus driving through pedestrian saturated area near crosswalk.,"A city bus travels through a busy urban area near a crosswalk while pedestrians and vehicles move through the surrounding streets. Buildings, signs, and transportation infrastructure create a dynamic city environment. The bus serves as the focal point, illustrating the role of public transit in.","bus, person, tie, traffic light",/Users/yixiaoz/Desktop/cs348k_proj/outputs/baseline_semantic_sparse/cfg_7p5/000000002006/target.png,/Users/yixiaoz/Desktop/cs348k_proj/outputs/baseline_semantic_sparse/cfg_7p5/000000002006/generated.png,sparse_text_only,1,7.5,20,0.7698,0.8075,27.9562
113720,A couple are enjoying pizza and drinks at the restaurant,"A smiling couple sits together at a restaurant table enjoying pizza, drinks, and conversation. Plates of food and beverages are arranged neatly while the pair look toward the camera. The atmosphere appears relaxed and friendly, suggesting a casual meal shared between friends or partners. The.","bottle, chair, cup, dining table, fork, knife, person, pizza",/Users/yixiaoz/Desktop/cs348k_proj/outputs/baseline_semantic_sparse/cfg_7p5/000000113720/target.png,/Users/yixiaoz/Desktop/cs348k_proj/outputs/baseline_semantic_sparse/cfg_7p5/000000113720/generated.png,sparse_text_only,1,7.5,20,0.7752,0.6562,27.1332
52413,"A child holding a pink toy cell phone with ""Princess Aurora"" inside it.",A child holds a pink toy flip phone decorated with imagery inspired by a princess character. The toy is displayed prominently in the foreground while other people and objects appear nearby. Bright colors and playful design elements emphasize childhood interests and imaginative play. The image.,"cell phone, chair, cup, person",/Users/yixiaoz/Desktop/cs348k_proj/outputs/baseline_semantic_sparse/cfg_7p5/000000052413/target.png,/Users/yixiaoz/Desktop/cs348k_proj/outputs/baseline_semantic_sparse/cfg_7p5/000000052413/generated.png,sparse_text_only,1,7.5,20,0.7588,0.7679,19.112
60932,A man in a suit that is standing in front of a group of people.,"A man dressed in a formal suit stands confidently in front of a group of people at what appears to be a celebration or reception. The black-and-white image captures him smiling and raising a hand while guests gather in the background. Tables, decorations, and formally.","dining table, person, tie",/Users/yixiaoz/Desktop/cs348k_proj/outputs/baseline_semantic_sparse/cfg_7p5/000000060932/target.png,/Users/yixiaoz/Desktop/cs348k_proj/outputs/baseline_semantic_sparse/cfg_7p5/000000060932/generated.png,sparse_text_only,1,7.5,20,0.69,0.7068,19.9833
102805,A man in holds a Frisbee in the parking lot by the river.,"A man wearing a hat stands near a riverside parking area while holding a Frisbee in his hand. Mountains and water stretch across the background, creating a scenic outdoor setting. Several parked vehicles and open space suggest a recreational destination where people gather for leisure.","backpack, boat, car, frisbee, person, truck",/Users/yixiaoz/Desktop/cs348k_proj/outputs/baseline_semantic_sparse/cfg_7p5/000000102805/target.png,/Users/yixiaoz/Desktop/cs348k_proj/outputs/baseline_semantic_sparse/cfg_7p5/000000102805/generated.png,sparse_text_only,1,7.5,20,0.6907,0.6464,25.4895
15254,These platters display healthy food choices of two entrees with a side  vegetable and fruit,"A neatly organized lunch container displays a balanced meal consisting of rice, vegetables, fruit, and other healthy foods arranged in separate compartments. Grapes, carrots, and a colorful entrée contribute to the vibrant appearance. The close-up perspective emphasizes nutrition, portioning, and meal preparation. The image reflects.","bowl, carrot, spoon",/Users/yixiaoz/Desktop/cs348k_proj/outputs/baseline_semantic_sparse/cfg_7p5/000000015254/target.png,/Users/yixiaoz/Desktop/cs348k_proj/outputs/baseline_semantic_sparse/cfg_7p5/000000015254/generated.png,sparse_text_only,1,7.5,20,0.8277,0.6836,24.3254
24567,There is a man looking at a lot if hot dogs in a bun in a pan,"A man wearing a hat looks down at a tray filled with hot dogs arranged in buns. The outdoor setting suggests a barbecue, picnic, or community gathering where food is being prepared and served. Bright colors from the toppings and buns create a festive appearance.","chair, hot dog, person",/Users/yixiaoz/Desktop/cs348k_proj/outputs/baseline_semantic_sparse/cfg_7p5/000000024567/target.png,/Users/yixiaoz/Desktop/cs348k_proj/outputs/baseline_semantic_sparse/cfg_7p5/000000024567/generated.png,sparse_text_only,1,7.5,20,0.757,0.7726,21.7298
25603,A girl sitting around a table in a restaurant eating a pizza.,"A young girl sits at a restaurant table with a pizza placed in front of her. Glasses, plates, and table settings surround the meal while the warm indoor lighting creates a cozy atmosphere. She looks toward the camera as if waiting to eat or enjoying.","book, chair, cup, dining table, person, pizza",/Users/yixiaoz/Desktop/cs348k_proj/outputs/baseline_semantic_sparse/cfg_7p5/000000025603/target.png,/Users/yixiaoz/Desktop/cs348k_proj/outputs/baseline_semantic_sparse/cfg_7p5/000000025603/generated.png,sparse_text_only,1,7.5,20,0.7448,0.7295,29.0904
55150,Two children sit atop their parent's luggage in the parking lot.,"Two children sit atop luggage carts in a parking lot while surrounded by parked vehicles. The scene appears to capture a family trip, airport arrival, or vacation departure. The children seem comfortable and playful as they ride on the luggage. Cars, travel equipment, and open.","backpack, book, car, person, suitcase",/Users/yixiaoz/Desktop/cs348k_proj/outputs/baseline_semantic_sparse/cfg_7p5/000000055150/target.png,/Users/yixiaoz/Desktop/cs348k_proj/outputs/baseline_semantic_sparse/cfg_7p5/000000055150/generated.png,sparse_text_only,1,7.5,20,0.7385,0.7215,20.1214
30828,A person covered with an orange sleeping bag rests his head on a blue back pack as he sleeps on a park bench.,"A person sleeps on a park bench while covered by an orange sleeping bag and resting beside a backpack. The outdoor setting includes grass, trees, and surrounding park features. The image captures a quiet moment of rest in a public space, contrasting the bright colors.","backpack, bench, car, parking meter, person",/Users/yixiaoz/Desktop/cs348k_proj/outputs/baseline_semantic_sparse/cfg_7p5/000000030828/target.png,/Users/yixiaoz/Desktop/cs348k_proj/outputs/baseline_semantic_sparse/cfg_7p5/000000030828/generated.png,sparse_text_only,1,7.5,20,0.7935,0.7443,24.9819
32334,"Two people, a man and a woman, are toasting with wine glasses.","A smiling man and woman hold wine glasses while posing together indoors. The casual setting appears to be a social gathering, dinner, or celebration where friends enjoy food and drinks. Warm lighting and relaxed expressions create a welcoming atmosphere. The image emphasizes companionship, hospitality, and.","car, chair, person, wine glass",/Users/yixiaoz/Desktop/cs348k_proj/outputs/baseline_semantic_sparse/cfg_7p5/000000032334/target.png,/Users/yixiaoz/Desktop/cs348k_proj/outputs/baseline_semantic_sparse/cfg_7p5/000000032334/generated.png,sparse_text_only,1,7.5,20,0.6994,0.6635,23.5503
92416,A male with a bottled beverage wearing a flower in his lapel.,"A young man wearing formal attire stands outdoors holding a bottled beverage. A flower pinned to his lapel suggests participation in a wedding, graduation, or other ceremonial event. Water and distant scenery form a pleasant background. His posture and clothing indicate a special occasion, while.","boat, bottle, person, tie",/Users/yixiaoz/Desktop/cs348k_proj/outputs/baseline_semantic_sparse/cfg_7p5/000000092416/target.png,/Users/yixiaoz/Desktop/cs348k_proj/outputs/baseline_semantic_sparse/cfg_7p5/000000092416/generated.png,sparse_text_only,1,7.5,20,0.7499,0.6519,28.6542
20553,Large stuffed animal posed outdoors as if sitting in a chair with beverages on a table.,A large stuffed animal is arranged outdoors in a desert-like environment while seated in a chair beside beverages and decorative items placed on a small table. The unusual setup creates a humorous and imaginative scene. Open ground and sparse surroundings emphasize the contrast between the.,"bottle, chair, cup, dining table, teddy bear, umbrella, vase",/Users/yixiaoz/Desktop/cs348k_proj/outputs/baseline_semantic_sparse/cfg_7p5/000000020553/target.png,/Users/yixiaoz/Desktop/cs348k_proj/outputs/baseline_semantic_sparse/cfg_7p5/000000020553/generated.png,sparse_text_only,1,7.5,20,0.7888,0.749,30.4103
93437,An older man is wearing a funny hat in his dining room.,"An elderly man wearing a distinctive hat stands inside a dining area or kitchen while smiling toward the camera. Household furnishings and cabinets appear in the background, creating a comfortable domestic setting. His expression suggests warmth and friendliness, while the unusual hat adds character and.","book, bottle, chair, clock, cup, dining table, person, vase",/Users/yixiaoz/Desktop/cs348k_proj/outputs/baseline_semantic_sparse/cfg_7p5/000000093437/target.png,/Users/yixiaoz/Desktop/cs348k_proj/outputs/baseline_semantic_sparse/cfg_7p5/000000093437/generated.png,sparse_text_only,1,7.5,20,0.7794,0.8394,16.0625
89648,People using electronic devises all facing in the same direction.,"Several people sit in rows while using laptops and other electronic devices. Viewed from above, the scene resembles a classroom, workshop, conference, or training session focused on technology. Participants face the same direction and appear engaged with their screens. The arrangement emphasizes learning, collaboration, and.","backpack, book, cell phone, chair, laptop, person",/Users/yixiaoz/Desktop/cs348k_proj/outputs/baseline_semantic_sparse/cfg_7p5/000000089648/target.png,/Users/yixiaoz/Desktop/cs348k_proj/outputs/baseline_semantic_sparse/cfg_7p5/000000089648/generated.png,sparse_text_only,1,7.5,20,0.7237,0.7825,20.929
7574,"A kitchen with two sinks, a counter, detergent, a stove and a refrigerator in it.","A kitchen interior contains wooden cabinets, a refrigerator, a stove, countertops, and cleaning supplies arranged around the room. Various household items are visible near the sink and work surfaces, creating a realistic lived-in appearance. The image emphasizes domestic functionality and organization while showcasing the appliances.","bottle, bowl, microwave, oven, refrigerator, sink, vase, wine glass",/Users/yixiaoz/Desktop/cs348k_proj/outputs/baseline_semantic_sparse/cfg_7p5/000000007574/target.png,/Users/yixiaoz/Desktop/cs348k_proj/outputs/baseline_semantic_sparse/cfg_7p5/000000007574/generated.png,sparse_text_only,1,7.5,20,0.7118,0.583,26.6651
88040,"Plates of shrimp, vegetables, and noodles served with tea.","Several plates of food are arranged on a table viewed from above, including shrimp, vegetables, noodles, and accompanying beverages. Bowls, cups, and serving dishes contribute to the inviting dining presentation. The meal appears carefully prepared and shared among multiple people. The image highlights culinary variety.","bottle, bowl, cup, dining table, fork, knife, spoon",/Users/yixiaoz/Desktop/cs348k_proj/outputs/baseline_semantic_sparse/cfg_7p5/000000088040/target.png,/Users/yixiaoz/Desktop/cs348k_proj/outputs/baseline_semantic_sparse/cfg_7p5/000000088040/generated.png,sparse_text_only,1,7.5,20,0.84,0.6869,25.3496
4134,Two men standing next to each other holding hands.,"Two men stand together at a formal event while greeting one another and shaking hands. Other attendees and banquet tables are visible in the background, suggesting a conference, reception, or celebration. Their professional attire and engaged expressions indicate a respectful social interaction. The image highlights.","chair, dining table, person, tie, wine glass",/Users/yixiaoz/Desktop/cs348k_proj/outputs/baseline_semantic_sparse/cfg_7p5/000000004134/target.png,/Users/yixiaoz/Desktop/cs348k_proj/outputs/baseline_semantic_sparse/cfg_7p5/000000004134/generated.png,sparse_text_only,1,7.5,20,0.772,0.7367,19.1677
39769,Two cats sleeping with a remote control near each of them.,Two cats sleep peacefully on a bright pink blanket with television remotes placed nearby. Their relaxed poses and stretched bodies create a calm and comfortable scene. The indoor setting suggests a living room or bedroom where the animals have chosen a soft resting place. The.,"bed, cat, couch, remote",/Users/yixiaoz/Desktop/cs348k_proj/outputs/baseline_semantic_sparse/cfg_7p5/000000039769/target.png,/Users/yixiaoz/Desktop/cs348k_proj/outputs/baseline_semantic_sparse/cfg_7p5/000000039769/generated.png,sparse_text_only,1,7.5,20,0.8068,0.6593,27.0633
14439,A group of people standing on a field flying a colorful kite.,"A group of people stand together in a grassy park while flying a large colorful kite. Open space, recreational equipment, and other visitors create a lively outdoor environment. Participants work together to manage the kite as it catches the wind above the field. The image.","backpack, chair, kite, person",/Users/yixiaoz/Desktop/cs348k_proj/outputs/baseline_semantic_sparse/cfg_7p5/000000014439/target.png,/Users/yixiaoz/Desktop/cs348k_proj/outputs/baseline_semantic_sparse/cfg_7p5/000000014439/generated.png,sparse_text_only,1,7.5,20,0.7303,0.6377,26.5637
104669,"A plate with a meal of meat, potatoes, carrots, and broccoli.","A plate holds a complete meal featuring a piece of meat alongside potatoes, carrots, broccoli, and other vegetables. The arrangement is neatly presented, suggesting a restaurant dish or carefully prepared home-cooked dinner. Bright colors from the vegetables contrast with the darker entrée. The image emphasizes.","broccoli, carrot, dining table, fork, knife, orange",/Users/yixiaoz/Desktop/cs348k_proj/outputs/baseline_semantic_sparse/cfg_7p5/000000104669/target.png,/Users/yixiaoz/Desktop/cs348k_proj/outputs/baseline_semantic_sparse/cfg_7p5/000000104669/generated.png,sparse_text_only,1,7.5,20,0.8113,0.6373,30.5302
11149,A man sitting on a motorcycle near several bicycles with a partially visible person standing nearby.,"A motorcycle is parked near several bicycles while people stand nearby in an outdoor setting. The collection of vehicles suggests a shared recreational or transportation area. Trees, pathways, and surrounding activity contribute to the public atmosphere. The image highlights different modes of personal transportation and.","bicycle, motorcycle, person",/Users/yixiaoz/Desktop/cs348k_proj/outputs/baseline_semantic_sparse/cfg_7p5/000000011149/target.png,/Users/yixiaoz/Desktop/cs348k_proj/outputs/baseline_semantic_sparse/cfg_7p5/000000011149/generated.png,sparse_text_only,1,7.5,20,0.667,0.4163,24.5439
52996,A group of women in military outfits helping other women in a kitchen.,"A group of women wearing military-style uniforms work together in a kitchen while preparing food. Large pots, utensils, and work surfaces indicate an organized cooking effort intended to serve many people. Their coordinated activity reflects teamwork and shared responsibility. The image highlights food preparation, community.","backpack, book, bowl, cup, dining table, handbag, knife, oven, person, refrigerator",/Users/yixiaoz/Desktop/cs348k_proj/outputs/baseline_semantic_sparse/cfg_7p5/000000052996/target.png,/Users/yixiaoz/Desktop/cs348k_proj/outputs/baseline_semantic_sparse/cfg_7p5/000000052996/generated.png,sparse_text_only,1,7.5,20,0.7719,0.7802,19.0643
30213,"The picture shows the interior of a kitchen, with vintage refrigerator, stove, and other appliances.","The interior of a vintage-style kitchen is filled with retro appliances, patterned wallpaper, wooden cabinets, and decorative household items. A classic refrigerator, stove, sink, and dining furniture create a nostalgic atmosphere reminiscent of mid-century home design. Various utensils, containers, and decorations are arranged throughout the.","apple, bottle, bowl, chair, dining table, oven, refrigerator, sink",/Users/yixiaoz/Desktop/cs348k_proj/outputs/baseline_semantic_sparse/cfg_7p5/000000030213/target.png,/Users/yixiaoz/Desktop/cs348k_proj/outputs/baseline_semantic_sparse/cfg_7p5/000000030213/generated.png,sparse_text_only,1,7.5,20,0.7332,0.6323,26.7057
56127,"A room with a fire extinguisher, mugs hanging from a shelf and several lights.","A narrow interior room contains shelves lined with mugs, a fire extinguisher, counters, hanging lights, and decorative details. Warm lighting and colorful walls create a welcoming atmosphere that resembles a small café, restaurant service area, or compact workspace. The room is carefully organized to maximize.","bench, cup, oven, refrigerator, sink",/Users/yixiaoz/Desktop/cs348k_proj/outputs/baseline_semantic_sparse/cfg_7p5/000000056127/target.png,/Users/yixiaoz/Desktop/cs348k_proj/outputs/baseline_semantic_sparse/cfg_7p5/000000056127/generated.png,sparse_text_only,1,7.5,20,0.7924,0.6179,25.6234
84031,A batter swinging a bat at a baseball with the catcher and umpire behind him.,A baseball player swings at a pitch while the catcher and umpire closely follow the action behind home plate. The game takes place on a well-maintained field surrounded by spectators and stadium structures. The batter’s posture captures the intensity and timing required in competitive baseball.,"baseball bat, baseball glove, person, sports ball",/Users/yixiaoz/Desktop/cs348k_proj/outputs/baseline_semantic_sparse/cfg_7p5/000000084031/target.png,/Users/yixiaoz/Desktop/cs348k_proj/outputs/baseline_semantic_sparse/cfg_7p5/000000084031/generated.png,sparse_text_only,1,7.5,20,0.8289,0.7801,21.6355
74209,A black and stainless steel kitchen with a snack bar and bar stools.,"A modern kitchen features stainless steel appliances, polished countertops, pendant lighting, and a snack bar lined with stools. The clean design emphasizes contemporary architecture and efficient use of space. Cabinets, sinks, and work surfaces are neatly arranged to support cooking and dining activities. The room.","apple, banana, bottle, bowl, chair, clock, cup, dining table, orange, oven, refrigerator, sink",/Users/yixiaoz/Desktop/cs348k_proj/outputs/baseline_semantic_sparse/cfg_7p5/000000074209/target.png,/Users/yixiaoz/Desktop/cs348k_proj/outputs/baseline_semantic_sparse/cfg_7p5/000000074209/generated.png,sparse_text_only,1,7.5,20,0.7436,0.5634,28.8977
52891,A dog walking on the beach with a frizzbe in his month.,"A dog stands on a sandy beach while carrying a bright yellow frisbee in its mouth. Ocean water, waves, and distant shoreline scenery create a scenic coastal backdrop. The animal appears alert and energetic, as if engaged in a game of fetch with its owner.","dog, frisbee, person",/Users/yixiaoz/Desktop/cs348k_proj/outputs/baseline_semantic_sparse/cfg_7p5/000000052891/target.png,/Users/yixiaoz/Desktop/cs348k_proj/outputs/baseline_semantic_sparse/cfg_7p5/000000052891/generated.png,sparse_text_only,1,7.5,20,0.7902,0.747,26.9281
99039,Plates of food and two glasses of red wine are on a table.,Several plates of food and two glasses of red wine are arranged on a table beside a large window overlooking greenery and nearby buildings. The setting appears to be a restaurant or dining area where people are enjoying a meal together. Soft natural light enters.,"bowl, fork, knife, person, pizza, spoon, wine glass",/Users/yixiaoz/Desktop/cs348k_proj/outputs/baseline_semantic_sparse/cfg_7p5/000000099039/target.png,/Users/yixiaoz/Desktop/cs348k_proj/outputs/baseline_semantic_sparse/cfg_7p5/000000099039/generated.png,sparse_text_only,1,7.5,20,0.7566,0.7571,21.0735
66635,"An apple computer monitor, keyboard and mouse sits on top of a clean wooden desk.","An Apple desktop computer sits on a clean wooden desk alongside a keyboard and mouse. The workspace is simple, organized, and free from clutter, emphasizing productivity and focus. The monitor occupies the center of the arrangement while the surrounding furniture provides ample working space. The.","keyboard, mouse, remote, tv",/Users/yixiaoz/Desktop/cs348k_proj/outputs/baseline_semantic_sparse/cfg_7p5/000000066635/target.png,/Users/yixiaoz/Desktop/cs348k_proj/outputs/baseline_semantic_sparse/cfg_7p5/000000066635/generated.png,sparse_text_only,1,7.5,20,0.8709,0.7367,26.3417
107226,Men race on wheeled vehicles towed by a group of husky dogs.,Competitors participate in a dog-powered racing event where huskies pull wheeled vehicles through an outdoor course. Spectators gather nearby to watch the action while handlers guide the dogs. The animals appear strong and energetic as they work together as a team. The image highlights sporting.,"bicycle, dog, person, umbrella",/Users/yixiaoz/Desktop/cs348k_proj/outputs/baseline_semantic_sparse/cfg_7p5/000000107226/target.png,/Users/yixiaoz/Desktop/cs348k_proj/outputs/baseline_semantic_sparse/cfg_7p5/000000107226/generated.png,sparse_text_only,1,7.5,20,0.7488,0.735,21.2132
14038,A kitchen with hard wood floors and a yellow smiley face balloon.,"A living room decorated for a celebration contains colorful balloons, furniture, and a large yellow smiley-face balloon suspended near the ceiling. The room features wooden flooring, entertainment equipment, and decorative touches that create a festive atmosphere. The arrangement suggests a birthday party or social gathering.","bed, book, bottle, cell phone, chair, couch, dining table, microwave, potted plant, refrigerator, tv",/Users/yixiaoz/Desktop/cs348k_proj/outputs/baseline_semantic_sparse/cfg_7p5/000000014038/target.png,/Users/yixiaoz/Desktop/cs348k_proj/outputs/baseline_semantic_sparse/cfg_7p5/000000014038/generated.png,sparse_text_only,1,7.5,20,0.7238,0.6159,24.6224
114884,"A woman with a cigarette standing, while a group of people with luggage walk towards a bus.","A woman stands inside a transportation terminal while travelers carrying luggage move through the background toward buses or other transit services. The spacious facility contains seating areas, structural supports, and signs associated with public transportation. People appear focused on their journeys as they navigate the.","backpack, bus, handbag, person, suitcase",/Users/yixiaoz/Desktop/cs348k_proj/outputs/baseline_semantic_sparse/cfg_7p5/000000114884/target.png,/Users/yixiaoz/Desktop/cs348k_proj/outputs/baseline_semantic_sparse/cfg_7p5/000000114884/generated.png,sparse_text_only,1,7.5,20,0.7482,0.7925,22.6088
12120,A couple of women playing a game of tennis on a tennis court.,"Two women compete in a tennis match on a professional court surrounded by spectators and stadium seating. Both athletes focus intensely on the ball as they move across the blue playing surface. The sporting venue includes advertising displays, officials, and fans observing the competition. The.","chair, person, sports ball, tennis racket",/Users/yixiaoz/Desktop/cs348k_proj/outputs/baseline_semantic_sparse/cfg_7p5/000000012120/target.png,/Users/yixiaoz/Desktop/cs348k_proj/outputs/baseline_semantic_sparse/cfg_7p5/000000012120/generated.png,sparse_text_only,1,7.5,20,0.8329,0.6505,29.6409
87470,a big heard of cows walking down a road in a row with green tags on their ears,A large herd of cattle walks together along a rural road bordered by open countryside. The animals move in an organized line while green ear tags help identify members of the herd. Rolling terrain and natural vegetation create an agricultural landscape in the background. The.,"cow, horse, person",/Users/yixiaoz/Desktop/cs348k_proj/outputs/baseline_semantic_sparse/cfg_7p5/000000087470/target.png,/Users/yixiaoz/Desktop/cs348k_proj/outputs/baseline_semantic_sparse/cfg_7p5/000000087470/generated.png,sparse_text_only,1,7.5,20,0.7935,0.577,25.6123
41872,"A bedroom with  a large bed facing a fireplace that has a television over the top of it, in a shelf space.","A comfortable bedroom contains a large bed, fireplace, television, built-in shelving, and warm lighting. Soft furnishings and decorative details create a relaxing atmosphere designed for rest and comfort. The layout resembles a hotel suite or upscale residential bedroom where entertainment and relaxation are combined in.","bed, chair, clock, tv",/Users/yixiaoz/Desktop/cs348k_proj/outputs/baseline_semantic_sparse/cfg_7p5/000000041872/target.png,/Users/yixiaoz/Desktop/cs348k_proj/outputs/baseline_semantic_sparse/cfg_7p5/000000041872/generated.png,sparse_text_only,1,7.5,20,0.8276,0.5972,28.6814
60899,The young boy is playing in the living room of his house.,"A young boy plays in a living room while raising an object above his head. Household furniture, rugs, and natural light create a comfortable domestic setting. The child appears energetic and engaged in imaginative play. The image captures a candid family moment that reflects childhood.","book, chair, horse, person",/Users/yixiaoz/Desktop/cs348k_proj/outputs/baseline_semantic_sparse/cfg_7p5/000000060899/target.png,/Users/yixiaoz/Desktop/cs348k_proj/outputs/baseline_semantic_sparse/cfg_7p5/000000060899/generated.png,sparse_text_only,1,7.5,20,0.7082,0.755,17.4697
46872,a man standing next to a truck with some stuff on it,"A man stands beside a flatbed truck loaded with large industrial materials and equipment. The outdoor setting suggests a construction, transportation, or delivery operation. The truck occupies most of the scene while the worker appears to inspect or supervise the cargo. The image highlights logistics.","car, person, truck",/Users/yixiaoz/Desktop/cs348k_proj/outputs/baseline_semantic_sparse/cfg_7p5/000000046872/target.png,/Users/yixiaoz/Desktop/cs348k_proj/outputs/baseline_semantic_sparse/cfg_7p5/000000046872/generated.png,sparse_text_only,1,7.5,20,0.7197,0.7798,12.2772
33638,A woman wearing shorts bends over a frying pan on a stove.,"A woman bends over a stove while preparing food in a traditional kitchen. Pots, utensils, and cooking equipment surround her as she works on a meal. The room contains functional appliances and furnishings that support everyday household cooking. The image emphasizes domestic life, food preparation.","bowl, oven, person, spoon",/Users/yixiaoz/Desktop/cs348k_proj/outputs/baseline_semantic_sparse/cfg_7p5/000000033638/target.png,/Users/yixiaoz/Desktop/cs348k_proj/outputs/baseline_semantic_sparse/cfg_7p5/000000033638/generated.png,sparse_text_only,1,7.5,20,0.7769,0.8405,21.9768
66038,The father and daughter are under an umbrella on the beach.,"A father and daughter relax beneath colorful beach umbrellas near the shoreline. Sand, water, and bright weather create a pleasant coastal environment suited for recreation and family outings. The pair appear comfortable as they spend time together enjoying the outdoors. The image highlights family relationships.","bird, chair, person, umbrella",/Users/yixiaoz/Desktop/cs348k_proj/outputs/baseline_semantic_sparse/cfg_7p5/000000066038/target.png,/Users/yixiaoz/Desktop/cs348k_proj/outputs/baseline_semantic_sparse/cfg_7p5/000000066038/generated.png,sparse_text_only,1,7.5,20,0.7922,0.7074,25.7191
86582,A person watering plants with a computer in the foreground.,"A laptop computer sits prominently in the foreground while a person tends plants in the background. Potted plants, gardening supplies, and outdoor views create a peaceful setting that combines technology with nature. The scene suggests remote work, personal projects, or a lifestyle that balances digital.","laptop, mouse, person, potted plant",/Users/yixiaoz/Desktop/cs348k_proj/outputs/baseline_semantic_sparse/cfg_7p5/000000086582/target.png,/Users/yixiaoz/Desktop/cs348k_proj/outputs/baseline_semantic_sparse/cfg_7p5/000000086582/generated.png,sparse_text_only,1,7.5,20,0.8166,0.6228,29.1962
32610,Assortment of laptop computers displayed on table with backpacks full of electronic cords.,"Multiple laptop computers, backpacks, cables, and electronic accessories are displayed across a table. The collection of equipment suggests a workshop, conference, classroom, or technology-focused event. Devices are arranged side by side, emphasizing preparation and connectivity. The image highlights digital tools used for communication, learning, and.","backpack, laptop",/Users/yixiaoz/Desktop/cs348k_proj/outputs/baseline_semantic_sparse/cfg_7p5/000000032610/target.png,/Users/yixiaoz/Desktop/cs348k_proj/outputs/baseline_semantic_sparse/cfg_7p5/000000032610/generated.png,sparse_text_only,1,7.5,20,0.7923,0.6345,20.6788
8021,An audience is looking at an film of a man taking that is projected onto a wall.,"A speaker stands in front of a large projected image while addressing an audience seated in a darkened room. The presentation appears to be part of a conference, lecture, or public event. Audience members focus on the stage while the presenter gestures toward visual material.","bottle, person, tie",/Users/yixiaoz/Desktop/cs348k_proj/outputs/baseline_semantic_sparse/cfg_7p5/000000008021/target.png,/Users/yixiaoz/Desktop/cs348k_proj/outputs/baseline_semantic_sparse/cfg_7p5/000000008021/generated.png,sparse_text_only,1,7.5,20,0.7654,0.8861,19.3865
81738,Someone about to cut and birthday cake with blue and yellow frosting.,"A rectangular birthday cake decorated with blue and yellow frosting sits on a kitchen counter while a person uses a knife to cut into it. The cake appears homemade or specially prepared for a celebration, with decorative writing and icing patterns spread across the surface.","bottle, cake, dining table, knife, person",/Users/yixiaoz/Desktop/cs348k_proj/outputs/baseline_semantic_sparse/cfg_7p5/000000081738/target.png,/Users/yixiaoz/Desktop/cs348k_proj/outputs/baseline_semantic_sparse/cfg_7p5/000000081738/generated.png,sparse_text_only,1,7.5,20,0.6935,0.7371,28.0605
94944,A skier on skies and a snowboarder carrying a snowboard on a mountain slope.,"Several people are gathered on a snowy mountain slope surrounded by dramatic alpine scenery and distant snow-covered peaks. One individual carries a snowboard while others prepare equipment or rest nearby. The expansive landscape dominates the background, emphasizing the scale of the mountainous environment. The image.","backpack, person, skis, snowboard",/Users/yixiaoz/Desktop/cs348k_proj/outputs/baseline_semantic_sparse/cfg_7p5/000000094944/target.png,/Users/yixiaoz/Desktop/cs348k_proj/outputs/baseline_semantic_sparse/cfg_7p5/000000094944/generated.png,sparse_text_only,1,7.5,20,0.7114,0.566,24.3663
48504,A brown and a gray elephant are in a circus ring and the brown elephant is walking behind the gray elephant as well as two people training them are standing nearby.,Two elephants stand inside a large indoor training or exhibition space while handlers supervise them nearby. One elephant follows behind the other as they move across the floor beneath overhead lighting and structural beams. Equipment and barriers suggest a controlled environment designed for animal care.,"bench, elephant, person",/Users/yixiaoz/Desktop/cs348k_proj/outputs/baseline_semantic_sparse/cfg_7p5/000000048504/target.png,/Users/yixiaoz/Desktop/cs348k_proj/outputs/baseline_semantic_sparse/cfg_7p5/000000048504/generated.png,sparse_text_only,1,7.5,20,0.6972,0.8296,12.3292
69213,Two men who are wearing suits and hats standing next to each other.,"Two men wearing dark suits and matching hats stand side by side outdoors while looking toward the camera. Their formal attire contrasts with the busy background, where people and vehicles are visible. The pair appear composed and confident, suggesting they may be attending a formal.","motorcycle, person",/Users/yixiaoz/Desktop/cs348k_proj/outputs/baseline_semantic_sparse/cfg_7p5/000000069213/target.png,/Users/yixiaoz/Desktop/cs348k_proj/outputs/baseline_semantic_sparse/cfg_7p5/000000069213/generated.png,sparse_text_only,1,7.5,20,0.7471,0.7485,17.5506
44877,Two people are in a wheelchair and only one of them is holding a racket.,"Two people are positioned on a tennis court, one seated in a wheelchair while holding a tennis racket. The scene highlights adaptive sports and athletic participation regardless of physical ability. Both individuals focus on the activity taking place on the court, surrounded by fencing and.","person, sports ball, tennis racket",/Users/yixiaoz/Desktop/cs348k_proj/outputs/baseline_semantic_sparse/cfg_7p5/000000044877/target.png,/Users/yixiaoz/Desktop/cs348k_proj/outputs/baseline_semantic_sparse/cfg_7p5/000000044877/generated.png,sparse_text_only,1,7.5,20,0.8219,0.5102,24.4358
74058,A sidewalk next to the outdoor sitting area of a restaurant.,"A black-and-white street scene shows a sidewalk café or restaurant with outdoor seating positioned beside a busy road. Bicycles are parked nearby while tables and chairs extend beneath awnings. Cars line the street and pedestrians move through the area. The monochrome presentation emphasizes geometry, shadows.","bicycle, car, chair, dining table, handbag, person, truck, umbrella",/Users/yixiaoz/Desktop/cs348k_proj/outputs/baseline_semantic_sparse/cfg_7p5/000000074058/target.png,/Users/yixiaoz/Desktop/cs348k_proj/outputs/baseline_semantic_sparse/cfg_7p5/000000074058/generated.png,sparse_text_only,1,7.5,20,0.6688,0.6481,20.523
69356,An Indian woman stands in front of a man selling his fruit,"A fruit vendor stands beside a colorful outdoor market stall filled with oranges, bananas, and other produce. A woman stands nearby while additional people move through the area. Trees and buildings line the background, suggesting a neighborhood street market. The image highlights small-scale commerce, local.","apple, banana, car, person",/Users/yixiaoz/Desktop/cs348k_proj/outputs/baseline_semantic_sparse/cfg_7p5/000000069356/target.png,/Users/yixiaoz/Desktop/cs348k_proj/outputs/baseline_semantic_sparse/cfg_7p5/000000069356/generated.png,sparse_text_only,1,7.5,20,0.7555,0.6975,18.2452
57232,A chair is fashioned from baseball bats and two cushions.,"A chair has been creatively constructed from baseball bats and cushioned seating materials, transforming sporting equipment into functional furniture. Additional decorative items, including a globe and various objects, surround the unusual piece. The craftsmanship demonstrates artistic repurposing and design innovation. The image highlights the intersection.","baseball bat, chair, vase",/Users/yixiaoz/Desktop/cs348k_proj/outputs/baseline_semantic_sparse/cfg_7p5/000000057232/target.png,/Users/yixiaoz/Desktop/cs348k_proj/outputs/baseline_semantic_sparse/cfg_7p5/000000057232/generated.png,sparse_text_only,1,7.5,20,0.7634,0.6857,32.7937
5193,A group of people pose for a picture while a man holds two surfboards.,"A group of people gathers indoors for a photograph while one individual holds two colorful surfboards upright. Several children and adults pose together, smiling toward the camera. The surfboards act as focal points, suggesting a beach, surfing, or recreational theme. The image captures a celebratory.","bottle, person, surfboard",/Users/yixiaoz/Desktop/cs348k_proj/outputs/baseline_semantic_sparse/cfg_7p5/000000005193/target.png,/Users/yixiaoz/Desktop/cs348k_proj/outputs/baseline_semantic_sparse/cfg_7p5/000000005193/generated.png,sparse_text_only,1,7.5,20,0.8185,0.7544,27.1897
94751,A traffic light and a signpost at a crossroads intersection near a waterway.,"Traffic lights and road signs stand at an intersection near a waterfront area. Fences, streets, and utility structures define the urban landscape while water and distant infrastructure appear in the background. The scene focuses on transportation systems and traffic management rather than people. The image.","bench, car, person, traffic light",/Users/yixiaoz/Desktop/cs348k_proj/outputs/baseline_semantic_sparse/cfg_7p5/000000094751/target.png,/Users/yixiaoz/Desktop/cs348k_proj/outputs/baseline_semantic_sparse/cfg_7p5/000000094751/generated.png,sparse_text_only,1,7.5,20,0.8185,0.7809,25.9958
13546,Young man on skate board balancing on concrete barrier near sidewalk with small park area near by.,"A skateboarder balances on a concrete structure within a small park while performing a trick. The rider’s posture demonstrates concentration and control as wheels contact the edge of the obstacle. Grass, pathways, and recreational facilities surround the scene. The image captures motion and athletic skill.","bench, person, skateboard",/Users/yixiaoz/Desktop/cs348k_proj/outputs/baseline_semantic_sparse/cfg_7p5/000000013546/target.png,/Users/yixiaoz/Desktop/cs348k_proj/outputs/baseline_semantic_sparse/cfg_7p5/000000013546/generated.png,sparse_text_only,1,7.5,20,0.7619,0.6895,28.7129
112378,A bunch of bananas on a wooden bench with hammocks in the background.,"A bunch of bananas rests on a wooden bench in an outdoor setting where hammocks and tropical vegetation appear in the background. The fruit is arranged casually, creating a simple still-life composition. Natural lighting and greenery contribute to a relaxed atmosphere. The image highlights everyday.","banana, bench, chair, dining table",/Users/yixiaoz/Desktop/cs348k_proj/outputs/baseline_semantic_sparse/cfg_7p5/000000112378/target.png,/Users/yixiaoz/Desktop/cs348k_proj/outputs/baseline_semantic_sparse/cfg_7p5/000000112378/generated.png,sparse_text_only,1,7.5,20,0.8074,0.7779,24.4293
57672,a river.A group of people with life jacket rowing a long boat in,"A long rowing boat moves across a calm river while a coordinated team of rowers wearing life jackets paddles together. Their synchronized effort propels the vessel through the water as spectators and shoreline features remain visible in the distance. The image highlights teamwork, endurance, and.","boat, car, person, truck",/Users/yixiaoz/Desktop/cs348k_proj/outputs/baseline_semantic_sparse/cfg_7p5/000000057672/target.png,/Users/yixiaoz/Desktop/cs348k_proj/outputs/baseline_semantic_sparse/cfg_7p5/000000057672/generated.png,sparse_text_only,1,7.5,20,0.7424,0.7657,15.0576
19432,He's almost got this tennis ball at the end of his racket.,"A tennis player focuses intensely on a ball approaching the racket during a match on a professional court. Stadium seating and fencing create the backdrop while the athlete prepares to make contact. The composition freezes a precise moment that requires timing, concentration, and technical skill.","chair, person, sports ball, tennis racket",/Users/yixiaoz/Desktop/cs348k_proj/outputs/baseline_semantic_sparse/cfg_7p5/000000019432/target.png,/Users/yixiaoz/Desktop/cs348k_proj/outputs/baseline_semantic_sparse/cfg_7p5/000000019432/generated.png,sparse_text_only,1,7.5,20,0.8509,0.826,14.4121
73702,A couple of guys standingoutside in the sun talking to each other.,"Several people stand together outdoors near a transportation or public-service area while engaged in conversation. Some individuals carry bags or wear protective clothing, suggesting travel, work, or transit-related activities. The scene appears candid and documentary in nature, focusing on social interaction rather than posed photography.","backpack, handbag, person, umbrella",/Users/yixiaoz/Desktop/cs348k_proj/outputs/baseline_semantic_sparse/cfg_7p5/000000073702/target.png,/Users/yixiaoz/Desktop/cs348k_proj/outputs/baseline_semantic_sparse/cfg_7p5/000000073702/generated.png,sparse_text_only,1,7.5,20,0.7006,0.6287,24.9722
84241,Three women cooking in a professional kitchen together.,"Three women work together inside a professional kitchen while preparing food. Large bowls of vegetables, cookware, and stainless-steel surfaces surround them as they coordinate meal preparation. The environment suggests a restaurant, catering operation, or culinary training setting. The image highlights teamwork, food service, and culinary.","bottle, bowl, broccoli, dining table, fork, oven, person, sandwich, sink, spoon",/Users/yixiaoz/Desktop/cs348k_proj/outputs/baseline_semantic_sparse/cfg_7p5/000000084241/target.png,/Users/yixiaoz/Desktop/cs348k_proj/outputs/baseline_semantic_sparse/cfg_7p5/000000084241/generated.png,sparse_text_only,1,7.5,20,0.7802,0.5793,26.6007
34417,Donuts traveling down an assembly line in a factory while people work behind it.,"Donuts move along a production line inside a bakery or food-processing facility while workers supervise operations in the background. Conveyors, trays, and industrial equipment are visible throughout the workspace. The image illustrates large-scale food production and the systems used to manufacture baked goods efficiently. It.","donut, person, tie",/Users/yixiaoz/Desktop/cs348k_proj/outputs/baseline_semantic_sparse/cfg_7p5/000000034417/target.png,/Users/yixiaoz/Desktop/cs348k_proj/outputs/baseline_semantic_sparse/cfg_7p5/000000034417/generated.png,sparse_text_only,1,7.5,20,0.795,0.9119,12.0895
25181,A train station with an awning is depicted with a train on the right platform.,"A train station platform extends into the distance beneath a large canopy, creating strong lines and symmetry throughout the composition. A train sits along one side of the platform while signs and architectural details reinforce the sense of order. The black-and-white presentation emphasizes structure and.","backpack, bench, person, train",/Users/yixiaoz/Desktop/cs348k_proj/outputs/baseline_semantic_sparse/cfg_7p5/000000025181/target.png,/Users/yixiaoz/Desktop/cs348k_proj/outputs/baseline_semantic_sparse/cfg_7p5/000000025181/generated.png,sparse_text_only,1,7.5,20,0.6984,0.7518,21.3796
67213,"A dog jumping through the air above a pool of water that has been marked for distance, with people watching in the distance.","A dog leaps high above a pool during a dock-diving competition while spectators watch from behind barriers. The animal is captured midair, demonstrating athletic ability, speed, and confidence. Water, measuring equipment, and event organizers suggest a structured sporting competition. The image highlights the bond between.","car, dog, person",/Users/yixiaoz/Desktop/cs348k_proj/outputs/baseline_semantic_sparse/cfg_7p5/000000067213/target.png,/Users/yixiaoz/Desktop/cs348k_proj/outputs/baseline_semantic_sparse/cfg_7p5/000000067213/generated.png,sparse_text_only,1,7.5,20,0.7421,0.7639,11.6983
94871,A group of people standing around sheep on a field.,"Several sheep stand together in a field while people gather nearby. Different breeds and wool colors create visual variety across the scene. The setting resembles an agricultural fair, livestock exhibition, or rural community event where animals are displayed and evaluated. The image highlights farming culture.","handbag, person, sheep",/Users/yixiaoz/Desktop/cs348k_proj/outputs/baseline_semantic_sparse/cfg_7p5/000000094871/target.png,/Users/yixiaoz/Desktop/cs348k_proj/outputs/baseline_semantic_sparse/cfg_7p5/000000094871/generated.png,sparse_text_only,1,7.5,20,0.8174,0.6597,19.3902
2685,A crowd of people stand near a man behind a bar with wine bottles on it.,"Several people are gathered around a wooden bar counter inside a restaurant, tasting room, or social event space. A man stands behind the counter near shelves filled with wine bottles while customers stand close together and talk in small groups. The room appears warmly lit.","bottle, cup, handbag, person, wine glass",/Users/yixiaoz/Desktop/cs348k_proj/outputs/baseline_semantic_sparse/cfg_10p0/000000002685/target.png,/Users/yixiaoz/Desktop/cs348k_proj/outputs/baseline_semantic_sparse/cfg_10p0/000000002685/generated.png,sparse_text_only,1,10.0,20,0.7894,0.7484,27.1905
6763,A man and a women posing next to one another in front of a table.,"A man and a woman sit close together at a table inside a dimly lit restaurant or bar. The man wears a dress shirt and tie and has his arm around the smiling woman beside him. Plates, utensils, and drinks are visible on the table.","cell phone, dining table, person, tie, tv",/Users/yixiaoz/Desktop/cs348k_proj/outputs/baseline_semantic_sparse/cfg_10p0/000000006763/target.png,/Users/yixiaoz/Desktop/cs348k_proj/outputs/baseline_semantic_sparse/cfg_10p0/000000006763/generated.png,sparse_text_only,1,10.0,20,0.7871,0.812,23.0761
87144,A baby sitting between a lady and a man on a bench under a tree.,"A woman, a young child, and an elderly man sit on a park bench beneath the shade of a tree. The woman sits on the left wearing a patterned dress, the child sits near the center, and the older man sits on the right wearing.","bench, car, handbag, person",/Users/yixiaoz/Desktop/cs348k_proj/outputs/baseline_semantic_sparse/cfg_10p0/000000087144/target.png,/Users/yixiaoz/Desktop/cs348k_proj/outputs/baseline_semantic_sparse/cfg_10p0/000000087144/generated.png,sparse_text_only,1,10.0,20,0.7321,0.5917,19.4214
2157,A table topped with a cake covered in berries next to a plate of sandwiches.,"A table covered with a red tablecloth is arranged with desserts and party food in an outdoor or bright dining setting. A large cake topped with blueberries and raspberries sits near the front beside plates of sandwiches, bread, grapes, wine glasses, napkins, and stacked dishes.","cake, cup, dining table, knife, wine glass",/Users/yixiaoz/Desktop/cs348k_proj/outputs/baseline_semantic_sparse/cfg_10p0/000000002157/target.png,/Users/yixiaoz/Desktop/cs348k_proj/outputs/baseline_semantic_sparse/cfg_10p0/000000002157/generated.png,sparse_text_only,1,10.0,20,0.8222,0.546,27.8928
14226,A person is sitting in a chair at a table with a laptop computer.,A man sits alone in a passenger train or railcar while using a laptop computer on a fold-out table in front of him. He wears a jacket and looks downward toward the screen with a focused expression. A large window beside him shows blurred scenery.,"apple, chair, dining table, laptop, person",/Users/yixiaoz/Desktop/cs348k_proj/outputs/baseline_semantic_sparse/cfg_10p0/000000014226/target.png,/Users/yixiaoz/Desktop/cs348k_proj/outputs/baseline_semantic_sparse/cfg_10p0/000000014226/generated.png,sparse_text_only,1,10.0,20,0.7285,0.6617,24.4647
35279,"A man laying his head down next to electronics, a butterfly, and a book.","A cluttered workspace or floor area contains several electronic devices and accessories arranged close together. A laptop displays a simple image on its screen, while a smartphone, cables, speakers, papers, a bottle, and other gadgets sit nearby. Part of a person’s face appears near the.","book, bottle, cell phone, handbag, laptop, person, tennis racket",/Users/yixiaoz/Desktop/cs348k_proj/outputs/baseline_semantic_sparse/cfg_10p0/000000035279/target.png,/Users/yixiaoz/Desktop/cs348k_proj/outputs/baseline_semantic_sparse/cfg_10p0/000000035279/generated.png,sparse_text_only,1,10.0,20,0.7786,0.5196,28.486
31620,A woman in a white dress and a man in gray stand near a cake on a white table under a white canopy.,"Inside a large white event tent, a woman in a white dress and a man in a gray suit stand near a decorated table. The table is covered with a white cloth and appears to hold a cake or centerpiece. Soft light filters through the.","cake, chair, cup, knife, person, tie",/Users/yixiaoz/Desktop/cs348k_proj/outputs/baseline_semantic_sparse/cfg_10p0/000000031620/target.png,/Users/yixiaoz/Desktop/cs348k_proj/outputs/baseline_semantic_sparse/cfg_10p0/000000031620/generated.png,sparse_text_only,1,10.0,20,0.7465,0.8558,22.7919
95707,Several pastries sitting on aluminum foil next to a bowl with a knife and spatula in it.,"Several pastries and baked goods are arranged on aluminum foil on a table, with a bowl, knife, and spatula placed nearby for serving. The food includes rectangular pieces and a pale frosted or light-colored dessert item, suggesting a dessert spread or homemade baked selection. The.","bowl, cake, dining table, knife",/Users/yixiaoz/Desktop/cs348k_proj/outputs/baseline_semantic_sparse/cfg_10p0/000000095707/target.png,/Users/yixiaoz/Desktop/cs348k_proj/outputs/baseline_semantic_sparse/cfg_10p0/000000095707/generated.png,sparse_text_only,1,10.0,20,0.7679,0.7982,25.7179
54605,Milkshake in tall glass and piece of cake on plate near forks.,"A tall milkshake in a glass is topped with whipped cream and placed on a restaurant table beside a slice of layered cake on a white plate. A fork, napkins, and other table items sit nearby, while the background is dim and softly blurred. The.","cake, chair, cup, dining table, fork, person",/Users/yixiaoz/Desktop/cs348k_proj/outputs/baseline_semantic_sparse/cfg_10p0/000000054605/target.png,/Users/yixiaoz/Desktop/cs348k_proj/outputs/baseline_semantic_sparse/cfg_10p0/000000054605/generated.png,sparse_text_only,1,10.0,20,0.7673,0.698,22.2221
27620,A laptop sitting on a desk next to a chair and another computer.,"A small home office or study area contains a glass-top desk, a laptop computer, a chair, and additional electronic equipment. The desk is positioned near a wall with windows and blinds, and another chair sits in front of the workspace. Cables, accessories, and a cup.","bottle, chair, keyboard, laptop, mouse",/Users/yixiaoz/Desktop/cs348k_proj/outputs/baseline_semantic_sparse/cfg_10p0/000000027620/target.png,/Users/yixiaoz/Desktop/cs348k_proj/outputs/baseline_semantic_sparse/cfg_10p0/000000027620/generated.png,sparse_text_only,1,10.0,20,0.736,0.7105,29.3246
66771,Two people sitting at a table with beverages on it and the woman holding her phone.,"Two people sit together at a restaurant table with beverages, cups, and small dishes in front of them. The man smiles while looking toward the woman, and the woman looks down at a smartphone in her hand. The table includes a drink with a straw.","bowl, cell phone, couch, cup, dining table, person, spoon",/Users/yixiaoz/Desktop/cs348k_proj/outputs/baseline_semantic_sparse/cfg_10p0/000000066771/target.png,/Users/yixiaoz/Desktop/cs348k_proj/outputs/baseline_semantic_sparse/cfg_10p0/000000066771/generated.png,sparse_text_only,1,10.0,20,0.7543,0.7147,20.9108
18575,"Two plates, one with a sandwich and fries, the other with just a sandwich and a pickle.","Two plates of food are served on a restaurant table. One plate contains a sandwich with French fries, while the other plate includes a sandwich and a pickle with sliced vegetables and condiments nearby. Drinks, small containers, and utensils surround the plates, suggesting a casual.","bottle, bowl, dining table, knife, sandwich, wine glass",/Users/yixiaoz/Desktop/cs348k_proj/outputs/baseline_semantic_sparse/cfg_10p0/000000018575/target.png,/Users/yixiaoz/Desktop/cs348k_proj/outputs/baseline_semantic_sparse/cfg_10p0/000000018575/generated.png,sparse_text_only,1,10.0,20,0.749,0.6251,29.9498
66817,This plate consists of rice with sauce and peas and meat patties on the side.,"A plate of food is photographed from above on a table, containing rice covered with sauce, peas, and several browned meat patties on the side. A cup of yogurt or creamy dessert and a small bowl of fruit sit near the plate, creating a complete.","bowl, carrot, dining table, fork, spoon",/Users/yixiaoz/Desktop/cs348k_proj/outputs/baseline_semantic_sparse/cfg_10p0/000000066817/target.png,/Users/yixiaoz/Desktop/cs348k_proj/outputs/baseline_semantic_sparse/cfg_10p0/000000066817/generated.png,sparse_text_only,1,10.0,20,0.8452,0.6445,25.8252
84674,a girl holds a baby eating a bagel with a boy standing next to them,"A woman sits indoors holding a small child who is eating a bagel or bread roll, while a young boy stands next to them facing the camera. The group appears to be in a restaurant, event space, or public indoor setting, with people and warm.","book, clock, couch, donut, person, tv",/Users/yixiaoz/Desktop/cs348k_proj/outputs/baseline_semantic_sparse/cfg_10p0/000000084674/target.png,/Users/yixiaoz/Desktop/cs348k_proj/outputs/baseline_semantic_sparse/cfg_10p0/000000084674/generated.png,sparse_text_only,1,10.0,20,0.8593,0.8424,20.1318
47112,A pizza served on a white plate next to empty wine glass and beer.,"A freshly baked pizza sits on a white plate on a restaurant table, with a glass of beer and an empty wine glass positioned behind it. The pizza has visible cheese and toppings, and the background contains tables, chairs, and restaurant décor. The low angle.","bottle, bowl, chair, dining table, knife, person, pizza, wine glass",/Users/yixiaoz/Desktop/cs348k_proj/outputs/baseline_semantic_sparse/cfg_10p0/000000047112/target.png,/Users/yixiaoz/Desktop/cs348k_proj/outputs/baseline_semantic_sparse/cfg_10p0/000000047112/generated.png,sparse_text_only,1,10.0,20,0.766,0.5411,29.7792
59598,"A table with a laptop a plate with a muffin and a banana, a can and a cellphone.","An open laptop sits on a table in a classroom, meeting room, or conference setting. Nearby are a plate with a muffin and banana, a soda can, a mobile phone, and other small items. In the background, a presentation screen or projector area is visible.","banana, cake, cell phone, chair, keyboard, laptop, mouse, person",/Users/yixiaoz/Desktop/cs348k_proj/outputs/baseline_semantic_sparse/cfg_10p0/000000059598/target.png,/Users/yixiaoz/Desktop/cs348k_proj/outputs/baseline_semantic_sparse/cfg_10p0/000000059598/generated.png,sparse_text_only,1,10.0,20,0.8115,0.518,29.8939
91779,Three hot dogs with different toppings lined up on a tabletop.,"Three hot dogs with different toppings are arranged side by side on a tray or tabletop. One appears topped with sauce or chili, another with bright red peppers, and the surrounding area contains side dishes, cups, and food wrappers. The close-up composition highlights the variety.","bowl, chair, cup, dining table, hot dog, sandwich",/Users/yixiaoz/Desktop/cs348k_proj/outputs/baseline_semantic_sparse/cfg_10p0/000000091779/target.png,/Users/yixiaoz/Desktop/cs348k_proj/outputs/baseline_semantic_sparse/cfg_10p0/000000091779/generated.png,sparse_text_only,1,10.0,20,0.7981,0.7415,24.9303
22892,"A cat sitting on a table next to plants and a dog outside of a sliding glass door, looking in.","A gray cat sits indoors on a table beside potted plants near a sliding glass door, while a dog stands outside looking in through the glass. The cat faces downward toward the plants, and the dog is visible beyond the door on a balcony or.","cat, chair, dining table, dog, potted plant",/Users/yixiaoz/Desktop/cs348k_proj/outputs/baseline_semantic_sparse/cfg_10p0/000000022892/target.png,/Users/yixiaoz/Desktop/cs348k_proj/outputs/baseline_semantic_sparse/cfg_10p0/000000022892/generated.png,sparse_text_only,1,10.0,20,0.7684,0.6749,24.5896
97337,This is a nice living room set up with two couches and a television.,"A cozy living room contains two couches arranged around a coffee table facing a television. The television displays a map or graphic image, while lamps, curtains, and decorative furniture create a warm indoor atmosphere. The room appears tidy and comfortable, with soft lighting and a.","chair, couch, dining table, person, tv",/Users/yixiaoz/Desktop/cs348k_proj/outputs/baseline_semantic_sparse/cfg_10p0/000000097337/target.png,/Users/yixiaoz/Desktop/cs348k_proj/outputs/baseline_semantic_sparse/cfg_10p0/000000097337/generated.png,sparse_text_only,1,10.0,20,0.7105,0.5898,32.2522
10707,Man with video game controller in living room with onlooker seated nearby.,"Several people gather in a living room around a coffee table covered with drinks, snacks, and small items. One man stands holding a video game controller, while others sit nearby watching or participating. Sofas, warm lighting, and casual clothing create the feeling of a relaxed.","backpack, bottle, couch, cup, dining table, laptop, person, remote",/Users/yixiaoz/Desktop/cs348k_proj/outputs/baseline_semantic_sparse/cfg_10p0/000000010707/target.png,/Users/yixiaoz/Desktop/cs348k_proj/outputs/baseline_semantic_sparse/cfg_10p0/000000010707/generated.png,sparse_text_only,1,10.0,20,0.8686,0.7912,25.6049
65288,A yellow and green object with a brown bird perched on top of it.,"An ornate yellow and green decorative structure sits in the foreground, with a small brown bird perched on its top edge. Behind it, a crowd of people gathers outdoors near tables, chairs, plants, and shaded areas, suggesting a plaza, café, or public gathering space. The.","backpack, bicycle, bird, chair, person, potted plant",/Users/yixiaoz/Desktop/cs348k_proj/outputs/baseline_semantic_sparse/cfg_10p0/000000065288/target.png,/Users/yixiaoz/Desktop/cs348k_proj/outputs/baseline_semantic_sparse/cfg_10p0/000000065288/generated.png,sparse_text_only,1,10.0,20,0.7723,0.8159,16.2327
116208,"A large pizza is shown on a table, with bottles and glasses of wine.","A large pizza topped with cheese, mushrooms, and other ingredients is placed on a raised stand at the center of a restaurant table. Wine bottles, glasses, plates, utensils, and small dishes surround it, suggesting a shared meal among several diners. The pizza is viewed from.","bottle, chair, cup, dining table, person, pizza, wine glass",/Users/yixiaoz/Desktop/cs348k_proj/outputs/baseline_semantic_sparse/cfg_10p0/000000116208/target.png,/Users/yixiaoz/Desktop/cs348k_proj/outputs/baseline_semantic_sparse/cfg_10p0/000000116208/generated.png,sparse_text_only,1,10.0,20,0.7068,0.4064,30.9697
74733,two flatbread pieces covered with different ingredients in between a flight of beers,"Two rectangular flatbread dishes topped with different ingredients are served on a wooden board beside a flight of beers. Several small glasses of beer, dipping containers, and additional drinkware are arranged around the food. The warm indoor lighting and tabletop presentation suggest a restaurant, pub.","chair, cup, dining table, person, pizza",/Users/yixiaoz/Desktop/cs348k_proj/outputs/baseline_semantic_sparse/cfg_10p0/000000074733/target.png,/Users/yixiaoz/Desktop/cs348k_proj/outputs/baseline_semantic_sparse/cfg_10p0/000000074733/generated.png,sparse_text_only,1,10.0,20,0.7849,0.6169,23.2209
114907,"A woman holding a milking attachment and standing in front of a cow, with a group of people in the audience.","A woman stands beside a large dairy cow while demonstrating or holding a milking attachment in front of a seated audience. The cow is positioned behind a metal barrier, and many people watch attentively from the foreground. The scene appears to be part of an.","cow, person, truck",/Users/yixiaoz/Desktop/cs348k_proj/outputs/baseline_semantic_sparse/cfg_10p0/000000114907/target.png,/Users/yixiaoz/Desktop/cs348k_proj/outputs/baseline_semantic_sparse/cfg_10p0/000000114907/generated.png,sparse_text_only,1,10.0,20,0.7511,0.7012,28.8288
61333,The caramel-colored kitten is  lying on the small blanket on top of the unmade bed.,"An orange tabby kitten lies curled up on a small blanket placed on top of an unmade bed. The cat appears relaxed and sleepy, with its body tucked close and its head resting near the blanket. A bookshelf filled with books lines the background, adding.","bed, book, cat",/Users/yixiaoz/Desktop/cs348k_proj/outputs/baseline_semantic_sparse/cfg_10p0/000000061333/target.png,/Users/yixiaoz/Desktop/cs348k_proj/outputs/baseline_semantic_sparse/cfg_10p0/000000061333/generated.png,sparse_text_only,1,10.0,20,0.8713,0.5885,31.3942
18837,A large truck on a city street with two works sitting on top and one worker climbing in through door.,"A large green utility truck is parked on a city street while workers perform maintenance tasks around it. One worker appears to be on top of the vehicle, and another is climbing into or standing near the door. Cars, buildings, traffic signs, and urban infrastructure.","car, person, truck",/Users/yixiaoz/Desktop/cs348k_proj/outputs/baseline_semantic_sparse/cfg_10p0/000000018837/target.png,/Users/yixiaoz/Desktop/cs348k_proj/outputs/baseline_semantic_sparse/cfg_10p0/000000018837/generated.png,sparse_text_only,1,10.0,20,0.7089,0.8195,18.1699
9914,"A sandwich, french fries, bowl of ketchup, onion slice, lettuce slice, tomato slice, and knife sit on the white plate.","A sandwich meal is served on a white plate with French fries, a small bowl of ketchup, sliced onion, tomato, lettuce, and a knife. The sandwich bun is topped with sesame seeds, and the fries are piled beside it. The close-up view focuses on the.","bowl, dining table, hot dog, knife, sandwich",/Users/yixiaoz/Desktop/cs348k_proj/outputs/baseline_semantic_sparse/cfg_10p0/000000009914/target.png,/Users/yixiaoz/Desktop/cs348k_proj/outputs/baseline_semantic_sparse/cfg_10p0/000000009914/generated.png,sparse_text_only,1,10.0,20,0.7704,0.6424,26.2411
39477,A beach towel covers a TV across from plants on the wall and in front of the window.,"A compact living room features a couch facing a television, with several plants placed near the window and on the wall. Natural light enters through a large curtained window, brightening the small room. A low table, rug, wall decorations, and shelving create a tidy residential.","book, couch, potted plant, tv, vase",/Users/yixiaoz/Desktop/cs348k_proj/outputs/baseline_semantic_sparse/cfg_10p0/000000039477/target.png,/Users/yixiaoz/Desktop/cs348k_proj/outputs/baseline_semantic_sparse/cfg_10p0/000000039477/generated.png,sparse_text_only,1,10.0,20,0.7532,0.6669,29.9095
61108,A blue bicycle with a puppy in its basket is parked next to the bleacher steps.,"A blue bicycle is parked beside outdoor bleacher steps, with a small puppy sitting inside a basket attached to the front. The bicycle rests near concrete steps and railings, suggesting a sports field, park, or recreational area. The puppy sits securely in the basket and.","bench, bicycle, car, dog",/Users/yixiaoz/Desktop/cs348k_proj/outputs/baseline_semantic_sparse/cfg_10p0/000000061108/target.png,/Users/yixiaoz/Desktop/cs348k_proj/outputs/baseline_semantic_sparse/cfg_10p0/000000061108/generated.png,sparse_text_only,1,10.0,20,0.7101,0.5585,34.0513
91615,"A kitchen has light wooden colored cabinetry, beige countertops, and stainless steel appliances in an open concept house.","A clean modern kitchen features light wooden cabinets, beige countertops, stainless steel appliances, and a sink built into a central counter area. A microwave, oven, refrigerator, dishwasher, and decorative flowers are visible throughout the room. The space appears bright, organized, and open, with neutral colors.","book, bottle, bowl, cup, microwave, oven, sink, tv, vase",/Users/yixiaoz/Desktop/cs348k_proj/outputs/baseline_semantic_sparse/cfg_10p0/000000091615/target.png,/Users/yixiaoz/Desktop/cs348k_proj/outputs/baseline_semantic_sparse/cfg_10p0/000000091615/generated.png,sparse_text_only,1,10.0,20,0.75,0.5671,26.8438
77396,A cat being lazy and a cat being nozy in a living room with tv and a laptop displaying the same things.,"Two cats are in a living room facing a television and a laptop displaying similar imagery. One cat stands upright near the television, appearing curious about the screen, while another cat lies on the floor nearby. The room contains a TV stand, small table, and.","book, cat, chair, dining table, laptop, remote, tv",/Users/yixiaoz/Desktop/cs348k_proj/outputs/baseline_semantic_sparse/cfg_10p0/000000077396/target.png,/Users/yixiaoz/Desktop/cs348k_proj/outputs/baseline_semantic_sparse/cfg_10p0/000000077396/generated.png,sparse_text_only,1,10.0,20,0.6848,0.5554,31.0248
119233,A cat sprawled out over the top of a laptop computer keyboard.,"A black-and-white cat sprawls across the keyboard area of an open laptop on a wooden desk or counter. The cat lies comfortably with its body stretched over the computer, partially blocking the screen and keyboard. Various household objects, office supplies, and plants are visible around.","bird, cat, cell phone, cup, laptop, spoon",/Users/yixiaoz/Desktop/cs348k_proj/outputs/baseline_semantic_sparse/cfg_10p0/000000119233/target.png,/Users/yixiaoz/Desktop/cs348k_proj/outputs/baseline_semantic_sparse/cfg_10p0/000000119233/generated.png,sparse_text_only,1,10.0,20,0.7713,0.5622,25.8509
2431,"A table with a plate, wine-filled glass, and bread, among other items","A restaurant table is set with a plate, a wine-filled glass, bread, napkins, utensils, and other dining items. The objects are arranged closely together on a wooden surface, suggesting an ongoing or prepared meal. The image is framed from above and at a slight angle.","cup, dining table, knife, person, spoon, wine glass",/Users/yixiaoz/Desktop/cs348k_proj/outputs/baseline_semantic_sparse/cfg_10p0/000000002431/target.png,/Users/yixiaoz/Desktop/cs348k_proj/outputs/baseline_semantic_sparse/cfg_10p0/000000002431/generated.png,sparse_text_only,1,10.0,20,0.7323,0.6502,31.2344
56344,"Looking down at a desktop with two monitors, a key board, mouse and cell phones on it.","A desk workstation contains two large computer monitors positioned side by side, along with a keyboard, mouse, mobile phones, and several electronic accessories. The screens display different windows or web pages, and cables and devices are spread across the desktop. The space appears dimly lit.","cell phone, keyboard, mouse, remote, tv",/Users/yixiaoz/Desktop/cs348k_proj/outputs/baseline_semantic_sparse/cfg_10p0/000000056344/target.png,/Users/yixiaoz/Desktop/cs348k_proj/outputs/baseline_semantic_sparse/cfg_10p0/000000056344/generated.png,sparse_text_only,1,10.0,20,0.815,0.7877,22.0083
54628,A tall multi layer cake sitting on top of a blue table cloth.,"A tall multi-layered decorative cake stands on a table covered with a blue tablecloth inside an elegant event venue. The cake is decorated with detailed patterns, flowers, and multiple tiers, making it the centerpiece of the room. Guests, tables, chairs, and chandeliers are visible in.","cake, chair, dining table, person, potted plant",/Users/yixiaoz/Desktop/cs348k_proj/outputs/baseline_semantic_sparse/cfg_10p0/000000054628/target.png,/Users/yixiaoz/Desktop/cs348k_proj/outputs/baseline_semantic_sparse/cfg_10p0/000000054628/generated.png,sparse_text_only,1,10.0,20,0.7323,0.7934,13.6548
110999,"A painting of a bowl of fruit sitting in front of another painting,","A framed painting of a bowl of fruit hangs above a table where a real bowl of fruit and decorative objects are arranged below it. The dark background and warm lighting create a still-life atmosphere, connecting the artwork to the physical objects in front of.","apple, bowl, cup, fork, knife, orange, person, spoon",/Users/yixiaoz/Desktop/cs348k_proj/outputs/baseline_semantic_sparse/cfg_10p0/000000110999/target.png,/Users/yixiaoz/Desktop/cs348k_proj/outputs/baseline_semantic_sparse/cfg_10p0/000000110999/generated.png,sparse_text_only,1,10.0,20,0.8827,0.7612,31.4062
72795,a group of ball players playing on a field in front of an audience,"Baseball players are positioned on a field during a game while a large audience watches from the stadium seats. The batter stands near home plate, with the catcher and umpire crouched behind him and other players visible on the field. The scene is viewed from.","baseball bat, baseball glove, person",/Users/yixiaoz/Desktop/cs348k_proj/outputs/baseline_semantic_sparse/cfg_10p0/000000072795/target.png,/Users/yixiaoz/Desktop/cs348k_proj/outputs/baseline_semantic_sparse/cfg_10p0/000000072795/generated.png,sparse_text_only,1,10.0,20,0.7689,0.824,21.6059
92091,A little girl is using the toy brush for a chew toy rather than brushing the teddy.,"A young girl wearing a bright pink dress stands inside a cozy room while holding a toy brush near a stuffed teddy bear. The room includes wooden walls, chairs, a television, artwork, and home furnishings. The child appears to be playing pretend, possibly brushing the.","boat, chair, couch, person, teddy bear, toothbrush, tv",/Users/yixiaoz/Desktop/cs348k_proj/outputs/baseline_semantic_sparse/cfg_10p0/000000092091/target.png,/Users/yixiaoz/Desktop/cs348k_proj/outputs/baseline_semantic_sparse/cfg_10p0/000000092091/generated.png,sparse_text_only,1,10.0,20,0.7615,0.6541,24.8491
108253,there are two plates of food and a beer in the middle of the table,"Two plates of food and a beer bottle are arranged on a restaurant table. The plates contain sandwiches, fries, and other side dishes, while condiments and utensils sit nearby. The bottle of beer stands prominently near the center of the table, suggesting a casual meal.","bottle, cup, dining table, fork, knife, person, pizza, spoon",/Users/yixiaoz/Desktop/cs348k_proj/outputs/baseline_semantic_sparse/cfg_10p0/000000108253/target.png,/Users/yixiaoz/Desktop/cs348k_proj/outputs/baseline_semantic_sparse/cfg_10p0/000000108253/generated.png,sparse_text_only,1,10.0,20,0.7773,0.6989,24.4515
80932,A little boy sits at a table in a restaurant eating a slice of pizza.,"A young boy sits at a restaurant table eating a large slice of pizza. He holds the pizza close to his mouth while leaning over a white plate, concentrating on the meal. Other diners and wooden booth seating are visible in the background, creating a.","chair, cup, dining table, fork, person, pizza",/Users/yixiaoz/Desktop/cs348k_proj/outputs/baseline_semantic_sparse/cfg_10p0/000000080932/target.png,/Users/yixiaoz/Desktop/cs348k_proj/outputs/baseline_semantic_sparse/cfg_10p0/000000080932/generated.png,sparse_text_only,1,10.0,20,0.7448,0.685,28.6148
50811,A man in a suit sitting a table with an empty bowl and empty beer bottles.,A man wearing a gray suit jacket sits alone at a wooden dining table with an empty bowl and several empty beer bottles placed in front of him. He smiles toward the camera in a simple indoor setting with a plain light-colored background. The table.,"bottle, bowl, cell phone, dining table, person, remote, tie",/Users/yixiaoz/Desktop/cs348k_proj/outputs/baseline_semantic_sparse/cfg_10p0/000000050811/target.png,/Users/yixiaoz/Desktop/cs348k_proj/outputs/baseline_semantic_sparse/cfg_10p0/000000050811/generated.png,sparse_text_only,1,10.0,20,0.7731,0.8214,19.6781
13659,A man typing on a laptop keyboard in a cluttered work environment.,"Several people work in a busy, cluttered office environment filled with desks, laptops, papers, cardboard boxes, and electronic equipment. A man in the foreground sits at a desk typing on a laptop while wearing headphones, and other people work in the background. The room looks.","chair, cup, dining table, laptop, person, tv",/Users/yixiaoz/Desktop/cs348k_proj/outputs/baseline_semantic_sparse/cfg_10p0/000000013659/target.png,/Users/yixiaoz/Desktop/cs348k_proj/outputs/baseline_semantic_sparse/cfg_10p0/000000013659/generated.png,sparse_text_only,1,10.0,20,0.7761,0.7177,29.3839
26465,The opened  laptop is sitting on the table along with other technological tools.,"An open laptop sits on a white tabletop surrounded by small technological tools and accessories, including a smartphone, a pen, and a compact electronic device. The laptop screen shows a dark desktop with a bright reflection near the center. The arrangement is simple and sparse.","cell phone, chair, keyboard, laptop, person, remote",/Users/yixiaoz/Desktop/cs348k_proj/outputs/baseline_semantic_sparse/cfg_10p0/000000026465/target.png,/Users/yixiaoz/Desktop/cs348k_proj/outputs/baseline_semantic_sparse/cfg_10p0/000000026465/generated.png,sparse_text_only,1,10.0,20,0.7558,0.6449,27.7236
25096,A boy sitting in front of cake fashioned to look like a skateboard.,"A young boy wearing a blue sports jersey sits at a table looking down at a cake designed to resemble a skateboard. The cake is decorated with bright colors and small details, and the boy appears focused on it as if preparing to cut or.","chair, dining table, knife, person, skateboard, zebra",/Users/yixiaoz/Desktop/cs348k_proj/outputs/baseline_semantic_sparse/cfg_10p0/000000025096/target.png,/Users/yixiaoz/Desktop/cs348k_proj/outputs/baseline_semantic_sparse/cfg_10p0/000000025096/generated.png,sparse_text_only,1,10.0,20,0.7717,0.6485,22.6162
26564,An office desk with a row of books and a desktop computer and laptop computer on the desk.,"An office desk is arranged with a desktop computer, laptop, keyboard, mouse, books, papers, and a row of binders or reference materials. The monitor displays a document or screen of text, and large windows brighten the workspace. The corner desk is compact but well equipped.","book, bottle, keyboard, laptop, mouse, tv",/Users/yixiaoz/Desktop/cs348k_proj/outputs/baseline_semantic_sparse/cfg_10p0/000000026564/target.png,/Users/yixiaoz/Desktop/cs348k_proj/outputs/baseline_semantic_sparse/cfg_10p0/000000026564/generated.png,sparse_text_only,1,10.0,20,0.7447,0.6187,28.2928
12670,A large crowd of people walking around while one owns a teddy bear.,"A large crowd of people walks and gathers in a busy outdoor public space, possibly a street, plaza, or festival area. The scene contains many individuals of different ages wearing colorful clothing, and one person appears to carry or hold a teddy bear among the.","backpack, cell phone, handbag, person, teddy bear",/Users/yixiaoz/Desktop/cs348k_proj/outputs/baseline_semantic_sparse/cfg_10p0/000000012670/target.png,/Users/yixiaoz/Desktop/cs348k_proj/outputs/baseline_semantic_sparse/cfg_10p0/000000012670/generated.png,sparse_text_only,1,10.0,20,0.7752,0.6794,27.0629
9400,Sever people are sitting next to each other while using laptops.,"Several people sit close together around a table while using laptop computers in a dimly lit indoor environment. Multiple screens glow in front of them, and drinks, cables, and computer accessories are spread across the table. The group appears to be collaborating, studying, or working.","cup, keyboard, laptop, mouse, person",/Users/yixiaoz/Desktop/cs348k_proj/outputs/baseline_semantic_sparse/cfg_10p0/000000009400/target.png,/Users/yixiaoz/Desktop/cs348k_proj/outputs/baseline_semantic_sparse/cfg_10p0/000000009400/generated.png,sparse_text_only,1,10.0,20,0.7838,0.7774,22.6687
92053,Three white dishes with three different sorts of food on them.,"Three white plates with different dishes are arranged on a restaurant table under warm, dim lighting. The food includes various items with sauces, sides, and garnishes, and a drink sits nearby. Utensils are placed on or beside the plates, suggesting the meal is in progress.","bowl, cup, dining table, donut, fork, knife, person, sandwich",/Users/yixiaoz/Desktop/cs348k_proj/outputs/baseline_semantic_sparse/cfg_10p0/000000092053/target.png,/Users/yixiaoz/Desktop/cs348k_proj/outputs/baseline_semantic_sparse/cfg_10p0/000000092053/generated.png,sparse_text_only,1,10.0,20,0.8045,0.5378,25.2436
74256,Two women standing in a train station looking at their phones.,"Two women stand together at an outdoor train station platform while looking down at their mobile phones. One woman wears a green scarf and dark clothing, while the other wears a patterned jacket. Train station signs, tracks, buildings, and platform structures appear in the background.","backpack, bus, cell phone, handbag, person, train",/Users/yixiaoz/Desktop/cs348k_proj/outputs/baseline_semantic_sparse/cfg_10p0/000000074256/target.png,/Users/yixiaoz/Desktop/cs348k_proj/outputs/baseline_semantic_sparse/cfg_10p0/000000074256/generated.png,sparse_text_only,1,10.0,20,0.7647,0.6564,27.5711
7818,An illuminated floral display forms the centerpiece of the arrangement in this close up of a dining room table setting.,"A small illuminated floral display sits at the center of a dining table arranged with plates, napkins, glasses, and formal place settings. The image is softly focused with the centerpiece and table surface highlighted against a darker background. The scene appears elegant and quiet, possibly.","chair, dining table, fork, knife, vase, wine glass",/Users/yixiaoz/Desktop/cs348k_proj/outputs/baseline_semantic_sparse/cfg_10p0/000000007818/target.png,/Users/yixiaoz/Desktop/cs348k_proj/outputs/baseline_semantic_sparse/cfg_10p0/000000007818/generated.png,sparse_text_only,1,10.0,20,0.7804,0.7165,24.3451
109313,A man holding a Wii game controller while standing in a living room.,"A man stands in a living room holding a Wii game controller while facing a television outside the frame. He wears casual clothes and stands among household items, toys, furniture, and a colorful floor mat. The room appears lived-in and informal, with a kitchen or.","book, couch, cup, person, remote",/Users/yixiaoz/Desktop/cs348k_proj/outputs/baseline_semantic_sparse/cfg_10p0/000000109313/target.png,/Users/yixiaoz/Desktop/cs348k_proj/outputs/baseline_semantic_sparse/cfg_10p0/000000109313/generated.png,sparse_text_only,1,10.0,20,0.7518,0.7311,21.1903
116439,A woman with a straw style hat sitting on a small row boat in the water and accessory items hanging behind her on the land area.,"A woman wearing a straw-style hat sits in a small wooden boat floating on water, surrounded by colorful fabrics and hanging accessories near the shoreline. The scene appears to take place in a riverside or floating market environment, with reflections on the water and goods.","boat, chair, handbag, person",/Users/yixiaoz/Desktop/cs348k_proj/outputs/baseline_semantic_sparse/cfg_10p0/000000116439/target.png,/Users/yixiaoz/Desktop/cs348k_proj/outputs/baseline_semantic_sparse/cfg_10p0/000000116439/generated.png,sparse_text_only,1,10.0,20,0.7632,0.5325,26.7108
11511,A sculpture of two women stting on a bench with their purses on the ground while people standing in a line behind them.,"A bronze sculpture of two women seated together on a bench is displayed in an outdoor public area. The figures sit close together with handbags or purses placed near their feet, and pedestrians stand or walk in the background. Strong light highlights the sculpture against.","bench, handbag, motorcycle, person",/Users/yixiaoz/Desktop/cs348k_proj/outputs/baseline_semantic_sparse/cfg_10p0/000000011511/target.png,/Users/yixiaoz/Desktop/cs348k_proj/outputs/baseline_semantic_sparse/cfg_10p0/000000011511/generated.png,sparse_text_only,1,10.0,20,0.7372,0.8042,24.8068
17714,A banana frittata next to a plate of decoratively cut fruit and a cup of coffee.,"A breakfast or brunch meal is arranged on a wooden table, including a banana frittata, a plate of decorative cut fruit, and a cup of coffee. Sunlight falls across the tabletop, casting shadows and giving the meal a bright morning feel. The dishes are neatly.","banana, cup, dining table, fork, knife, pizza, spoon",/Users/yixiaoz/Desktop/cs348k_proj/outputs/baseline_semantic_sparse/cfg_10p0/000000017714/target.png,/Users/yixiaoz/Desktop/cs348k_proj/outputs/baseline_semantic_sparse/cfg_10p0/000000017714/generated.png,sparse_text_only,1,10.0,20,0.7927,0.6056,27.4977
15335,"a young child, lady , and man sitting in a booth at a table","A young child sits in a restaurant booth between adults at a table, with plates, drinks, and food items visible in the dim interior. The child appears to be eating or touching their mouth, while the adults sit close on either side. Warm lighting and.","bowl, cell phone, couch, cup, person",/Users/yixiaoz/Desktop/cs348k_proj/outputs/baseline_semantic_sparse/cfg_10p0/000000015335/target.png,/Users/yixiaoz/Desktop/cs348k_proj/outputs/baseline_semantic_sparse/cfg_10p0/000000015335/generated.png,sparse_text_only,1,10.0,20,0.764,0.9161,22.4021
113589,"Two containers containing quiche, a salad, apples and a banana on the side.","A healthy prepared meal is arranged in two clear food containers and a small side area, including a slice of quiche, green salad, apple slices, and a banana. The food is neatly separated and photographed from above against a plain background. The composition emphasizes balanced.","apple, banana, bowl, pizza, sandwich",/Users/yixiaoz/Desktop/cs348k_proj/outputs/baseline_semantic_sparse/cfg_10p0/000000113589/target.png,/Users/yixiaoz/Desktop/cs348k_proj/outputs/baseline_semantic_sparse/cfg_10p0/000000113589/generated.png,sparse_text_only,1,10.0,20,0.801,0.6234,30.0305
1503,A picture of an iMac desktop next to a Mac laptop on a desk.,"An older Apple iMac desktop computer sits on a desk beside a Mac laptop and several computer accessories. A keyboard, mouse, speakers, and monitor are arranged across the workspace, creating a technology-focused setup. The desk is positioned near a window with blinds, and the white.","keyboard, laptop, mouse, tv",/Users/yixiaoz/Desktop/cs348k_proj/outputs/baseline_semantic_sparse/cfg_10p0/000000001503/target.png,/Users/yixiaoz/Desktop/cs348k_proj/outputs/baseline_semantic_sparse/cfg_10p0/000000001503/generated.png,sparse_text_only,1,10.0,20,0.6877,0.472,32.621
88848,"Multiple pictures of fire hydrants, a woman standing near a tree, and people posing in front of a boat.","A collage of multiple photographs shows several yellow fire hydrants, a woman standing near a tree, and people posing in front of a boat or outdoor landmark. The images are arranged together in a grid-like layout, combining different scenes into one visual composition. The subject.","backpack, boat, fire hydrant, handbag, person",/Users/yixiaoz/Desktop/cs348k_proj/outputs/baseline_semantic_sparse/cfg_10p0/000000088848/target.png,/Users/yixiaoz/Desktop/cs348k_proj/outputs/baseline_semantic_sparse/cfg_10p0/000000088848/generated.png,sparse_text_only,1,10.0,20,0.7962,0.6526,24.4548
6471,A man at bat waiting for a pitch with a catcher and umpire behind him and players from the opposing team in the dugout.,"A baseball player in a white uniform stands at home plate holding a bat while waiting for a pitch. A catcher and umpire crouch behind him, and members of the opposing team sit in the dugout watching the play. The green field and stadium seating.","baseball bat, baseball glove, bench, bottle, person",/Users/yixiaoz/Desktop/cs348k_proj/outputs/baseline_semantic_sparse/cfg_10p0/000000006471/target.png,/Users/yixiaoz/Desktop/cs348k_proj/outputs/baseline_semantic_sparse/cfg_10p0/000000006471/generated.png,sparse_text_only,1,10.0,20,0.771,0.7005,20.8807
92660,An unbaked pizza with cheese and herbs on one half and broccoli on the second.,"An uncooked pizza topped with cheese, herbs, and broccoli sits on a round baking tray or pan. One half of the pizza appears more heavily covered with broccoli, while the other has more cheese and herbs exposed. The crust and toppings are clearly visible from.","bottle, broccoli, cup, pizza",/Users/yixiaoz/Desktop/cs348k_proj/outputs/baseline_semantic_sparse/cfg_10p0/000000092660/target.png,/Users/yixiaoz/Desktop/cs348k_proj/outputs/baseline_semantic_sparse/cfg_10p0/000000092660/generated.png,sparse_text_only,1,10.0,20,0.8255,0.4302,30.9039
105335,"A bowl of stew in a white bowl, being held by a person.","A bowl of stew in a white dish is being held by a person, with pieces of vegetables and meat visible in a warm broth. The stew contains colorful ingredients such as carrots, potatoes, and chunks of protein. The close-up framing focuses on the food.","bowl, broccoli, carrot, person",/Users/yixiaoz/Desktop/cs348k_proj/outputs/baseline_semantic_sparse/cfg_10p0/000000105335/target.png,/Users/yixiaoz/Desktop/cs348k_proj/outputs/baseline_semantic_sparse/cfg_10p0/000000105335/generated.png,sparse_text_only,1,10.0,20,0.8376,0.7173,24.2015
117719,A man sits at a bar in front of dozens of bottles of alcohol.,"A man stands behind a warmly lit bar surrounded by dozens of bottles of alcohol arranged on shelves. The bar interior features dark wood, glowing lights, glassware, and a cozy pub-like atmosphere. The bartender or customer is partly silhouetted against the illuminated bottles, creating a.","bottle, cup, person, wine glass",/Users/yixiaoz/Desktop/cs348k_proj/outputs/baseline_semantic_sparse/cfg_10p0/000000117719/target.png,/Users/yixiaoz/Desktop/cs348k_proj/outputs/baseline_semantic_sparse/cfg_10p0/000000117719/generated.png,sparse_text_only,1,10.0,20,0.8403,0.8067,21.5608
82085,A brightly colored train is stopped on the tracks to let passengers on.,"A brightly colored passenger train is stopped on railway tracks beside a platform, allowing passengers to board or exit. The train has yellow, blue, and red sections, and people stand nearby along the track area. Buildings, vegetation, and station infrastructure surround the scene. The image.","person, train",/Users/yixiaoz/Desktop/cs348k_proj/outputs/baseline_semantic_sparse/cfg_10p0/000000082085/target.png,/Users/yixiaoz/Desktop/cs348k_proj/outputs/baseline_semantic_sparse/cfg_10p0/000000082085/generated.png,sparse_text_only,1,10.0,20,0.6888,0.65,28.0752
70048,"A glass of wine sits next to a bowl of soup, salad, and a plate with a sandwich.","A restaurant meal is arranged on a table, including a glass of wine, a bowl of soup, a green salad, and a sandwich served on a round bread roll. Condiments, utensils, napkins, and additional dining items sit nearby. The overhead view emphasizes the variety and.","bowl, cup, dining table, sandwich, wine glass",/Users/yixiaoz/Desktop/cs348k_proj/outputs/baseline_semantic_sparse/cfg_10p0/000000070048/target.png,/Users/yixiaoz/Desktop/cs348k_proj/outputs/baseline_semantic_sparse/cfg_10p0/000000070048/generated.png,sparse_text_only,1,10.0,20,0.7395,0.5477,27.996
3845,A dinner plate that has white steamed rice with stir fry vegetables and chicken.,A large dinner plate holds a mound of white steamed rice next to stir-fried vegetables and pieces of chicken in a colorful sauce. The food is arranged on a patterned plate and viewed from above on a wooden table. The bright vegetables and sauce contrast.,"broccoli, carrot, cup, dining table, fork, spoon",/Users/yixiaoz/Desktop/cs348k_proj/outputs/baseline_semantic_sparse/cfg_10p0/000000003845/target.png,/Users/yixiaoz/Desktop/cs348k_proj/outputs/baseline_semantic_sparse/cfg_10p0/000000003845/generated.png,sparse_text_only,1,10.0,20,0.8314,0.6453,21.2639
92939,a man and female standing side by side with a cake cutter in their hand,"A smiling man and woman stand side by side beside a small decorated cake, holding a cake knife together. The woman wears a light-colored strapless dress and the man wears a white shirt, suggesting a wedding, anniversary, or celebratory event. Palm trees and outdoor lighting.","cake, chair, cup, knife, person, wine glass",/Users/yixiaoz/Desktop/cs348k_proj/outputs/baseline_semantic_sparse/cfg_10p0/000000092939/target.png,/Users/yixiaoz/Desktop/cs348k_proj/outputs/baseline_semantic_sparse/cfg_10p0/000000092939/generated.png,sparse_text_only,1,10.0,20,0.7675,0.8037,15.449
1268,A waterway under a bridge with people sitting down and a woman taking a photo.,"People sit and relax under a large bridge beside a waterfront, with sunlight reflecting brightly off the water. A woman stands in the foreground taking a photograph, while several people sit along the edge facing the river. The bridge structure forms a strong curved frame.","backpack, bird, boat, cell phone, handbag, person",/Users/yixiaoz/Desktop/cs348k_proj/outputs/baseline_semantic_sparse/cfg_10p0/000000001268/target.png,/Users/yixiaoz/Desktop/cs348k_proj/outputs/baseline_semantic_sparse/cfg_10p0/000000001268/generated.png,sparse_text_only,1,10.0,20,0.7773,0.7209,17.631
33221,Two women at a beach with tennis rackets in their hands and one girl looking very excited with her tennis racket in the air.,"Two women stand on a sandy beach holding tennis rackets while people walk nearby in the background. One woman raises her racket enthusiastically above her head, while the other stands beside her wearing a hood or scarf. The beach, distant hills, flags, and open sky.","car, handbag, person, tennis racket, truck",/Users/yixiaoz/Desktop/cs348k_proj/outputs/baseline_semantic_sparse/cfg_10p0/000000033221/target.png,/Users/yixiaoz/Desktop/cs348k_proj/outputs/baseline_semantic_sparse/cfg_10p0/000000033221/generated.png,sparse_text_only,1,10.0,20,0.7217,0.6943,16.6549
68409,School boys sit cross legged in front of a chalkboard sign in a vintage black and white photo.,A vintage black-and-white photograph shows a group of schoolboys sitting cross-legged in a row in front of a chalkboard sign. The boys wear similar school uniforms and pose formally for the camera outdoors. Trees and a simple background are visible behind them. The image has.,"person, tie",/Users/yixiaoz/Desktop/cs348k_proj/outputs/baseline_semantic_sparse/cfg_10p0/000000068409/target.png,/Users/yixiaoz/Desktop/cs348k_proj/outputs/baseline_semantic_sparse/cfg_10p0/000000068409/generated.png,sparse_text_only,1,10.0,20,0.8093,0.8094,11.1442
78170,"PASSENGER TRAIN IN THE NIGHT HOURS WITH NO SMOKING SIGN, AND TWO WOMEN","A black-and-white nighttime image shows passengers visible through the windows of a train car. A no-smoking sign and interior lights can be seen inside, while reflections and shadows create a dramatic atmosphere. Two women or passengers are visible near separate windows, framed by the train.","bottle, cell phone, chair, handbag, person, train",/Users/yixiaoz/Desktop/cs348k_proj/outputs/baseline_semantic_sparse/cfg_10p0/000000078170/target.png,/Users/yixiaoz/Desktop/cs348k_proj/outputs/baseline_semantic_sparse/cfg_10p0/000000078170/generated.png,sparse_text_only,1,10.0,20,0.7427,0.719,13.6626
62554,a plate of broccoli on a table next to some other plates of food,"A plate or bowl of broccoli sits on a table next to other plates of food, including pasta or noodles and additional dishes in the background. The broccoli is bright green and placed prominently in the foreground, while the other foods are slightly out of.","bowl, broccoli, dining table, fork",/Users/yixiaoz/Desktop/cs348k_proj/outputs/baseline_semantic_sparse/cfg_10p0/000000062554/target.png,/Users/yixiaoz/Desktop/cs348k_proj/outputs/baseline_semantic_sparse/cfg_10p0/000000062554/generated.png,sparse_text_only,1,10.0,20,0.7896,0.4513,32.0877
58539,"A man in a red hat, suit, and blue striped tie walks past two other men on a street.","A man wearing a bright red hat, dark suit, and blue striped tie walks along a city street while other men and pedestrians stand nearby. Cars, buildings, and urban activity fill the background. The red hat makes the man stand out clearly from the crowd.","car, person, tie",/Users/yixiaoz/Desktop/cs348k_proj/outputs/baseline_semantic_sparse/cfg_10p0/000000058539/target.png,/Users/yixiaoz/Desktop/cs348k_proj/outputs/baseline_semantic_sparse/cfg_10p0/000000058539/generated.png,sparse_text_only,1,10.0,20,0.7855,0.6472,23.4914
46031,A small tablet computer next to a larger monitor and keyboard.,"A laptop computer sits on a small desk beside a larger external monitor, keyboard, mouse, speakers, and other electronic devices. The laptop and monitor display green leaf or plant imagery, creating a matching visual theme across the screens. The desk is placed near a window.","cell phone, keyboard, laptop, mouse, tv",/Users/yixiaoz/Desktop/cs348k_proj/outputs/baseline_semantic_sparse/cfg_10p0/000000046031/target.png,/Users/yixiaoz/Desktop/cs348k_proj/outputs/baseline_semantic_sparse/cfg_10p0/000000046031/generated.png,sparse_text_only,1,10.0,20,0.8144,0.5956,23.9866
9891,The man is loading luggage suitcases onto the cart in the parking lot.,"A man loads luggage and suitcases onto a metal cart in a parking lot filled with vehicles. He bends over while handling the bags beside a parked car, suggesting travel, airport transport, or hotel arrival. Other cars and a parking garage or covered structure are.","backpack, car, person, suitcase, tie",/Users/yixiaoz/Desktop/cs348k_proj/outputs/baseline_semantic_sparse/cfg_10p0/000000009891/target.png,/Users/yixiaoz/Desktop/cs348k_proj/outputs/baseline_semantic_sparse/cfg_10p0/000000009891/generated.png,sparse_text_only,1,10.0,20,0.7331,0.5626,29.9293
37777,The dining table near the kitchen has a bowl of fruit on it.,"A bright open kitchen and dining area features wooden cabinets, white appliances, tiled flooring, and a small table with a bowl of fruit on top. Sunlight enters through windows and illuminates the clean interior. The kitchen includes counters, a refrigerator, stove, and cabinets arranged along.","banana, chair, dining table, orange, oven, potted plant, refrigerator, sink",/Users/yixiaoz/Desktop/cs348k_proj/outputs/baseline_semantic_sparse/cfg_10p0/000000037777/target.png,/Users/yixiaoz/Desktop/cs348k_proj/outputs/baseline_semantic_sparse/cfg_10p0/000000037777/generated.png,sparse_text_only,1,10.0,20,0.7566,0.5573,30.7197
65350,"Two young people are skateboarding on the ramp, trying to pull off tricks.","Two young people are skateboarding on a skate park ramp while attempting tricks. One skater lies or slides on the ramp with a skateboard nearby, while another stands or moves close by. Other people and bicycles are visible in the background near concrete walls. The.","backpack, bicycle, car, person, skateboard",/Users/yixiaoz/Desktop/cs348k_proj/outputs/baseline_semantic_sparse/cfg_10p0/000000065350/target.png,/Users/yixiaoz/Desktop/cs348k_proj/outputs/baseline_semantic_sparse/cfg_10p0/000000065350/generated.png,sparse_text_only,1,10.0,20,0.7078,0.6601,21.4044
48396,A woman in a tan sweater holding a knife by a young boy in a plaid shirt.,"A woman wearing a tan or light-colored sweater stands beside a young boy in a plaid shirt near a table with cups and food items. The woman holds a knife, possibly preparing to cut or serve something. Both subjects face the camera in an indoor.","cake, chair, cup, dining table, knife, person",/Users/yixiaoz/Desktop/cs348k_proj/outputs/baseline_semantic_sparse/cfg_10p0/000000048396/target.png,/Users/yixiaoz/Desktop/cs348k_proj/outputs/baseline_semantic_sparse/cfg_10p0/000000048396/generated.png,sparse_text_only,1,10.0,20,0.7295,0.7597,20.6307
117908,A man looking in the refrigerator with a cat also looking inside,"A man bends over and looks inside an open refrigerator while a cat stands nearby also peering into the fridge. Food, bottles, and containers are visible on the refrigerator shelves, and the cat appears curious about the contents. The warm indoor lighting and humorous interaction.","bottle, cat, person, refrigerator",/Users/yixiaoz/Desktop/cs348k_proj/outputs/baseline_semantic_sparse/cfg_10p0/000000117908/target.png,/Users/yixiaoz/Desktop/cs348k_proj/outputs/baseline_semantic_sparse/cfg_10p0/000000117908/generated.png,sparse_text_only,1,10.0,20,0.8555,0.8763,28.4209
97994,Three laptop computers and a desktop computer sit next to each other.,"Three laptop computers and a desktop workstation are arranged together on a desk in a compact home office or technical workspace. Several screens, keyboards, cables, and electronic accessories fill the tabletop, suggesting multitasking or computer-intensive work. A microphone or lamp stands near the setup, and.","book, bottle, clock, cup, keyboard, laptop, mouse, tv",/Users/yixiaoz/Desktop/cs348k_proj/outputs/baseline_semantic_sparse/cfg_10p0/000000097994/target.png,/Users/yixiaoz/Desktop/cs348k_proj/outputs/baseline_semantic_sparse/cfg_10p0/000000097994/generated.png,sparse_text_only,1,10.0,20,0.7791,0.6563,29.2175
30785,A plate filled with a bowl of vegetables and two slices of bread with a spread on them.,"A plate holds a healthy meal consisting of a bowl of green vegetables, slices of bread topped with a spread, and additional fresh ingredients. The food is arranged neatly on a wooden table, with the bowl and bread sharing the plate. The overhead view emphasizes.","bowl, broccoli, dining table, sandwich",/Users/yixiaoz/Desktop/cs348k_proj/outputs/baseline_semantic_sparse/cfg_10p0/000000030785/target.png,/Users/yixiaoz/Desktop/cs348k_proj/outputs/baseline_semantic_sparse/cfg_10p0/000000030785/generated.png,sparse_text_only,1,10.0,20,0.7849,0.4737,33.3635
76547,a male in a white shirt a bicycle and an orange and white train,"A man wearing a light-colored shirt sits at a table on a railway station platform near a parked bicycle. An orange and white passenger train is stopped alongside the platform, while overhead signs, metal beams, and station infrastructure extend into the background. The scene captures.","backpack, bench, bicycle, chair, dining table, laptop, person, tie, traffic light, train",/Users/yixiaoz/Desktop/cs348k_proj/outputs/baseline_semantic_sparse/cfg_10p0/000000076547/target.png,/Users/yixiaoz/Desktop/cs348k_proj/outputs/baseline_semantic_sparse/cfg_10p0/000000076547/generated.png,sparse_text_only,1,10.0,20,0.6837,0.6214,21.9416
116362,A small bowl filled with chopped vegetables and spoon,"A bowl filled with chopped fruit pieces sits on a wooden table with a spoon resting inside. The food appears freshly prepared, with colorful slices arranged casually in the bowl. The photograph is taken from above, focusing closely on the meal while leaving the surrounding.","apple, bowl, carrot, dining table, spoon",/Users/yixiaoz/Desktop/cs348k_proj/outputs/baseline_semantic_sparse/cfg_10p0/000000116362/target.png,/Users/yixiaoz/Desktop/cs348k_proj/outputs/baseline_semantic_sparse/cfg_10p0/000000116362/generated.png,sparse_text_only,1,10.0,20,0.8747,0.8044,22.171
22371,A man in thought sitting in front of a laptop with a pen in his hand.,"A businessman sits at a desk in front of an open laptop computer while holding a pen and resting his head on one hand. He appears thoughtful and focused, possibly reviewing information or planning a project. The clean office setting includes a desk surface and.","book, laptop, person, tie",/Users/yixiaoz/Desktop/cs348k_proj/outputs/baseline_semantic_sparse/cfg_10p0/000000022371/target.png,/Users/yixiaoz/Desktop/cs348k_proj/outputs/baseline_semantic_sparse/cfg_10p0/000000022371/generated.png,sparse_text_only,1,10.0,20,0.8414,0.8106,20.4121
69224,A man and woman eating doughnuts out of a box at a coffee shop.,"A man and woman sit together at a table inside a café or coffee shop while sharing food from a box. Drinks, containers, and personal belongings are spread across the table. The pair appear engaged in conversation as they eat, creating a friendly and relaxed.","bottle, chair, dining table, donut, person",/Users/yixiaoz/Desktop/cs348k_proj/outputs/baseline_semantic_sparse/cfg_10p0/000000069224/target.png,/Users/yixiaoz/Desktop/cs348k_proj/outputs/baseline_semantic_sparse/cfg_10p0/000000069224/generated.png,sparse_text_only,1,10.0,20,0.7614,0.7833,24.7119
16249,It sure is a beautiful day to sit outside and read the paper.,"An older man sits outdoors on a bench reading a newspaper while enjoying a pleasant day in a public area. Several other people sit or stand nearby, creating a relaxed community setting. Sunlight illuminates the scene, and the man appears absorbed in reading while the.","backpack, bench, chair, person",/Users/yixiaoz/Desktop/cs348k_proj/outputs/baseline_semantic_sparse/cfg_10p0/000000016249/target.png,/Users/yixiaoz/Desktop/cs348k_proj/outputs/baseline_semantic_sparse/cfg_10p0/000000016249/generated.png,sparse_text_only,1,10.0,20,0.7026,0.7608,25.9237
85157,A group of people sitting around a table have a meal and a drink.,"A group of people sit around a restaurant table sharing food and drinks. Plates, glasses, and table settings fill the dining area while the diners converse with one another. The gathering appears social and informal, with participants enjoying a meal together in a warm indoor.","bowl, chair, cup, dining table, fork, person, pizza",/Users/yixiaoz/Desktop/cs348k_proj/outputs/baseline_semantic_sparse/cfg_10p0/000000085157/target.png,/Users/yixiaoz/Desktop/cs348k_proj/outputs/baseline_semantic_sparse/cfg_10p0/000000085157/generated.png,sparse_text_only,1,10.0,20,0.8031,0.6907,28.1383
20571,A tugboat sits beside a ferry on placid water with a mountain in the distance.,"Several fishing boats are docked beside a harbor on calm water, with hills or mountains visible in the distance. Ropes, masts, and harbor equipment line the waterfront while the boats rest quietly along the dock. The scene reflects a working maritime environment and highlights the.","boat, handbag, person",/Users/yixiaoz/Desktop/cs348k_proj/outputs/baseline_semantic_sparse/cfg_10p0/000000020571/target.png,/Users/yixiaoz/Desktop/cs348k_proj/outputs/baseline_semantic_sparse/cfg_10p0/000000020571/generated.png,sparse_text_only,1,10.0,20,0.6795,0.6294,18.2367
84362,A toddler and cat are in a living room with open curtains.,"A toddler and a cat occupy a cozy living room illuminated by daylight coming through large windows with open curtains. Sofas and chairs surround the room, while the child sits or plays near the center of the space. The cat relaxes nearby, contributing to the.","cat, chair, couch, person, remote, truck, tv",/Users/yixiaoz/Desktop/cs348k_proj/outputs/baseline_semantic_sparse/cfg_10p0/000000084362/target.png,/Users/yixiaoz/Desktop/cs348k_proj/outputs/baseline_semantic_sparse/cfg_10p0/000000084362/generated.png,sparse_text_only,1,10.0,20,0.7395,0.6709,29.1148
62808,Man photographing a fresh pizza his tired buddy just wants to eat,"A freshly baked pizza sits on a table in a restaurant while one man photographs it with a camera or phone. Another man sits nearby waiting to eat, looking toward the meal. Plates and dining items surround the pizza, suggesting the meal is about to.","bottle, cell phone, chair, dining table, knife, person, pizza",/Users/yixiaoz/Desktop/cs348k_proj/outputs/baseline_semantic_sparse/cfg_10p0/000000062808/target.png,/Users/yixiaoz/Desktop/cs348k_proj/outputs/baseline_semantic_sparse/cfg_10p0/000000062808/generated.png,sparse_text_only,1,10.0,20,0.7569,0.5386,29.1586
106235,A living room featuring a comfortable seating arrangement of chairs and tables.,"A comfortable living room features sofas, armchairs, lamps, and a coffee table arranged around a central seating area. Warm lighting and decorative furnishings create a welcoming atmosphere. The room appears carefully organized for relaxation and conversation, with furniture positioned to encourage social interaction. Soft colors.","chair, couch, dining table, potted plant, remote",/Users/yixiaoz/Desktop/cs348k_proj/outputs/baseline_semantic_sparse/cfg_10p0/000000106235/target.png,/Users/yixiaoz/Desktop/cs348k_proj/outputs/baseline_semantic_sparse/cfg_10p0/000000106235/generated.png,sparse_text_only,1,10.0,20,0.7719,0.5243,28.4599
117425,A young boy with a spoon looking at a birthday cupcake.,"A young child sits at a wooden table while looking closely at a small birthday cupcake decorated with a candle. The toddler appears curious and fascinated by the treat positioned directly in front of them. An adult stands nearby, partially visible, supervising the moment. Warm.","cake, cup, dining table, person, spoon",/Users/yixiaoz/Desktop/cs348k_proj/outputs/baseline_semantic_sparse/cfg_10p0/000000117425/target.png,/Users/yixiaoz/Desktop/cs348k_proj/outputs/baseline_semantic_sparse/cfg_10p0/000000117425/generated.png,sparse_text_only,1,10.0,20,0.8055,0.6816,24.1619
100624,A girl is standing by a storefront while talking on her phone.,"A young woman stands on a city sidewalk at night while talking on her mobile phone. Storefront windows, streetlights, and blurred city lights illuminate the background, creating an urban evening atmosphere. She appears focused on her conversation while standing near a shop entrance. The image.","backpack, car, cell phone, person",/Users/yixiaoz/Desktop/cs348k_proj/outputs/baseline_semantic_sparse/cfg_10p0/000000100624/target.png,/Users/yixiaoz/Desktop/cs348k_proj/outputs/baseline_semantic_sparse/cfg_10p0/000000100624/generated.png,sparse_text_only,1,10.0,20,0.8367,0.7976,18.2598
24243,"Two ladies seated with cups of drinks, one smoking while the other seated inside a fridge",Two women sit near a storefront or street-side seating area while holding drinks. One woman smokes a cigarette while the other sits inside a display-like enclosure resembling a refrigerator or booth. The unusual arrangement creates an eye-catching urban scene. Pedestrians and city elements appear in.,"cup, person, refrigerator",/Users/yixiaoz/Desktop/cs348k_proj/outputs/baseline_semantic_sparse/cfg_10p0/000000024243/target.png,/Users/yixiaoz/Desktop/cs348k_proj/outputs/baseline_semantic_sparse/cfg_10p0/000000024243/generated.png,sparse_text_only,1,10.0,20,0.749,0.747,17.4
31296,"A group of people, some in leftover US army clothing, sit at tables in a large dining room.","A large group of people gather around tables inside a spacious dining room decorated with military memorabilia and clothing. The diners appear engaged in conversation while sharing food and drinks. Wooden floors, warm lighting, and the arrangement of tables create a communal atmosphere. The image.","bottle, cell phone, chair, clock, cup, dining table, person, tie",/Users/yixiaoz/Desktop/cs348k_proj/outputs/baseline_semantic_sparse/cfg_10p0/000000031296/target.png,/Users/yixiaoz/Desktop/cs348k_proj/outputs/baseline_semantic_sparse/cfg_10p0/000000031296/generated.png,sparse_text_only,1,10.0,20,0.7022,0.7328,19.0407
40083,a vintage photo of some people sitting under an umbrella,"This black-and-white photograph shows several people seated beneath a large umbrella beside a street or outdoor market area. Tables, chairs, and nearby structures suggest a casual public gathering place. The monochrome presentation gives the image a vintage appearance, emphasizing everyday social activity and street life.","bicycle, bottle, car, chair, person, umbrella",/Users/yixiaoz/Desktop/cs348k_proj/outputs/baseline_semantic_sparse/cfg_10p0/000000040083/target.png,/Users/yixiaoz/Desktop/cs348k_proj/outputs/baseline_semantic_sparse/cfg_10p0/000000040083/generated.png,sparse_text_only,1,10.0,20,0.7,0.7103,19.4452
36936,A man and woman sitting on a couch playing a video game.,"A man and woman sit together on a couch in a living room while playing a video game. A television displays the game in front of them, and snacks or drinks are visible on nearby tables. The indoor setting feels comfortable and informal, with warm.","book, bowl, cell phone, couch, cup, person, potted plant, remote, tv",/Users/yixiaoz/Desktop/cs348k_proj/outputs/baseline_semantic_sparse/cfg_10p0/000000036936/target.png,/Users/yixiaoz/Desktop/cs348k_proj/outputs/baseline_semantic_sparse/cfg_10p0/000000036936/generated.png,sparse_text_only,1,10.0,20,0.826,0.7495,23.7217
18150,A man with a receding hairline offers a slice of pizza to a toddler.,"A man with a receding hairline offers a slice of pizza to a young child seated nearby. The pair appear engaged in a friendly interaction, with the child focusing on the food being presented. The indoor setting suggests a casual family meal or gathering. The.","backpack, bottle, couch, person, pizza",/Users/yixiaoz/Desktop/cs348k_proj/outputs/baseline_semantic_sparse/cfg_10p0/000000018150/target.png,/Users/yixiaoz/Desktop/cs348k_proj/outputs/baseline_semantic_sparse/cfg_10p0/000000018150/generated.png,sparse_text_only,1,10.0,20,0.8257,0.76,15.4633
115870,Some people hanging around in a living room with a big couch.,Several people relax in a spacious living room centered around a large couch and coffee table. Some sit while others stand and converse near large windows that bring natural light into the room. Household decorations and comfortable furniture create a welcoming atmosphere. The scene captures.,"book, cell phone, couch, cup, person, potted plant",/Users/yixiaoz/Desktop/cs348k_proj/outputs/baseline_semantic_sparse/cfg_10p0/000000115870/target.png,/Users/yixiaoz/Desktop/cs348k_proj/outputs/baseline_semantic_sparse/cfg_10p0/000000115870/generated.png,sparse_text_only,1,10.0,20,0.7665,0.7887,22.6966
32901,Four men are standing together behind a group of red chairs.,"Four men stand together behind a row of red chairs in an indoor event or meeting room. They smile toward the camera and appear dressed in semi-formal attire, suggesting a gathering, celebration, or professional occasion. The composition resembles a group portrait, with the individuals positioned.","bottle, chair, cup, dining table, person, tie, wine glass",/Users/yixiaoz/Desktop/cs348k_proj/outputs/baseline_semantic_sparse/cfg_10p0/000000032901/target.png,/Users/yixiaoz/Desktop/cs348k_proj/outputs/baseline_semantic_sparse/cfg_10p0/000000032901/generated.png,sparse_text_only,1,10.0,20,0.7955,0.7577,17.7988
25560,A cat perches on top of an entertainment center in front of a TV.,"A cat perches on top of an entertainment center directly in front of a television screen. The television displays a person on screen, while the cat appears more interested in the elevated resting spot than the program itself. Household electronics and furniture surround the scene.","cat, cup, person, tv",/Users/yixiaoz/Desktop/cs348k_proj/outputs/baseline_semantic_sparse/cfg_10p0/000000025560/target.png,/Users/yixiaoz/Desktop/cs348k_proj/outputs/baseline_semantic_sparse/cfg_10p0/000000025560/generated.png,sparse_text_only,1,10.0,20,0.776,0.6807,27.6237
115245,Several suitcases on wheels leaning up against one long table with chairs.,"Several suitcases of different sizes stand upright beside a long table and a row of chairs in what appears to be a waiting area or meeting room. The luggage is grouped together on a polished wooden floor, suggesting recent travel, arrival, or preparation for departure.","backpack, chair, handbag, person, suitcase",/Users/yixiaoz/Desktop/cs348k_proj/outputs/baseline_semantic_sparse/cfg_10p0/000000115245/target.png,/Users/yixiaoz/Desktop/cs348k_proj/outputs/baseline_semantic_sparse/cfg_10p0/000000115245/generated.png,sparse_text_only,1,10.0,20,0.7716,0.7184,25.7047
5001,A group of people holding a large pair of scissors to a ribbon.,"A crowd of adults and children gather around a ceremonial ribbon-cutting event. Several people smile and pose while a large pair of scissors is used to cut a ribbon stretched across the foreground. Balloons, cameras, and excited expressions contribute to the celebratory atmosphere. The gathering.","bicycle, handbag, person, scissors",/Users/yixiaoz/Desktop/cs348k_proj/outputs/baseline_semantic_sparse/cfg_10p0/000000005001/target.png,/Users/yixiaoz/Desktop/cs348k_proj/outputs/baseline_semantic_sparse/cfg_10p0/000000005001/generated.png,sparse_text_only,1,10.0,20,0.7304,0.7421,14.9201
3934,A young girl in the foreground and a woman in a bridal dress and other adults in the background.,"A young girl wearing a light-colored dress stands in the foreground of a living room while adults gather in the background. Motion blur gives the impression of movement and activity throughout the room. Furniture, decorations, and warm indoor lighting create a family-oriented atmosphere. The scene.","couch, cup, person, remote, wine glass",/Users/yixiaoz/Desktop/cs348k_proj/outputs/baseline_semantic_sparse/cfg_10p0/000000003934/target.png,/Users/yixiaoz/Desktop/cs348k_proj/outputs/baseline_semantic_sparse/cfg_10p0/000000003934/generated.png,sparse_text_only,1,10.0,20,0.758,0.8224,18.9697
91500,Two kids hanging out playing video games on folding chairs.,"Two young men sit on folding chairs while playing a video game together indoors. Each player holds a game controller and focuses on an off-camera television or display. The room contains tables, chairs, and household furnishings that suggest a casual social gathering. Their relaxed posture.","bottle, bowl, chair, cup, dining table, person, pizza, remote, sink",/Users/yixiaoz/Desktop/cs348k_proj/outputs/baseline_semantic_sparse/cfg_10p0/000000091500/target.png,/Users/yixiaoz/Desktop/cs348k_proj/outputs/baseline_semantic_sparse/cfg_10p0/000000091500/generated.png,sparse_text_only,1,10.0,20,0.8337,0.7655,17.4459
82696,a white and black bird is walking by a table and some chairs,"A white and black bird walks across the floor of an indoor dining area filled with tables and chairs. The bird moves freely between the furniture, creating an unusual contrast between wildlife and a human-designed environment. Empty chairs and table arrangements suggest a cafeteria, restaurant.","bird, chair, cup, dining table, person",/Users/yixiaoz/Desktop/cs348k_proj/outputs/baseline_semantic_sparse/cfg_10p0/000000082696/target.png,/Users/yixiaoz/Desktop/cs348k_proj/outputs/baseline_semantic_sparse/cfg_10p0/000000082696/generated.png,sparse_text_only,1,10.0,20,0.7649,0.6484,26.2104
25986,"Food is on the counter including a glass of water, rice, vegetables, and more","Several plates of food are arranged on a kitchen counter, including vegetables, rice, and prepared dishes ready to be served. Bowls, utensils, and drinking glasses surround the meal preparation area. The countertop is busy with ingredients and completed dishes, suggesting an active cooking session or.","bowl, broccoli, cup, donut, spoon",/Users/yixiaoz/Desktop/cs348k_proj/outputs/baseline_semantic_sparse/cfg_10p0/000000025986/target.png,/Users/yixiaoz/Desktop/cs348k_proj/outputs/baseline_semantic_sparse/cfg_10p0/000000025986/generated.png,sparse_text_only,1,10.0,20,0.7685,0.5955,23.3219
17899,Woman working with large assortment of baked goods at kitchen table.,An older woman works at a kitchen table covered with baking supplies and a large assortment of cookies or pastries. Trays of baked goods are arranged across the tabletop while ingredients and utensils remain nearby. The woman appears focused on decorating or organizing the treats.,"bird, cake, chair, couch, cup, dining table, hot dog, person, spoon",/Users/yixiaoz/Desktop/cs348k_proj/outputs/baseline_semantic_sparse/cfg_10p0/000000017899/target.png,/Users/yixiaoz/Desktop/cs348k_proj/outputs/baseline_semantic_sparse/cfg_10p0/000000017899/generated.png,sparse_text_only,1,10.0,20,0.8289,0.7159,21.3155
36494,"A crowd of people sitting in a room, with a clock tower in front.","A large crowd gathers inside a spacious hall featuring an enormous illuminated clock structure mounted on the wall. People sit and stand around tables while enjoying food, drinks, and conversation. The architecture, lighting, and oversized clock create a dramatic focal point within the room. The.","bottle, bowl, chair, clock, cup, dining table, person, refrigerator, vase",/Users/yixiaoz/Desktop/cs348k_proj/outputs/baseline_semantic_sparse/cfg_10p0/000000036494/target.png,/Users/yixiaoz/Desktop/cs348k_proj/outputs/baseline_semantic_sparse/cfg_10p0/000000036494/generated.png,sparse_text_only,1,10.0,20,0.7203,0.7129,17.688
24610,There is a laptop computer in a room with a couch and a bookcase.,"A quiet room contains a desk with a laptop computer, bookshelves filled with books, and a couch positioned along one wall. Warm lighting and simple furnishings create a calm, comfortable environment suitable for reading, studying, or working. The arrangement suggests a personal living space or.","backpack, book, bottle, chair, couch, laptop",/Users/yixiaoz/Desktop/cs348k_proj/outputs/baseline_semantic_sparse/cfg_10p0/000000024610/target.png,/Users/yixiaoz/Desktop/cs348k_proj/outputs/baseline_semantic_sparse/cfg_10p0/000000024610/generated.png,sparse_text_only,1,10.0,20,0.8684,0.7501,19.5369
18380,a family sitting around a long table filled with a lot of food,"A large family gathers around a long dining table filled with food, drinks, and serving dishes. Adults and children smile toward the camera while seated closely together in a warm home environment. The table is crowded with meals prepared for sharing, creating a festive atmosphere.","bowl, carrot, chair, cup, dining table, fork, knife, person, spoon, vase, wine glass",/Users/yixiaoz/Desktop/cs348k_proj/outputs/baseline_semantic_sparse/cfg_10p0/000000018380/target.png,/Users/yixiaoz/Desktop/cs348k_proj/outputs/baseline_semantic_sparse/cfg_10p0/000000018380/generated.png,sparse_text_only,1,10.0,20,0.7923,0.7882,24.397
102411,Two people sitting on a motorcycle in the street next to a beach.,"Two people sit on a motorcycle parked beside a waterfront area near a beach. The ocean, shoreline, and distant scenery provide a scenic backdrop while the riders pause along the road. Nearby pedestrians and open coastal views contribute to the relaxed atmosphere. The image combines.","car, handbag, motorcycle, person",/Users/yixiaoz/Desktop/cs348k_proj/outputs/baseline_semantic_sparse/cfg_10p0/000000102411/target.png,/Users/yixiaoz/Desktop/cs348k_proj/outputs/baseline_semantic_sparse/cfg_10p0/000000102411/generated.png,sparse_text_only,1,10.0,20,0.6893,0.6122,25.2711
99053,"A bowl of noodles, meat, broccoli and carrots in a sauce with a fork.","A bowl of noodles mixed with meat, broccoli, carrots, and vegetables sits on a table with a fork resting inside. The colorful ingredients are coated in sauce and arranged casually within the bowl. The close-up perspective focuses attention on the meal while minimizing background distractions.","bowl, broccoli, dining table, fork",/Users/yixiaoz/Desktop/cs348k_proj/outputs/baseline_semantic_sparse/cfg_10p0/000000099053/target.png,/Users/yixiaoz/Desktop/cs348k_proj/outputs/baseline_semantic_sparse/cfg_10p0/000000099053/generated.png,sparse_text_only,1,10.0,20,0.815,0.6396,23.7566
84650,THERE IS A CAT THAT IS SITTION ON TOP OF THE SUITCASE,A cat rests comfortably on top of a large suitcase surrounded by luggage and travel bags. The animal appears relaxed despite sitting among items associated with movement and transportation. The scene suggests preparation for a trip or recent arrival. The contrast between the cat’s calm.,"backpack, cat, handbag, suitcase",/Users/yixiaoz/Desktop/cs348k_proj/outputs/baseline_semantic_sparse/cfg_10p0/000000084650/target.png,/Users/yixiaoz/Desktop/cs348k_proj/outputs/baseline_semantic_sparse/cfg_10p0/000000084650/generated.png,sparse_text_only,1,10.0,20,0.7213,0.7562,22.6515
114049,"People inside a commuter train, with their luggage and bicycles.","Passengers stand inside a crowded train car surrounded by luggage, bicycles, and personal belongings. The narrow aisle is filled with travelers preparing for or continuing their journey. Bicycle wheels, suitcases, and overhead fixtures emphasize the transportation setting. The image captures the realities of public transit.","backpack, cell phone, chair, person, suitcase",/Users/yixiaoz/Desktop/cs348k_proj/outputs/baseline_semantic_sparse/cfg_10p0/000000114049/target.png,/Users/yixiaoz/Desktop/cs348k_proj/outputs/baseline_semantic_sparse/cfg_10p0/000000114049/generated.png,sparse_text_only,1,10.0,20,0.7461,0.7433,16.3267
100723,Crown marching in one direction in a lightly attended protest.,"A group of protesters march through a public street carrying signs and banners while moving together in the same direction. Participants of different ages fill the scene, creating a visible demonstration of collective action. The signs suggest support for a social or political cause, while.","backpack, handbag, person, stop sign",/Users/yixiaoz/Desktop/cs348k_proj/outputs/baseline_semantic_sparse/cfg_10p0/000000100723/target.png,/Users/yixiaoz/Desktop/cs348k_proj/outputs/baseline_semantic_sparse/cfg_10p0/000000100723/generated.png,sparse_text_only,1,10.0,20,0.7679,0.7138,16.4995
40471,A painted white kitchen with a refrigerator and an automatic dish washer next to an oven stove.,"A clean white kitchen contains a refrigerator, oven, dishwasher, cabinets, and countertops arranged in a practical layout. Bright lighting reflects off the appliances and tiled surfaces, creating an organized and modern appearance. The room appears ready for cooking and daily household use. The image emphasizes.","apple, banana, bottle, bowl, cup, knife, microwave, oven, refrigerator, sink, spoon",/Users/yixiaoz/Desktop/cs348k_proj/outputs/baseline_semantic_sparse/cfg_10p0/000000040471/target.png,/Users/yixiaoz/Desktop/cs348k_proj/outputs/baseline_semantic_sparse/cfg_10p0/000000040471/generated.png,sparse_text_only,1,10.0,20,0.7439,0.8107,24.6701
100238,A family standing next to each other while holding frisbees.,"A family stands outdoors together while holding colorful frisbees. Adults and children pose side by side in a grassy area, appearing relaxed and cheerful. The open environment suggests a park, recreational field, or family gathering. Their casual clothing and outdoor setting contribute to a friendly.","bottle, frisbee, handbag, person",/Users/yixiaoz/Desktop/cs348k_proj/outputs/baseline_semantic_sparse/cfg_10p0/000000100238/target.png,/Users/yixiaoz/Desktop/cs348k_proj/outputs/baseline_semantic_sparse/cfg_10p0/000000100238/generated.png,sparse_text_only,1,10.0,20,0.7633,0.6311,27.8803
39484,A street full of cars that are driving and parked and a group of people sitting outside eating.,"Cars move along a city street lined with buildings, storefronts, and restaurants. Some people sit outside dining establishments while traffic passes through the urban area. Signs, parked vehicles, and commercial activity contribute to a lively downtown atmosphere. The image captures the interaction between transportation, business.","airplane, car, chair, dining table, person, traffic light",/Users/yixiaoz/Desktop/cs348k_proj/outputs/baseline_semantic_sparse/cfg_10p0/000000039484/target.png,/Users/yixiaoz/Desktop/cs348k_proj/outputs/baseline_semantic_sparse/cfg_10p0/000000039484/generated.png,sparse_text_only,1,10.0,20,0.7991,0.7539,24.0957
13729,A group of people playing with a Wii in the living room.,"Several people stand in a living room while playing a Nintendo Wii video game. Participants face a television and appear engaged in the activity, moving their bodies as part of the gameplay. Household furniture, decorations, and open floor space provide room for interaction. The image.","bottle, couch, cup, dining table, person, remote",/Users/yixiaoz/Desktop/cs348k_proj/outputs/baseline_semantic_sparse/cfg_10p0/000000013729/target.png,/Users/yixiaoz/Desktop/cs348k_proj/outputs/baseline_semantic_sparse/cfg_10p0/000000013729/generated.png,sparse_text_only,1,10.0,20,0.7257,0.7045,24.4623
80340,a small child wearing a tie and holding a suitcase with other people in the background,"A small child wearing a dress shirt, tie, and formal clothing stands on a sidewalk holding a rolling suitcase. Adults and other people gather nearby in the background, suggesting a family event, celebration, or travel occasion. The child’s serious posture contrasts with the oversized luggage.","chair, cup, dining table, person, suitcase, tie, wine glass",/Users/yixiaoz/Desktop/cs348k_proj/outputs/baseline_semantic_sparse/cfg_10p0/000000080340/target.png,/Users/yixiaoz/Desktop/cs348k_proj/outputs/baseline_semantic_sparse/cfg_10p0/000000080340/generated.png,sparse_text_only,1,10.0,20,0.7174,0.7866,13.8236
38829,Two boys riding on a single bicycle on a city street,"Two people ride together through a busy city street on a single bicycle while surrounded by scooters, motorcycles, and other commuters. Urban storefronts, signs, and passing vehicles create a lively transportation scene. The riders appear relaxed as they navigate traffic alongside other travelers. The image.","backpack, bicycle, motorcycle, person",/Users/yixiaoz/Desktop/cs348k_proj/outputs/baseline_semantic_sparse/cfg_10p0/000000038829/target.png,/Users/yixiaoz/Desktop/cs348k_proj/outputs/baseline_semantic_sparse/cfg_10p0/000000038829/generated.png,sparse_text_only,1,10.0,20,0.7963,0.6396,26.3991
66841,"A whimsical artistic toaster has eyes, a mouth, a nose, spoon feet, spoon ears, and a mixing beater tail.","A whimsical toaster has been creatively decorated with eyes, a nose, spoon-shaped ears, and other objects to resemble a human face. The appliance stands upright in a kitchen or dining area, transforming an ordinary household item into a playful character. Surrounding utensils and decorative elements.","bottle, spoon, toaster",/Users/yixiaoz/Desktop/cs348k_proj/outputs/baseline_semantic_sparse/cfg_10p0/000000066841/target.png,/Users/yixiaoz/Desktop/cs348k_proj/outputs/baseline_semantic_sparse/cfg_10p0/000000066841/generated.png,sparse_text_only,1,10.0,20,0.826,0.7276,30.1569
25386,A man and woman are sitting together while the man eats with chopsticks.,"A man and woman sit together at a restaurant table while sharing a meal. Plates of food, chopsticks, drinks, and condiments are arranged in front of them as they look toward the camera. The indoor dining environment appears casual and welcoming. Their expressions suggest a.","chair, hot dog, person, sandwich",/Users/yixiaoz/Desktop/cs348k_proj/outputs/baseline_semantic_sparse/cfg_10p0/000000025386/target.png,/Users/yixiaoz/Desktop/cs348k_proj/outputs/baseline_semantic_sparse/cfg_10p0/000000025386/generated.png,sparse_text_only,1,10.0,20,0.8058,0.6436,23.7749
83531,A BBQ topped with lots of sausages sitting side by side.,"Several sausages cook on a barbecue grill above glowing heat while metal tongs rest nearby. The close-up perspective focuses on the food as it browns and develops grill marks. Smoke, cooking equipment, and the outdoor setting suggest a backyard gathering or cookout. The image emphasizes.","bottle, cup, hot dog, person",/Users/yixiaoz/Desktop/cs348k_proj/outputs/baseline_semantic_sparse/cfg_10p0/000000083531/target.png,/Users/yixiaoz/Desktop/cs348k_proj/outputs/baseline_semantic_sparse/cfg_10p0/000000083531/generated.png,sparse_text_only,1,10.0,20,0.8178,0.5661,22.6701
98392,"A photo of a busy intersection with a bus, several cars and a clock tower.","A busy city intersection contains multiple cars, a bus, and a prominent clock tower rising above nearby buildings. Traffic moves through the streets while pedestrians and commercial activity contribute to the urban atmosphere. Architectural details and transportation infrastructure create a recognizable downtown setting. The image.","bus, car, clock, person",/Users/yixiaoz/Desktop/cs348k_proj/outputs/baseline_semantic_sparse/cfg_10p0/000000098392/target.png,/Users/yixiaoz/Desktop/cs348k_proj/outputs/baseline_semantic_sparse/cfg_10p0/000000098392/generated.png,sparse_text_only,1,10.0,20,0.75,0.6871,22.1781
12576,An elderly woman seated at a table holding three pizzas.,"An elderly woman sits at a dining table with several pizzas placed in front of her. Glasses, dishes, and table settings suggest a meal shared with others outside the frame. The warm indoor environment creates a comfortable and social atmosphere. The image highlights casual dining.","cup, dining table, fork, knife, person, pizza, tv",/Users/yixiaoz/Desktop/cs348k_proj/outputs/baseline_semantic_sparse/cfg_10p0/000000012576/target.png,/Users/yixiaoz/Desktop/cs348k_proj/outputs/baseline_semantic_sparse/cfg_10p0/000000012576/generated.png,sparse_text_only,1,10.0,20,0.7955,0.5577,23.6246
22705,A woman in a short black dress is holding a champagne flute and standing in front of a refrigerator.,"A woman wearing a black dress stands confidently in a kitchen while holding a champagne flute. Stainless steel appliances, wooden cabinets, and household furnishings form the background. Her posture and expression suggest she may be attending a celebration, gathering, or special occasion. The image combines.","bottle, bowl, person, refrigerator, wine glass",/Users/yixiaoz/Desktop/cs348k_proj/outputs/baseline_semantic_sparse/cfg_10p0/000000022705/target.png,/Users/yixiaoz/Desktop/cs348k_proj/outputs/baseline_semantic_sparse/cfg_10p0/000000022705/generated.png,sparse_text_only,1,10.0,20,0.7818,0.6041,25.0979
26204,A group of cars waiting at an intersection for the light to change,"Cars wait at an urban intersection lined with buildings, trees, and traffic infrastructure. Vehicles occupy multiple lanes as they pause for a traffic signal before continuing through the city. Sidewalks, storefronts, and street signs contribute to the metropolitan atmosphere. The image emphasizes transportation systems, traffic.","bus, car, person, traffic light, truck",/Users/yixiaoz/Desktop/cs348k_proj/outputs/baseline_semantic_sparse/cfg_10p0/000000026204/target.png,/Users/yixiaoz/Desktop/cs348k_proj/outputs/baseline_semantic_sparse/cfg_10p0/000000026204/generated.png,sparse_text_only,1,10.0,20,0.7054,0.5807,22.7919
31248,"Living room with white chairs and couches, fireplace and books on bookshelves.","A bright living room features white chairs, comfortable couches, bookshelves, and a fireplace serving as the central focal point. Decorative lamps, framed artwork, and neatly arranged furniture create an elegant and inviting atmosphere. Natural light and balanced interior design contribute to the room’s spacious appearance.","book, bowl, chair, couch, potted plant",/Users/yixiaoz/Desktop/cs348k_proj/outputs/baseline_semantic_sparse/cfg_10p0/000000031248/target.png,/Users/yixiaoz/Desktop/cs348k_proj/outputs/baseline_semantic_sparse/cfg_10p0/000000031248/generated.png,sparse_text_only,1,10.0,20,0.7875,0.6772,26.7761
107339,A pretty young lady standing in front of a couch behind a wooden table.,"A woman stands in a modern room near a couch and low wooden tables while another person sits nearby. Bright walls, large windows, and contemporary furniture create a clean and open interior space. The standing woman appears to be speaking, presenting, or interacting with the.","book, couch, person, remote",/Users/yixiaoz/Desktop/cs348k_proj/outputs/baseline_semantic_sparse/cfg_10p0/000000107339/target.png,/Users/yixiaoz/Desktop/cs348k_proj/outputs/baseline_semantic_sparse/cfg_10p0/000000107339/generated.png,sparse_text_only,1,10.0,20,0.8172,0.7535,25.7093
87476,two people standing on the same skateboard and holding each other up.,"Two young people stand together at a public event while holding skateboards and interacting with one another. One person wears a helmet while colorful vehicles and event displays appear in the background. Their posture suggests friendship, instruction, or support during a skateboarding activity. The image.","person, skateboard, surfboard",/Users/yixiaoz/Desktop/cs348k_proj/outputs/baseline_semantic_sparse/cfg_10p0/000000087476/target.png,/Users/yixiaoz/Desktop/cs348k_proj/outputs/baseline_semantic_sparse/cfg_10p0/000000087476/generated.png,sparse_text_only,1,10.0,20,0.7819,0.6879,29.9982
78748,"A couple of motorcycles in front of sign, with people standing around.","Several motorcycles are parked in front of a display area featuring brand signage while people gather nearby. The polished bikes are arranged for viewing, suggesting a motorcycle show, dealership event, or public exhibition. Spectators walk around the display, examining the vehicles and socializing. The image.","backpack, motorcycle, person",/Users/yixiaoz/Desktop/cs348k_proj/outputs/baseline_semantic_sparse/cfg_10p0/000000078748/target.png,/Users/yixiaoz/Desktop/cs348k_proj/outputs/baseline_semantic_sparse/cfg_10p0/000000078748/generated.png,sparse_text_only,1,10.0,20,0.7692,0.6242,22.9876
29596,"A room with a couch, table set with dinnerware and a television.","A hotel-style room contains a couch, television, dining table, and neatly arranged place settings. Warm lighting, curtains, and decorative furnishings create a comfortable and welcoming atmosphere. The table is prepared for a meal, suggesting hospitality or room service. The image highlights interior design, temporary accommodations.","book, chair, couch, cup, dining table, potted plant, tv, vase",/Users/yixiaoz/Desktop/cs348k_proj/outputs/baseline_semantic_sparse/cfg_10p0/000000029596/target.png,/Users/yixiaoz/Desktop/cs348k_proj/outputs/baseline_semantic_sparse/cfg_10p0/000000029596/generated.png,sparse_text_only,1,10.0,20,0.756,0.7209,22.6055
33854,"parked cars, motorcycles and buses on a cobblestone parking lot next to a street.","Cars, buses, and motorcycles occupy a cobblestone parking area near a city street lined with buildings. The scene contains multiple forms of transportation gathered within a shared urban space. Pedestrians move through the area while parked vehicles await their drivers. The image captures urban infrastructure.","bus, car, motorcycle, person",/Users/yixiaoz/Desktop/cs348k_proj/outputs/baseline_semantic_sparse/cfg_10p0/000000033854/target.png,/Users/yixiaoz/Desktop/cs348k_proj/outputs/baseline_semantic_sparse/cfg_10p0/000000033854/generated.png,sparse_text_only,1,10.0,20,0.6814,0.5818,18.634
36844,a black couch a green chair a red chair a mirror and a ceiling fan,"A living room contains a black couch, colorful chairs, a ceiling fan, and large windows that allow natural light into the space. Various pieces of furniture and decorative items are arranged throughout the room, creating a comfortable residential environment. The layout suggests an area designed.","bicycle, chair, couch, cup, potted plant, refrigerator, remote, tv",/Users/yixiaoz/Desktop/cs348k_proj/outputs/baseline_semantic_sparse/cfg_10p0/000000036844/target.png,/Users/yixiaoz/Desktop/cs348k_proj/outputs/baseline_semantic_sparse/cfg_10p0/000000036844/generated.png,sparse_text_only,1,10.0,20,0.7288,0.7142,27.798
1000,A group of kids posing for a picture on a tennis court.,A large group of children gather together on a tennis court while posing for a photograph. Some hold tennis equipment while others stand closely beside teammates and friends. The outdoor sports facility provides a bright and energetic setting. Smiles and casual poses suggest a team.,"backpack, handbag, person, tennis racket",/Users/yixiaoz/Desktop/cs348k_proj/outputs/baseline_semantic_sparse/cfg_10p0/000000001000/target.png,/Users/yixiaoz/Desktop/cs348k_proj/outputs/baseline_semantic_sparse/cfg_10p0/000000001000/generated.png,sparse_text_only,1,10.0,20,0.776,0.6884,24.5768
55528,A man holding a paper bag while showing the camera a toothbrush.,"A man sits in a chair while holding a paper bag and displaying a toothbrush toward the camera. His expression suggests humor or casual conversation as he presents the object. The indoor environment appears relaxed and informal, with household furnishings visible around him. The image.","book, clock, couch, person, remote, toothbrush",/Users/yixiaoz/Desktop/cs348k_proj/outputs/baseline_semantic_sparse/cfg_10p0/000000055528/target.png,/Users/yixiaoz/Desktop/cs348k_proj/outputs/baseline_semantic_sparse/cfg_10p0/000000055528/generated.png,sparse_text_only,1,10.0,20,0.7129,0.6726,25.95
2006,City bus driving through pedestrian saturated area near crosswalk.,"A city bus travels through a busy urban area near a crosswalk while pedestrians and vehicles move through the surrounding streets. Buildings, signs, and transportation infrastructure create a dynamic city environment. The bus serves as the focal point, illustrating the role of public transit in.","bus, person, tie, traffic light",/Users/yixiaoz/Desktop/cs348k_proj/outputs/baseline_semantic_sparse/cfg_10p0/000000002006/target.png,/Users/yixiaoz/Desktop/cs348k_proj/outputs/baseline_semantic_sparse/cfg_10p0/000000002006/generated.png,sparse_text_only,1,10.0,20,0.6879,0.7311,26.2966
113720,A couple are enjoying pizza and drinks at the restaurant,"A smiling couple sits together at a restaurant table enjoying pizza, drinks, and conversation. Plates of food and beverages are arranged neatly while the pair look toward the camera. The atmosphere appears relaxed and friendly, suggesting a casual meal shared between friends or partners. The.","bottle, chair, cup, dining table, fork, knife, person, pizza",/Users/yixiaoz/Desktop/cs348k_proj/outputs/baseline_semantic_sparse/cfg_10p0/000000113720/target.png,/Users/yixiaoz/Desktop/cs348k_proj/outputs/baseline_semantic_sparse/cfg_10p0/000000113720/generated.png,sparse_text_only,1,10.0,20,0.861,0.6183,27.1455
52413,"A child holding a pink toy cell phone with ""Princess Aurora"" inside it.",A child holds a pink toy flip phone decorated with imagery inspired by a princess character. The toy is displayed prominently in the foreground while other people and objects appear nearby. Bright colors and playful design elements emphasize childhood interests and imaginative play. The image.,"cell phone, chair, cup, person",/Users/yixiaoz/Desktop/cs348k_proj/outputs/baseline_semantic_sparse/cfg_10p0/000000052413/target.png,/Users/yixiaoz/Desktop/cs348k_proj/outputs/baseline_semantic_sparse/cfg_10p0/000000052413/generated.png,sparse_text_only,1,10.0,20,0.7966,0.7831,18.7414
60932,A man in a suit that is standing in front of a group of people.,"A man dressed in a formal suit stands confidently in front of a group of people at what appears to be a celebration or reception. The black-and-white image captures him smiling and raising a hand while guests gather in the background. Tables, decorations, and formally.","dining table, person, tie",/Users/yixiaoz/Desktop/cs348k_proj/outputs/baseline_semantic_sparse/cfg_10p0/000000060932/target.png,/Users/yixiaoz/Desktop/cs348k_proj/outputs/baseline_semantic_sparse/cfg_10p0/000000060932/generated.png,sparse_text_only,1,10.0,20,0.6955,0.7985,15.9823
102805,A man in holds a Frisbee in the parking lot by the river.,"A man wearing a hat stands near a riverside parking area while holding a Frisbee in his hand. Mountains and water stretch across the background, creating a scenic outdoor setting. Several parked vehicles and open space suggest a recreational destination where people gather for leisure.","backpack, boat, car, frisbee, person, truck",/Users/yixiaoz/Desktop/cs348k_proj/outputs/baseline_semantic_sparse/cfg_10p0/000000102805/target.png,/Users/yixiaoz/Desktop/cs348k_proj/outputs/baseline_semantic_sparse/cfg_10p0/000000102805/generated.png,sparse_text_only,1,10.0,20,0.7611,0.7294,28.1073
15254,These platters display healthy food choices of two entrees with a side  vegetable and fruit,"A neatly organized lunch container displays a balanced meal consisting of rice, vegetables, fruit, and other healthy foods arranged in separate compartments. Grapes, carrots, and a colorful entrée contribute to the vibrant appearance. The close-up perspective emphasizes nutrition, portioning, and meal preparation. The image reflects.","bowl, carrot, spoon",/Users/yixiaoz/Desktop/cs348k_proj/outputs/baseline_semantic_sparse/cfg_10p0/000000015254/target.png,/Users/yixiaoz/Desktop/cs348k_proj/outputs/baseline_semantic_sparse/cfg_10p0/000000015254/generated.png,sparse_text_only,1,10.0,20,0.85,0.7089,24.539
24567,There is a man looking at a lot if hot dogs in a bun in a pan,"A man wearing a hat looks down at a tray filled with hot dogs arranged in buns. The outdoor setting suggests a barbecue, picnic, or community gathering where food is being prepared and served. Bright colors from the toppings and buns create a festive appearance.","chair, hot dog, person",/Users/yixiaoz/Desktop/cs348k_proj/outputs/baseline_semantic_sparse/cfg_10p0/000000024567/target.png,/Users/yixiaoz/Desktop/cs348k_proj/outputs/baseline_semantic_sparse/cfg_10p0/000000024567/generated.png,sparse_text_only,1,10.0,20,0.7529,0.8304,16.7065
25603,A girl sitting around a table in a restaurant eating a pizza.,"A young girl sits at a restaurant table with a pizza placed in front of her. Glasses, plates, and table settings surround the meal while the warm indoor lighting creates a cozy atmosphere. She looks toward the camera as if waiting to eat or enjoying.","book, chair, cup, dining table, person, pizza",/Users/yixiaoz/Desktop/cs348k_proj/outputs/baseline_semantic_sparse/cfg_10p0/000000025603/target.png,/Users/yixiaoz/Desktop/cs348k_proj/outputs/baseline_semantic_sparse/cfg_10p0/000000025603/generated.png,sparse_text_only,1,10.0,20,0.7812,0.7115,24.5763
55150,Two children sit atop their parent's luggage in the parking lot.,"Two children sit atop luggage carts in a parking lot while surrounded by parked vehicles. The scene appears to capture a family trip, airport arrival, or vacation departure. The children seem comfortable and playful as they ride on the luggage. Cars, travel equipment, and open.","backpack, book, car, person, suitcase",/Users/yixiaoz/Desktop/cs348k_proj/outputs/baseline_semantic_sparse/cfg_10p0/000000055150/target.png,/Users/yixiaoz/Desktop/cs348k_proj/outputs/baseline_semantic_sparse/cfg_10p0/000000055150/generated.png,sparse_text_only,1,10.0,20,0.746,0.7611,20.4697
30828,A person covered with an orange sleeping bag rests his head on a blue back pack as he sleeps on a park bench.,"A person sleeps on a park bench while covered by an orange sleeping bag and resting beside a backpack. The outdoor setting includes grass, trees, and surrounding park features. The image captures a quiet moment of rest in a public space, contrasting the bright colors.","backpack, bench, car, parking meter, person",/Users/yixiaoz/Desktop/cs348k_proj/outputs/baseline_semantic_sparse/cfg_10p0/000000030828/target.png,/Users/yixiaoz/Desktop/cs348k_proj/outputs/baseline_semantic_sparse/cfg_10p0/000000030828/generated.png,sparse_text_only,1,10.0,20,0.7423,0.7103,25.0509
32334,"Two people, a man and a woman, are toasting with wine glasses.","A smiling man and woman hold wine glasses while posing together indoors. The casual setting appears to be a social gathering, dinner, or celebration where friends enjoy food and drinks. Warm lighting and relaxed expressions create a welcoming atmosphere. The image emphasizes companionship, hospitality, and.","car, chair, person, wine glass",/Users/yixiaoz/Desktop/cs348k_proj/outputs/baseline_semantic_sparse/cfg_10p0/000000032334/target.png,/Users/yixiaoz/Desktop/cs348k_proj/outputs/baseline_semantic_sparse/cfg_10p0/000000032334/generated.png,sparse_text_only,1,10.0,20,0.7132,0.8159,16.5853
92416,A male with a bottled beverage wearing a flower in his lapel.,"A young man wearing formal attire stands outdoors holding a bottled beverage. A flower pinned to his lapel suggests participation in a wedding, graduation, or other ceremonial event. Water and distant scenery form a pleasant background. His posture and clothing indicate a special occasion, while.","boat, bottle, person, tie",/Users/yixiaoz/Desktop/cs348k_proj/outputs/baseline_semantic_sparse/cfg_10p0/000000092416/target.png,/Users/yixiaoz/Desktop/cs348k_proj/outputs/baseline_semantic_sparse/cfg_10p0/000000092416/generated.png,sparse_text_only,1,10.0,20,0.7915,0.7547,24.1301
20553,Large stuffed animal posed outdoors as if sitting in a chair with beverages on a table.,A large stuffed animal is arranged outdoors in a desert-like environment while seated in a chair beside beverages and decorative items placed on a small table. The unusual setup creates a humorous and imaginative scene. Open ground and sparse surroundings emphasize the contrast between the.,"bottle, chair, cup, dining table, teddy bear, umbrella, vase",/Users/yixiaoz/Desktop/cs348k_proj/outputs/baseline_semantic_sparse/cfg_10p0/000000020553/target.png,/Users/yixiaoz/Desktop/cs348k_proj/outputs/baseline_semantic_sparse/cfg_10p0/000000020553/generated.png,sparse_text_only,1,10.0,20,0.7483,0.5899,32.1605
93437,An older man is wearing a funny hat in his dining room.,"An elderly man wearing a distinctive hat stands inside a dining area or kitchen while smiling toward the camera. Household furnishings and cabinets appear in the background, creating a comfortable domestic setting. His expression suggests warmth and friendliness, while the unusual hat adds character and.","book, bottle, chair, clock, cup, dining table, person, vase",/Users/yixiaoz/Desktop/cs348k_proj/outputs/baseline_semantic_sparse/cfg_10p0/000000093437/target.png,/Users/yixiaoz/Desktop/cs348k_proj/outputs/baseline_semantic_sparse/cfg_10p0/000000093437/generated.png,sparse_text_only,1,10.0,20,0.7893,0.8909,14.6616
89648,People using electronic devises all facing in the same direction.,"Several people sit in rows while using laptops and other electronic devices. Viewed from above, the scene resembles a classroom, workshop, conference, or training session focused on technology. Participants face the same direction and appear engaged with their screens. The arrangement emphasizes learning, collaboration, and.","backpack, book, cell phone, chair, laptop, person",/Users/yixiaoz/Desktop/cs348k_proj/outputs/baseline_semantic_sparse/cfg_10p0/000000089648/target.png,/Users/yixiaoz/Desktop/cs348k_proj/outputs/baseline_semantic_sparse/cfg_10p0/000000089648/generated.png,sparse_text_only,1,10.0,20,0.6961,0.6484,23.1133
7574,"A kitchen with two sinks, a counter, detergent, a stove and a refrigerator in it.","A kitchen interior contains wooden cabinets, a refrigerator, a stove, countertops, and cleaning supplies arranged around the room. Various household items are visible near the sink and work surfaces, creating a realistic lived-in appearance. The image emphasizes domestic functionality and organization while showcasing the appliances.","bottle, bowl, microwave, oven, refrigerator, sink, vase, wine glass",/Users/yixiaoz/Desktop/cs348k_proj/outputs/baseline_semantic_sparse/cfg_10p0/000000007574/target.png,/Users/yixiaoz/Desktop/cs348k_proj/outputs/baseline_semantic_sparse/cfg_10p0/000000007574/generated.png,sparse_text_only,1,10.0,20,0.7893,0.5747,28.9962
88040,"Plates of shrimp, vegetables, and noodles served with tea.","Several plates of food are arranged on a table viewed from above, including shrimp, vegetables, noodles, and accompanying beverages. Bowls, cups, and serving dishes contribute to the inviting dining presentation. The meal appears carefully prepared and shared among multiple people. The image highlights culinary variety.","bottle, bowl, cup, dining table, fork, knife, spoon",/Users/yixiaoz/Desktop/cs348k_proj/outputs/baseline_semantic_sparse/cfg_10p0/000000088040/target.png,/Users/yixiaoz/Desktop/cs348k_proj/outputs/baseline_semantic_sparse/cfg_10p0/000000088040/generated.png,sparse_text_only,1,10.0,20,0.772,0.6337,26.3374
4134,Two men standing next to each other holding hands.,"Two men stand together at a formal event while greeting one another and shaking hands. Other attendees and banquet tables are visible in the background, suggesting a conference, reception, or celebration. Their professional attire and engaged expressions indicate a respectful social interaction. The image highlights.","chair, dining table, person, tie, wine glass",/Users/yixiaoz/Desktop/cs348k_proj/outputs/baseline_semantic_sparse/cfg_10p0/000000004134/target.png,/Users/yixiaoz/Desktop/cs348k_proj/outputs/baseline_semantic_sparse/cfg_10p0/000000004134/generated.png,sparse_text_only,1,10.0,20,0.8259,0.7853,20.7428
39769,Two cats sleeping with a remote control near each of them.,Two cats sleep peacefully on a bright pink blanket with television remotes placed nearby. Their relaxed poses and stretched bodies create a calm and comfortable scene. The indoor setting suggests a living room or bedroom where the animals have chosen a soft resting place. The.,"bed, cat, couch, remote",/Users/yixiaoz/Desktop/cs348k_proj/outputs/baseline_semantic_sparse/cfg_10p0/000000039769/target.png,/Users/yixiaoz/Desktop/cs348k_proj/outputs/baseline_semantic_sparse/cfg_10p0/000000039769/generated.png,sparse_text_only,1,10.0,20,0.7769,0.6695,30.6268
14439,A group of people standing on a field flying a colorful kite.,"A group of people stand together in a grassy park while flying a large colorful kite. Open space, recreational equipment, and other visitors create a lively outdoor environment. Participants work together to manage the kite as it catches the wind above the field. The image.","backpack, chair, kite, person",/Users/yixiaoz/Desktop/cs348k_proj/outputs/baseline_semantic_sparse/cfg_10p0/000000014439/target.png,/Users/yixiaoz/Desktop/cs348k_proj/outputs/baseline_semantic_sparse/cfg_10p0/000000014439/generated.png,sparse_text_only,1,10.0,20,0.8688,0.6481,28.4294
104669,"A plate with a meal of meat, potatoes, carrots, and broccoli.","A plate holds a complete meal featuring a piece of meat alongside potatoes, carrots, broccoli, and other vegetables. The arrangement is neatly presented, suggesting a restaurant dish or carefully prepared home-cooked dinner. Bright colors from the vegetables contrast with the darker entrée. The image emphasizes.","broccoli, carrot, dining table, fork, knife, orange",/Users/yixiaoz/Desktop/cs348k_proj/outputs/baseline_semantic_sparse/cfg_10p0/000000104669/target.png,/Users/yixiaoz/Desktop/cs348k_proj/outputs/baseline_semantic_sparse/cfg_10p0/000000104669/generated.png,sparse_text_only,1,10.0,20,0.7896,0.701,29.3935
11149,A man sitting on a motorcycle near several bicycles with a partially visible person standing nearby.,"A motorcycle is parked near several bicycles while people stand nearby in an outdoor setting. The collection of vehicles suggests a shared recreational or transportation area. Trees, pathways, and surrounding activity contribute to the public atmosphere. The image highlights different modes of personal transportation and.","bicycle, motorcycle, person",/Users/yixiaoz/Desktop/cs348k_proj/outputs/baseline_semantic_sparse/cfg_10p0/000000011149/target.png,/Users/yixiaoz/Desktop/cs348k_proj/outputs/baseline_semantic_sparse/cfg_10p0/000000011149/generated.png,sparse_text_only,1,10.0,20,0.6726,0.5555,24.6302
52996,A group of women in military outfits helping other women in a kitchen.,"A group of women wearing military-style uniforms work together in a kitchen while preparing food. Large pots, utensils, and work surfaces indicate an organized cooking effort intended to serve many people. Their coordinated activity reflects teamwork and shared responsibility. The image highlights food preparation, community.","backpack, book, bowl, cup, dining table, handbag, knife, oven, person, refrigerator",/Users/yixiaoz/Desktop/cs348k_proj/outputs/baseline_semantic_sparse/cfg_10p0/000000052996/target.png,/Users/yixiaoz/Desktop/cs348k_proj/outputs/baseline_semantic_sparse/cfg_10p0/000000052996/generated.png,sparse_text_only,1,10.0,20,0.7541,0.7269,17.2218
30213,"The picture shows the interior of a kitchen, with vintage refrigerator, stove, and other appliances.","The interior of a vintage-style kitchen is filled with retro appliances, patterned wallpaper, wooden cabinets, and decorative household items. A classic refrigerator, stove, sink, and dining furniture create a nostalgic atmosphere reminiscent of mid-century home design. Various utensils, containers, and decorations are arranged throughout the.","apple, bottle, bowl, chair, dining table, oven, refrigerator, sink",/Users/yixiaoz/Desktop/cs348k_proj/outputs/baseline_semantic_sparse/cfg_10p0/000000030213/target.png,/Users/yixiaoz/Desktop/cs348k_proj/outputs/baseline_semantic_sparse/cfg_10p0/000000030213/generated.png,sparse_text_only,1,10.0,20,0.7459,0.5806,26.5547
56127,"A room with a fire extinguisher, mugs hanging from a shelf and several lights.","A narrow interior room contains shelves lined with mugs, a fire extinguisher, counters, hanging lights, and decorative details. Warm lighting and colorful walls create a welcoming atmosphere that resembles a small café, restaurant service area, or compact workspace. The room is carefully organized to maximize.","bench, cup, oven, refrigerator, sink",/Users/yixiaoz/Desktop/cs348k_proj/outputs/baseline_semantic_sparse/cfg_10p0/000000056127/target.png,/Users/yixiaoz/Desktop/cs348k_proj/outputs/baseline_semantic_sparse/cfg_10p0/000000056127/generated.png,sparse_text_only,1,10.0,20,0.8149,0.7188,23.3679
84031,A batter swinging a bat at a baseball with the catcher and umpire behind him.,A baseball player swings at a pitch while the catcher and umpire closely follow the action behind home plate. The game takes place on a well-maintained field surrounded by spectators and stadium structures. The batter’s posture captures the intensity and timing required in competitive baseball.,"baseball bat, baseball glove, person, sports ball",/Users/yixiaoz/Desktop/cs348k_proj/outputs/baseline_semantic_sparse/cfg_10p0/000000084031/target.png,/Users/yixiaoz/Desktop/cs348k_proj/outputs/baseline_semantic_sparse/cfg_10p0/000000084031/generated.png,sparse_text_only,1,10.0,20,0.8359,0.8853,23.3886
74209,A black and stainless steel kitchen with a snack bar and bar stools.,"A modern kitchen features stainless steel appliances, polished countertops, pendant lighting, and a snack bar lined with stools. The clean design emphasizes contemporary architecture and efficient use of space. Cabinets, sinks, and work surfaces are neatly arranged to support cooking and dining activities. The room.","apple, banana, bottle, bowl, chair, clock, cup, dining table, orange, oven, refrigerator, sink",/Users/yixiaoz/Desktop/cs348k_proj/outputs/baseline_semantic_sparse/cfg_10p0/000000074209/target.png,/Users/yixiaoz/Desktop/cs348k_proj/outputs/baseline_semantic_sparse/cfg_10p0/000000074209/generated.png,sparse_text_only,1,10.0,20,0.7516,0.5903,27.0524
52891,A dog walking on the beach with a frizzbe in his month.,"A dog stands on a sandy beach while carrying a bright yellow frisbee in its mouth. Ocean water, waves, and distant shoreline scenery create a scenic coastal backdrop. The animal appears alert and energetic, as if engaged in a game of fetch with its owner.","dog, frisbee, person",/Users/yixiaoz/Desktop/cs348k_proj/outputs/baseline_semantic_sparse/cfg_10p0/000000052891/target.png,/Users/yixiaoz/Desktop/cs348k_proj/outputs/baseline_semantic_sparse/cfg_10p0/000000052891/generated.png,sparse_text_only,1,10.0,20,0.7959,0.7207,26.3776
99039,Plates of food and two glasses of red wine are on a table.,Several plates of food and two glasses of red wine are arranged on a table beside a large window overlooking greenery and nearby buildings. The setting appears to be a restaurant or dining area where people are enjoying a meal together. Soft natural light enters.,"bowl, fork, knife, person, pizza, spoon, wine glass",/Users/yixiaoz/Desktop/cs348k_proj/outputs/baseline_semantic_sparse/cfg_10p0/000000099039/target.png,/Users/yixiaoz/Desktop/cs348k_proj/outputs/baseline_semantic_sparse/cfg_10p0/000000099039/generated.png,sparse_text_only,1,10.0,20,0.75,0.7791,22.7863
66635,"An apple computer monitor, keyboard and mouse sits on top of a clean wooden desk.","An Apple desktop computer sits on a clean wooden desk alongside a keyboard and mouse. The workspace is simple, organized, and free from clutter, emphasizing productivity and focus. The monitor occupies the center of the arrangement while the surrounding furniture provides ample working space. The.","keyboard, mouse, remote, tv",/Users/yixiaoz/Desktop/cs348k_proj/outputs/baseline_semantic_sparse/cfg_10p0/000000066635/target.png,/Users/yixiaoz/Desktop/cs348k_proj/outputs/baseline_semantic_sparse/cfg_10p0/000000066635/generated.png,sparse_text_only,1,10.0,20,0.7643,0.5841,30.5943
107226,Men race on wheeled vehicles towed by a group of husky dogs.,Competitors participate in a dog-powered racing event where huskies pull wheeled vehicles through an outdoor course. Spectators gather nearby to watch the action while handlers guide the dogs. The animals appear strong and energetic as they work together as a team. The image highlights sporting.,"bicycle, dog, person, umbrella",/Users/yixiaoz/Desktop/cs348k_proj/outputs/baseline_semantic_sparse/cfg_10p0/000000107226/target.png,/Users/yixiaoz/Desktop/cs348k_proj/outputs/baseline_semantic_sparse/cfg_10p0/000000107226/generated.png,sparse_text_only,1,10.0,20,0.8557,0.8104,13.5884
14038,A kitchen with hard wood floors and a yellow smiley face balloon.,"A living room decorated for a celebration contains colorful balloons, furniture, and a large yellow smiley-face balloon suspended near the ceiling. The room features wooden flooring, entertainment equipment, and decorative touches that create a festive atmosphere. The arrangement suggests a birthday party or social gathering.","bed, book, bottle, cell phone, chair, couch, dining table, microwave, potted plant, refrigerator, tv",/Users/yixiaoz/Desktop/cs348k_proj/outputs/baseline_semantic_sparse/cfg_10p0/000000014038/target.png,/Users/yixiaoz/Desktop/cs348k_proj/outputs/baseline_semantic_sparse/cfg_10p0/000000014038/generated.png,sparse_text_only,1,10.0,20,0.7485,0.6696,24.0386
114884,"A woman with a cigarette standing, while a group of people with luggage walk towards a bus.","A woman stands inside a transportation terminal while travelers carrying luggage move through the background toward buses or other transit services. The spacious facility contains seating areas, structural supports, and signs associated with public transportation. People appear focused on their journeys as they navigate the.","backpack, bus, handbag, person, suitcase",/Users/yixiaoz/Desktop/cs348k_proj/outputs/baseline_semantic_sparse/cfg_10p0/000000114884/target.png,/Users/yixiaoz/Desktop/cs348k_proj/outputs/baseline_semantic_sparse/cfg_10p0/000000114884/generated.png,sparse_text_only,1,10.0,20,0.7839,0.7551,24.0831
12120,A couple of women playing a game of tennis on a tennis court.,"Two women compete in a tennis match on a professional court surrounded by spectators and stadium seating. Both athletes focus intensely on the ball as they move across the blue playing surface. The sporting venue includes advertising displays, officials, and fans observing the competition. The.","chair, person, sports ball, tennis racket",/Users/yixiaoz/Desktop/cs348k_proj/outputs/baseline_semantic_sparse/cfg_10p0/000000012120/target.png,/Users/yixiaoz/Desktop/cs348k_proj/outputs/baseline_semantic_sparse/cfg_10p0/000000012120/generated.png,sparse_text_only,1,10.0,20,0.7045,0.6932,26.2342
87470,a big heard of cows walking down a road in a row with green tags on their ears,A large herd of cattle walks together along a rural road bordered by open countryside. The animals move in an organized line while green ear tags help identify members of the herd. Rolling terrain and natural vegetation create an agricultural landscape in the background. The.,"cow, horse, person",/Users/yixiaoz/Desktop/cs348k_proj/outputs/baseline_semantic_sparse/cfg_10p0/000000087470/target.png,/Users/yixiaoz/Desktop/cs348k_proj/outputs/baseline_semantic_sparse/cfg_10p0/000000087470/generated.png,sparse_text_only,1,10.0,20,0.7323,0.5416,25.7297
41872,"A bedroom with  a large bed facing a fireplace that has a television over the top of it, in a shelf space.","A comfortable bedroom contains a large bed, fireplace, television, built-in shelving, and warm lighting. Soft furnishings and decorative details create a relaxing atmosphere designed for rest and comfort. The layout resembles a hotel suite or upscale residential bedroom where entertainment and relaxation are combined in.","bed, chair, clock, tv",/Users/yixiaoz/Desktop/cs348k_proj/outputs/baseline_semantic_sparse/cfg_10p0/000000041872/target.png,/Users/yixiaoz/Desktop/cs348k_proj/outputs/baseline_semantic_sparse/cfg_10p0/000000041872/generated.png,sparse_text_only,1,10.0,20,0.8352,0.6141,27.4034
60899,The young boy is playing in the living room of his house.,"A young boy plays in a living room while raising an object above his head. Household furniture, rugs, and natural light create a comfortable domestic setting. The child appears energetic and engaged in imaginative play. The image captures a candid family moment that reflects childhood.","book, chair, horse, person",/Users/yixiaoz/Desktop/cs348k_proj/outputs/baseline_semantic_sparse/cfg_10p0/000000060899/target.png,/Users/yixiaoz/Desktop/cs348k_proj/outputs/baseline_semantic_sparse/cfg_10p0/000000060899/generated.png,sparse_text_only,1,10.0,20,0.7414,0.7209,22.8543
46872,a man standing next to a truck with some stuff on it,"A man stands beside a flatbed truck loaded with large industrial materials and equipment. The outdoor setting suggests a construction, transportation, or delivery operation. The truck occupies most of the scene while the worker appears to inspect or supervise the cargo. The image highlights logistics.","car, person, truck",/Users/yixiaoz/Desktop/cs348k_proj/outputs/baseline_semantic_sparse/cfg_10p0/000000046872/target.png,/Users/yixiaoz/Desktop/cs348k_proj/outputs/baseline_semantic_sparse/cfg_10p0/000000046872/generated.png,sparse_text_only,1,10.0,20,0.7168,0.7029,20.529
33638,A woman wearing shorts bends over a frying pan on a stove.,"A woman bends over a stove while preparing food in a traditional kitchen. Pots, utensils, and cooking equipment surround her as she works on a meal. The room contains functional appliances and furnishings that support everyday household cooking. The image emphasizes domestic life, food preparation.","bowl, oven, person, spoon",/Users/yixiaoz/Desktop/cs348k_proj/outputs/baseline_semantic_sparse/cfg_10p0/000000033638/target.png,/Users/yixiaoz/Desktop/cs348k_proj/outputs/baseline_semantic_sparse/cfg_10p0/000000033638/generated.png,sparse_text_only,1,10.0,20,0.8395,0.8049,22.7218
66038,The father and daughter are under an umbrella on the beach.,"A father and daughter relax beneath colorful beach umbrellas near the shoreline. Sand, water, and bright weather create a pleasant coastal environment suited for recreation and family outings. The pair appear comfortable as they spend time together enjoying the outdoors. The image highlights family relationships.","bird, chair, person, umbrella",/Users/yixiaoz/Desktop/cs348k_proj/outputs/baseline_semantic_sparse/cfg_10p0/000000066038/target.png,/Users/yixiaoz/Desktop/cs348k_proj/outputs/baseline_semantic_sparse/cfg_10p0/000000066038/generated.png,sparse_text_only,1,10.0,20,0.7842,0.7257,20.0776
86582,A person watering plants with a computer in the foreground.,"A laptop computer sits prominently in the foreground while a person tends plants in the background. Potted plants, gardening supplies, and outdoor views create a peaceful setting that combines technology with nature. The scene suggests remote work, personal projects, or a lifestyle that balances digital.","laptop, mouse, person, potted plant",/Users/yixiaoz/Desktop/cs348k_proj/outputs/baseline_semantic_sparse/cfg_10p0/000000086582/target.png,/Users/yixiaoz/Desktop/cs348k_proj/outputs/baseline_semantic_sparse/cfg_10p0/000000086582/generated.png,sparse_text_only,1,10.0,20,0.7747,0.6154,31.0263
32610,Assortment of laptop computers displayed on table with backpacks full of electronic cords.,"Multiple laptop computers, backpacks, cables, and electronic accessories are displayed across a table. The collection of equipment suggests a workshop, conference, classroom, or technology-focused event. Devices are arranged side by side, emphasizing preparation and connectivity. The image highlights digital tools used for communication, learning, and.","backpack, laptop",/Users/yixiaoz/Desktop/cs348k_proj/outputs/baseline_semantic_sparse/cfg_10p0/000000032610/target.png,/Users/yixiaoz/Desktop/cs348k_proj/outputs/baseline_semantic_sparse/cfg_10p0/000000032610/generated.png,sparse_text_only,1,10.0,20,0.8014,0.6969,25.6558
8021,An audience is looking at an film of a man taking that is projected onto a wall.,"A speaker stands in front of a large projected image while addressing an audience seated in a darkened room. The presentation appears to be part of a conference, lecture, or public event. Audience members focus on the stage while the presenter gestures toward visual material.","bottle, person, tie",/Users/yixiaoz/Desktop/cs348k_proj/outputs/baseline_semantic_sparse/cfg_10p0/000000008021/target.png,/Users/yixiaoz/Desktop/cs348k_proj/outputs/baseline_semantic_sparse/cfg_10p0/000000008021/generated.png,sparse_text_only,1,10.0,20,0.84,0.9046,19.0692
81738,Someone about to cut and birthday cake with blue and yellow frosting.,"A rectangular birthday cake decorated with blue and yellow frosting sits on a kitchen counter while a person uses a knife to cut into it. The cake appears homemade or specially prepared for a celebration, with decorative writing and icing patterns spread across the surface.","bottle, cake, dining table, knife, person",/Users/yixiaoz/Desktop/cs348k_proj/outputs/baseline_semantic_sparse/cfg_10p0/000000081738/target.png,/Users/yixiaoz/Desktop/cs348k_proj/outputs/baseline_semantic_sparse/cfg_10p0/000000081738/generated.png,sparse_text_only,1,10.0,20,0.7714,0.7082,36.7736
94944,A skier on skies and a snowboarder carrying a snowboard on a mountain slope.,"Several people are gathered on a snowy mountain slope surrounded by dramatic alpine scenery and distant snow-covered peaks. One individual carries a snowboard while others prepare equipment or rest nearby. The expansive landscape dominates the background, emphasizing the scale of the mountainous environment. The image.","backpack, person, skis, snowboard",/Users/yixiaoz/Desktop/cs348k_proj/outputs/baseline_semantic_sparse/cfg_10p0/000000094944/target.png,/Users/yixiaoz/Desktop/cs348k_proj/outputs/baseline_semantic_sparse/cfg_10p0/000000094944/generated.png,sparse_text_only,1,10.0,20,0.5795,0.3275,29.1538
48504,A brown and a gray elephant are in a circus ring and the brown elephant is walking behind the gray elephant as well as two people training them are standing nearby.,Two elephants stand inside a large indoor training or exhibition space while handlers supervise them nearby. One elephant follows behind the other as they move across the floor beneath overhead lighting and structural beams. Equipment and barriers suggest a controlled environment designed for animal care.,"bench, elephant, person",/Users/yixiaoz/Desktop/cs348k_proj/outputs/baseline_semantic_sparse/cfg_10p0/000000048504/target.png,/Users/yixiaoz/Desktop/cs348k_proj/outputs/baseline_semantic_sparse/cfg_10p0/000000048504/generated.png,sparse_text_only,1,10.0,20,0.7077,0.7338,22.1428
69213,Two men who are wearing suits and hats standing next to each other.,"Two men wearing dark suits and matching hats stand side by side outdoors while looking toward the camera. Their formal attire contrasts with the busy background, where people and vehicles are visible. The pair appear composed and confident, suggesting they may be attending a formal.","motorcycle, person",/Users/yixiaoz/Desktop/cs348k_proj/outputs/baseline_semantic_sparse/cfg_10p0/000000069213/target.png,/Users/yixiaoz/Desktop/cs348k_proj/outputs/baseline_semantic_sparse/cfg_10p0/000000069213/generated.png,sparse_text_only,1,10.0,20,0.7151,0.7798,16.0359
44877,Two people are in a wheelchair and only one of them is holding a racket.,"Two people are positioned on a tennis court, one seated in a wheelchair while holding a tennis racket. The scene highlights adaptive sports and athletic participation regardless of physical ability. Both individuals focus on the activity taking place on the court, surrounded by fencing and.","person, sports ball, tennis racket",/Users/yixiaoz/Desktop/cs348k_proj/outputs/baseline_semantic_sparse/cfg_10p0/000000044877/target.png,/Users/yixiaoz/Desktop/cs348k_proj/outputs/baseline_semantic_sparse/cfg_10p0/000000044877/generated.png,sparse_text_only,1,10.0,20,0.7727,0.5084,27.1789
74058,A sidewalk next to the outdoor sitting area of a restaurant.,"A black-and-white street scene shows a sidewalk café or restaurant with outdoor seating positioned beside a busy road. Bicycles are parked nearby while tables and chairs extend beneath awnings. Cars line the street and pedestrians move through the area. The monochrome presentation emphasizes geometry, shadows.","bicycle, car, chair, dining table, handbag, person, truck, umbrella",/Users/yixiaoz/Desktop/cs348k_proj/outputs/baseline_semantic_sparse/cfg_10p0/000000074058/target.png,/Users/yixiaoz/Desktop/cs348k_proj/outputs/baseline_semantic_sparse/cfg_10p0/000000074058/generated.png,sparse_text_only,1,10.0,20,0.7152,0.7096,18.8402
69356,An Indian woman stands in front of a man selling his fruit,"A fruit vendor stands beside a colorful outdoor market stall filled with oranges, bananas, and other produce. A woman stands nearby while additional people move through the area. Trees and buildings line the background, suggesting a neighborhood street market. The image highlights small-scale commerce, local.","apple, banana, car, person",/Users/yixiaoz/Desktop/cs348k_proj/outputs/baseline_semantic_sparse/cfg_10p0/000000069356/target.png,/Users/yixiaoz/Desktop/cs348k_proj/outputs/baseline_semantic_sparse/cfg_10p0/000000069356/generated.png,sparse_text_only,1,10.0,20,0.7641,0.854,13.4606
57232,A chair is fashioned from baseball bats and two cushions.,"A chair has been creatively constructed from baseball bats and cushioned seating materials, transforming sporting equipment into functional furniture. Additional decorative items, including a globe and various objects, surround the unusual piece. The craftsmanship demonstrates artistic repurposing and design innovation. The image highlights the intersection.","baseball bat, chair, vase",/Users/yixiaoz/Desktop/cs348k_proj/outputs/baseline_semantic_sparse/cfg_10p0/000000057232/target.png,/Users/yixiaoz/Desktop/cs348k_proj/outputs/baseline_semantic_sparse/cfg_10p0/000000057232/generated.png,sparse_text_only,1,10.0,20,0.7543,0.6826,32.0847
5193,A group of people pose for a picture while a man holds two surfboards.,"A group of people gathers indoors for a photograph while one individual holds two colorful surfboards upright. Several children and adults pose together, smiling toward the camera. The surfboards act as focal points, suggesting a beach, surfing, or recreational theme. The image captures a celebratory.","bottle, person, surfboard",/Users/yixiaoz/Desktop/cs348k_proj/outputs/baseline_semantic_sparse/cfg_10p0/000000005193/target.png,/Users/yixiaoz/Desktop/cs348k_proj/outputs/baseline_semantic_sparse/cfg_10p0/000000005193/generated.png,sparse_text_only,1,10.0,20,0.7858,0.7824,27.0136
94751,A traffic light and a signpost at a crossroads intersection near a waterway.,"Traffic lights and road signs stand at an intersection near a waterfront area. Fences, streets, and utility structures define the urban landscape while water and distant infrastructure appear in the background. The scene focuses on transportation systems and traffic management rather than people. The image.","bench, car, person, traffic light",/Users/yixiaoz/Desktop/cs348k_proj/outputs/baseline_semantic_sparse/cfg_10p0/000000094751/target.png,/Users/yixiaoz/Desktop/cs348k_proj/outputs/baseline_semantic_sparse/cfg_10p0/000000094751/generated.png,sparse_text_only,1,10.0,20,0.8467,0.7474,22.2828
13546,Young man on skate board balancing on concrete barrier near sidewalk with small park area near by.,"A skateboarder balances on a concrete structure within a small park while performing a trick. The rider’s posture demonstrates concentration and control as wheels contact the edge of the obstacle. Grass, pathways, and recreational facilities surround the scene. The image captures motion and athletic skill.","bench, person, skateboard",/Users/yixiaoz/Desktop/cs348k_proj/outputs/baseline_semantic_sparse/cfg_10p0/000000013546/target.png,/Users/yixiaoz/Desktop/cs348k_proj/outputs/baseline_semantic_sparse/cfg_10p0/000000013546/generated.png,sparse_text_only,1,10.0,20,0.723,0.5905,31.0882
112378,A bunch of bananas on a wooden bench with hammocks in the background.,"A bunch of bananas rests on a wooden bench in an outdoor setting where hammocks and tropical vegetation appear in the background. The fruit is arranged casually, creating a simple still-life composition. Natural lighting and greenery contribute to a relaxed atmosphere. The image highlights everyday.","banana, bench, chair, dining table",/Users/yixiaoz/Desktop/cs348k_proj/outputs/baseline_semantic_sparse/cfg_10p0/000000112378/target.png,/Users/yixiaoz/Desktop/cs348k_proj/outputs/baseline_semantic_sparse/cfg_10p0/000000112378/generated.png,sparse_text_only,1,10.0,20,0.78,0.6733,21.5325
57672,a river.A group of people with life jacket rowing a long boat in,"A long rowing boat moves across a calm river while a coordinated team of rowers wearing life jackets paddles together. Their synchronized effort propels the vessel through the water as spectators and shoreline features remain visible in the distance. The image highlights teamwork, endurance, and.","boat, car, person, truck",/Users/yixiaoz/Desktop/cs348k_proj/outputs/baseline_semantic_sparse/cfg_10p0/000000057672/target.png,/Users/yixiaoz/Desktop/cs348k_proj/outputs/baseline_semantic_sparse/cfg_10p0/000000057672/generated.png,sparse_text_only,1,10.0,20,0.7005,0.6588,22.1765
19432,He's almost got this tennis ball at the end of his racket.,"A tennis player focuses intensely on a ball approaching the racket during a match on a professional court. Stadium seating and fencing create the backdrop while the athlete prepares to make contact. The composition freezes a precise moment that requires timing, concentration, and technical skill.","chair, person, sports ball, tennis racket",/Users/yixiaoz/Desktop/cs348k_proj/outputs/baseline_semantic_sparse/cfg_10p0/000000019432/target.png,/Users/yixiaoz/Desktop/cs348k_proj/outputs/baseline_semantic_sparse/cfg_10p0/000000019432/generated.png,sparse_text_only,1,10.0,20,0.8136,0.633,25.0088
73702,A couple of guys standingoutside in the sun talking to each other.,"Several people stand together outdoors near a transportation or public-service area while engaged in conversation. Some individuals carry bags or wear protective clothing, suggesting travel, work, or transit-related activities. The scene appears candid and documentary in nature, focusing on social interaction rather than posed photography.","backpack, handbag, person, umbrella",/Users/yixiaoz/Desktop/cs348k_proj/outputs/baseline_semantic_sparse/cfg_10p0/000000073702/target.png,/Users/yixiaoz/Desktop/cs348k_proj/outputs/baseline_semantic_sparse/cfg_10p0/000000073702/generated.png,sparse_text_only,1,10.0,20,0.7029,0.6327,25.4693
84241,Three women cooking in a professional kitchen together.,"Three women work together inside a professional kitchen while preparing food. Large bowls of vegetables, cookware, and stainless-steel surfaces surround them as they coordinate meal preparation. The environment suggests a restaurant, catering operation, or culinary training setting. The image highlights teamwork, food service, and culinary.","bottle, bowl, broccoli, dining table, fork, oven, person, sandwich, sink, spoon",/Users/yixiaoz/Desktop/cs348k_proj/outputs/baseline_semantic_sparse/cfg_10p0/000000084241/target.png,/Users/yixiaoz/Desktop/cs348k_proj/outputs/baseline_semantic_sparse/cfg_10p0/000000084241/generated.png,sparse_text_only,1,10.0,20,0.8223,0.7434,21.9026
34417,Donuts traveling down an assembly line in a factory while people work behind it.,"Donuts move along a production line inside a bakery or food-processing facility while workers supervise operations in the background. Conveyors, trays, and industrial equipment are visible throughout the workspace. The image illustrates large-scale food production and the systems used to manufacture baked goods efficiently. It.","donut, person, tie",/Users/yixiaoz/Desktop/cs348k_proj/outputs/baseline_semantic_sparse/cfg_10p0/000000034417/target.png,/Users/yixiaoz/Desktop/cs348k_proj/outputs/baseline_semantic_sparse/cfg_10p0/000000034417/generated.png,sparse_text_only,1,10.0,20,0.8016,0.7446,27.1218
25181,A train station with an awning is depicted with a train on the right platform.,"A train station platform extends into the distance beneath a large canopy, creating strong lines and symmetry throughout the composition. A train sits along one side of the platform while signs and architectural details reinforce the sense of order. The black-and-white presentation emphasizes structure and.","backpack, bench, person, train",/Users/yixiaoz/Desktop/cs348k_proj/outputs/baseline_semantic_sparse/cfg_10p0/000000025181/target.png,/Users/yixiaoz/Desktop/cs348k_proj/outputs/baseline_semantic_sparse/cfg_10p0/000000025181/generated.png,sparse_text_only,1,10.0,20,0.6645,0.7095,19.8479
67213,"A dog jumping through the air above a pool of water that has been marked for distance, with people watching in the distance.","A dog leaps high above a pool during a dock-diving competition while spectators watch from behind barriers. The animal is captured midair, demonstrating athletic ability, speed, and confidence. Water, measuring equipment, and event organizers suggest a structured sporting competition. The image highlights the bond between.","car, dog, person",/Users/yixiaoz/Desktop/cs348k_proj/outputs/baseline_semantic_sparse/cfg_10p0/000000067213/target.png,/Users/yixiaoz/Desktop/cs348k_proj/outputs/baseline_semantic_sparse/cfg_10p0/000000067213/generated.png,sparse_text_only,1,10.0,20,0.7516,0.7251,8.7687
94871,A group of people standing around sheep on a field.,"Several sheep stand together in a field while people gather nearby. Different breeds and wool colors create visual variety across the scene. The setting resembles an agricultural fair, livestock exhibition, or rural community event where animals are displayed and evaluated. The image highlights farming culture.","handbag, person, sheep",/Users/yixiaoz/Desktop/cs348k_proj/outputs/baseline_semantic_sparse/cfg_10p0/000000094871/target.png,/Users/yixiaoz/Desktop/cs348k_proj/outputs/baseline_semantic_sparse/cfg_10p0/000000094871/generated.png,sparse_text_only,1,10.0,20,0.6803,0.4402,30.4053
