coco_id,caption,dense_caption,prompt,target_path,canny_path,generated_path,modality,experiment_id,guidance_scale,controlnet_conditioning_scale,num_inference_steps,LPIPS_Distance,DreamSim_Distance,CLIP_Score
2685,A crowd of people stand near a man behind a bar with wine bottles on it.,"Several people are gathered around a wooden bar counter inside a restaurant, tasting room, or social event space. A man stands behind the counter near shelves filled with wine bottles while customers stand close together and talk in small groups. The room appears warmly lit.","Several people are gathered around a wooden bar counter inside a restaurant, tasting room, or social event space. A man stands behind the counter near shelves filled with wine bottles while customers stand close together and talk in small groups. The room appears warmly lit.",/Users/yixiaoz/Desktop/cs348k_proj/outputs/controlNetScale/controlnet_canny/cfg_7p5_control_0p5/000000002685/target.png,/Users/yixiaoz/Desktop/cs348k_proj/outputs/controlNetScale/controlnet_canny/cfg_7p5_control_0p5/000000002685/canny.png,/Users/yixiaoz/Desktop/cs348k_proj/outputs/controlNetScale/controlnet_canny/cfg_7p5_control_0p5/000000002685/generated.png,dense_text_plus_canny,5,7.5,0.5,20,0.6914,0.4635,33.6458
6763,A man and a women posing next to one another in front of a table.,"A man and a woman sit close together at a table inside a dimly lit restaurant or bar. The man wears a dress shirt and tie and has his arm around the smiling woman beside him. Plates, utensils, and drinks are visible on the table.","A man and a woman sit close together at a table inside a dimly lit restaurant or bar. The man wears a dress shirt and tie and has his arm around the smiling woman beside him. Plates, utensils, and drinks are visible on the table.",/Users/yixiaoz/Desktop/cs348k_proj/outputs/controlNetScale/controlnet_canny/cfg_7p5_control_0p5/000000006763/target.png,/Users/yixiaoz/Desktop/cs348k_proj/outputs/controlNetScale/controlnet_canny/cfg_7p5_control_0p5/000000006763/canny.png,/Users/yixiaoz/Desktop/cs348k_proj/outputs/controlNetScale/controlnet_canny/cfg_7p5_control_0p5/000000006763/generated.png,dense_text_plus_canny,5,7.5,0.5,20,0.664,0.4335,36.1331
87144,A baby sitting between a lady and a man on a bench under a tree.,"A woman, a young child, and an elderly man sit on a park bench beneath the shade of a tree. The woman sits on the left wearing a patterned dress, the child sits near the center, and the older man sits on the right wearing.","A woman, a young child, and an elderly man sit on a park bench beneath the shade of a tree. The woman sits on the left wearing a patterned dress, the child sits near the center, and the older man sits on the right wearing.",/Users/yixiaoz/Desktop/cs348k_proj/outputs/controlNetScale/controlnet_canny/cfg_7p5_control_0p5/000000087144/target.png,/Users/yixiaoz/Desktop/cs348k_proj/outputs/controlNetScale/controlnet_canny/cfg_7p5_control_0p5/000000087144/canny.png,/Users/yixiaoz/Desktop/cs348k_proj/outputs/controlNetScale/controlnet_canny/cfg_7p5_control_0p5/000000087144/generated.png,dense_text_plus_canny,5,7.5,0.5,20,0.5221,0.289,36.1211
2157,A table topped with a cake covered in berries next to a plate of sandwiches.,"A table covered with a red tablecloth is arranged with desserts and party food in an outdoor or bright dining setting. A large cake topped with blueberries and raspberries sits near the front beside plates of sandwiches, bread, grapes, wine glasses, napkins, and stacked dishes.","A table covered with a red tablecloth is arranged with desserts and party food in an outdoor or bright dining setting. A large cake topped with blueberries and raspberries sits near the front beside plates of sandwiches, bread, grapes, wine glasses, napkins, and stacked dishes.",/Users/yixiaoz/Desktop/cs348k_proj/outputs/controlNetScale/controlnet_canny/cfg_7p5_control_0p5/000000002157/target.png,/Users/yixiaoz/Desktop/cs348k_proj/outputs/controlNetScale/controlnet_canny/cfg_7p5_control_0p5/000000002157/canny.png,/Users/yixiaoz/Desktop/cs348k_proj/outputs/controlNetScale/controlnet_canny/cfg_7p5_control_0p5/000000002157/generated.png,dense_text_plus_canny,5,7.5,0.5,20,0.6202,0.2811,37.4864
14226,A person is sitting in a chair at a table with a laptop computer.,A man sits alone in a passenger train or railcar while using a laptop computer on a fold-out table in front of him. He wears a jacket and looks downward toward the screen with a focused expression. A large window beside him shows blurred scenery.,A man sits alone in a passenger train or railcar while using a laptop computer on a fold-out table in front of him. He wears a jacket and looks downward toward the screen with a focused expression. A large window beside him shows blurred scenery.,/Users/yixiaoz/Desktop/cs348k_proj/outputs/controlNetScale/controlnet_canny/cfg_7p5_control_0p5/000000014226/target.png,/Users/yixiaoz/Desktop/cs348k_proj/outputs/controlNetScale/controlnet_canny/cfg_7p5_control_0p5/000000014226/canny.png,/Users/yixiaoz/Desktop/cs348k_proj/outputs/controlNetScale/controlnet_canny/cfg_7p5_control_0p5/000000014226/generated.png,dense_text_plus_canny,5,7.5,0.5,20,0.5707,0.3973,35.4264
35279,"A man laying his head down next to electronics, a butterfly, and a book.","A cluttered workspace or floor area contains several electronic devices and accessories arranged close together. A laptop displays a simple image on its screen, while a smartphone, cables, speakers, papers, a bottle, and other gadgets sit nearby. Part of a person’s face appears near the.","A cluttered workspace or floor area contains several electronic devices and accessories arranged close together. A laptop displays a simple image on its screen, while a smartphone, cables, speakers, papers, a bottle, and other gadgets sit nearby. Part of a person’s face appears near the.",/Users/yixiaoz/Desktop/cs348k_proj/outputs/controlNetScale/controlnet_canny/cfg_7p5_control_0p5/000000035279/target.png,/Users/yixiaoz/Desktop/cs348k_proj/outputs/controlNetScale/controlnet_canny/cfg_7p5_control_0p5/000000035279/canny.png,/Users/yixiaoz/Desktop/cs348k_proj/outputs/controlNetScale/controlnet_canny/cfg_7p5_control_0p5/000000035279/generated.png,dense_text_plus_canny,5,7.5,0.5,20,0.6655,0.4111,30.7234
31620,A woman in a white dress and a man in gray stand near a cake on a white table under a white canopy.,"Inside a large white event tent, a woman in a white dress and a man in a gray suit stand near a decorated table. The table is covered with a white cloth and appears to hold a cake or centerpiece. Soft light filters through the.","Inside a large white event tent, a woman in a white dress and a man in a gray suit stand near a decorated table. The table is covered with a white cloth and appears to hold a cake or centerpiece. Soft light filters through the.",/Users/yixiaoz/Desktop/cs348k_proj/outputs/controlNetScale/controlnet_canny/cfg_7p5_control_0p5/000000031620/target.png,/Users/yixiaoz/Desktop/cs348k_proj/outputs/controlNetScale/controlnet_canny/cfg_7p5_control_0p5/000000031620/canny.png,/Users/yixiaoz/Desktop/cs348k_proj/outputs/controlNetScale/controlnet_canny/cfg_7p5_control_0p5/000000031620/generated.png,dense_text_plus_canny,5,7.5,0.5,20,0.6389,0.4177,34.5433
95707,Several pastries sitting on aluminum foil next to a bowl with a knife and spatula in it.,"Several pastries and baked goods are arranged on aluminum foil on a table, with a bowl, knife, and spatula placed nearby for serving. The food includes rectangular pieces and a pale frosted or light-colored dessert item, suggesting a dessert spread or homemade baked selection. The.","Several pastries and baked goods are arranged on aluminum foil on a table, with a bowl, knife, and spatula placed nearby for serving. The food includes rectangular pieces and a pale frosted or light-colored dessert item, suggesting a dessert spread or homemade baked selection. The.",/Users/yixiaoz/Desktop/cs348k_proj/outputs/controlNetScale/controlnet_canny/cfg_7p5_control_0p5/000000095707/target.png,/Users/yixiaoz/Desktop/cs348k_proj/outputs/controlNetScale/controlnet_canny/cfg_7p5_control_0p5/000000095707/canny.png,/Users/yixiaoz/Desktop/cs348k_proj/outputs/controlNetScale/controlnet_canny/cfg_7p5_control_0p5/000000095707/generated.png,dense_text_plus_canny,5,7.5,0.5,20,0.657,0.5297,33.4171
54605,Milkshake in tall glass and piece of cake on plate near forks.,"A tall milkshake in a glass is topped with whipped cream and placed on a restaurant table beside a slice of layered cake on a white plate. A fork, napkins, and other table items sit nearby, while the background is dim and softly blurred. The.","A tall milkshake in a glass is topped with whipped cream and placed on a restaurant table beside a slice of layered cake on a white plate. A fork, napkins, and other table items sit nearby, while the background is dim and softly blurred. The.",/Users/yixiaoz/Desktop/cs348k_proj/outputs/controlNetScale/controlnet_canny/cfg_7p5_control_0p5/000000054605/target.png,/Users/yixiaoz/Desktop/cs348k_proj/outputs/controlNetScale/controlnet_canny/cfg_7p5_control_0p5/000000054605/canny.png,/Users/yixiaoz/Desktop/cs348k_proj/outputs/controlNetScale/controlnet_canny/cfg_7p5_control_0p5/000000054605/generated.png,dense_text_plus_canny,5,7.5,0.5,20,0.6166,0.3255,34.7049
27620,A laptop sitting on a desk next to a chair and another computer.,"A small home office or study area contains a glass-top desk, a laptop computer, a chair, and additional electronic equipment. The desk is positioned near a wall with windows and blinds, and another chair sits in front of the workspace. Cables, accessories, and a cup.","A small home office or study area contains a glass-top desk, a laptop computer, a chair, and additional electronic equipment. The desk is positioned near a wall with windows and blinds, and another chair sits in front of the workspace. Cables, accessories, and a cup.",/Users/yixiaoz/Desktop/cs348k_proj/outputs/controlNetScale/controlnet_canny/cfg_7p5_control_0p5/000000027620/target.png,/Users/yixiaoz/Desktop/cs348k_proj/outputs/controlNetScale/controlnet_canny/cfg_7p5_control_0p5/000000027620/canny.png,/Users/yixiaoz/Desktop/cs348k_proj/outputs/controlNetScale/controlnet_canny/cfg_7p5_control_0p5/000000027620/generated.png,dense_text_plus_canny,5,7.5,0.5,20,0.5659,0.277,33.3968
66771,Two people sitting at a table with beverages on it and the woman holding her phone.,"Two people sit together at a restaurant table with beverages, cups, and small dishes in front of them. The man smiles while looking toward the woman, and the woman looks down at a smartphone in her hand. The table includes a drink with a straw.","Two people sit together at a restaurant table with beverages, cups, and small dishes in front of them. The man smiles while looking toward the woman, and the woman looks down at a smartphone in her hand. The table includes a drink with a straw.",/Users/yixiaoz/Desktop/cs348k_proj/outputs/controlNetScale/controlnet_canny/cfg_7p5_control_0p5/000000066771/target.png,/Users/yixiaoz/Desktop/cs348k_proj/outputs/controlNetScale/controlnet_canny/cfg_7p5_control_0p5/000000066771/canny.png,/Users/yixiaoz/Desktop/cs348k_proj/outputs/controlNetScale/controlnet_canny/cfg_7p5_control_0p5/000000066771/generated.png,dense_text_plus_canny,5,7.5,0.5,20,0.6174,0.4253,33.6591
18575,"Two plates, one with a sandwich and fries, the other with just a sandwich and a pickle.","Two plates of food are served on a restaurant table. One plate contains a sandwich with French fries, while the other plate includes a sandwich and a pickle with sliced vegetables and condiments nearby. Drinks, small containers, and utensils surround the plates, suggesting a casual.","Two plates of food are served on a restaurant table. One plate contains a sandwich with French fries, while the other plate includes a sandwich and a pickle with sliced vegetables and condiments nearby. Drinks, small containers, and utensils surround the plates, suggesting a casual.",/Users/yixiaoz/Desktop/cs348k_proj/outputs/controlNetScale/controlnet_canny/cfg_7p5_control_0p5/000000018575/target.png,/Users/yixiaoz/Desktop/cs348k_proj/outputs/controlNetScale/controlnet_canny/cfg_7p5_control_0p5/000000018575/canny.png,/Users/yixiaoz/Desktop/cs348k_proj/outputs/controlNetScale/controlnet_canny/cfg_7p5_control_0p5/000000018575/generated.png,dense_text_plus_canny,5,7.5,0.5,20,0.4932,0.3132,32.0333
66817,This plate consists of rice with sauce and peas and meat patties on the side.,"A plate of food is photographed from above on a table, containing rice covered with sauce, peas, and several browned meat patties on the side. A cup of yogurt or creamy dessert and a small bowl of fruit sit near the plate, creating a complete.","A plate of food is photographed from above on a table, containing rice covered with sauce, peas, and several browned meat patties on the side. A cup of yogurt or creamy dessert and a small bowl of fruit sit near the plate, creating a complete.",/Users/yixiaoz/Desktop/cs348k_proj/outputs/controlNetScale/controlnet_canny/cfg_7p5_control_0p5/000000066817/target.png,/Users/yixiaoz/Desktop/cs348k_proj/outputs/controlNetScale/controlnet_canny/cfg_7p5_control_0p5/000000066817/canny.png,/Users/yixiaoz/Desktop/cs348k_proj/outputs/controlNetScale/controlnet_canny/cfg_7p5_control_0p5/000000066817/generated.png,dense_text_plus_canny,5,7.5,0.5,20,0.6034,0.3921,32.2623
84674,a girl holds a baby eating a bagel with a boy standing next to them,"A woman sits indoors holding a small child who is eating a bagel or bread roll, while a young boy stands next to them facing the camera. The group appears to be in a restaurant, event space, or public indoor setting, with people and warm.","A woman sits indoors holding a small child who is eating a bagel or bread roll, while a young boy stands next to them facing the camera. The group appears to be in a restaurant, event space, or public indoor setting, with people and warm.",/Users/yixiaoz/Desktop/cs348k_proj/outputs/controlNetScale/controlnet_canny/cfg_7p5_control_0p5/000000084674/target.png,/Users/yixiaoz/Desktop/cs348k_proj/outputs/controlNetScale/controlnet_canny/cfg_7p5_control_0p5/000000084674/canny.png,/Users/yixiaoz/Desktop/cs348k_proj/outputs/controlNetScale/controlnet_canny/cfg_7p5_control_0p5/000000084674/generated.png,dense_text_plus_canny,5,7.5,0.5,20,0.7113,0.4155,34.2881
47112,A pizza served on a white plate next to empty wine glass and beer.,"A freshly baked pizza sits on a white plate on a restaurant table, with a glass of beer and an empty wine glass positioned behind it. The pizza has visible cheese and toppings, and the background contains tables, chairs, and restaurant décor. The low angle.","A freshly baked pizza sits on a white plate on a restaurant table, with a glass of beer and an empty wine glass positioned behind it. The pizza has visible cheese and toppings, and the background contains tables, chairs, and restaurant décor. The low angle.",/Users/yixiaoz/Desktop/cs348k_proj/outputs/controlNetScale/controlnet_canny/cfg_7p5_control_0p5/000000047112/target.png,/Users/yixiaoz/Desktop/cs348k_proj/outputs/controlNetScale/controlnet_canny/cfg_7p5_control_0p5/000000047112/canny.png,/Users/yixiaoz/Desktop/cs348k_proj/outputs/controlNetScale/controlnet_canny/cfg_7p5_control_0p5/000000047112/generated.png,dense_text_plus_canny,5,7.5,0.5,20,0.5836,0.2886,30.9763
59598,"A table with a laptop a plate with a muffin and a banana, a can and a cellphone.","An open laptop sits on a table in a classroom, meeting room, or conference setting. Nearby are a plate with a muffin and banana, a soda can, a mobile phone, and other small items. In the background, a presentation screen or projector area is visible.","An open laptop sits on a table in a classroom, meeting room, or conference setting. Nearby are a plate with a muffin and banana, a soda can, a mobile phone, and other small items. In the background, a presentation screen or projector area is visible.",/Users/yixiaoz/Desktop/cs348k_proj/outputs/controlNetScale/controlnet_canny/cfg_7p5_control_0p5/000000059598/target.png,/Users/yixiaoz/Desktop/cs348k_proj/outputs/controlNetScale/controlnet_canny/cfg_7p5_control_0p5/000000059598/canny.png,/Users/yixiaoz/Desktop/cs348k_proj/outputs/controlNetScale/controlnet_canny/cfg_7p5_control_0p5/000000059598/generated.png,dense_text_plus_canny,5,7.5,0.5,20,0.6688,0.3508,33.3596
91779,Three hot dogs with different toppings lined up on a tabletop.,"Three hot dogs with different toppings are arranged side by side on a tray or tabletop. One appears topped with sauce or chili, another with bright red peppers, and the surrounding area contains side dishes, cups, and food wrappers. The close-up composition highlights the variety.","Three hot dogs with different toppings are arranged side by side on a tray or tabletop. One appears topped with sauce or chili, another with bright red peppers, and the surrounding area contains side dishes, cups, and food wrappers. The close-up composition highlights the variety.",/Users/yixiaoz/Desktop/cs348k_proj/outputs/controlNetScale/controlnet_canny/cfg_7p5_control_0p5/000000091779/target.png,/Users/yixiaoz/Desktop/cs348k_proj/outputs/controlNetScale/controlnet_canny/cfg_7p5_control_0p5/000000091779/canny.png,/Users/yixiaoz/Desktop/cs348k_proj/outputs/controlNetScale/controlnet_canny/cfg_7p5_control_0p5/000000091779/generated.png,dense_text_plus_canny,5,7.5,0.5,20,0.7163,0.4227,35.2777
22892,"A cat sitting on a table next to plants and a dog outside of a sliding glass door, looking in.","A gray cat sits indoors on a table beside potted plants near a sliding glass door, while a dog stands outside looking in through the glass. The cat faces downward toward the plants, and the dog is visible beyond the door on a balcony or.","A gray cat sits indoors on a table beside potted plants near a sliding glass door, while a dog stands outside looking in through the glass. The cat faces downward toward the plants, and the dog is visible beyond the door on a balcony or.",/Users/yixiaoz/Desktop/cs348k_proj/outputs/controlNetScale/controlnet_canny/cfg_7p5_control_0p5/000000022892/target.png,/Users/yixiaoz/Desktop/cs348k_proj/outputs/controlNetScale/controlnet_canny/cfg_7p5_control_0p5/000000022892/canny.png,/Users/yixiaoz/Desktop/cs348k_proj/outputs/controlNetScale/controlnet_canny/cfg_7p5_control_0p5/000000022892/generated.png,dense_text_plus_canny,5,7.5,0.5,20,0.604,0.4254,33.8825
97337,This is a nice living room set up with two couches and a television.,"A cozy living room contains two couches arranged around a coffee table facing a television. The television displays a map or graphic image, while lamps, curtains, and decorative furniture create a warm indoor atmosphere. The room appears tidy and comfortable, with soft lighting and a.","A cozy living room contains two couches arranged around a coffee table facing a television. The television displays a map or graphic image, while lamps, curtains, and decorative furniture create a warm indoor atmosphere. The room appears tidy and comfortable, with soft lighting and a.",/Users/yixiaoz/Desktop/cs348k_proj/outputs/controlNetScale/controlnet_canny/cfg_7p5_control_0p5/000000097337/target.png,/Users/yixiaoz/Desktop/cs348k_proj/outputs/controlNetScale/controlnet_canny/cfg_7p5_control_0p5/000000097337/canny.png,/Users/yixiaoz/Desktop/cs348k_proj/outputs/controlNetScale/controlnet_canny/cfg_7p5_control_0p5/000000097337/generated.png,dense_text_plus_canny,5,7.5,0.5,20,0.6,0.373,31.2575
10707,Man with video game controller in living room with onlooker seated nearby.,"Several people gather in a living room around a coffee table covered with drinks, snacks, and small items. One man stands holding a video game controller, while others sit nearby watching or participating. Sofas, warm lighting, and casual clothing create the feeling of a relaxed.","Several people gather in a living room around a coffee table covered with drinks, snacks, and small items. One man stands holding a video game controller, while others sit nearby watching or participating. Sofas, warm lighting, and casual clothing create the feeling of a relaxed.",/Users/yixiaoz/Desktop/cs348k_proj/outputs/controlNetScale/controlnet_canny/cfg_7p5_control_0p5/000000010707/target.png,/Users/yixiaoz/Desktop/cs348k_proj/outputs/controlNetScale/controlnet_canny/cfg_7p5_control_0p5/000000010707/canny.png,/Users/yixiaoz/Desktop/cs348k_proj/outputs/controlNetScale/controlnet_canny/cfg_7p5_control_0p5/000000010707/generated.png,dense_text_plus_canny,5,7.5,0.5,20,0.6488,0.4012,34.4174
65288,A yellow and green object with a brown bird perched on top of it.,"An ornate yellow and green decorative structure sits in the foreground, with a small brown bird perched on its top edge. Behind it, a crowd of people gathers outdoors near tables, chairs, plants, and shaded areas, suggesting a plaza, café, or public gathering space. The.","An ornate yellow and green decorative structure sits in the foreground, with a small brown bird perched on its top edge. Behind it, a crowd of people gathers outdoors near tables, chairs, plants, and shaded areas, suggesting a plaza, café, or public gathering space. The.",/Users/yixiaoz/Desktop/cs348k_proj/outputs/controlNetScale/controlnet_canny/cfg_7p5_control_0p5/000000065288/target.png,/Users/yixiaoz/Desktop/cs348k_proj/outputs/controlNetScale/controlnet_canny/cfg_7p5_control_0p5/000000065288/canny.png,/Users/yixiaoz/Desktop/cs348k_proj/outputs/controlNetScale/controlnet_canny/cfg_7p5_control_0p5/000000065288/generated.png,dense_text_plus_canny,5,7.5,0.5,20,0.667,0.3843,33.3041
116208,"A large pizza is shown on a table, with bottles and glasses of wine.","A large pizza topped with cheese, mushrooms, and other ingredients is placed on a raised stand at the center of a restaurant table. Wine bottles, glasses, plates, utensils, and small dishes surround it, suggesting a shared meal among several diners. The pizza is viewed from.","A large pizza topped with cheese, mushrooms, and other ingredients is placed on a raised stand at the center of a restaurant table. Wine bottles, glasses, plates, utensils, and small dishes surround it, suggesting a shared meal among several diners. The pizza is viewed from.",/Users/yixiaoz/Desktop/cs348k_proj/outputs/controlNetScale/controlnet_canny/cfg_7p5_control_0p5/000000116208/target.png,/Users/yixiaoz/Desktop/cs348k_proj/outputs/controlNetScale/controlnet_canny/cfg_7p5_control_0p5/000000116208/canny.png,/Users/yixiaoz/Desktop/cs348k_proj/outputs/controlNetScale/controlnet_canny/cfg_7p5_control_0p5/000000116208/generated.png,dense_text_plus_canny,5,7.5,0.5,20,0.5644,0.3112,31.9791
74733,two flatbread pieces covered with different ingredients in between a flight of beers,"Two rectangular flatbread dishes topped with different ingredients are served on a wooden board beside a flight of beers. Several small glasses of beer, dipping containers, and additional drinkware are arranged around the food. The warm indoor lighting and tabletop presentation suggest a restaurant, pub.","Two rectangular flatbread dishes topped with different ingredients are served on a wooden board beside a flight of beers. Several small glasses of beer, dipping containers, and additional drinkware are arranged around the food. The warm indoor lighting and tabletop presentation suggest a restaurant, pub.",/Users/yixiaoz/Desktop/cs348k_proj/outputs/controlNetScale/controlnet_canny/cfg_7p5_control_0p5/000000074733/target.png,/Users/yixiaoz/Desktop/cs348k_proj/outputs/controlNetScale/controlnet_canny/cfg_7p5_control_0p5/000000074733/canny.png,/Users/yixiaoz/Desktop/cs348k_proj/outputs/controlNetScale/controlnet_canny/cfg_7p5_control_0p5/000000074733/generated.png,dense_text_plus_canny,5,7.5,0.5,20,0.5847,0.2493,33.8099
114907,"A woman holding a milking attachment and standing in front of a cow, with a group of people in the audience.","A woman stands beside a large dairy cow while demonstrating or holding a milking attachment in front of a seated audience. The cow is positioned behind a metal barrier, and many people watch attentively from the foreground. The scene appears to be part of an.","A woman stands beside a large dairy cow while demonstrating or holding a milking attachment in front of a seated audience. The cow is positioned behind a metal barrier, and many people watch attentively from the foreground. The scene appears to be part of an.",/Users/yixiaoz/Desktop/cs348k_proj/outputs/controlNetScale/controlnet_canny/cfg_7p5_control_0p5/000000114907/target.png,/Users/yixiaoz/Desktop/cs348k_proj/outputs/controlNetScale/controlnet_canny/cfg_7p5_control_0p5/000000114907/canny.png,/Users/yixiaoz/Desktop/cs348k_proj/outputs/controlNetScale/controlnet_canny/cfg_7p5_control_0p5/000000114907/generated.png,dense_text_plus_canny,5,7.5,0.5,20,0.6218,0.2796,35.7808
61333,The caramel-colored kitten is  lying on the small blanket on top of the unmade bed.,"An orange tabby kitten lies curled up on a small blanket placed on top of an unmade bed. The cat appears relaxed and sleepy, with its body tucked close and its head resting near the blanket. A bookshelf filled with books lines the background, adding.","An orange tabby kitten lies curled up on a small blanket placed on top of an unmade bed. The cat appears relaxed and sleepy, with its body tucked close and its head resting near the blanket. A bookshelf filled with books lines the background, adding.",/Users/yixiaoz/Desktop/cs348k_proj/outputs/controlNetScale/controlnet_canny/cfg_7p5_control_0p5/000000061333/target.png,/Users/yixiaoz/Desktop/cs348k_proj/outputs/controlNetScale/controlnet_canny/cfg_7p5_control_0p5/000000061333/canny.png,/Users/yixiaoz/Desktop/cs348k_proj/outputs/controlNetScale/controlnet_canny/cfg_7p5_control_0p5/000000061333/generated.png,dense_text_plus_canny,5,7.5,0.5,20,0.7398,0.3791,37.7808
18837,A large truck on a city street with two works sitting on top and one worker climbing in through door.,"A large green utility truck is parked on a city street while workers perform maintenance tasks around it. One worker appears to be on top of the vehicle, and another is climbing into or standing near the door. Cars, buildings, traffic signs, and urban infrastructure.","A large green utility truck is parked on a city street while workers perform maintenance tasks around it. One worker appears to be on top of the vehicle, and another is climbing into or standing near the door. Cars, buildings, traffic signs, and urban infrastructure.",/Users/yixiaoz/Desktop/cs348k_proj/outputs/controlNetScale/controlnet_canny/cfg_7p5_control_0p5/000000018837/target.png,/Users/yixiaoz/Desktop/cs348k_proj/outputs/controlNetScale/controlnet_canny/cfg_7p5_control_0p5/000000018837/canny.png,/Users/yixiaoz/Desktop/cs348k_proj/outputs/controlNetScale/controlnet_canny/cfg_7p5_control_0p5/000000018837/generated.png,dense_text_plus_canny,5,7.5,0.5,20,0.6017,0.2897,31.8134
9914,"A sandwich, french fries, bowl of ketchup, onion slice, lettuce slice, tomato slice, and knife sit on the white plate.","A sandwich meal is served on a white plate with French fries, a small bowl of ketchup, sliced onion, tomato, lettuce, and a knife. The sandwich bun is topped with sesame seeds, and the fries are piled beside it. The close-up view focuses on the.","A sandwich meal is served on a white plate with French fries, a small bowl of ketchup, sliced onion, tomato, lettuce, and a knife. The sandwich bun is topped with sesame seeds, and the fries are piled beside it. The close-up view focuses on the.",/Users/yixiaoz/Desktop/cs348k_proj/outputs/controlNetScale/controlnet_canny/cfg_7p5_control_0p5/000000009914/target.png,/Users/yixiaoz/Desktop/cs348k_proj/outputs/controlNetScale/controlnet_canny/cfg_7p5_control_0p5/000000009914/canny.png,/Users/yixiaoz/Desktop/cs348k_proj/outputs/controlNetScale/controlnet_canny/cfg_7p5_control_0p5/000000009914/generated.png,dense_text_plus_canny,5,7.5,0.5,20,0.6112,0.3969,31.9131
39477,A beach towel covers a TV across from plants on the wall and in front of the window.,"A compact living room features a couch facing a television, with several plants placed near the window and on the wall. Natural light enters through a large curtained window, brightening the small room. A low table, rug, wall decorations, and shelving create a tidy residential.","A compact living room features a couch facing a television, with several plants placed near the window and on the wall. Natural light enters through a large curtained window, brightening the small room. A low table, rug, wall decorations, and shelving create a tidy residential.",/Users/yixiaoz/Desktop/cs348k_proj/outputs/controlNetScale/controlnet_canny/cfg_7p5_control_0p5/000000039477/target.png,/Users/yixiaoz/Desktop/cs348k_proj/outputs/controlNetScale/controlnet_canny/cfg_7p5_control_0p5/000000039477/canny.png,/Users/yixiaoz/Desktop/cs348k_proj/outputs/controlNetScale/controlnet_canny/cfg_7p5_control_0p5/000000039477/generated.png,dense_text_plus_canny,5,7.5,0.5,20,0.6635,0.469,33.1711
61108,A blue bicycle with a puppy in its basket is parked next to the bleacher steps.,"A blue bicycle is parked beside outdoor bleacher steps, with a small puppy sitting inside a basket attached to the front. The bicycle rests near concrete steps and railings, suggesting a sports field, park, or recreational area. The puppy sits securely in the basket and.","A blue bicycle is parked beside outdoor bleacher steps, with a small puppy sitting inside a basket attached to the front. The bicycle rests near concrete steps and railings, suggesting a sports field, park, or recreational area. The puppy sits securely in the basket and.",/Users/yixiaoz/Desktop/cs348k_proj/outputs/controlNetScale/controlnet_canny/cfg_7p5_control_0p5/000000061108/target.png,/Users/yixiaoz/Desktop/cs348k_proj/outputs/controlNetScale/controlnet_canny/cfg_7p5_control_0p5/000000061108/canny.png,/Users/yixiaoz/Desktop/cs348k_proj/outputs/controlNetScale/controlnet_canny/cfg_7p5_control_0p5/000000061108/generated.png,dense_text_plus_canny,5,7.5,0.5,20,0.5771,0.4803,36.0679
91615,"A kitchen has light wooden colored cabinetry, beige countertops, and stainless steel appliances in an open concept house.","A clean modern kitchen features light wooden cabinets, beige countertops, stainless steel appliances, and a sink built into a central counter area. A microwave, oven, refrigerator, dishwasher, and decorative flowers are visible throughout the room. The space appears bright, organized, and open, with neutral colors.","A clean modern kitchen features light wooden cabinets, beige countertops, stainless steel appliances, and a sink built into a central counter area. A microwave, oven, refrigerator, dishwasher, and decorative flowers are visible throughout the room. The space appears bright, organized, and open, with neutral colors.",/Users/yixiaoz/Desktop/cs348k_proj/outputs/controlNetScale/controlnet_canny/cfg_7p5_control_0p5/000000091615/target.png,/Users/yixiaoz/Desktop/cs348k_proj/outputs/controlNetScale/controlnet_canny/cfg_7p5_control_0p5/000000091615/canny.png,/Users/yixiaoz/Desktop/cs348k_proj/outputs/controlNetScale/controlnet_canny/cfg_7p5_control_0p5/000000091615/generated.png,dense_text_plus_canny,5,7.5,0.5,20,0.4769,0.244,32.1969
77396,A cat being lazy and a cat being nozy in a living room with tv and a laptop displaying the same things.,"Two cats are in a living room facing a television and a laptop displaying similar imagery. One cat stands upright near the television, appearing curious about the screen, while another cat lies on the floor nearby. The room contains a TV stand, small table, and.","Two cats are in a living room facing a television and a laptop displaying similar imagery. One cat stands upright near the television, appearing curious about the screen, while another cat lies on the floor nearby. The room contains a TV stand, small table, and.",/Users/yixiaoz/Desktop/cs348k_proj/outputs/controlNetScale/controlnet_canny/cfg_7p5_control_0p5/000000077396/target.png,/Users/yixiaoz/Desktop/cs348k_proj/outputs/controlNetScale/controlnet_canny/cfg_7p5_control_0p5/000000077396/canny.png,/Users/yixiaoz/Desktop/cs348k_proj/outputs/controlNetScale/controlnet_canny/cfg_7p5_control_0p5/000000077396/generated.png,dense_text_plus_canny,5,7.5,0.5,20,0.4461,0.3485,35.5252
119233,A cat sprawled out over the top of a laptop computer keyboard.,"A black-and-white cat sprawls across the keyboard area of an open laptop on a wooden desk or counter. The cat lies comfortably with its body stretched over the computer, partially blocking the screen and keyboard. Various household objects, office supplies, and plants are visible around.","A black-and-white cat sprawls across the keyboard area of an open laptop on a wooden desk or counter. The cat lies comfortably with its body stretched over the computer, partially blocking the screen and keyboard. Various household objects, office supplies, and plants are visible around.",/Users/yixiaoz/Desktop/cs348k_proj/outputs/controlNetScale/controlnet_canny/cfg_7p5_control_0p5/000000119233/target.png,/Users/yixiaoz/Desktop/cs348k_proj/outputs/controlNetScale/controlnet_canny/cfg_7p5_control_0p5/000000119233/canny.png,/Users/yixiaoz/Desktop/cs348k_proj/outputs/controlNetScale/controlnet_canny/cfg_7p5_control_0p5/000000119233/generated.png,dense_text_plus_canny,5,7.5,0.5,20,0.6314,0.2109,34.4893
2431,"A table with a plate, wine-filled glass, and bread, among other items","A restaurant table is set with a plate, a wine-filled glass, bread, napkins, utensils, and other dining items. The objects are arranged closely together on a wooden surface, suggesting an ongoing or prepared meal. The image is framed from above and at a slight angle.","A restaurant table is set with a plate, a wine-filled glass, bread, napkins, utensils, and other dining items. The objects are arranged closely together on a wooden surface, suggesting an ongoing or prepared meal. The image is framed from above and at a slight angle.",/Users/yixiaoz/Desktop/cs348k_proj/outputs/controlNetScale/controlnet_canny/cfg_7p5_control_0p5/000000002431/target.png,/Users/yixiaoz/Desktop/cs348k_proj/outputs/controlNetScale/controlnet_canny/cfg_7p5_control_0p5/000000002431/canny.png,/Users/yixiaoz/Desktop/cs348k_proj/outputs/controlNetScale/controlnet_canny/cfg_7p5_control_0p5/000000002431/generated.png,dense_text_plus_canny,5,7.5,0.5,20,0.6715,0.5667,33.458
56344,"Looking down at a desktop with two monitors, a key board, mouse and cell phones on it.","A desk workstation contains two large computer monitors positioned side by side, along with a keyboard, mouse, mobile phones, and several electronic accessories. The screens display different windows or web pages, and cables and devices are spread across the desktop. The space appears dimly lit.","A desk workstation contains two large computer monitors positioned side by side, along with a keyboard, mouse, mobile phones, and several electronic accessories. The screens display different windows or web pages, and cables and devices are spread across the desktop. The space appears dimly lit.",/Users/yixiaoz/Desktop/cs348k_proj/outputs/controlNetScale/controlnet_canny/cfg_7p5_control_0p5/000000056344/target.png,/Users/yixiaoz/Desktop/cs348k_proj/outputs/controlNetScale/controlnet_canny/cfg_7p5_control_0p5/000000056344/canny.png,/Users/yixiaoz/Desktop/cs348k_proj/outputs/controlNetScale/controlnet_canny/cfg_7p5_control_0p5/000000056344/generated.png,dense_text_plus_canny,5,7.5,0.5,20,0.6195,0.2208,32.6241
54628,A tall multi layer cake sitting on top of a blue table cloth.,"A tall multi-layered decorative cake stands on a table covered with a blue tablecloth inside an elegant event venue. The cake is decorated with detailed patterns, flowers, and multiple tiers, making it the centerpiece of the room. Guests, tables, chairs, and chandeliers are visible in.","A tall multi-layered decorative cake stands on a table covered with a blue tablecloth inside an elegant event venue. The cake is decorated with detailed patterns, flowers, and multiple tiers, making it the centerpiece of the room. Guests, tables, chairs, and chandeliers are visible in.",/Users/yixiaoz/Desktop/cs348k_proj/outputs/controlNetScale/controlnet_canny/cfg_7p5_control_0p5/000000054628/target.png,/Users/yixiaoz/Desktop/cs348k_proj/outputs/controlNetScale/controlnet_canny/cfg_7p5_control_0p5/000000054628/canny.png,/Users/yixiaoz/Desktop/cs348k_proj/outputs/controlNetScale/controlnet_canny/cfg_7p5_control_0p5/000000054628/generated.png,dense_text_plus_canny,5,7.5,0.5,20,0.6883,0.3348,35.093
110999,"A painting of a bowl of fruit sitting in front of another painting,","A framed painting of a bowl of fruit hangs above a table where a real bowl of fruit and decorative objects are arranged below it. The dark background and warm lighting create a still-life atmosphere, connecting the artwork to the physical objects in front of.","A framed painting of a bowl of fruit hangs above a table where a real bowl of fruit and decorative objects are arranged below it. The dark background and warm lighting create a still-life atmosphere, connecting the artwork to the physical objects in front of.",/Users/yixiaoz/Desktop/cs348k_proj/outputs/controlNetScale/controlnet_canny/cfg_7p5_control_0p5/000000110999/target.png,/Users/yixiaoz/Desktop/cs348k_proj/outputs/controlNetScale/controlnet_canny/cfg_7p5_control_0p5/000000110999/canny.png,/Users/yixiaoz/Desktop/cs348k_proj/outputs/controlNetScale/controlnet_canny/cfg_7p5_control_0p5/000000110999/generated.png,dense_text_plus_canny,5,7.5,0.5,20,0.6156,0.4162,38.2686
72795,a group of ball players playing on a field in front of an audience,"Baseball players are positioned on a field during a game while a large audience watches from the stadium seats. The batter stands near home plate, with the catcher and umpire crouched behind him and other players visible on the field. The scene is viewed from.","Baseball players are positioned on a field during a game while a large audience watches from the stadium seats. The batter stands near home plate, with the catcher and umpire crouched behind him and other players visible on the field. The scene is viewed from.",/Users/yixiaoz/Desktop/cs348k_proj/outputs/controlNetScale/controlnet_canny/cfg_7p5_control_0p5/000000072795/target.png,/Users/yixiaoz/Desktop/cs348k_proj/outputs/controlNetScale/controlnet_canny/cfg_7p5_control_0p5/000000072795/canny.png,/Users/yixiaoz/Desktop/cs348k_proj/outputs/controlNetScale/controlnet_canny/cfg_7p5_control_0p5/000000072795/generated.png,dense_text_plus_canny,5,7.5,0.5,20,0.6015,0.4571,33.051
92091,A little girl is using the toy brush for a chew toy rather than brushing the teddy.,"A young girl wearing a bright pink dress stands inside a cozy room while holding a toy brush near a stuffed teddy bear. The room includes wooden walls, chairs, a television, artwork, and home furnishings. The child appears to be playing pretend, possibly brushing the.","A young girl wearing a bright pink dress stands inside a cozy room while holding a toy brush near a stuffed teddy bear. The room includes wooden walls, chairs, a television, artwork, and home furnishings. The child appears to be playing pretend, possibly brushing the.",/Users/yixiaoz/Desktop/cs348k_proj/outputs/controlNetScale/controlnet_canny/cfg_7p5_control_0p5/000000092091/target.png,/Users/yixiaoz/Desktop/cs348k_proj/outputs/controlNetScale/controlnet_canny/cfg_7p5_control_0p5/000000092091/canny.png,/Users/yixiaoz/Desktop/cs348k_proj/outputs/controlNetScale/controlnet_canny/cfg_7p5_control_0p5/000000092091/generated.png,dense_text_plus_canny,5,7.5,0.5,20,0.699,0.3835,37.2733
108253,there are two plates of food and a beer in the middle of the table,"Two plates of food and a beer bottle are arranged on a restaurant table. The plates contain sandwiches, fries, and other side dishes, while condiments and utensils sit nearby. The bottle of beer stands prominently near the center of the table, suggesting a casual meal.","Two plates of food and a beer bottle are arranged on a restaurant table. The plates contain sandwiches, fries, and other side dishes, while condiments and utensils sit nearby. The bottle of beer stands prominently near the center of the table, suggesting a casual meal.",/Users/yixiaoz/Desktop/cs348k_proj/outputs/controlNetScale/controlnet_canny/cfg_7p5_control_0p5/000000108253/target.png,/Users/yixiaoz/Desktop/cs348k_proj/outputs/controlNetScale/controlnet_canny/cfg_7p5_control_0p5/000000108253/canny.png,/Users/yixiaoz/Desktop/cs348k_proj/outputs/controlNetScale/controlnet_canny/cfg_7p5_control_0p5/000000108253/generated.png,dense_text_plus_canny,5,7.5,0.5,20,0.6613,0.3715,33.9947
80932,A little boy sits at a table in a restaurant eating a slice of pizza.,"A young boy sits at a restaurant table eating a large slice of pizza. He holds the pizza close to his mouth while leaning over a white plate, concentrating on the meal. Other diners and wooden booth seating are visible in the background, creating a.","A young boy sits at a restaurant table eating a large slice of pizza. He holds the pizza close to his mouth while leaning over a white plate, concentrating on the meal. Other diners and wooden booth seating are visible in the background, creating a.",/Users/yixiaoz/Desktop/cs348k_proj/outputs/controlNetScale/controlnet_canny/cfg_7p5_control_0p5/000000080932/target.png,/Users/yixiaoz/Desktop/cs348k_proj/outputs/controlNetScale/controlnet_canny/cfg_7p5_control_0p5/000000080932/canny.png,/Users/yixiaoz/Desktop/cs348k_proj/outputs/controlNetScale/controlnet_canny/cfg_7p5_control_0p5/000000080932/generated.png,dense_text_plus_canny,5,7.5,0.5,20,0.6357,0.3121,38.0363
50811,A man in a suit sitting a table with an empty bowl and empty beer bottles.,A man wearing a gray suit jacket sits alone at a wooden dining table with an empty bowl and several empty beer bottles placed in front of him. He smiles toward the camera in a simple indoor setting with a plain light-colored background. The table.,A man wearing a gray suit jacket sits alone at a wooden dining table with an empty bowl and several empty beer bottles placed in front of him. He smiles toward the camera in a simple indoor setting with a plain light-colored background. The table.,/Users/yixiaoz/Desktop/cs348k_proj/outputs/controlNetScale/controlnet_canny/cfg_7p5_control_0p5/000000050811/target.png,/Users/yixiaoz/Desktop/cs348k_proj/outputs/controlNetScale/controlnet_canny/cfg_7p5_control_0p5/000000050811/canny.png,/Users/yixiaoz/Desktop/cs348k_proj/outputs/controlNetScale/controlnet_canny/cfg_7p5_control_0p5/000000050811/generated.png,dense_text_plus_canny,5,7.5,0.5,20,0.6378,0.3543,35.6583
13659,A man typing on a laptop keyboard in a cluttered work environment.,"Several people work in a busy, cluttered office environment filled with desks, laptops, papers, cardboard boxes, and electronic equipment. A man in the foreground sits at a desk typing on a laptop while wearing headphones, and other people work in the background. The room looks.","Several people work in a busy, cluttered office environment filled with desks, laptops, papers, cardboard boxes, and electronic equipment. A man in the foreground sits at a desk typing on a laptop while wearing headphones, and other people work in the background. The room looks.",/Users/yixiaoz/Desktop/cs348k_proj/outputs/controlNetScale/controlnet_canny/cfg_7p5_control_0p5/000000013659/target.png,/Users/yixiaoz/Desktop/cs348k_proj/outputs/controlNetScale/controlnet_canny/cfg_7p5_control_0p5/000000013659/canny.png,/Users/yixiaoz/Desktop/cs348k_proj/outputs/controlNetScale/controlnet_canny/cfg_7p5_control_0p5/000000013659/generated.png,dense_text_plus_canny,5,7.5,0.5,20,0.6352,0.3089,32.974
26465,The opened  laptop is sitting on the table along with other technological tools.,"An open laptop sits on a white tabletop surrounded by small technological tools and accessories, including a smartphone, a pen, and a compact electronic device. The laptop screen shows a dark desktop with a bright reflection near the center. The arrangement is simple and sparse.","An open laptop sits on a white tabletop surrounded by small technological tools and accessories, including a smartphone, a pen, and a compact electronic device. The laptop screen shows a dark desktop with a bright reflection near the center. The arrangement is simple and sparse.",/Users/yixiaoz/Desktop/cs348k_proj/outputs/controlNetScale/controlnet_canny/cfg_7p5_control_0p5/000000026465/target.png,/Users/yixiaoz/Desktop/cs348k_proj/outputs/controlNetScale/controlnet_canny/cfg_7p5_control_0p5/000000026465/canny.png,/Users/yixiaoz/Desktop/cs348k_proj/outputs/controlNetScale/controlnet_canny/cfg_7p5_control_0p5/000000026465/generated.png,dense_text_plus_canny,5,7.5,0.5,20,0.6278,0.5368,30.2748
25096,A boy sitting in front of cake fashioned to look like a skateboard.,"A young boy wearing a blue sports jersey sits at a table looking down at a cake designed to resemble a skateboard. The cake is decorated with bright colors and small details, and the boy appears focused on it as if preparing to cut or.","A young boy wearing a blue sports jersey sits at a table looking down at a cake designed to resemble a skateboard. The cake is decorated with bright colors and small details, and the boy appears focused on it as if preparing to cut or.",/Users/yixiaoz/Desktop/cs348k_proj/outputs/controlNetScale/controlnet_canny/cfg_7p5_control_0p5/000000025096/target.png,/Users/yixiaoz/Desktop/cs348k_proj/outputs/controlNetScale/controlnet_canny/cfg_7p5_control_0p5/000000025096/canny.png,/Users/yixiaoz/Desktop/cs348k_proj/outputs/controlNetScale/controlnet_canny/cfg_7p5_control_0p5/000000025096/generated.png,dense_text_plus_canny,5,7.5,0.5,20,0.7196,0.5303,37.6891
26564,An office desk with a row of books and a desktop computer and laptop computer on the desk.,"An office desk is arranged with a desktop computer, laptop, keyboard, mouse, books, papers, and a row of binders or reference materials. The monitor displays a document or screen of text, and large windows brighten the workspace. The corner desk is compact but well equipped.","An office desk is arranged with a desktop computer, laptop, keyboard, mouse, books, papers, and a row of binders or reference materials. The monitor displays a document or screen of text, and large windows brighten the workspace. The corner desk is compact but well equipped.",/Users/yixiaoz/Desktop/cs348k_proj/outputs/controlNetScale/controlnet_canny/cfg_7p5_control_0p5/000000026564/target.png,/Users/yixiaoz/Desktop/cs348k_proj/outputs/controlNetScale/controlnet_canny/cfg_7p5_control_0p5/000000026564/canny.png,/Users/yixiaoz/Desktop/cs348k_proj/outputs/controlNetScale/controlnet_canny/cfg_7p5_control_0p5/000000026564/generated.png,dense_text_plus_canny,5,7.5,0.5,20,0.5421,0.1847,32.5692
12670,A large crowd of people walking around while one owns a teddy bear.,"A large crowd of people walks and gathers in a busy outdoor public space, possibly a street, plaza, or festival area. The scene contains many individuals of different ages wearing colorful clothing, and one person appears to carry or hold a teddy bear among the.","A large crowd of people walks and gathers in a busy outdoor public space, possibly a street, plaza, or festival area. The scene contains many individuals of different ages wearing colorful clothing, and one person appears to carry or hold a teddy bear among the.",/Users/yixiaoz/Desktop/cs348k_proj/outputs/controlNetScale/controlnet_canny/cfg_7p5_control_0p5/000000012670/target.png,/Users/yixiaoz/Desktop/cs348k_proj/outputs/controlNetScale/controlnet_canny/cfg_7p5_control_0p5/000000012670/canny.png,/Users/yixiaoz/Desktop/cs348k_proj/outputs/controlNetScale/controlnet_canny/cfg_7p5_control_0p5/000000012670/generated.png,dense_text_plus_canny,5,7.5,0.5,20,0.6403,0.2828,34.1122
9400,Sever people are sitting next to each other while using laptops.,"Several people sit close together around a table while using laptop computers in a dimly lit indoor environment. Multiple screens glow in front of them, and drinks, cables, and computer accessories are spread across the table. The group appears to be collaborating, studying, or working.","Several people sit close together around a table while using laptop computers in a dimly lit indoor environment. Multiple screens glow in front of them, and drinks, cables, and computer accessories are spread across the table. The group appears to be collaborating, studying, or working.",/Users/yixiaoz/Desktop/cs348k_proj/outputs/controlNetScale/controlnet_canny/cfg_7p5_control_0p5/000000009400/target.png,/Users/yixiaoz/Desktop/cs348k_proj/outputs/controlNetScale/controlnet_canny/cfg_7p5_control_0p5/000000009400/canny.png,/Users/yixiaoz/Desktop/cs348k_proj/outputs/controlNetScale/controlnet_canny/cfg_7p5_control_0p5/000000009400/generated.png,dense_text_plus_canny,5,7.5,0.5,20,0.6851,0.4777,27.1291
92053,Three white dishes with three different sorts of food on them.,"Three white plates with different dishes are arranged on a restaurant table under warm, dim lighting. The food includes various items with sauces, sides, and garnishes, and a drink sits nearby. Utensils are placed on or beside the plates, suggesting the meal is in progress.","Three white plates with different dishes are arranged on a restaurant table under warm, dim lighting. The food includes various items with sauces, sides, and garnishes, and a drink sits nearby. Utensils are placed on or beside the plates, suggesting the meal is in progress.",/Users/yixiaoz/Desktop/cs348k_proj/outputs/controlNetScale/controlnet_canny/cfg_7p5_control_0p5/000000092053/target.png,/Users/yixiaoz/Desktop/cs348k_proj/outputs/controlNetScale/controlnet_canny/cfg_7p5_control_0p5/000000092053/canny.png,/Users/yixiaoz/Desktop/cs348k_proj/outputs/controlNetScale/controlnet_canny/cfg_7p5_control_0p5/000000092053/generated.png,dense_text_plus_canny,5,7.5,0.5,20,0.5885,0.3974,29.2566
74256,Two women standing in a train station looking at their phones.,"Two women stand together at an outdoor train station platform while looking down at their mobile phones. One woman wears a green scarf and dark clothing, while the other wears a patterned jacket. Train station signs, tracks, buildings, and platform structures appear in the background.","Two women stand together at an outdoor train station platform while looking down at their mobile phones. One woman wears a green scarf and dark clothing, while the other wears a patterned jacket. Train station signs, tracks, buildings, and platform structures appear in the background.",/Users/yixiaoz/Desktop/cs348k_proj/outputs/controlNetScale/controlnet_canny/cfg_7p5_control_0p5/000000074256/target.png,/Users/yixiaoz/Desktop/cs348k_proj/outputs/controlNetScale/controlnet_canny/cfg_7p5_control_0p5/000000074256/canny.png,/Users/yixiaoz/Desktop/cs348k_proj/outputs/controlNetScale/controlnet_canny/cfg_7p5_control_0p5/000000074256/generated.png,dense_text_plus_canny,5,7.5,0.5,20,0.5747,0.4029,37.735
7818,An illuminated floral display forms the centerpiece of the arrangement in this close up of a dining room table setting.,"A small illuminated floral display sits at the center of a dining table arranged with plates, napkins, glasses, and formal place settings. The image is softly focused with the centerpiece and table surface highlighted against a darker background. The scene appears elegant and quiet, possibly.","A small illuminated floral display sits at the center of a dining table arranged with plates, napkins, glasses, and formal place settings. The image is softly focused with the centerpiece and table surface highlighted against a darker background. The scene appears elegant and quiet, possibly.",/Users/yixiaoz/Desktop/cs348k_proj/outputs/controlNetScale/controlnet_canny/cfg_7p5_control_0p5/000000007818/target.png,/Users/yixiaoz/Desktop/cs348k_proj/outputs/controlNetScale/controlnet_canny/cfg_7p5_control_0p5/000000007818/canny.png,/Users/yixiaoz/Desktop/cs348k_proj/outputs/controlNetScale/controlnet_canny/cfg_7p5_control_0p5/000000007818/generated.png,dense_text_plus_canny,5,7.5,0.5,20,0.6576,0.4779,31.6105
109313,A man holding a Wii game controller while standing in a living room.,"A man stands in a living room holding a Wii game controller while facing a television outside the frame. He wears casual clothes and stands among household items, toys, furniture, and a colorful floor mat. The room appears lived-in and informal, with a kitchen or.","A man stands in a living room holding a Wii game controller while facing a television outside the frame. He wears casual clothes and stands among household items, toys, furniture, and a colorful floor mat. The room appears lived-in and informal, with a kitchen or.",/Users/yixiaoz/Desktop/cs348k_proj/outputs/controlNetScale/controlnet_canny/cfg_7p5_control_0p5/000000109313/target.png,/Users/yixiaoz/Desktop/cs348k_proj/outputs/controlNetScale/controlnet_canny/cfg_7p5_control_0p5/000000109313/canny.png,/Users/yixiaoz/Desktop/cs348k_proj/outputs/controlNetScale/controlnet_canny/cfg_7p5_control_0p5/000000109313/generated.png,dense_text_plus_canny,5,7.5,0.5,20,0.6081,0.4333,38.2623
116439,A woman with a straw style hat sitting on a small row boat in the water and accessory items hanging behind her on the land area.,"A woman wearing a straw-style hat sits in a small wooden boat floating on water, surrounded by colorful fabrics and hanging accessories near the shoreline. The scene appears to take place in a riverside or floating market environment, with reflections on the water and goods.","A woman wearing a straw-style hat sits in a small wooden boat floating on water, surrounded by colorful fabrics and hanging accessories near the shoreline. The scene appears to take place in a riverside or floating market environment, with reflections on the water and goods.",/Users/yixiaoz/Desktop/cs348k_proj/outputs/controlNetScale/controlnet_canny/cfg_7p5_control_0p5/000000116439/target.png,/Users/yixiaoz/Desktop/cs348k_proj/outputs/controlNetScale/controlnet_canny/cfg_7p5_control_0p5/000000116439/canny.png,/Users/yixiaoz/Desktop/cs348k_proj/outputs/controlNetScale/controlnet_canny/cfg_7p5_control_0p5/000000116439/generated.png,dense_text_plus_canny,5,7.5,0.5,20,0.6941,0.307,38.4637
11511,A sculpture of two women stting on a bench with their purses on the ground while people standing in a line behind them.,"A bronze sculpture of two women seated together on a bench is displayed in an outdoor public area. The figures sit close together with handbags or purses placed near their feet, and pedestrians stand or walk in the background. Strong light highlights the sculpture against.","A bronze sculpture of two women seated together on a bench is displayed in an outdoor public area. The figures sit close together with handbags or purses placed near their feet, and pedestrians stand or walk in the background. Strong light highlights the sculpture against.",/Users/yixiaoz/Desktop/cs348k_proj/outputs/controlNetScale/controlnet_canny/cfg_7p5_control_0p5/000000011511/target.png,/Users/yixiaoz/Desktop/cs348k_proj/outputs/controlNetScale/controlnet_canny/cfg_7p5_control_0p5/000000011511/canny.png,/Users/yixiaoz/Desktop/cs348k_proj/outputs/controlNetScale/controlnet_canny/cfg_7p5_control_0p5/000000011511/generated.png,dense_text_plus_canny,5,7.5,0.5,20,0.6275,0.389,38.626
17714,A banana frittata next to a plate of decoratively cut fruit and a cup of coffee.,"A breakfast or brunch meal is arranged on a wooden table, including a banana frittata, a plate of decorative cut fruit, and a cup of coffee. Sunlight falls across the tabletop, casting shadows and giving the meal a bright morning feel. The dishes are neatly.","A breakfast or brunch meal is arranged on a wooden table, including a banana frittata, a plate of decorative cut fruit, and a cup of coffee. Sunlight falls across the tabletop, casting shadows and giving the meal a bright morning feel. The dishes are neatly.",/Users/yixiaoz/Desktop/cs348k_proj/outputs/controlNetScale/controlnet_canny/cfg_7p5_control_0p5/000000017714/target.png,/Users/yixiaoz/Desktop/cs348k_proj/outputs/controlNetScale/controlnet_canny/cfg_7p5_control_0p5/000000017714/canny.png,/Users/yixiaoz/Desktop/cs348k_proj/outputs/controlNetScale/controlnet_canny/cfg_7p5_control_0p5/000000017714/generated.png,dense_text_plus_canny,5,7.5,0.5,20,0.5489,0.4441,33.1266
15335,"a young child, lady , and man sitting in a booth at a table","A young child sits in a restaurant booth between adults at a table, with plates, drinks, and food items visible in the dim interior. The child appears to be eating or touching their mouth, while the adults sit close on either side. Warm lighting and.","A young child sits in a restaurant booth between adults at a table, with plates, drinks, and food items visible in the dim interior. The child appears to be eating or touching their mouth, while the adults sit close on either side. Warm lighting and.",/Users/yixiaoz/Desktop/cs348k_proj/outputs/controlNetScale/controlnet_canny/cfg_7p5_control_0p5/000000015335/target.png,/Users/yixiaoz/Desktop/cs348k_proj/outputs/controlNetScale/controlnet_canny/cfg_7p5_control_0p5/000000015335/canny.png,/Users/yixiaoz/Desktop/cs348k_proj/outputs/controlNetScale/controlnet_canny/cfg_7p5_control_0p5/000000015335/generated.png,dense_text_plus_canny,5,7.5,0.5,20,0.7118,0.6228,30.2619
113589,"Two containers containing quiche, a salad, apples and a banana on the side.","A healthy prepared meal is arranged in two clear food containers and a small side area, including a slice of quiche, green salad, apple slices, and a banana. The food is neatly separated and photographed from above against a plain background. The composition emphasizes balanced.","A healthy prepared meal is arranged in two clear food containers and a small side area, including a slice of quiche, green salad, apple slices, and a banana. The food is neatly separated and photographed from above against a plain background. The composition emphasizes balanced.",/Users/yixiaoz/Desktop/cs348k_proj/outputs/controlNetScale/controlnet_canny/cfg_7p5_control_0p5/000000113589/target.png,/Users/yixiaoz/Desktop/cs348k_proj/outputs/controlNetScale/controlnet_canny/cfg_7p5_control_0p5/000000113589/canny.png,/Users/yixiaoz/Desktop/cs348k_proj/outputs/controlNetScale/controlnet_canny/cfg_7p5_control_0p5/000000113589/generated.png,dense_text_plus_canny,5,7.5,0.5,20,0.694,0.4025,35.9821
1503,A picture of an iMac desktop next to a Mac laptop on a desk.,"An older Apple iMac desktop computer sits on a desk beside a Mac laptop and several computer accessories. A keyboard, mouse, speakers, and monitor are arranged across the workspace, creating a technology-focused setup. The desk is positioned near a window with blinds, and the white.","An older Apple iMac desktop computer sits on a desk beside a Mac laptop and several computer accessories. A keyboard, mouse, speakers, and monitor are arranged across the workspace, creating a technology-focused setup. The desk is positioned near a window with blinds, and the white.",/Users/yixiaoz/Desktop/cs348k_proj/outputs/controlNetScale/controlnet_canny/cfg_7p5_control_0p5/000000001503/target.png,/Users/yixiaoz/Desktop/cs348k_proj/outputs/controlNetScale/controlnet_canny/cfg_7p5_control_0p5/000000001503/canny.png,/Users/yixiaoz/Desktop/cs348k_proj/outputs/controlNetScale/controlnet_canny/cfg_7p5_control_0p5/000000001503/generated.png,dense_text_plus_canny,5,7.5,0.5,20,0.5638,0.3595,31.6703
88848,"Multiple pictures of fire hydrants, a woman standing near a tree, and people posing in front of a boat.","A collage of multiple photographs shows several yellow fire hydrants, a woman standing near a tree, and people posing in front of a boat or outdoor landmark. The images are arranged together in a grid-like layout, combining different scenes into one visual composition. The subject.","A collage of multiple photographs shows several yellow fire hydrants, a woman standing near a tree, and people posing in front of a boat or outdoor landmark. The images are arranged together in a grid-like layout, combining different scenes into one visual composition. The subject.",/Users/yixiaoz/Desktop/cs348k_proj/outputs/controlNetScale/controlnet_canny/cfg_7p5_control_0p5/000000088848/target.png,/Users/yixiaoz/Desktop/cs348k_proj/outputs/controlNetScale/controlnet_canny/cfg_7p5_control_0p5/000000088848/canny.png,/Users/yixiaoz/Desktop/cs348k_proj/outputs/controlNetScale/controlnet_canny/cfg_7p5_control_0p5/000000088848/generated.png,dense_text_plus_canny,5,7.5,0.5,20,0.611,0.2797,43.2898
6471,A man at bat waiting for a pitch with a catcher and umpire behind him and players from the opposing team in the dugout.,"A baseball player in a white uniform stands at home plate holding a bat while waiting for a pitch. A catcher and umpire crouch behind him, and members of the opposing team sit in the dugout watching the play. The green field and stadium seating.","A baseball player in a white uniform stands at home plate holding a bat while waiting for a pitch. A catcher and umpire crouch behind him, and members of the opposing team sit in the dugout watching the play. The green field and stadium seating.",/Users/yixiaoz/Desktop/cs348k_proj/outputs/controlNetScale/controlnet_canny/cfg_7p5_control_0p5/000000006471/target.png,/Users/yixiaoz/Desktop/cs348k_proj/outputs/controlNetScale/controlnet_canny/cfg_7p5_control_0p5/000000006471/canny.png,/Users/yixiaoz/Desktop/cs348k_proj/outputs/controlNetScale/controlnet_canny/cfg_7p5_control_0p5/000000006471/generated.png,dense_text_plus_canny,5,7.5,0.5,20,0.6271,0.3674,32.788
92660,An unbaked pizza with cheese and herbs on one half and broccoli on the second.,"An uncooked pizza topped with cheese, herbs, and broccoli sits on a round baking tray or pan. One half of the pizza appears more heavily covered with broccoli, while the other has more cheese and herbs exposed. The crust and toppings are clearly visible from.","An uncooked pizza topped with cheese, herbs, and broccoli sits on a round baking tray or pan. One half of the pizza appears more heavily covered with broccoli, while the other has more cheese and herbs exposed. The crust and toppings are clearly visible from.",/Users/yixiaoz/Desktop/cs348k_proj/outputs/controlNetScale/controlnet_canny/cfg_7p5_control_0p5/000000092660/target.png,/Users/yixiaoz/Desktop/cs348k_proj/outputs/controlNetScale/controlnet_canny/cfg_7p5_control_0p5/000000092660/canny.png,/Users/yixiaoz/Desktop/cs348k_proj/outputs/controlNetScale/controlnet_canny/cfg_7p5_control_0p5/000000092660/generated.png,dense_text_plus_canny,5,7.5,0.5,20,0.6079,0.2308,35.3771
105335,"A bowl of stew in a white bowl, being held by a person.","A bowl of stew in a white dish is being held by a person, with pieces of vegetables and meat visible in a warm broth. The stew contains colorful ingredients such as carrots, potatoes, and chunks of protein. The close-up framing focuses on the food.","A bowl of stew in a white dish is being held by a person, with pieces of vegetables and meat visible in a warm broth. The stew contains colorful ingredients such as carrots, potatoes, and chunks of protein. The close-up framing focuses on the food.",/Users/yixiaoz/Desktop/cs348k_proj/outputs/controlNetScale/controlnet_canny/cfg_7p5_control_0p5/000000105335/target.png,/Users/yixiaoz/Desktop/cs348k_proj/outputs/controlNetScale/controlnet_canny/cfg_7p5_control_0p5/000000105335/canny.png,/Users/yixiaoz/Desktop/cs348k_proj/outputs/controlNetScale/controlnet_canny/cfg_7p5_control_0p5/000000105335/generated.png,dense_text_plus_canny,5,7.5,0.5,20,0.7321,0.4718,33.2653
117719,A man sits at a bar in front of dozens of bottles of alcohol.,"A man stands behind a warmly lit bar surrounded by dozens of bottles of alcohol arranged on shelves. The bar interior features dark wood, glowing lights, glassware, and a cozy pub-like atmosphere. The bartender or customer is partly silhouetted against the illuminated bottles, creating a.","A man stands behind a warmly lit bar surrounded by dozens of bottles of alcohol arranged on shelves. The bar interior features dark wood, glowing lights, glassware, and a cozy pub-like atmosphere. The bartender or customer is partly silhouetted against the illuminated bottles, creating a.",/Users/yixiaoz/Desktop/cs348k_proj/outputs/controlNetScale/controlnet_canny/cfg_7p5_control_0p5/000000117719/target.png,/Users/yixiaoz/Desktop/cs348k_proj/outputs/controlNetScale/controlnet_canny/cfg_7p5_control_0p5/000000117719/canny.png,/Users/yixiaoz/Desktop/cs348k_proj/outputs/controlNetScale/controlnet_canny/cfg_7p5_control_0p5/000000117719/generated.png,dense_text_plus_canny,5,7.5,0.5,20,0.584,0.3087,32.2127
82085,A brightly colored train is stopped on the tracks to let passengers on.,"A brightly colored passenger train is stopped on railway tracks beside a platform, allowing passengers to board or exit. The train has yellow, blue, and red sections, and people stand nearby along the track area. Buildings, vegetation, and station infrastructure surround the scene. The image.","A brightly colored passenger train is stopped on railway tracks beside a platform, allowing passengers to board or exit. The train has yellow, blue, and red sections, and people stand nearby along the track area. Buildings, vegetation, and station infrastructure surround the scene. The image.",/Users/yixiaoz/Desktop/cs348k_proj/outputs/controlNetScale/controlnet_canny/cfg_7p5_control_0p5/000000082085/target.png,/Users/yixiaoz/Desktop/cs348k_proj/outputs/controlNetScale/controlnet_canny/cfg_7p5_control_0p5/000000082085/canny.png,/Users/yixiaoz/Desktop/cs348k_proj/outputs/controlNetScale/controlnet_canny/cfg_7p5_control_0p5/000000082085/generated.png,dense_text_plus_canny,5,7.5,0.5,20,0.5892,0.2796,31.4836
70048,"A glass of wine sits next to a bowl of soup, salad, and a plate with a sandwich.","A restaurant meal is arranged on a table, including a glass of wine, a bowl of soup, a green salad, and a sandwich served on a round bread roll. Condiments, utensils, napkins, and additional dining items sit nearby. The overhead view emphasizes the variety and.","A restaurant meal is arranged on a table, including a glass of wine, a bowl of soup, a green salad, and a sandwich served on a round bread roll. Condiments, utensils, napkins, and additional dining items sit nearby. The overhead view emphasizes the variety and.",/Users/yixiaoz/Desktop/cs348k_proj/outputs/controlNetScale/controlnet_canny/cfg_7p5_control_0p5/000000070048/target.png,/Users/yixiaoz/Desktop/cs348k_proj/outputs/controlNetScale/controlnet_canny/cfg_7p5_control_0p5/000000070048/canny.png,/Users/yixiaoz/Desktop/cs348k_proj/outputs/controlNetScale/controlnet_canny/cfg_7p5_control_0p5/000000070048/generated.png,dense_text_plus_canny,5,7.5,0.5,20,0.6241,0.3807,32.4327
3845,A dinner plate that has white steamed rice with stir fry vegetables and chicken.,A large dinner plate holds a mound of white steamed rice next to stir-fried vegetables and pieces of chicken in a colorful sauce. The food is arranged on a patterned plate and viewed from above on a wooden table. The bright vegetables and sauce contrast.,A large dinner plate holds a mound of white steamed rice next to stir-fried vegetables and pieces of chicken in a colorful sauce. The food is arranged on a patterned plate and viewed from above on a wooden table. The bright vegetables and sauce contrast.,/Users/yixiaoz/Desktop/cs348k_proj/outputs/controlNetScale/controlnet_canny/cfg_7p5_control_0p5/000000003845/target.png,/Users/yixiaoz/Desktop/cs348k_proj/outputs/controlNetScale/controlnet_canny/cfg_7p5_control_0p5/000000003845/canny.png,/Users/yixiaoz/Desktop/cs348k_proj/outputs/controlNetScale/controlnet_canny/cfg_7p5_control_0p5/000000003845/generated.png,dense_text_plus_canny,5,7.5,0.5,20,0.667,0.3379,32.2015
92939,a man and female standing side by side with a cake cutter in their hand,"A smiling man and woman stand side by side beside a small decorated cake, holding a cake knife together. The woman wears a light-colored strapless dress and the man wears a white shirt, suggesting a wedding, anniversary, or celebratory event. Palm trees and outdoor lighting.","A smiling man and woman stand side by side beside a small decorated cake, holding a cake knife together. The woman wears a light-colored strapless dress and the man wears a white shirt, suggesting a wedding, anniversary, or celebratory event. Palm trees and outdoor lighting.",/Users/yixiaoz/Desktop/cs348k_proj/outputs/controlNetScale/controlnet_canny/cfg_7p5_control_0p5/000000092939/target.png,/Users/yixiaoz/Desktop/cs348k_proj/outputs/controlNetScale/controlnet_canny/cfg_7p5_control_0p5/000000092939/canny.png,/Users/yixiaoz/Desktop/cs348k_proj/outputs/controlNetScale/controlnet_canny/cfg_7p5_control_0p5/000000092939/generated.png,dense_text_plus_canny,5,7.5,0.5,20,0.5325,0.2181,36.6236
1268,A waterway under a bridge with people sitting down and a woman taking a photo.,"People sit and relax under a large bridge beside a waterfront, with sunlight reflecting brightly off the water. A woman stands in the foreground taking a photograph, while several people sit along the edge facing the river. The bridge structure forms a strong curved frame.","People sit and relax under a large bridge beside a waterfront, with sunlight reflecting brightly off the water. A woman stands in the foreground taking a photograph, while several people sit along the edge facing the river. The bridge structure forms a strong curved frame.",/Users/yixiaoz/Desktop/cs348k_proj/outputs/controlNetScale/controlnet_canny/cfg_7p5_control_0p5/000000001268/target.png,/Users/yixiaoz/Desktop/cs348k_proj/outputs/controlNetScale/controlnet_canny/cfg_7p5_control_0p5/000000001268/canny.png,/Users/yixiaoz/Desktop/cs348k_proj/outputs/controlNetScale/controlnet_canny/cfg_7p5_control_0p5/000000001268/generated.png,dense_text_plus_canny,5,7.5,0.5,20,0.6487,0.4104,33.4197
33221,Two women at a beach with tennis rackets in their hands and one girl looking very excited with her tennis racket in the air.,"Two women stand on a sandy beach holding tennis rackets while people walk nearby in the background. One woman raises her racket enthusiastically above her head, while the other stands beside her wearing a hood or scarf. The beach, distant hills, flags, and open sky.","Two women stand on a sandy beach holding tennis rackets while people walk nearby in the background. One woman raises her racket enthusiastically above her head, while the other stands beside her wearing a hood or scarf. The beach, distant hills, flags, and open sky.",/Users/yixiaoz/Desktop/cs348k_proj/outputs/controlNetScale/controlnet_canny/cfg_7p5_control_0p5/000000033221/target.png,/Users/yixiaoz/Desktop/cs348k_proj/outputs/controlNetScale/controlnet_canny/cfg_7p5_control_0p5/000000033221/canny.png,/Users/yixiaoz/Desktop/cs348k_proj/outputs/controlNetScale/controlnet_canny/cfg_7p5_control_0p5/000000033221/generated.png,dense_text_plus_canny,5,7.5,0.5,20,0.6188,0.4432,33.1484
68409,School boys sit cross legged in front of a chalkboard sign in a vintage black and white photo.,A vintage black-and-white photograph shows a group of schoolboys sitting cross-legged in a row in front of a chalkboard sign. The boys wear similar school uniforms and pose formally for the camera outdoors. Trees and a simple background are visible behind them. The image has.,A vintage black-and-white photograph shows a group of schoolboys sitting cross-legged in a row in front of a chalkboard sign. The boys wear similar school uniforms and pose formally for the camera outdoors. Trees and a simple background are visible behind them. The image has.,/Users/yixiaoz/Desktop/cs348k_proj/outputs/controlNetScale/controlnet_canny/cfg_7p5_control_0p5/000000068409/target.png,/Users/yixiaoz/Desktop/cs348k_proj/outputs/controlNetScale/controlnet_canny/cfg_7p5_control_0p5/000000068409/canny.png,/Users/yixiaoz/Desktop/cs348k_proj/outputs/controlNetScale/controlnet_canny/cfg_7p5_control_0p5/000000068409/generated.png,dense_text_plus_canny,5,7.5,0.5,20,0.5692,0.2743,38.0706
78170,"PASSENGER TRAIN IN THE NIGHT HOURS WITH NO SMOKING SIGN, AND TWO WOMEN","A black-and-white nighttime image shows passengers visible through the windows of a train car. A no-smoking sign and interior lights can be seen inside, while reflections and shadows create a dramatic atmosphere. Two women or passengers are visible near separate windows, framed by the train.","A black-and-white nighttime image shows passengers visible through the windows of a train car. A no-smoking sign and interior lights can be seen inside, while reflections and shadows create a dramatic atmosphere. Two women or passengers are visible near separate windows, framed by the train.",/Users/yixiaoz/Desktop/cs348k_proj/outputs/controlNetScale/controlnet_canny/cfg_7p5_control_0p5/000000078170/target.png,/Users/yixiaoz/Desktop/cs348k_proj/outputs/controlNetScale/controlnet_canny/cfg_7p5_control_0p5/000000078170/canny.png,/Users/yixiaoz/Desktop/cs348k_proj/outputs/controlNetScale/controlnet_canny/cfg_7p5_control_0p5/000000078170/generated.png,dense_text_plus_canny,5,7.5,0.5,20,0.5211,0.374,36.6636
62554,a plate of broccoli on a table next to some other plates of food,"A plate or bowl of broccoli sits on a table next to other plates of food, including pasta or noodles and additional dishes in the background. The broccoli is bright green and placed prominently in the foreground, while the other foods are slightly out of.","A plate or bowl of broccoli sits on a table next to other plates of food, including pasta or noodles and additional dishes in the background. The broccoli is bright green and placed prominently in the foreground, while the other foods are slightly out of.",/Users/yixiaoz/Desktop/cs348k_proj/outputs/controlNetScale/controlnet_canny/cfg_7p5_control_0p5/000000062554/target.png,/Users/yixiaoz/Desktop/cs348k_proj/outputs/controlNetScale/controlnet_canny/cfg_7p5_control_0p5/000000062554/canny.png,/Users/yixiaoz/Desktop/cs348k_proj/outputs/controlNetScale/controlnet_canny/cfg_7p5_control_0p5/000000062554/generated.png,dense_text_plus_canny,5,7.5,0.5,20,0.7058,0.3854,32.8921
58539,"A man in a red hat, suit, and blue striped tie walks past two other men on a street.","A man wearing a bright red hat, dark suit, and blue striped tie walks along a city street while other men and pedestrians stand nearby. Cars, buildings, and urban activity fill the background. The red hat makes the man stand out clearly from the crowd.","A man wearing a bright red hat, dark suit, and blue striped tie walks along a city street while other men and pedestrians stand nearby. Cars, buildings, and urban activity fill the background. The red hat makes the man stand out clearly from the crowd.",/Users/yixiaoz/Desktop/cs348k_proj/outputs/controlNetScale/controlnet_canny/cfg_7p5_control_0p5/000000058539/target.png,/Users/yixiaoz/Desktop/cs348k_proj/outputs/controlNetScale/controlnet_canny/cfg_7p5_control_0p5/000000058539/canny.png,/Users/yixiaoz/Desktop/cs348k_proj/outputs/controlNetScale/controlnet_canny/cfg_7p5_control_0p5/000000058539/generated.png,dense_text_plus_canny,5,7.5,0.5,20,0.5395,0.3802,35.1259
46031,A small tablet computer next to a larger monitor and keyboard.,"A laptop computer sits on a small desk beside a larger external monitor, keyboard, mouse, speakers, and other electronic devices. The laptop and monitor display green leaf or plant imagery, creating a matching visual theme across the screens. The desk is placed near a window.","A laptop computer sits on a small desk beside a larger external monitor, keyboard, mouse, speakers, and other electronic devices. The laptop and monitor display green leaf or plant imagery, creating a matching visual theme across the screens. The desk is placed near a window.",/Users/yixiaoz/Desktop/cs348k_proj/outputs/controlNetScale/controlnet_canny/cfg_7p5_control_0p5/000000046031/target.png,/Users/yixiaoz/Desktop/cs348k_proj/outputs/controlNetScale/controlnet_canny/cfg_7p5_control_0p5/000000046031/canny.png,/Users/yixiaoz/Desktop/cs348k_proj/outputs/controlNetScale/controlnet_canny/cfg_7p5_control_0p5/000000046031/generated.png,dense_text_plus_canny,5,7.5,0.5,20,0.6033,0.2716,37.5004
9891,The man is loading luggage suitcases onto the cart in the parking lot.,"A man loads luggage and suitcases onto a metal cart in a parking lot filled with vehicles. He bends over while handling the bags beside a parked car, suggesting travel, airport transport, or hotel arrival. Other cars and a parking garage or covered structure are.","A man loads luggage and suitcases onto a metal cart in a parking lot filled with vehicles. He bends over while handling the bags beside a parked car, suggesting travel, airport transport, or hotel arrival. Other cars and a parking garage or covered structure are.",/Users/yixiaoz/Desktop/cs348k_proj/outputs/controlNetScale/controlnet_canny/cfg_7p5_control_0p5/000000009891/target.png,/Users/yixiaoz/Desktop/cs348k_proj/outputs/controlNetScale/controlnet_canny/cfg_7p5_control_0p5/000000009891/canny.png,/Users/yixiaoz/Desktop/cs348k_proj/outputs/controlNetScale/controlnet_canny/cfg_7p5_control_0p5/000000009891/generated.png,dense_text_plus_canny,5,7.5,0.5,20,0.5167,0.4213,32.5183
37777,The dining table near the kitchen has a bowl of fruit on it.,"A bright open kitchen and dining area features wooden cabinets, white appliances, tiled flooring, and a small table with a bowl of fruit on top. Sunlight enters through windows and illuminates the clean interior. The kitchen includes counters, a refrigerator, stove, and cabinets arranged along.","A bright open kitchen and dining area features wooden cabinets, white appliances, tiled flooring, and a small table with a bowl of fruit on top. Sunlight enters through windows and illuminates the clean interior. The kitchen includes counters, a refrigerator, stove, and cabinets arranged along.",/Users/yixiaoz/Desktop/cs348k_proj/outputs/controlNetScale/controlnet_canny/cfg_7p5_control_0p5/000000037777/target.png,/Users/yixiaoz/Desktop/cs348k_proj/outputs/controlNetScale/controlnet_canny/cfg_7p5_control_0p5/000000037777/canny.png,/Users/yixiaoz/Desktop/cs348k_proj/outputs/controlNetScale/controlnet_canny/cfg_7p5_control_0p5/000000037777/generated.png,dense_text_plus_canny,5,7.5,0.5,20,0.6597,0.3887,32.9625
65350,"Two young people are skateboarding on the ramp, trying to pull off tricks.","Two young people are skateboarding on a skate park ramp while attempting tricks. One skater lies or slides on the ramp with a skateboard nearby, while another stands or moves close by. Other people and bicycles are visible in the background near concrete walls. The.","Two young people are skateboarding on a skate park ramp while attempting tricks. One skater lies or slides on the ramp with a skateboard nearby, while another stands or moves close by. Other people and bicycles are visible in the background near concrete walls. The.",/Users/yixiaoz/Desktop/cs348k_proj/outputs/controlNetScale/controlnet_canny/cfg_7p5_control_0p5/000000065350/target.png,/Users/yixiaoz/Desktop/cs348k_proj/outputs/controlNetScale/controlnet_canny/cfg_7p5_control_0p5/000000065350/canny.png,/Users/yixiaoz/Desktop/cs348k_proj/outputs/controlNetScale/controlnet_canny/cfg_7p5_control_0p5/000000065350/generated.png,dense_text_plus_canny,5,7.5,0.5,20,0.5926,0.4246,34.7302
48396,A woman in a tan sweater holding a knife by a young boy in a plaid shirt.,"A woman wearing a tan or light-colored sweater stands beside a young boy in a plaid shirt near a table with cups and food items. The woman holds a knife, possibly preparing to cut or serve something. Both subjects face the camera in an indoor.","A woman wearing a tan or light-colored sweater stands beside a young boy in a plaid shirt near a table with cups and food items. The woman holds a knife, possibly preparing to cut or serve something. Both subjects face the camera in an indoor.",/Users/yixiaoz/Desktop/cs348k_proj/outputs/controlNetScale/controlnet_canny/cfg_7p5_control_0p5/000000048396/target.png,/Users/yixiaoz/Desktop/cs348k_proj/outputs/controlNetScale/controlnet_canny/cfg_7p5_control_0p5/000000048396/canny.png,/Users/yixiaoz/Desktop/cs348k_proj/outputs/controlNetScale/controlnet_canny/cfg_7p5_control_0p5/000000048396/generated.png,dense_text_plus_canny,5,7.5,0.5,20,0.624,0.3564,35.8826
117908,A man looking in the refrigerator with a cat also looking inside,"A man bends over and looks inside an open refrigerator while a cat stands nearby also peering into the fridge. Food, bottles, and containers are visible on the refrigerator shelves, and the cat appears curious about the contents. The warm indoor lighting and humorous interaction.","A man bends over and looks inside an open refrigerator while a cat stands nearby also peering into the fridge. Food, bottles, and containers are visible on the refrigerator shelves, and the cat appears curious about the contents. The warm indoor lighting and humorous interaction.",/Users/yixiaoz/Desktop/cs348k_proj/outputs/controlNetScale/controlnet_canny/cfg_7p5_control_0p5/000000117908/target.png,/Users/yixiaoz/Desktop/cs348k_proj/outputs/controlNetScale/controlnet_canny/cfg_7p5_control_0p5/000000117908/canny.png,/Users/yixiaoz/Desktop/cs348k_proj/outputs/controlNetScale/controlnet_canny/cfg_7p5_control_0p5/000000117908/generated.png,dense_text_plus_canny,5,7.5,0.5,20,0.7095,0.4885,36.8297
97994,Three laptop computers and a desktop computer sit next to each other.,"Three laptop computers and a desktop workstation are arranged together on a desk in a compact home office or technical workspace. Several screens, keyboards, cables, and electronic accessories fill the tabletop, suggesting multitasking or computer-intensive work. A microphone or lamp stands near the setup, and.","Three laptop computers and a desktop workstation are arranged together on a desk in a compact home office or technical workspace. Several screens, keyboards, cables, and electronic accessories fill the tabletop, suggesting multitasking or computer-intensive work. A microphone or lamp stands near the setup, and.",/Users/yixiaoz/Desktop/cs348k_proj/outputs/controlNetScale/controlnet_canny/cfg_7p5_control_0p5/000000097994/target.png,/Users/yixiaoz/Desktop/cs348k_proj/outputs/controlNetScale/controlnet_canny/cfg_7p5_control_0p5/000000097994/canny.png,/Users/yixiaoz/Desktop/cs348k_proj/outputs/controlNetScale/controlnet_canny/cfg_7p5_control_0p5/000000097994/generated.png,dense_text_plus_canny,5,7.5,0.5,20,0.5645,0.2419,33.8134
30785,A plate filled with a bowl of vegetables and two slices of bread with a spread on them.,"A plate holds a healthy meal consisting of a bowl of green vegetables, slices of bread topped with a spread, and additional fresh ingredients. The food is arranged neatly on a wooden table, with the bowl and bread sharing the plate. The overhead view emphasizes.","A plate holds a healthy meal consisting of a bowl of green vegetables, slices of bread topped with a spread, and additional fresh ingredients. The food is arranged neatly on a wooden table, with the bowl and bread sharing the plate. The overhead view emphasizes.",/Users/yixiaoz/Desktop/cs348k_proj/outputs/controlNetScale/controlnet_canny/cfg_7p5_control_0p5/000000030785/target.png,/Users/yixiaoz/Desktop/cs348k_proj/outputs/controlNetScale/controlnet_canny/cfg_7p5_control_0p5/000000030785/canny.png,/Users/yixiaoz/Desktop/cs348k_proj/outputs/controlNetScale/controlnet_canny/cfg_7p5_control_0p5/000000030785/generated.png,dense_text_plus_canny,5,7.5,0.5,20,0.5897,0.5216,33.9355
76547,a male in a white shirt a bicycle and an orange and white train,"A man wearing a light-colored shirt sits at a table on a railway station platform near a parked bicycle. An orange and white passenger train is stopped alongside the platform, while overhead signs, metal beams, and station infrastructure extend into the background. The scene captures.","A man wearing a light-colored shirt sits at a table on a railway station platform near a parked bicycle. An orange and white passenger train is stopped alongside the platform, while overhead signs, metal beams, and station infrastructure extend into the background. The scene captures.",/Users/yixiaoz/Desktop/cs348k_proj/outputs/controlNetScale/controlnet_canny/cfg_7p5_control_0p5/000000076547/target.png,/Users/yixiaoz/Desktop/cs348k_proj/outputs/controlNetScale/controlnet_canny/cfg_7p5_control_0p5/000000076547/canny.png,/Users/yixiaoz/Desktop/cs348k_proj/outputs/controlNetScale/controlnet_canny/cfg_7p5_control_0p5/000000076547/generated.png,dense_text_plus_canny,5,7.5,0.5,20,0.5368,0.4131,32.5574
116362,A small bowl filled with chopped vegetables and spoon,"A bowl filled with chopped fruit pieces sits on a wooden table with a spoon resting inside. The food appears freshly prepared, with colorful slices arranged casually in the bowl. The photograph is taken from above, focusing closely on the meal while leaving the surrounding.","A bowl filled with chopped fruit pieces sits on a wooden table with a spoon resting inside. The food appears freshly prepared, with colorful slices arranged casually in the bowl. The photograph is taken from above, focusing closely on the meal while leaving the surrounding.",/Users/yixiaoz/Desktop/cs348k_proj/outputs/controlNetScale/controlnet_canny/cfg_7p5_control_0p5/000000116362/target.png,/Users/yixiaoz/Desktop/cs348k_proj/outputs/controlNetScale/controlnet_canny/cfg_7p5_control_0p5/000000116362/canny.png,/Users/yixiaoz/Desktop/cs348k_proj/outputs/controlNetScale/controlnet_canny/cfg_7p5_control_0p5/000000116362/generated.png,dense_text_plus_canny,5,7.5,0.5,20,0.6962,0.5421,33.1392
22371,A man in thought sitting in front of a laptop with a pen in his hand.,"A businessman sits at a desk in front of an open laptop computer while holding a pen and resting his head on one hand. He appears thoughtful and focused, possibly reviewing information or planning a project. The clean office setting includes a desk surface and.","A businessman sits at a desk in front of an open laptop computer while holding a pen and resting his head on one hand. He appears thoughtful and focused, possibly reviewing information or planning a project. The clean office setting includes a desk surface and.",/Users/yixiaoz/Desktop/cs348k_proj/outputs/controlNetScale/controlnet_canny/cfg_7p5_control_0p5/000000022371/target.png,/Users/yixiaoz/Desktop/cs348k_proj/outputs/controlNetScale/controlnet_canny/cfg_7p5_control_0p5/000000022371/canny.png,/Users/yixiaoz/Desktop/cs348k_proj/outputs/controlNetScale/controlnet_canny/cfg_7p5_control_0p5/000000022371/generated.png,dense_text_plus_canny,5,7.5,0.5,20,0.563,0.2786,29.5588
69224,A man and woman eating doughnuts out of a box at a coffee shop.,"A man and woman sit together at a table inside a café or coffee shop while sharing food from a box. Drinks, containers, and personal belongings are spread across the table. The pair appear engaged in conversation as they eat, creating a friendly and relaxed.","A man and woman sit together at a table inside a café or coffee shop while sharing food from a box. Drinks, containers, and personal belongings are spread across the table. The pair appear engaged in conversation as they eat, creating a friendly and relaxed.",/Users/yixiaoz/Desktop/cs348k_proj/outputs/controlNetScale/controlnet_canny/cfg_7p5_control_0p5/000000069224/target.png,/Users/yixiaoz/Desktop/cs348k_proj/outputs/controlNetScale/controlnet_canny/cfg_7p5_control_0p5/000000069224/canny.png,/Users/yixiaoz/Desktop/cs348k_proj/outputs/controlNetScale/controlnet_canny/cfg_7p5_control_0p5/000000069224/generated.png,dense_text_plus_canny,5,7.5,0.5,20,0.6556,0.5114,35.0183
16249,It sure is a beautiful day to sit outside and read the paper.,"An older man sits outdoors on a bench reading a newspaper while enjoying a pleasant day in a public area. Several other people sit or stand nearby, creating a relaxed community setting. Sunlight illuminates the scene, and the man appears absorbed in reading while the.","An older man sits outdoors on a bench reading a newspaper while enjoying a pleasant day in a public area. Several other people sit or stand nearby, creating a relaxed community setting. Sunlight illuminates the scene, and the man appears absorbed in reading while the.",/Users/yixiaoz/Desktop/cs348k_proj/outputs/controlNetScale/controlnet_canny/cfg_7p5_control_0p5/000000016249/target.png,/Users/yixiaoz/Desktop/cs348k_proj/outputs/controlNetScale/controlnet_canny/cfg_7p5_control_0p5/000000016249/canny.png,/Users/yixiaoz/Desktop/cs348k_proj/outputs/controlNetScale/controlnet_canny/cfg_7p5_control_0p5/000000016249/generated.png,dense_text_plus_canny,5,7.5,0.5,20,0.5718,0.3895,33.165
85157,A group of people sitting around a table have a meal and a drink.,"A group of people sit around a restaurant table sharing food and drinks. Plates, glasses, and table settings fill the dining area while the diners converse with one another. The gathering appears social and informal, with participants enjoying a meal together in a warm indoor.","A group of people sit around a restaurant table sharing food and drinks. Plates, glasses, and table settings fill the dining area while the diners converse with one another. The gathering appears social and informal, with participants enjoying a meal together in a warm indoor.",/Users/yixiaoz/Desktop/cs348k_proj/outputs/controlNetScale/controlnet_canny/cfg_7p5_control_0p5/000000085157/target.png,/Users/yixiaoz/Desktop/cs348k_proj/outputs/controlNetScale/controlnet_canny/cfg_7p5_control_0p5/000000085157/canny.png,/Users/yixiaoz/Desktop/cs348k_proj/outputs/controlNetScale/controlnet_canny/cfg_7p5_control_0p5/000000085157/generated.png,dense_text_plus_canny,5,7.5,0.5,20,0.5934,0.3717,33.3365
20571,A tugboat sits beside a ferry on placid water with a mountain in the distance.,"Several fishing boats are docked beside a harbor on calm water, with hills or mountains visible in the distance. Ropes, masts, and harbor equipment line the waterfront while the boats rest quietly along the dock. The scene reflects a working maritime environment and highlights the.","Several fishing boats are docked beside a harbor on calm water, with hills or mountains visible in the distance. Ropes, masts, and harbor equipment line the waterfront while the boats rest quietly along the dock. The scene reflects a working maritime environment and highlights the.",/Users/yixiaoz/Desktop/cs348k_proj/outputs/controlNetScale/controlnet_canny/cfg_7p5_control_0p5/000000020571/target.png,/Users/yixiaoz/Desktop/cs348k_proj/outputs/controlNetScale/controlnet_canny/cfg_7p5_control_0p5/000000020571/canny.png,/Users/yixiaoz/Desktop/cs348k_proj/outputs/controlNetScale/controlnet_canny/cfg_7p5_control_0p5/000000020571/generated.png,dense_text_plus_canny,5,7.5,0.5,20,0.5712,0.3812,27.7141
84362,A toddler and cat are in a living room with open curtains.,"A toddler and a cat occupy a cozy living room illuminated by daylight coming through large windows with open curtains. Sofas and chairs surround the room, while the child sits or plays near the center of the space. The cat relaxes nearby, contributing to the.","A toddler and a cat occupy a cozy living room illuminated by daylight coming through large windows with open curtains. Sofas and chairs surround the room, while the child sits or plays near the center of the space. The cat relaxes nearby, contributing to the.",/Users/yixiaoz/Desktop/cs348k_proj/outputs/controlNetScale/controlnet_canny/cfg_7p5_control_0p5/000000084362/target.png,/Users/yixiaoz/Desktop/cs348k_proj/outputs/controlNetScale/controlnet_canny/cfg_7p5_control_0p5/000000084362/canny.png,/Users/yixiaoz/Desktop/cs348k_proj/outputs/controlNetScale/controlnet_canny/cfg_7p5_control_0p5/000000084362/generated.png,dense_text_plus_canny,5,7.5,0.5,20,0.6199,0.5361,32.8508
62808,Man photographing a fresh pizza his tired buddy just wants to eat,"A freshly baked pizza sits on a table in a restaurant while one man photographs it with a camera or phone. Another man sits nearby waiting to eat, looking toward the meal. Plates and dining items surround the pizza, suggesting the meal is about to.","A freshly baked pizza sits on a table in a restaurant while one man photographs it with a camera or phone. Another man sits nearby waiting to eat, looking toward the meal. Plates and dining items surround the pizza, suggesting the meal is about to.",/Users/yixiaoz/Desktop/cs348k_proj/outputs/controlNetScale/controlnet_canny/cfg_7p5_control_0p5/000000062808/target.png,/Users/yixiaoz/Desktop/cs348k_proj/outputs/controlNetScale/controlnet_canny/cfg_7p5_control_0p5/000000062808/canny.png,/Users/yixiaoz/Desktop/cs348k_proj/outputs/controlNetScale/controlnet_canny/cfg_7p5_control_0p5/000000062808/generated.png,dense_text_plus_canny,5,7.5,0.5,20,0.5562,0.2974,32.1992
106235,A living room featuring a comfortable seating arrangement of chairs and tables.,"A comfortable living room features sofas, armchairs, lamps, and a coffee table arranged around a central seating area. Warm lighting and decorative furnishings create a welcoming atmosphere. The room appears carefully organized for relaxation and conversation, with furniture positioned to encourage social interaction. Soft colors.","A comfortable living room features sofas, armchairs, lamps, and a coffee table arranged around a central seating area. Warm lighting and decorative furnishings create a welcoming atmosphere. The room appears carefully organized for relaxation and conversation, with furniture positioned to encourage social interaction. Soft colors.",/Users/yixiaoz/Desktop/cs348k_proj/outputs/controlNetScale/controlnet_canny/cfg_7p5_control_0p5/000000106235/target.png,/Users/yixiaoz/Desktop/cs348k_proj/outputs/controlNetScale/controlnet_canny/cfg_7p5_control_0p5/000000106235/canny.png,/Users/yixiaoz/Desktop/cs348k_proj/outputs/controlNetScale/controlnet_canny/cfg_7p5_control_0p5/000000106235/generated.png,dense_text_plus_canny,5,7.5,0.5,20,0.6644,0.3371,32.9962
117425,A young boy with a spoon looking at a birthday cupcake.,"A young child sits at a wooden table while looking closely at a small birthday cupcake decorated with a candle. The toddler appears curious and fascinated by the treat positioned directly in front of them. An adult stands nearby, partially visible, supervising the moment. Warm.","A young child sits at a wooden table while looking closely at a small birthday cupcake decorated with a candle. The toddler appears curious and fascinated by the treat positioned directly in front of them. An adult stands nearby, partially visible, supervising the moment. Warm.",/Users/yixiaoz/Desktop/cs348k_proj/outputs/controlNetScale/controlnet_canny/cfg_7p5_control_0p5/000000117425/target.png,/Users/yixiaoz/Desktop/cs348k_proj/outputs/controlNetScale/controlnet_canny/cfg_7p5_control_0p5/000000117425/canny.png,/Users/yixiaoz/Desktop/cs348k_proj/outputs/controlNetScale/controlnet_canny/cfg_7p5_control_0p5/000000117425/generated.png,dense_text_plus_canny,5,7.5,0.5,20,0.6589,0.3831,38.6369
100624,A girl is standing by a storefront while talking on her phone.,"A young woman stands on a city sidewalk at night while talking on her mobile phone. Storefront windows, streetlights, and blurred city lights illuminate the background, creating an urban evening atmosphere. She appears focused on her conversation while standing near a shop entrance. The image.","A young woman stands on a city sidewalk at night while talking on her mobile phone. Storefront windows, streetlights, and blurred city lights illuminate the background, creating an urban evening atmosphere. She appears focused on her conversation while standing near a shop entrance. The image.",/Users/yixiaoz/Desktop/cs348k_proj/outputs/controlNetScale/controlnet_canny/cfg_7p5_control_0p5/000000100624/target.png,/Users/yixiaoz/Desktop/cs348k_proj/outputs/controlNetScale/controlnet_canny/cfg_7p5_control_0p5/000000100624/canny.png,/Users/yixiaoz/Desktop/cs348k_proj/outputs/controlNetScale/controlnet_canny/cfg_7p5_control_0p5/000000100624/generated.png,dense_text_plus_canny,5,7.5,0.5,20,0.6954,0.3946,33.8168
24243,"Two ladies seated with cups of drinks, one smoking while the other seated inside a fridge",Two women sit near a storefront or street-side seating area while holding drinks. One woman smokes a cigarette while the other sits inside a display-like enclosure resembling a refrigerator or booth. The unusual arrangement creates an eye-catching urban scene. Pedestrians and city elements appear in.,Two women sit near a storefront or street-side seating area while holding drinks. One woman smokes a cigarette while the other sits inside a display-like enclosure resembling a refrigerator or booth. The unusual arrangement creates an eye-catching urban scene. Pedestrians and city elements appear in.,/Users/yixiaoz/Desktop/cs348k_proj/outputs/controlNetScale/controlnet_canny/cfg_7p5_control_0p5/000000024243/target.png,/Users/yixiaoz/Desktop/cs348k_proj/outputs/controlNetScale/controlnet_canny/cfg_7p5_control_0p5/000000024243/canny.png,/Users/yixiaoz/Desktop/cs348k_proj/outputs/controlNetScale/controlnet_canny/cfg_7p5_control_0p5/000000024243/generated.png,dense_text_plus_canny,5,7.5,0.5,20,0.5586,0.452,37.2559
31296,"A group of people, some in leftover US army clothing, sit at tables in a large dining room.","A large group of people gather around tables inside a spacious dining room decorated with military memorabilia and clothing. The diners appear engaged in conversation while sharing food and drinks. Wooden floors, warm lighting, and the arrangement of tables create a communal atmosphere. The image.","A large group of people gather around tables inside a spacious dining room decorated with military memorabilia and clothing. The diners appear engaged in conversation while sharing food and drinks. Wooden floors, warm lighting, and the arrangement of tables create a communal atmosphere. The image.",/Users/yixiaoz/Desktop/cs348k_proj/outputs/controlNetScale/controlnet_canny/cfg_7p5_control_0p5/000000031296/target.png,/Users/yixiaoz/Desktop/cs348k_proj/outputs/controlNetScale/controlnet_canny/cfg_7p5_control_0p5/000000031296/canny.png,/Users/yixiaoz/Desktop/cs348k_proj/outputs/controlNetScale/controlnet_canny/cfg_7p5_control_0p5/000000031296/generated.png,dense_text_plus_canny,5,7.5,0.5,20,0.5265,0.3054,39.1467
40083,a vintage photo of some people sitting under an umbrella,"This black-and-white photograph shows several people seated beneath a large umbrella beside a street or outdoor market area. Tables, chairs, and nearby structures suggest a casual public gathering place. The monochrome presentation gives the image a vintage appearance, emphasizing everyday social activity and street life.","This black-and-white photograph shows several people seated beneath a large umbrella beside a street or outdoor market area. Tables, chairs, and nearby structures suggest a casual public gathering place. The monochrome presentation gives the image a vintage appearance, emphasizing everyday social activity and street life.",/Users/yixiaoz/Desktop/cs348k_proj/outputs/controlNetScale/controlnet_canny/cfg_7p5_control_0p5/000000040083/target.png,/Users/yixiaoz/Desktop/cs348k_proj/outputs/controlNetScale/controlnet_canny/cfg_7p5_control_0p5/000000040083/canny.png,/Users/yixiaoz/Desktop/cs348k_proj/outputs/controlNetScale/controlnet_canny/cfg_7p5_control_0p5/000000040083/generated.png,dense_text_plus_canny,5,7.5,0.5,20,0.512,0.3399,33.0129
36936,A man and woman sitting on a couch playing a video game.,"A man and woman sit together on a couch in a living room while playing a video game. A television displays the game in front of them, and snacks or drinks are visible on nearby tables. The indoor setting feels comfortable and informal, with warm.","A man and woman sit together on a couch in a living room while playing a video game. A television displays the game in front of them, and snacks or drinks are visible on nearby tables. The indoor setting feels comfortable and informal, with warm.",/Users/yixiaoz/Desktop/cs348k_proj/outputs/controlNetScale/controlnet_canny/cfg_7p5_control_0p5/000000036936/target.png,/Users/yixiaoz/Desktop/cs348k_proj/outputs/controlNetScale/controlnet_canny/cfg_7p5_control_0p5/000000036936/canny.png,/Users/yixiaoz/Desktop/cs348k_proj/outputs/controlNetScale/controlnet_canny/cfg_7p5_control_0p5/000000036936/generated.png,dense_text_plus_canny,5,7.5,0.5,20,0.6965,0.4373,35.0657
18150,A man with a receding hairline offers a slice of pizza to a toddler.,"A man with a receding hairline offers a slice of pizza to a young child seated nearby. The pair appear engaged in a friendly interaction, with the child focusing on the food being presented. The indoor setting suggests a casual family meal or gathering. The.","A man with a receding hairline offers a slice of pizza to a young child seated nearby. The pair appear engaged in a friendly interaction, with the child focusing on the food being presented. The indoor setting suggests a casual family meal or gathering. The.",/Users/yixiaoz/Desktop/cs348k_proj/outputs/controlNetScale/controlnet_canny/cfg_7p5_control_0p5/000000018150/target.png,/Users/yixiaoz/Desktop/cs348k_proj/outputs/controlNetScale/controlnet_canny/cfg_7p5_control_0p5/000000018150/canny.png,/Users/yixiaoz/Desktop/cs348k_proj/outputs/controlNetScale/controlnet_canny/cfg_7p5_control_0p5/000000018150/generated.png,dense_text_plus_canny,5,7.5,0.5,20,0.5888,0.2999,35.1017
115870,Some people hanging around in a living room with a big couch.,Several people relax in a spacious living room centered around a large couch and coffee table. Some sit while others stand and converse near large windows that bring natural light into the room. Household decorations and comfortable furniture create a welcoming atmosphere. The scene captures.,Several people relax in a spacious living room centered around a large couch and coffee table. Some sit while others stand and converse near large windows that bring natural light into the room. Household decorations and comfortable furniture create a welcoming atmosphere. The scene captures.,/Users/yixiaoz/Desktop/cs348k_proj/outputs/controlNetScale/controlnet_canny/cfg_7p5_control_0p5/000000115870/target.png,/Users/yixiaoz/Desktop/cs348k_proj/outputs/controlNetScale/controlnet_canny/cfg_7p5_control_0p5/000000115870/canny.png,/Users/yixiaoz/Desktop/cs348k_proj/outputs/controlNetScale/controlnet_canny/cfg_7p5_control_0p5/000000115870/generated.png,dense_text_plus_canny,5,7.5,0.5,20,0.5654,0.3984,34.1085
32901,Four men are standing together behind a group of red chairs.,"Four men stand together behind a row of red chairs in an indoor event or meeting room. They smile toward the camera and appear dressed in semi-formal attire, suggesting a gathering, celebration, or professional occasion. The composition resembles a group portrait, with the individuals positioned.","Four men stand together behind a row of red chairs in an indoor event or meeting room. They smile toward the camera and appear dressed in semi-formal attire, suggesting a gathering, celebration, or professional occasion. The composition resembles a group portrait, with the individuals positioned.",/Users/yixiaoz/Desktop/cs348k_proj/outputs/controlNetScale/controlnet_canny/cfg_7p5_control_0p5/000000032901/target.png,/Users/yixiaoz/Desktop/cs348k_proj/outputs/controlNetScale/controlnet_canny/cfg_7p5_control_0p5/000000032901/canny.png,/Users/yixiaoz/Desktop/cs348k_proj/outputs/controlNetScale/controlnet_canny/cfg_7p5_control_0p5/000000032901/generated.png,dense_text_plus_canny,5,7.5,0.5,20,0.5967,0.3365,32.6001
25560,A cat perches on top of an entertainment center in front of a TV.,"A cat perches on top of an entertainment center directly in front of a television screen. The television displays a person on screen, while the cat appears more interested in the elevated resting spot than the program itself. Household electronics and furniture surround the scene.","A cat perches on top of an entertainment center directly in front of a television screen. The television displays a person on screen, while the cat appears more interested in the elevated resting spot than the program itself. Household electronics and furniture surround the scene.",/Users/yixiaoz/Desktop/cs348k_proj/outputs/controlNetScale/controlnet_canny/cfg_7p5_control_0p5/000000025560/target.png,/Users/yixiaoz/Desktop/cs348k_proj/outputs/controlNetScale/controlnet_canny/cfg_7p5_control_0p5/000000025560/canny.png,/Users/yixiaoz/Desktop/cs348k_proj/outputs/controlNetScale/controlnet_canny/cfg_7p5_control_0p5/000000025560/generated.png,dense_text_plus_canny,5,7.5,0.5,20,0.6202,0.4599,38.2895
115245,Several suitcases on wheels leaning up against one long table with chairs.,"Several suitcases of different sizes stand upright beside a long table and a row of chairs in what appears to be a waiting area or meeting room. The luggage is grouped together on a polished wooden floor, suggesting recent travel, arrival, or preparation for departure.","Several suitcases of different sizes stand upright beside a long table and a row of chairs in what appears to be a waiting area or meeting room. The luggage is grouped together on a polished wooden floor, suggesting recent travel, arrival, or preparation for departure.",/Users/yixiaoz/Desktop/cs348k_proj/outputs/controlNetScale/controlnet_canny/cfg_7p5_control_0p5/000000115245/target.png,/Users/yixiaoz/Desktop/cs348k_proj/outputs/controlNetScale/controlnet_canny/cfg_7p5_control_0p5/000000115245/canny.png,/Users/yixiaoz/Desktop/cs348k_proj/outputs/controlNetScale/controlnet_canny/cfg_7p5_control_0p5/000000115245/generated.png,dense_text_plus_canny,5,7.5,0.5,20,0.5789,0.3832,36.2438
5001,A group of people holding a large pair of scissors to a ribbon.,"A crowd of adults and children gather around a ceremonial ribbon-cutting event. Several people smile and pose while a large pair of scissors is used to cut a ribbon stretched across the foreground. Balloons, cameras, and excited expressions contribute to the celebratory atmosphere. The gathering.","A crowd of adults and children gather around a ceremonial ribbon-cutting event. Several people smile and pose while a large pair of scissors is used to cut a ribbon stretched across the foreground. Balloons, cameras, and excited expressions contribute to the celebratory atmosphere. The gathering.",/Users/yixiaoz/Desktop/cs348k_proj/outputs/controlNetScale/controlnet_canny/cfg_7p5_control_0p5/000000005001/target.png,/Users/yixiaoz/Desktop/cs348k_proj/outputs/controlNetScale/controlnet_canny/cfg_7p5_control_0p5/000000005001/canny.png,/Users/yixiaoz/Desktop/cs348k_proj/outputs/controlNetScale/controlnet_canny/cfg_7p5_control_0p5/000000005001/generated.png,dense_text_plus_canny,5,7.5,0.5,20,0.6804,0.2789,32.2653
3934,A young girl in the foreground and a woman in a bridal dress and other adults in the background.,"A young girl wearing a light-colored dress stands in the foreground of a living room while adults gather in the background. Motion blur gives the impression of movement and activity throughout the room. Furniture, decorations, and warm indoor lighting create a family-oriented atmosphere. The scene.","A young girl wearing a light-colored dress stands in the foreground of a living room while adults gather in the background. Motion blur gives the impression of movement and activity throughout the room. Furniture, decorations, and warm indoor lighting create a family-oriented atmosphere. The scene.",/Users/yixiaoz/Desktop/cs348k_proj/outputs/controlNetScale/controlnet_canny/cfg_7p5_control_0p5/000000003934/target.png,/Users/yixiaoz/Desktop/cs348k_proj/outputs/controlNetScale/controlnet_canny/cfg_7p5_control_0p5/000000003934/canny.png,/Users/yixiaoz/Desktop/cs348k_proj/outputs/controlNetScale/controlnet_canny/cfg_7p5_control_0p5/000000003934/generated.png,dense_text_plus_canny,5,7.5,0.5,20,0.626,0.4388,34.1342
91500,Two kids hanging out playing video games on folding chairs.,"Two young men sit on folding chairs while playing a video game together indoors. Each player holds a game controller and focuses on an off-camera television or display. The room contains tables, chairs, and household furnishings that suggest a casual social gathering. Their relaxed posture.","Two young men sit on folding chairs while playing a video game together indoors. Each player holds a game controller and focuses on an off-camera television or display. The room contains tables, chairs, and household furnishings that suggest a casual social gathering. Their relaxed posture.",/Users/yixiaoz/Desktop/cs348k_proj/outputs/controlNetScale/controlnet_canny/cfg_7p5_control_0p5/000000091500/target.png,/Users/yixiaoz/Desktop/cs348k_proj/outputs/controlNetScale/controlnet_canny/cfg_7p5_control_0p5/000000091500/canny.png,/Users/yixiaoz/Desktop/cs348k_proj/outputs/controlNetScale/controlnet_canny/cfg_7p5_control_0p5/000000091500/generated.png,dense_text_plus_canny,5,7.5,0.5,20,0.6992,0.4735,35.4445
82696,a white and black bird is walking by a table and some chairs,"A white and black bird walks across the floor of an indoor dining area filled with tables and chairs. The bird moves freely between the furniture, creating an unusual contrast between wildlife and a human-designed environment. Empty chairs and table arrangements suggest a cafeteria, restaurant.","A white and black bird walks across the floor of an indoor dining area filled with tables and chairs. The bird moves freely between the furniture, creating an unusual contrast between wildlife and a human-designed environment. Empty chairs and table arrangements suggest a cafeteria, restaurant.",/Users/yixiaoz/Desktop/cs348k_proj/outputs/controlNetScale/controlnet_canny/cfg_7p5_control_0p5/000000082696/target.png,/Users/yixiaoz/Desktop/cs348k_proj/outputs/controlNetScale/controlnet_canny/cfg_7p5_control_0p5/000000082696/canny.png,/Users/yixiaoz/Desktop/cs348k_proj/outputs/controlNetScale/controlnet_canny/cfg_7p5_control_0p5/000000082696/generated.png,dense_text_plus_canny,5,7.5,0.5,20,0.5646,0.356,41.263
25986,"Food is on the counter including a glass of water, rice, vegetables, and more","Several plates of food are arranged on a kitchen counter, including vegetables, rice, and prepared dishes ready to be served. Bowls, utensils, and drinking glasses surround the meal preparation area. The countertop is busy with ingredients and completed dishes, suggesting an active cooking session or.","Several plates of food are arranged on a kitchen counter, including vegetables, rice, and prepared dishes ready to be served. Bowls, utensils, and drinking glasses surround the meal preparation area. The countertop is busy with ingredients and completed dishes, suggesting an active cooking session or.",/Users/yixiaoz/Desktop/cs348k_proj/outputs/controlNetScale/controlnet_canny/cfg_7p5_control_0p5/000000025986/target.png,/Users/yixiaoz/Desktop/cs348k_proj/outputs/controlNetScale/controlnet_canny/cfg_7p5_control_0p5/000000025986/canny.png,/Users/yixiaoz/Desktop/cs348k_proj/outputs/controlNetScale/controlnet_canny/cfg_7p5_control_0p5/000000025986/generated.png,dense_text_plus_canny,5,7.5,0.5,20,0.616,0.3207,32.6913
17899,Woman working with large assortment of baked goods at kitchen table.,An older woman works at a kitchen table covered with baking supplies and a large assortment of cookies or pastries. Trays of baked goods are arranged across the tabletop while ingredients and utensils remain nearby. The woman appears focused on decorating or organizing the treats.,An older woman works at a kitchen table covered with baking supplies and a large assortment of cookies or pastries. Trays of baked goods are arranged across the tabletop while ingredients and utensils remain nearby. The woman appears focused on decorating or organizing the treats.,/Users/yixiaoz/Desktop/cs348k_proj/outputs/controlNetScale/controlnet_canny/cfg_7p5_control_0p5/000000017899/target.png,/Users/yixiaoz/Desktop/cs348k_proj/outputs/controlNetScale/controlnet_canny/cfg_7p5_control_0p5/000000017899/canny.png,/Users/yixiaoz/Desktop/cs348k_proj/outputs/controlNetScale/controlnet_canny/cfg_7p5_control_0p5/000000017899/generated.png,dense_text_plus_canny,5,7.5,0.5,20,0.6047,0.325,38.53
36494,"A crowd of people sitting in a room, with a clock tower in front.","A large crowd gathers inside a spacious hall featuring an enormous illuminated clock structure mounted on the wall. People sit and stand around tables while enjoying food, drinks, and conversation. The architecture, lighting, and oversized clock create a dramatic focal point within the room. The.","A large crowd gathers inside a spacious hall featuring an enormous illuminated clock structure mounted on the wall. People sit and stand around tables while enjoying food, drinks, and conversation. The architecture, lighting, and oversized clock create a dramatic focal point within the room. The.",/Users/yixiaoz/Desktop/cs348k_proj/outputs/controlNetScale/controlnet_canny/cfg_7p5_control_0p5/000000036494/target.png,/Users/yixiaoz/Desktop/cs348k_proj/outputs/controlNetScale/controlnet_canny/cfg_7p5_control_0p5/000000036494/canny.png,/Users/yixiaoz/Desktop/cs348k_proj/outputs/controlNetScale/controlnet_canny/cfg_7p5_control_0p5/000000036494/generated.png,dense_text_plus_canny,5,7.5,0.5,20,0.5745,0.284,33.275
24610,There is a laptop computer in a room with a couch and a bookcase.,"A quiet room contains a desk with a laptop computer, bookshelves filled with books, and a couch positioned along one wall. Warm lighting and simple furnishings create a calm, comfortable environment suitable for reading, studying, or working. The arrangement suggests a personal living space or.","A quiet room contains a desk with a laptop computer, bookshelves filled with books, and a couch positioned along one wall. Warm lighting and simple furnishings create a calm, comfortable environment suitable for reading, studying, or working. The arrangement suggests a personal living space or.",/Users/yixiaoz/Desktop/cs348k_proj/outputs/controlNetScale/controlnet_canny/cfg_7p5_control_0p5/000000024610/target.png,/Users/yixiaoz/Desktop/cs348k_proj/outputs/controlNetScale/controlnet_canny/cfg_7p5_control_0p5/000000024610/canny.png,/Users/yixiaoz/Desktop/cs348k_proj/outputs/controlNetScale/controlnet_canny/cfg_7p5_control_0p5/000000024610/generated.png,dense_text_plus_canny,5,7.5,0.5,20,0.737,0.5163,32.4412
18380,a family sitting around a long table filled with a lot of food,"A large family gathers around a long dining table filled with food, drinks, and serving dishes. Adults and children smile toward the camera while seated closely together in a warm home environment. The table is crowded with meals prepared for sharing, creating a festive atmosphere.","A large family gathers around a long dining table filled with food, drinks, and serving dishes. Adults and children smile toward the camera while seated closely together in a warm home environment. The table is crowded with meals prepared for sharing, creating a festive atmosphere.",/Users/yixiaoz/Desktop/cs348k_proj/outputs/controlNetScale/controlnet_canny/cfg_7p5_control_0p5/000000018380/target.png,/Users/yixiaoz/Desktop/cs348k_proj/outputs/controlNetScale/controlnet_canny/cfg_7p5_control_0p5/000000018380/canny.png,/Users/yixiaoz/Desktop/cs348k_proj/outputs/controlNetScale/controlnet_canny/cfg_7p5_control_0p5/000000018380/generated.png,dense_text_plus_canny,5,7.5,0.5,20,0.6102,0.2506,37.9965
102411,Two people sitting on a motorcycle in the street next to a beach.,"Two people sit on a motorcycle parked beside a waterfront area near a beach. The ocean, shoreline, and distant scenery provide a scenic backdrop while the riders pause along the road. Nearby pedestrians and open coastal views contribute to the relaxed atmosphere. The image combines.","Two people sit on a motorcycle parked beside a waterfront area near a beach. The ocean, shoreline, and distant scenery provide a scenic backdrop while the riders pause along the road. Nearby pedestrians and open coastal views contribute to the relaxed atmosphere. The image combines.",/Users/yixiaoz/Desktop/cs348k_proj/outputs/controlNetScale/controlnet_canny/cfg_7p5_control_0p5/000000102411/target.png,/Users/yixiaoz/Desktop/cs348k_proj/outputs/controlNetScale/controlnet_canny/cfg_7p5_control_0p5/000000102411/canny.png,/Users/yixiaoz/Desktop/cs348k_proj/outputs/controlNetScale/controlnet_canny/cfg_7p5_control_0p5/000000102411/generated.png,dense_text_plus_canny,5,7.5,0.5,20,0.5287,0.3623,37.5299
99053,"A bowl of noodles, meat, broccoli and carrots in a sauce with a fork.","A bowl of noodles mixed with meat, broccoli, carrots, and vegetables sits on a table with a fork resting inside. The colorful ingredients are coated in sauce and arranged casually within the bowl. The close-up perspective focuses attention on the meal while minimizing background distractions.","A bowl of noodles mixed with meat, broccoli, carrots, and vegetables sits on a table with a fork resting inside. The colorful ingredients are coated in sauce and arranged casually within the bowl. The close-up perspective focuses attention on the meal while minimizing background distractions.",/Users/yixiaoz/Desktop/cs348k_proj/outputs/controlNetScale/controlnet_canny/cfg_7p5_control_0p5/000000099053/target.png,/Users/yixiaoz/Desktop/cs348k_proj/outputs/controlNetScale/controlnet_canny/cfg_7p5_control_0p5/000000099053/canny.png,/Users/yixiaoz/Desktop/cs348k_proj/outputs/controlNetScale/controlnet_canny/cfg_7p5_control_0p5/000000099053/generated.png,dense_text_plus_canny,5,7.5,0.5,20,0.6258,0.3815,35.4324
84650,THERE IS A CAT THAT IS SITTION ON TOP OF THE SUITCASE,A cat rests comfortably on top of a large suitcase surrounded by luggage and travel bags. The animal appears relaxed despite sitting among items associated with movement and transportation. The scene suggests preparation for a trip or recent arrival. The contrast between the cat’s calm.,A cat rests comfortably on top of a large suitcase surrounded by luggage and travel bags. The animal appears relaxed despite sitting among items associated with movement and transportation. The scene suggests preparation for a trip or recent arrival. The contrast between the cat’s calm.,/Users/yixiaoz/Desktop/cs348k_proj/outputs/controlNetScale/controlnet_canny/cfg_7p5_control_0p5/000000084650/target.png,/Users/yixiaoz/Desktop/cs348k_proj/outputs/controlNetScale/controlnet_canny/cfg_7p5_control_0p5/000000084650/canny.png,/Users/yixiaoz/Desktop/cs348k_proj/outputs/controlNetScale/controlnet_canny/cfg_7p5_control_0p5/000000084650/generated.png,dense_text_plus_canny,5,7.5,0.5,20,0.68,0.5703,34.0622
114049,"People inside a commuter train, with their luggage and bicycles.","Passengers stand inside a crowded train car surrounded by luggage, bicycles, and personal belongings. The narrow aisle is filled with travelers preparing for or continuing their journey. Bicycle wheels, suitcases, and overhead fixtures emphasize the transportation setting. The image captures the realities of public transit.","Passengers stand inside a crowded train car surrounded by luggage, bicycles, and personal belongings. The narrow aisle is filled with travelers preparing for or continuing their journey. Bicycle wheels, suitcases, and overhead fixtures emphasize the transportation setting. The image captures the realities of public transit.",/Users/yixiaoz/Desktop/cs348k_proj/outputs/controlNetScale/controlnet_canny/cfg_7p5_control_0p5/000000114049/target.png,/Users/yixiaoz/Desktop/cs348k_proj/outputs/controlNetScale/controlnet_canny/cfg_7p5_control_0p5/000000114049/canny.png,/Users/yixiaoz/Desktop/cs348k_proj/outputs/controlNetScale/controlnet_canny/cfg_7p5_control_0p5/000000114049/generated.png,dense_text_plus_canny,5,7.5,0.5,20,0.5982,0.5115,32.4768
100723,Crown marching in one direction in a lightly attended protest.,"A group of protesters march through a public street carrying signs and banners while moving together in the same direction. Participants of different ages fill the scene, creating a visible demonstration of collective action. The signs suggest support for a social or political cause, while.","A group of protesters march through a public street carrying signs and banners while moving together in the same direction. Participants of different ages fill the scene, creating a visible demonstration of collective action. The signs suggest support for a social or political cause, while.",/Users/yixiaoz/Desktop/cs348k_proj/outputs/controlNetScale/controlnet_canny/cfg_7p5_control_0p5/000000100723/target.png,/Users/yixiaoz/Desktop/cs348k_proj/outputs/controlNetScale/controlnet_canny/cfg_7p5_control_0p5/000000100723/canny.png,/Users/yixiaoz/Desktop/cs348k_proj/outputs/controlNetScale/controlnet_canny/cfg_7p5_control_0p5/000000100723/generated.png,dense_text_plus_canny,5,7.5,0.5,20,0.6161,0.3507,30.1567
40471,A painted white kitchen with a refrigerator and an automatic dish washer next to an oven stove.,"A clean white kitchen contains a refrigerator, oven, dishwasher, cabinets, and countertops arranged in a practical layout. Bright lighting reflects off the appliances and tiled surfaces, creating an organized and modern appearance. The room appears ready for cooking and daily household use. The image emphasizes.","A clean white kitchen contains a refrigerator, oven, dishwasher, cabinets, and countertops arranged in a practical layout. Bright lighting reflects off the appliances and tiled surfaces, creating an organized and modern appearance. The room appears ready for cooking and daily household use. The image emphasizes.",/Users/yixiaoz/Desktop/cs348k_proj/outputs/controlNetScale/controlnet_canny/cfg_7p5_control_0p5/000000040471/target.png,/Users/yixiaoz/Desktop/cs348k_proj/outputs/controlNetScale/controlnet_canny/cfg_7p5_control_0p5/000000040471/canny.png,/Users/yixiaoz/Desktop/cs348k_proj/outputs/controlNetScale/controlnet_canny/cfg_7p5_control_0p5/000000040471/generated.png,dense_text_plus_canny,5,7.5,0.5,20,0.5744,0.3982,32.603
100238,A family standing next to each other while holding frisbees.,"A family stands outdoors together while holding colorful frisbees. Adults and children pose side by side in a grassy area, appearing relaxed and cheerful. The open environment suggests a park, recreational field, or family gathering. Their casual clothing and outdoor setting contribute to a friendly.","A family stands outdoors together while holding colorful frisbees. Adults and children pose side by side in a grassy area, appearing relaxed and cheerful. The open environment suggests a park, recreational field, or family gathering. Their casual clothing and outdoor setting contribute to a friendly.",/Users/yixiaoz/Desktop/cs348k_proj/outputs/controlNetScale/controlnet_canny/cfg_7p5_control_0p5/000000100238/target.png,/Users/yixiaoz/Desktop/cs348k_proj/outputs/controlNetScale/controlnet_canny/cfg_7p5_control_0p5/000000100238/canny.png,/Users/yixiaoz/Desktop/cs348k_proj/outputs/controlNetScale/controlnet_canny/cfg_7p5_control_0p5/000000100238/generated.png,dense_text_plus_canny,5,7.5,0.5,20,0.5549,0.3915,36.5298
39484,A street full of cars that are driving and parked and a group of people sitting outside eating.,"Cars move along a city street lined with buildings, storefronts, and restaurants. Some people sit outside dining establishments while traffic passes through the urban area. Signs, parked vehicles, and commercial activity contribute to a lively downtown atmosphere. The image captures the interaction between transportation, business.","Cars move along a city street lined with buildings, storefronts, and restaurants. Some people sit outside dining establishments while traffic passes through the urban area. Signs, parked vehicles, and commercial activity contribute to a lively downtown atmosphere. The image captures the interaction between transportation, business.",/Users/yixiaoz/Desktop/cs348k_proj/outputs/controlNetScale/controlnet_canny/cfg_7p5_control_0p5/000000039484/target.png,/Users/yixiaoz/Desktop/cs348k_proj/outputs/controlNetScale/controlnet_canny/cfg_7p5_control_0p5/000000039484/canny.png,/Users/yixiaoz/Desktop/cs348k_proj/outputs/controlNetScale/controlnet_canny/cfg_7p5_control_0p5/000000039484/generated.png,dense_text_plus_canny,5,7.5,0.5,20,0.5857,0.3063,30.267
13729,A group of people playing with a Wii in the living room.,"Several people stand in a living room while playing a Nintendo Wii video game. Participants face a television and appear engaged in the activity, moving their bodies as part of the gameplay. Household furniture, decorations, and open floor space provide room for interaction. The image.","Several people stand in a living room while playing a Nintendo Wii video game. Participants face a television and appear engaged in the activity, moving their bodies as part of the gameplay. Household furniture, decorations, and open floor space provide room for interaction. The image.",/Users/yixiaoz/Desktop/cs348k_proj/outputs/controlNetScale/controlnet_canny/cfg_7p5_control_0p5/000000013729/target.png,/Users/yixiaoz/Desktop/cs348k_proj/outputs/controlNetScale/controlnet_canny/cfg_7p5_control_0p5/000000013729/canny.png,/Users/yixiaoz/Desktop/cs348k_proj/outputs/controlNetScale/controlnet_canny/cfg_7p5_control_0p5/000000013729/generated.png,dense_text_plus_canny,5,7.5,0.5,20,0.7071,0.6074,35.2557
80340,a small child wearing a tie and holding a suitcase with other people in the background,"A small child wearing a dress shirt, tie, and formal clothing stands on a sidewalk holding a rolling suitcase. Adults and other people gather nearby in the background, suggesting a family event, celebration, or travel occasion. The child’s serious posture contrasts with the oversized luggage.","A small child wearing a dress shirt, tie, and formal clothing stands on a sidewalk holding a rolling suitcase. Adults and other people gather nearby in the background, suggesting a family event, celebration, or travel occasion. The child’s serious posture contrasts with the oversized luggage.",/Users/yixiaoz/Desktop/cs348k_proj/outputs/controlNetScale/controlnet_canny/cfg_7p5_control_0p5/000000080340/target.png,/Users/yixiaoz/Desktop/cs348k_proj/outputs/controlNetScale/controlnet_canny/cfg_7p5_control_0p5/000000080340/canny.png,/Users/yixiaoz/Desktop/cs348k_proj/outputs/controlNetScale/controlnet_canny/cfg_7p5_control_0p5/000000080340/generated.png,dense_text_plus_canny,5,7.5,0.5,20,0.5304,0.3549,39.5676
38829,Two boys riding on a single bicycle on a city street,"Two people ride together through a busy city street on a single bicycle while surrounded by scooters, motorcycles, and other commuters. Urban storefronts, signs, and passing vehicles create a lively transportation scene. The riders appear relaxed as they navigate traffic alongside other travelers. The image.","Two people ride together through a busy city street on a single bicycle while surrounded by scooters, motorcycles, and other commuters. Urban storefronts, signs, and passing vehicles create a lively transportation scene. The riders appear relaxed as they navigate traffic alongside other travelers. The image.",/Users/yixiaoz/Desktop/cs348k_proj/outputs/controlNetScale/controlnet_canny/cfg_7p5_control_0p5/000000038829/target.png,/Users/yixiaoz/Desktop/cs348k_proj/outputs/controlNetScale/controlnet_canny/cfg_7p5_control_0p5/000000038829/canny.png,/Users/yixiaoz/Desktop/cs348k_proj/outputs/controlNetScale/controlnet_canny/cfg_7p5_control_0p5/000000038829/generated.png,dense_text_plus_canny,5,7.5,0.5,20,0.6438,0.3901,32.1172
66841,"A whimsical artistic toaster has eyes, a mouth, a nose, spoon feet, spoon ears, and a mixing beater tail.","A whimsical toaster has been creatively decorated with eyes, a nose, spoon-shaped ears, and other objects to resemble a human face. The appliance stands upright in a kitchen or dining area, transforming an ordinary household item into a playful character. Surrounding utensils and decorative elements.","A whimsical toaster has been creatively decorated with eyes, a nose, spoon-shaped ears, and other objects to resemble a human face. The appliance stands upright in a kitchen or dining area, transforming an ordinary household item into a playful character. Surrounding utensils and decorative elements.",/Users/yixiaoz/Desktop/cs348k_proj/outputs/controlNetScale/controlnet_canny/cfg_7p5_control_0p5/000000066841/target.png,/Users/yixiaoz/Desktop/cs348k_proj/outputs/controlNetScale/controlnet_canny/cfg_7p5_control_0p5/000000066841/canny.png,/Users/yixiaoz/Desktop/cs348k_proj/outputs/controlNetScale/controlnet_canny/cfg_7p5_control_0p5/000000066841/generated.png,dense_text_plus_canny,5,7.5,0.5,20,0.6249,0.417,35.1193
25386,A man and woman are sitting together while the man eats with chopsticks.,"A man and woman sit together at a restaurant table while sharing a meal. Plates of food, chopsticks, drinks, and condiments are arranged in front of them as they look toward the camera. The indoor dining environment appears casual and welcoming. Their expressions suggest a.","A man and woman sit together at a restaurant table while sharing a meal. Plates of food, chopsticks, drinks, and condiments are arranged in front of them as they look toward the camera. The indoor dining environment appears casual and welcoming. Their expressions suggest a.",/Users/yixiaoz/Desktop/cs348k_proj/outputs/controlNetScale/controlnet_canny/cfg_7p5_control_0p5/000000025386/target.png,/Users/yixiaoz/Desktop/cs348k_proj/outputs/controlNetScale/controlnet_canny/cfg_7p5_control_0p5/000000025386/canny.png,/Users/yixiaoz/Desktop/cs348k_proj/outputs/controlNetScale/controlnet_canny/cfg_7p5_control_0p5/000000025386/generated.png,dense_text_plus_canny,5,7.5,0.5,20,0.6335,0.3691,31.8631
83531,A BBQ topped with lots of sausages sitting side by side.,"Several sausages cook on a barbecue grill above glowing heat while metal tongs rest nearby. The close-up perspective focuses on the food as it browns and develops grill marks. Smoke, cooking equipment, and the outdoor setting suggest a backyard gathering or cookout. The image emphasizes.","Several sausages cook on a barbecue grill above glowing heat while metal tongs rest nearby. The close-up perspective focuses on the food as it browns and develops grill marks. Smoke, cooking equipment, and the outdoor setting suggest a backyard gathering or cookout. The image emphasizes.",/Users/yixiaoz/Desktop/cs348k_proj/outputs/controlNetScale/controlnet_canny/cfg_7p5_control_0p5/000000083531/target.png,/Users/yixiaoz/Desktop/cs348k_proj/outputs/controlNetScale/controlnet_canny/cfg_7p5_control_0p5/000000083531/canny.png,/Users/yixiaoz/Desktop/cs348k_proj/outputs/controlNetScale/controlnet_canny/cfg_7p5_control_0p5/000000083531/generated.png,dense_text_plus_canny,5,7.5,0.5,20,0.679,0.4408,36.3905
98392,"A photo of a busy intersection with a bus, several cars and a clock tower.","A busy city intersection contains multiple cars, a bus, and a prominent clock tower rising above nearby buildings. Traffic moves through the streets while pedestrians and commercial activity contribute to the urban atmosphere. Architectural details and transportation infrastructure create a recognizable downtown setting. The image.","A busy city intersection contains multiple cars, a bus, and a prominent clock tower rising above nearby buildings. Traffic moves through the streets while pedestrians and commercial activity contribute to the urban atmosphere. Architectural details and transportation infrastructure create a recognizable downtown setting. The image.",/Users/yixiaoz/Desktop/cs348k_proj/outputs/controlNetScale/controlnet_canny/cfg_7p5_control_0p5/000000098392/target.png,/Users/yixiaoz/Desktop/cs348k_proj/outputs/controlNetScale/controlnet_canny/cfg_7p5_control_0p5/000000098392/canny.png,/Users/yixiaoz/Desktop/cs348k_proj/outputs/controlNetScale/controlnet_canny/cfg_7p5_control_0p5/000000098392/generated.png,dense_text_plus_canny,5,7.5,0.5,20,0.4829,0.3101,29.2238
12576,An elderly woman seated at a table holding three pizzas.,"An elderly woman sits at a dining table with several pizzas placed in front of her. Glasses, dishes, and table settings suggest a meal shared with others outside the frame. The warm indoor environment creates a comfortable and social atmosphere. The image highlights casual dining.","An elderly woman sits at a dining table with several pizzas placed in front of her. Glasses, dishes, and table settings suggest a meal shared with others outside the frame. The warm indoor environment creates a comfortable and social atmosphere. The image highlights casual dining.",/Users/yixiaoz/Desktop/cs348k_proj/outputs/controlNetScale/controlnet_canny/cfg_7p5_control_0p5/000000012576/target.png,/Users/yixiaoz/Desktop/cs348k_proj/outputs/controlNetScale/controlnet_canny/cfg_7p5_control_0p5/000000012576/canny.png,/Users/yixiaoz/Desktop/cs348k_proj/outputs/controlNetScale/controlnet_canny/cfg_7p5_control_0p5/000000012576/generated.png,dense_text_plus_canny,5,7.5,0.5,20,0.6887,0.4344,39.7032
22705,A woman in a short black dress is holding a champagne flute and standing in front of a refrigerator.,"A woman wearing a black dress stands confidently in a kitchen while holding a champagne flute. Stainless steel appliances, wooden cabinets, and household furnishings form the background. Her posture and expression suggest she may be attending a celebration, gathering, or special occasion. The image combines.","A woman wearing a black dress stands confidently in a kitchen while holding a champagne flute. Stainless steel appliances, wooden cabinets, and household furnishings form the background. Her posture and expression suggest she may be attending a celebration, gathering, or special occasion. The image combines.",/Users/yixiaoz/Desktop/cs348k_proj/outputs/controlNetScale/controlnet_canny/cfg_7p5_control_0p5/000000022705/target.png,/Users/yixiaoz/Desktop/cs348k_proj/outputs/controlNetScale/controlnet_canny/cfg_7p5_control_0p5/000000022705/canny.png,/Users/yixiaoz/Desktop/cs348k_proj/outputs/controlNetScale/controlnet_canny/cfg_7p5_control_0p5/000000022705/generated.png,dense_text_plus_canny,5,7.5,0.5,20,0.4711,0.2813,34.3599
26204,A group of cars waiting at an intersection for the light to change,"Cars wait at an urban intersection lined with buildings, trees, and traffic infrastructure. Vehicles occupy multiple lanes as they pause for a traffic signal before continuing through the city. Sidewalks, storefronts, and street signs contribute to the metropolitan atmosphere. The image emphasizes transportation systems, traffic.","Cars wait at an urban intersection lined with buildings, trees, and traffic infrastructure. Vehicles occupy multiple lanes as they pause for a traffic signal before continuing through the city. Sidewalks, storefronts, and street signs contribute to the metropolitan atmosphere. The image emphasizes transportation systems, traffic.",/Users/yixiaoz/Desktop/cs348k_proj/outputs/controlNetScale/controlnet_canny/cfg_7p5_control_0p5/000000026204/target.png,/Users/yixiaoz/Desktop/cs348k_proj/outputs/controlNetScale/controlnet_canny/cfg_7p5_control_0p5/000000026204/canny.png,/Users/yixiaoz/Desktop/cs348k_proj/outputs/controlNetScale/controlnet_canny/cfg_7p5_control_0p5/000000026204/generated.png,dense_text_plus_canny,5,7.5,0.5,20,0.4854,0.2832,31.2853
31248,"Living room with white chairs and couches, fireplace and books on bookshelves.","A bright living room features white chairs, comfortable couches, bookshelves, and a fireplace serving as the central focal point. Decorative lamps, framed artwork, and neatly arranged furniture create an elegant and inviting atmosphere. Natural light and balanced interior design contribute to the room’s spacious appearance.","A bright living room features white chairs, comfortable couches, bookshelves, and a fireplace serving as the central focal point. Decorative lamps, framed artwork, and neatly arranged furniture create an elegant and inviting atmosphere. Natural light and balanced interior design contribute to the room’s spacious appearance.",/Users/yixiaoz/Desktop/cs348k_proj/outputs/controlNetScale/controlnet_canny/cfg_7p5_control_0p5/000000031248/target.png,/Users/yixiaoz/Desktop/cs348k_proj/outputs/controlNetScale/controlnet_canny/cfg_7p5_control_0p5/000000031248/canny.png,/Users/yixiaoz/Desktop/cs348k_proj/outputs/controlNetScale/controlnet_canny/cfg_7p5_control_0p5/000000031248/generated.png,dense_text_plus_canny,5,7.5,0.5,20,0.5051,0.2704,32.7379
107339,A pretty young lady standing in front of a couch behind a wooden table.,"A woman stands in a modern room near a couch and low wooden tables while another person sits nearby. Bright walls, large windows, and contemporary furniture create a clean and open interior space. The standing woman appears to be speaking, presenting, or interacting with the.","A woman stands in a modern room near a couch and low wooden tables while another person sits nearby. Bright walls, large windows, and contemporary furniture create a clean and open interior space. The standing woman appears to be speaking, presenting, or interacting with the.",/Users/yixiaoz/Desktop/cs348k_proj/outputs/controlNetScale/controlnet_canny/cfg_7p5_control_0p5/000000107339/target.png,/Users/yixiaoz/Desktop/cs348k_proj/outputs/controlNetScale/controlnet_canny/cfg_7p5_control_0p5/000000107339/canny.png,/Users/yixiaoz/Desktop/cs348k_proj/outputs/controlNetScale/controlnet_canny/cfg_7p5_control_0p5/000000107339/generated.png,dense_text_plus_canny,5,7.5,0.5,20,0.6953,0.5056,34.0102
87476,two people standing on the same skateboard and holding each other up.,"Two young people stand together at a public event while holding skateboards and interacting with one another. One person wears a helmet while colorful vehicles and event displays appear in the background. Their posture suggests friendship, instruction, or support during a skateboarding activity. The image.","Two young people stand together at a public event while holding skateboards and interacting with one another. One person wears a helmet while colorful vehicles and event displays appear in the background. Their posture suggests friendship, instruction, or support during a skateboarding activity. The image.",/Users/yixiaoz/Desktop/cs348k_proj/outputs/controlNetScale/controlnet_canny/cfg_7p5_control_0p5/000000087476/target.png,/Users/yixiaoz/Desktop/cs348k_proj/outputs/controlNetScale/controlnet_canny/cfg_7p5_control_0p5/000000087476/canny.png,/Users/yixiaoz/Desktop/cs348k_proj/outputs/controlNetScale/controlnet_canny/cfg_7p5_control_0p5/000000087476/generated.png,dense_text_plus_canny,5,7.5,0.5,20,0.613,0.391,35.9139
78748,"A couple of motorcycles in front of sign, with people standing around.","Several motorcycles are parked in front of a display area featuring brand signage while people gather nearby. The polished bikes are arranged for viewing, suggesting a motorcycle show, dealership event, or public exhibition. Spectators walk around the display, examining the vehicles and socializing. The image.","Several motorcycles are parked in front of a display area featuring brand signage while people gather nearby. The polished bikes are arranged for viewing, suggesting a motorcycle show, dealership event, or public exhibition. Spectators walk around the display, examining the vehicles and socializing. The image.",/Users/yixiaoz/Desktop/cs348k_proj/outputs/controlNetScale/controlnet_canny/cfg_7p5_control_0p5/000000078748/target.png,/Users/yixiaoz/Desktop/cs348k_proj/outputs/controlNetScale/controlnet_canny/cfg_7p5_control_0p5/000000078748/canny.png,/Users/yixiaoz/Desktop/cs348k_proj/outputs/controlNetScale/controlnet_canny/cfg_7p5_control_0p5/000000078748/generated.png,dense_text_plus_canny,5,7.5,0.5,20,0.6621,0.4329,34.2979
29596,"A room with a couch, table set with dinnerware and a television.","A hotel-style room contains a couch, television, dining table, and neatly arranged place settings. Warm lighting, curtains, and decorative furnishings create a comfortable and welcoming atmosphere. The table is prepared for a meal, suggesting hospitality or room service. The image highlights interior design, temporary accommodations.","A hotel-style room contains a couch, television, dining table, and neatly arranged place settings. Warm lighting, curtains, and decorative furnishings create a comfortable and welcoming atmosphere. The table is prepared for a meal, suggesting hospitality or room service. The image highlights interior design, temporary accommodations.",/Users/yixiaoz/Desktop/cs348k_proj/outputs/controlNetScale/controlnet_canny/cfg_7p5_control_0p5/000000029596/target.png,/Users/yixiaoz/Desktop/cs348k_proj/outputs/controlNetScale/controlnet_canny/cfg_7p5_control_0p5/000000029596/canny.png,/Users/yixiaoz/Desktop/cs348k_proj/outputs/controlNetScale/controlnet_canny/cfg_7p5_control_0p5/000000029596/generated.png,dense_text_plus_canny,5,7.5,0.5,20,0.5444,0.3756,31.503
33854,"parked cars, motorcycles and buses on a cobblestone parking lot next to a street.","Cars, buses, and motorcycles occupy a cobblestone parking area near a city street lined with buildings. The scene contains multiple forms of transportation gathered within a shared urban space. Pedestrians move through the area while parked vehicles await their drivers. The image captures urban infrastructure.","Cars, buses, and motorcycles occupy a cobblestone parking area near a city street lined with buildings. The scene contains multiple forms of transportation gathered within a shared urban space. Pedestrians move through the area while parked vehicles await their drivers. The image captures urban infrastructure.",/Users/yixiaoz/Desktop/cs348k_proj/outputs/controlNetScale/controlnet_canny/cfg_7p5_control_0p5/000000033854/target.png,/Users/yixiaoz/Desktop/cs348k_proj/outputs/controlNetScale/controlnet_canny/cfg_7p5_control_0p5/000000033854/canny.png,/Users/yixiaoz/Desktop/cs348k_proj/outputs/controlNetScale/controlnet_canny/cfg_7p5_control_0p5/000000033854/generated.png,dense_text_plus_canny,5,7.5,0.5,20,0.5865,0.4763,30.9201
36844,a black couch a green chair a red chair a mirror and a ceiling fan,"A living room contains a black couch, colorful chairs, a ceiling fan, and large windows that allow natural light into the space. Various pieces of furniture and decorative items are arranged throughout the room, creating a comfortable residential environment. The layout suggests an area designed.","A living room contains a black couch, colorful chairs, a ceiling fan, and large windows that allow natural light into the space. Various pieces of furniture and decorative items are arranged throughout the room, creating a comfortable residential environment. The layout suggests an area designed.",/Users/yixiaoz/Desktop/cs348k_proj/outputs/controlNetScale/controlnet_canny/cfg_7p5_control_0p5/000000036844/target.png,/Users/yixiaoz/Desktop/cs348k_proj/outputs/controlNetScale/controlnet_canny/cfg_7p5_control_0p5/000000036844/canny.png,/Users/yixiaoz/Desktop/cs348k_proj/outputs/controlNetScale/controlnet_canny/cfg_7p5_control_0p5/000000036844/generated.png,dense_text_plus_canny,5,7.5,0.5,20,0.5965,0.3523,34.2337
1000,A group of kids posing for a picture on a tennis court.,A large group of children gather together on a tennis court while posing for a photograph. Some hold tennis equipment while others stand closely beside teammates and friends. The outdoor sports facility provides a bright and energetic setting. Smiles and casual poses suggest a team.,A large group of children gather together on a tennis court while posing for a photograph. Some hold tennis equipment while others stand closely beside teammates and friends. The outdoor sports facility provides a bright and energetic setting. Smiles and casual poses suggest a team.,/Users/yixiaoz/Desktop/cs348k_proj/outputs/controlNetScale/controlnet_canny/cfg_7p5_control_0p5/000000001000/target.png,/Users/yixiaoz/Desktop/cs348k_proj/outputs/controlNetScale/controlnet_canny/cfg_7p5_control_0p5/000000001000/canny.png,/Users/yixiaoz/Desktop/cs348k_proj/outputs/controlNetScale/controlnet_canny/cfg_7p5_control_0p5/000000001000/generated.png,dense_text_plus_canny,5,7.5,0.5,20,0.659,0.2868,36.9631
55528,A man holding a paper bag while showing the camera a toothbrush.,"A man sits in a chair while holding a paper bag and displaying a toothbrush toward the camera. His expression suggests humor or casual conversation as he presents the object. The indoor environment appears relaxed and informal, with household furnishings visible around him. The image.","A man sits in a chair while holding a paper bag and displaying a toothbrush toward the camera. His expression suggests humor or casual conversation as he presents the object. The indoor environment appears relaxed and informal, with household furnishings visible around him. The image.",/Users/yixiaoz/Desktop/cs348k_proj/outputs/controlNetScale/controlnet_canny/cfg_7p5_control_0p5/000000055528/target.png,/Users/yixiaoz/Desktop/cs348k_proj/outputs/controlNetScale/controlnet_canny/cfg_7p5_control_0p5/000000055528/canny.png,/Users/yixiaoz/Desktop/cs348k_proj/outputs/controlNetScale/controlnet_canny/cfg_7p5_control_0p5/000000055528/generated.png,dense_text_plus_canny,5,7.5,0.5,20,0.5485,0.4932,28.836
2006,City bus driving through pedestrian saturated area near crosswalk.,"A city bus travels through a busy urban area near a crosswalk while pedestrians and vehicles move through the surrounding streets. Buildings, signs, and transportation infrastructure create a dynamic city environment. The bus serves as the focal point, illustrating the role of public transit in.","A city bus travels through a busy urban area near a crosswalk while pedestrians and vehicles move through the surrounding streets. Buildings, signs, and transportation infrastructure create a dynamic city environment. The bus serves as the focal point, illustrating the role of public transit in.",/Users/yixiaoz/Desktop/cs348k_proj/outputs/controlNetScale/controlnet_canny/cfg_7p5_control_0p5/000000002006/target.png,/Users/yixiaoz/Desktop/cs348k_proj/outputs/controlNetScale/controlnet_canny/cfg_7p5_control_0p5/000000002006/canny.png,/Users/yixiaoz/Desktop/cs348k_proj/outputs/controlNetScale/controlnet_canny/cfg_7p5_control_0p5/000000002006/generated.png,dense_text_plus_canny,5,7.5,0.5,20,0.5435,0.2939,30.6302
113720,A couple are enjoying pizza and drinks at the restaurant,"A smiling couple sits together at a restaurant table enjoying pizza, drinks, and conversation. Plates of food and beverages are arranged neatly while the pair look toward the camera. The atmosphere appears relaxed and friendly, suggesting a casual meal shared between friends or partners. The.","A smiling couple sits together at a restaurant table enjoying pizza, drinks, and conversation. Plates of food and beverages are arranged neatly while the pair look toward the camera. The atmosphere appears relaxed and friendly, suggesting a casual meal shared between friends or partners. The.",/Users/yixiaoz/Desktop/cs348k_proj/outputs/controlNetScale/controlnet_canny/cfg_7p5_control_0p5/000000113720/target.png,/Users/yixiaoz/Desktop/cs348k_proj/outputs/controlNetScale/controlnet_canny/cfg_7p5_control_0p5/000000113720/canny.png,/Users/yixiaoz/Desktop/cs348k_proj/outputs/controlNetScale/controlnet_canny/cfg_7p5_control_0p5/000000113720/generated.png,dense_text_plus_canny,5,7.5,0.5,20,0.6264,0.3836,34.6273
52413,"A child holding a pink toy cell phone with ""Princess Aurora"" inside it.",A child holds a pink toy flip phone decorated with imagery inspired by a princess character. The toy is displayed prominently in the foreground while other people and objects appear nearby. Bright colors and playful design elements emphasize childhood interests and imaginative play. The image.,A child holds a pink toy flip phone decorated with imagery inspired by a princess character. The toy is displayed prominently in the foreground while other people and objects appear nearby. Bright colors and playful design elements emphasize childhood interests and imaginative play. The image.,/Users/yixiaoz/Desktop/cs348k_proj/outputs/controlNetScale/controlnet_canny/cfg_7p5_control_0p5/000000052413/target.png,/Users/yixiaoz/Desktop/cs348k_proj/outputs/controlNetScale/controlnet_canny/cfg_7p5_control_0p5/000000052413/canny.png,/Users/yixiaoz/Desktop/cs348k_proj/outputs/controlNetScale/controlnet_canny/cfg_7p5_control_0p5/000000052413/generated.png,dense_text_plus_canny,5,7.5,0.5,20,0.717,0.2995,36.4991
60932,A man in a suit that is standing in front of a group of people.,"A man dressed in a formal suit stands confidently in front of a group of people at what appears to be a celebration or reception. The black-and-white image captures him smiling and raising a hand while guests gather in the background. Tables, decorations, and formally.","A man dressed in a formal suit stands confidently in front of a group of people at what appears to be a celebration or reception. The black-and-white image captures him smiling and raising a hand while guests gather in the background. Tables, decorations, and formally.",/Users/yixiaoz/Desktop/cs348k_proj/outputs/controlNetScale/controlnet_canny/cfg_7p5_control_0p5/000000060932/target.png,/Users/yixiaoz/Desktop/cs348k_proj/outputs/controlNetScale/controlnet_canny/cfg_7p5_control_0p5/000000060932/canny.png,/Users/yixiaoz/Desktop/cs348k_proj/outputs/controlNetScale/controlnet_canny/cfg_7p5_control_0p5/000000060932/generated.png,dense_text_plus_canny,5,7.5,0.5,20,0.5023,0.3385,34.1515
102805,A man in holds a Frisbee in the parking lot by the river.,"A man wearing a hat stands near a riverside parking area while holding a Frisbee in his hand. Mountains and water stretch across the background, creating a scenic outdoor setting. Several parked vehicles and open space suggest a recreational destination where people gather for leisure.","A man wearing a hat stands near a riverside parking area while holding a Frisbee in his hand. Mountains and water stretch across the background, creating a scenic outdoor setting. Several parked vehicles and open space suggest a recreational destination where people gather for leisure.",/Users/yixiaoz/Desktop/cs348k_proj/outputs/controlNetScale/controlnet_canny/cfg_7p5_control_0p5/000000102805/target.png,/Users/yixiaoz/Desktop/cs348k_proj/outputs/controlNetScale/controlnet_canny/cfg_7p5_control_0p5/000000102805/canny.png,/Users/yixiaoz/Desktop/cs348k_proj/outputs/controlNetScale/controlnet_canny/cfg_7p5_control_0p5/000000102805/generated.png,dense_text_plus_canny,5,7.5,0.5,20,0.5623,0.4236,37.1509
15254,These platters display healthy food choices of two entrees with a side  vegetable and fruit,"A neatly organized lunch container displays a balanced meal consisting of rice, vegetables, fruit, and other healthy foods arranged in separate compartments. Grapes, carrots, and a colorful entrée contribute to the vibrant appearance. The close-up perspective emphasizes nutrition, portioning, and meal preparation. The image reflects.","A neatly organized lunch container displays a balanced meal consisting of rice, vegetables, fruit, and other healthy foods arranged in separate compartments. Grapes, carrots, and a colorful entrée contribute to the vibrant appearance. The close-up perspective emphasizes nutrition, portioning, and meal preparation. The image reflects.",/Users/yixiaoz/Desktop/cs348k_proj/outputs/controlNetScale/controlnet_canny/cfg_7p5_control_0p5/000000015254/target.png,/Users/yixiaoz/Desktop/cs348k_proj/outputs/controlNetScale/controlnet_canny/cfg_7p5_control_0p5/000000015254/canny.png,/Users/yixiaoz/Desktop/cs348k_proj/outputs/controlNetScale/controlnet_canny/cfg_7p5_control_0p5/000000015254/generated.png,dense_text_plus_canny,5,7.5,0.5,20,0.676,0.3178,37.9246
24567,There is a man looking at a lot if hot dogs in a bun in a pan,"A man wearing a hat looks down at a tray filled with hot dogs arranged in buns. The outdoor setting suggests a barbecue, picnic, or community gathering where food is being prepared and served. Bright colors from the toppings and buns create a festive appearance.","A man wearing a hat looks down at a tray filled with hot dogs arranged in buns. The outdoor setting suggests a barbecue, picnic, or community gathering where food is being prepared and served. Bright colors from the toppings and buns create a festive appearance.",/Users/yixiaoz/Desktop/cs348k_proj/outputs/controlNetScale/controlnet_canny/cfg_7p5_control_0p5/000000024567/target.png,/Users/yixiaoz/Desktop/cs348k_proj/outputs/controlNetScale/controlnet_canny/cfg_7p5_control_0p5/000000024567/canny.png,/Users/yixiaoz/Desktop/cs348k_proj/outputs/controlNetScale/controlnet_canny/cfg_7p5_control_0p5/000000024567/generated.png,dense_text_plus_canny,5,7.5,0.5,20,0.5698,0.3469,40.6494
25603,A girl sitting around a table in a restaurant eating a pizza.,"A young girl sits at a restaurant table with a pizza placed in front of her. Glasses, plates, and table settings surround the meal while the warm indoor lighting creates a cozy atmosphere. She looks toward the camera as if waiting to eat or enjoying.","A young girl sits at a restaurant table with a pizza placed in front of her. Glasses, plates, and table settings surround the meal while the warm indoor lighting creates a cozy atmosphere. She looks toward the camera as if waiting to eat or enjoying.",/Users/yixiaoz/Desktop/cs348k_proj/outputs/controlNetScale/controlnet_canny/cfg_7p5_control_0p5/000000025603/target.png,/Users/yixiaoz/Desktop/cs348k_proj/outputs/controlNetScale/controlnet_canny/cfg_7p5_control_0p5/000000025603/canny.png,/Users/yixiaoz/Desktop/cs348k_proj/outputs/controlNetScale/controlnet_canny/cfg_7p5_control_0p5/000000025603/generated.png,dense_text_plus_canny,5,7.5,0.5,20,0.5725,0.4687,34.972
55150,Two children sit atop their parent's luggage in the parking lot.,"Two children sit atop luggage carts in a parking lot while surrounded by parked vehicles. The scene appears to capture a family trip, airport arrival, or vacation departure. The children seem comfortable and playful as they ride on the luggage. Cars, travel equipment, and open.","Two children sit atop luggage carts in a parking lot while surrounded by parked vehicles. The scene appears to capture a family trip, airport arrival, or vacation departure. The children seem comfortable and playful as they ride on the luggage. Cars, travel equipment, and open.",/Users/yixiaoz/Desktop/cs348k_proj/outputs/controlNetScale/controlnet_canny/cfg_7p5_control_0p5/000000055150/target.png,/Users/yixiaoz/Desktop/cs348k_proj/outputs/controlNetScale/controlnet_canny/cfg_7p5_control_0p5/000000055150/canny.png,/Users/yixiaoz/Desktop/cs348k_proj/outputs/controlNetScale/controlnet_canny/cfg_7p5_control_0p5/000000055150/generated.png,dense_text_plus_canny,5,7.5,0.5,20,0.4968,0.4185,36.5468
30828,A person covered with an orange sleeping bag rests his head on a blue back pack as he sleeps on a park bench.,"A person sleeps on a park bench while covered by an orange sleeping bag and resting beside a backpack. The outdoor setting includes grass, trees, and surrounding park features. The image captures a quiet moment of rest in a public space, contrasting the bright colors.","A person sleeps on a park bench while covered by an orange sleeping bag and resting beside a backpack. The outdoor setting includes grass, trees, and surrounding park features. The image captures a quiet moment of rest in a public space, contrasting the bright colors.",/Users/yixiaoz/Desktop/cs348k_proj/outputs/controlNetScale/controlnet_canny/cfg_7p5_control_0p5/000000030828/target.png,/Users/yixiaoz/Desktop/cs348k_proj/outputs/controlNetScale/controlnet_canny/cfg_7p5_control_0p5/000000030828/canny.png,/Users/yixiaoz/Desktop/cs348k_proj/outputs/controlNetScale/controlnet_canny/cfg_7p5_control_0p5/000000030828/generated.png,dense_text_plus_canny,5,7.5,0.5,20,0.6718,0.4911,33.7749
32334,"Two people, a man and a woman, are toasting with wine glasses.","A smiling man and woman hold wine glasses while posing together indoors. The casual setting appears to be a social gathering, dinner, or celebration where friends enjoy food and drinks. Warm lighting and relaxed expressions create a welcoming atmosphere. The image emphasizes companionship, hospitality, and.","A smiling man and woman hold wine glasses while posing together indoors. The casual setting appears to be a social gathering, dinner, or celebration where friends enjoy food and drinks. Warm lighting and relaxed expressions create a welcoming atmosphere. The image emphasizes companionship, hospitality, and.",/Users/yixiaoz/Desktop/cs348k_proj/outputs/controlNetScale/controlnet_canny/cfg_7p5_control_0p5/000000032334/target.png,/Users/yixiaoz/Desktop/cs348k_proj/outputs/controlNetScale/controlnet_canny/cfg_7p5_control_0p5/000000032334/canny.png,/Users/yixiaoz/Desktop/cs348k_proj/outputs/controlNetScale/controlnet_canny/cfg_7p5_control_0p5/000000032334/generated.png,dense_text_plus_canny,5,7.5,0.5,20,0.5681,0.4546,34.474
92416,A male with a bottled beverage wearing a flower in his lapel.,"A young man wearing formal attire stands outdoors holding a bottled beverage. A flower pinned to his lapel suggests participation in a wedding, graduation, or other ceremonial event. Water and distant scenery form a pleasant background. His posture and clothing indicate a special occasion, while.","A young man wearing formal attire stands outdoors holding a bottled beverage. A flower pinned to his lapel suggests participation in a wedding, graduation, or other ceremonial event. Water and distant scenery form a pleasant background. His posture and clothing indicate a special occasion, while.",/Users/yixiaoz/Desktop/cs348k_proj/outputs/controlNetScale/controlnet_canny/cfg_7p5_control_0p5/000000092416/target.png,/Users/yixiaoz/Desktop/cs348k_proj/outputs/controlNetScale/controlnet_canny/cfg_7p5_control_0p5/000000092416/canny.png,/Users/yixiaoz/Desktop/cs348k_proj/outputs/controlNetScale/controlnet_canny/cfg_7p5_control_0p5/000000092416/generated.png,dense_text_plus_canny,5,7.5,0.5,20,0.5477,0.3341,35.3051
20553,Large stuffed animal posed outdoors as if sitting in a chair with beverages on a table.,A large stuffed animal is arranged outdoors in a desert-like environment while seated in a chair beside beverages and decorative items placed on a small table. The unusual setup creates a humorous and imaginative scene. Open ground and sparse surroundings emphasize the contrast between the.,A large stuffed animal is arranged outdoors in a desert-like environment while seated in a chair beside beverages and decorative items placed on a small table. The unusual setup creates a humorous and imaginative scene. Open ground and sparse surroundings emphasize the contrast between the.,/Users/yixiaoz/Desktop/cs348k_proj/outputs/controlNetScale/controlnet_canny/cfg_7p5_control_0p5/000000020553/target.png,/Users/yixiaoz/Desktop/cs348k_proj/outputs/controlNetScale/controlnet_canny/cfg_7p5_control_0p5/000000020553/canny.png,/Users/yixiaoz/Desktop/cs348k_proj/outputs/controlNetScale/controlnet_canny/cfg_7p5_control_0p5/000000020553/generated.png,dense_text_plus_canny,5,7.5,0.5,20,0.5935,0.4172,41.5857
93437,An older man is wearing a funny hat in his dining room.,"An elderly man wearing a distinctive hat stands inside a dining area or kitchen while smiling toward the camera. Household furnishings and cabinets appear in the background, creating a comfortable domestic setting. His expression suggests warmth and friendliness, while the unusual hat adds character and.","An elderly man wearing a distinctive hat stands inside a dining area or kitchen while smiling toward the camera. Household furnishings and cabinets appear in the background, creating a comfortable domestic setting. His expression suggests warmth and friendliness, while the unusual hat adds character and.",/Users/yixiaoz/Desktop/cs348k_proj/outputs/controlNetScale/controlnet_canny/cfg_7p5_control_0p5/000000093437/target.png,/Users/yixiaoz/Desktop/cs348k_proj/outputs/controlNetScale/controlnet_canny/cfg_7p5_control_0p5/000000093437/canny.png,/Users/yixiaoz/Desktop/cs348k_proj/outputs/controlNetScale/controlnet_canny/cfg_7p5_control_0p5/000000093437/generated.png,dense_text_plus_canny,5,7.5,0.5,20,0.5256,0.3654,38.5222
89648,People using electronic devises all facing in the same direction.,"Several people sit in rows while using laptops and other electronic devices. Viewed from above, the scene resembles a classroom, workshop, conference, or training session focused on technology. Participants face the same direction and appear engaged with their screens. The arrangement emphasizes learning, collaboration, and.","Several people sit in rows while using laptops and other electronic devices. Viewed from above, the scene resembles a classroom, workshop, conference, or training session focused on technology. Participants face the same direction and appear engaged with their screens. The arrangement emphasizes learning, collaboration, and.",/Users/yixiaoz/Desktop/cs348k_proj/outputs/controlNetScale/controlnet_canny/cfg_7p5_control_0p5/000000089648/target.png,/Users/yixiaoz/Desktop/cs348k_proj/outputs/controlNetScale/controlnet_canny/cfg_7p5_control_0p5/000000089648/canny.png,/Users/yixiaoz/Desktop/cs348k_proj/outputs/controlNetScale/controlnet_canny/cfg_7p5_control_0p5/000000089648/generated.png,dense_text_plus_canny,5,7.5,0.5,20,0.6779,0.4667,30.5461
7574,"A kitchen with two sinks, a counter, detergent, a stove and a refrigerator in it.","A kitchen interior contains wooden cabinets, a refrigerator, a stove, countertops, and cleaning supplies arranged around the room. Various household items are visible near the sink and work surfaces, creating a realistic lived-in appearance. The image emphasizes domestic functionality and organization while showcasing the appliances.","A kitchen interior contains wooden cabinets, a refrigerator, a stove, countertops, and cleaning supplies arranged around the room. Various household items are visible near the sink and work surfaces, creating a realistic lived-in appearance. The image emphasizes domestic functionality and organization while showcasing the appliances.",/Users/yixiaoz/Desktop/cs348k_proj/outputs/controlNetScale/controlnet_canny/cfg_7p5_control_0p5/000000007574/target.png,/Users/yixiaoz/Desktop/cs348k_proj/outputs/controlNetScale/controlnet_canny/cfg_7p5_control_0p5/000000007574/canny.png,/Users/yixiaoz/Desktop/cs348k_proj/outputs/controlNetScale/controlnet_canny/cfg_7p5_control_0p5/000000007574/generated.png,dense_text_plus_canny,5,7.5,0.5,20,0.6051,0.424,32.7683
88040,"Plates of shrimp, vegetables, and noodles served with tea.","Several plates of food are arranged on a table viewed from above, including shrimp, vegetables, noodles, and accompanying beverages. Bowls, cups, and serving dishes contribute to the inviting dining presentation. The meal appears carefully prepared and shared among multiple people. The image highlights culinary variety.","Several plates of food are arranged on a table viewed from above, including shrimp, vegetables, noodles, and accompanying beverages. Bowls, cups, and serving dishes contribute to the inviting dining presentation. The meal appears carefully prepared and shared among multiple people. The image highlights culinary variety.",/Users/yixiaoz/Desktop/cs348k_proj/outputs/controlNetScale/controlnet_canny/cfg_7p5_control_0p5/000000088040/target.png,/Users/yixiaoz/Desktop/cs348k_proj/outputs/controlNetScale/controlnet_canny/cfg_7p5_control_0p5/000000088040/canny.png,/Users/yixiaoz/Desktop/cs348k_proj/outputs/controlNetScale/controlnet_canny/cfg_7p5_control_0p5/000000088040/generated.png,dense_text_plus_canny,5,7.5,0.5,20,0.5754,0.3152,33.1763
4134,Two men standing next to each other holding hands.,"Two men stand together at a formal event while greeting one another and shaking hands. Other attendees and banquet tables are visible in the background, suggesting a conference, reception, or celebration. Their professional attire and engaged expressions indicate a respectful social interaction. The image highlights.","Two men stand together at a formal event while greeting one another and shaking hands. Other attendees and banquet tables are visible in the background, suggesting a conference, reception, or celebration. Their professional attire and engaged expressions indicate a respectful social interaction. The image highlights.",/Users/yixiaoz/Desktop/cs348k_proj/outputs/controlNetScale/controlnet_canny/cfg_7p5_control_0p5/000000004134/target.png,/Users/yixiaoz/Desktop/cs348k_proj/outputs/controlNetScale/controlnet_canny/cfg_7p5_control_0p5/000000004134/canny.png,/Users/yixiaoz/Desktop/cs348k_proj/outputs/controlNetScale/controlnet_canny/cfg_7p5_control_0p5/000000004134/generated.png,dense_text_plus_canny,5,7.5,0.5,20,0.5271,0.2588,34.9821
39769,Two cats sleeping with a remote control near each of them.,Two cats sleep peacefully on a bright pink blanket with television remotes placed nearby. Their relaxed poses and stretched bodies create a calm and comfortable scene. The indoor setting suggests a living room or bedroom where the animals have chosen a soft resting place. The.,Two cats sleep peacefully on a bright pink blanket with television remotes placed nearby. Their relaxed poses and stretched bodies create a calm and comfortable scene. The indoor setting suggests a living room or bedroom where the animals have chosen a soft resting place. The.,/Users/yixiaoz/Desktop/cs348k_proj/outputs/controlNetScale/controlnet_canny/cfg_7p5_control_0p5/000000039769/target.png,/Users/yixiaoz/Desktop/cs348k_proj/outputs/controlNetScale/controlnet_canny/cfg_7p5_control_0p5/000000039769/canny.png,/Users/yixiaoz/Desktop/cs348k_proj/outputs/controlNetScale/controlnet_canny/cfg_7p5_control_0p5/000000039769/generated.png,dense_text_plus_canny,5,7.5,0.5,20,0.7109,0.3851,34.8655
14439,A group of people standing on a field flying a colorful kite.,"A group of people stand together in a grassy park while flying a large colorful kite. Open space, recreational equipment, and other visitors create a lively outdoor environment. Participants work together to manage the kite as it catches the wind above the field. The image.","A group of people stand together in a grassy park while flying a large colorful kite. Open space, recreational equipment, and other visitors create a lively outdoor environment. Participants work together to manage the kite as it catches the wind above the field. The image.",/Users/yixiaoz/Desktop/cs348k_proj/outputs/controlNetScale/controlnet_canny/cfg_7p5_control_0p5/000000014439/target.png,/Users/yixiaoz/Desktop/cs348k_proj/outputs/controlNetScale/controlnet_canny/cfg_7p5_control_0p5/000000014439/canny.png,/Users/yixiaoz/Desktop/cs348k_proj/outputs/controlNetScale/controlnet_canny/cfg_7p5_control_0p5/000000014439/generated.png,dense_text_plus_canny,5,7.5,0.5,20,0.493,0.2594,40.3233
104669,"A plate with a meal of meat, potatoes, carrots, and broccoli.","A plate holds a complete meal featuring a piece of meat alongside potatoes, carrots, broccoli, and other vegetables. The arrangement is neatly presented, suggesting a restaurant dish or carefully prepared home-cooked dinner. Bright colors from the vegetables contrast with the darker entrée. The image emphasizes.","A plate holds a complete meal featuring a piece of meat alongside potatoes, carrots, broccoli, and other vegetables. The arrangement is neatly presented, suggesting a restaurant dish or carefully prepared home-cooked dinner. Bright colors from the vegetables contrast with the darker entrée. The image emphasizes.",/Users/yixiaoz/Desktop/cs348k_proj/outputs/controlNetScale/controlnet_canny/cfg_7p5_control_0p5/000000104669/target.png,/Users/yixiaoz/Desktop/cs348k_proj/outputs/controlNetScale/controlnet_canny/cfg_7p5_control_0p5/000000104669/canny.png,/Users/yixiaoz/Desktop/cs348k_proj/outputs/controlNetScale/controlnet_canny/cfg_7p5_control_0p5/000000104669/generated.png,dense_text_plus_canny,5,7.5,0.5,20,0.6779,0.3857,34.8079
11149,A man sitting on a motorcycle near several bicycles with a partially visible person standing nearby.,"A motorcycle is parked near several bicycles while people stand nearby in an outdoor setting. The collection of vehicles suggests a shared recreational or transportation area. Trees, pathways, and surrounding activity contribute to the public atmosphere. The image highlights different modes of personal transportation and.","A motorcycle is parked near several bicycles while people stand nearby in an outdoor setting. The collection of vehicles suggests a shared recreational or transportation area. Trees, pathways, and surrounding activity contribute to the public atmosphere. The image highlights different modes of personal transportation and.",/Users/yixiaoz/Desktop/cs348k_proj/outputs/controlNetScale/controlnet_canny/cfg_7p5_control_0p5/000000011149/target.png,/Users/yixiaoz/Desktop/cs348k_proj/outputs/controlNetScale/controlnet_canny/cfg_7p5_control_0p5/000000011149/canny.png,/Users/yixiaoz/Desktop/cs348k_proj/outputs/controlNetScale/controlnet_canny/cfg_7p5_control_0p5/000000011149/generated.png,dense_text_plus_canny,5,7.5,0.5,20,0.558,0.4181,31.864
52996,A group of women in military outfits helping other women in a kitchen.,"A group of women wearing military-style uniforms work together in a kitchen while preparing food. Large pots, utensils, and work surfaces indicate an organized cooking effort intended to serve many people. Their coordinated activity reflects teamwork and shared responsibility. The image highlights food preparation, community.","A group of women wearing military-style uniforms work together in a kitchen while preparing food. Large pots, utensils, and work surfaces indicate an organized cooking effort intended to serve many people. Their coordinated activity reflects teamwork and shared responsibility. The image highlights food preparation, community.",/Users/yixiaoz/Desktop/cs348k_proj/outputs/controlNetScale/controlnet_canny/cfg_7p5_control_0p5/000000052996/target.png,/Users/yixiaoz/Desktop/cs348k_proj/outputs/controlNetScale/controlnet_canny/cfg_7p5_control_0p5/000000052996/canny.png,/Users/yixiaoz/Desktop/cs348k_proj/outputs/controlNetScale/controlnet_canny/cfg_7p5_control_0p5/000000052996/generated.png,dense_text_plus_canny,5,7.5,0.5,20,0.5924,0.4723,34.231
30213,"The picture shows the interior of a kitchen, with vintage refrigerator, stove, and other appliances.","The interior of a vintage-style kitchen is filled with retro appliances, patterned wallpaper, wooden cabinets, and decorative household items. A classic refrigerator, stove, sink, and dining furniture create a nostalgic atmosphere reminiscent of mid-century home design. Various utensils, containers, and decorations are arranged throughout the.","The interior of a vintage-style kitchen is filled with retro appliances, patterned wallpaper, wooden cabinets, and decorative household items. A classic refrigerator, stove, sink, and dining furniture create a nostalgic atmosphere reminiscent of mid-century home design. Various utensils, containers, and decorations are arranged throughout the.",/Users/yixiaoz/Desktop/cs348k_proj/outputs/controlNetScale/controlnet_canny/cfg_7p5_control_0p5/000000030213/target.png,/Users/yixiaoz/Desktop/cs348k_proj/outputs/controlNetScale/controlnet_canny/cfg_7p5_control_0p5/000000030213/canny.png,/Users/yixiaoz/Desktop/cs348k_proj/outputs/controlNetScale/controlnet_canny/cfg_7p5_control_0p5/000000030213/generated.png,dense_text_plus_canny,5,7.5,0.5,20,0.6497,0.4075,33.3262
56127,"A room with a fire extinguisher, mugs hanging from a shelf and several lights.","A narrow interior room contains shelves lined with mugs, a fire extinguisher, counters, hanging lights, and decorative details. Warm lighting and colorful walls create a welcoming atmosphere that resembles a small café, restaurant service area, or compact workspace. The room is carefully organized to maximize.","A narrow interior room contains shelves lined with mugs, a fire extinguisher, counters, hanging lights, and decorative details. Warm lighting and colorful walls create a welcoming atmosphere that resembles a small café, restaurant service area, or compact workspace. The room is carefully organized to maximize.",/Users/yixiaoz/Desktop/cs348k_proj/outputs/controlNetScale/controlnet_canny/cfg_7p5_control_0p5/000000056127/target.png,/Users/yixiaoz/Desktop/cs348k_proj/outputs/controlNetScale/controlnet_canny/cfg_7p5_control_0p5/000000056127/canny.png,/Users/yixiaoz/Desktop/cs348k_proj/outputs/controlNetScale/controlnet_canny/cfg_7p5_control_0p5/000000056127/generated.png,dense_text_plus_canny,5,7.5,0.5,20,0.6706,0.3686,32.5138
84031,A batter swinging a bat at a baseball with the catcher and umpire behind him.,A baseball player swings at a pitch while the catcher and umpire closely follow the action behind home plate. The game takes place on a well-maintained field surrounded by spectators and stadium structures. The batter’s posture captures the intensity and timing required in competitive baseball.,A baseball player swings at a pitch while the catcher and umpire closely follow the action behind home plate. The game takes place on a well-maintained field surrounded by spectators and stadium structures. The batter’s posture captures the intensity and timing required in competitive baseball.,/Users/yixiaoz/Desktop/cs348k_proj/outputs/controlNetScale/controlnet_canny/cfg_7p5_control_0p5/000000084031/target.png,/Users/yixiaoz/Desktop/cs348k_proj/outputs/controlNetScale/controlnet_canny/cfg_7p5_control_0p5/000000084031/canny.png,/Users/yixiaoz/Desktop/cs348k_proj/outputs/controlNetScale/controlnet_canny/cfg_7p5_control_0p5/000000084031/generated.png,dense_text_plus_canny,5,7.5,0.5,20,0.5099,0.3557,31.6991
74209,A black and stainless steel kitchen with a snack bar and bar stools.,"A modern kitchen features stainless steel appliances, polished countertops, pendant lighting, and a snack bar lined with stools. The clean design emphasizes contemporary architecture and efficient use of space. Cabinets, sinks, and work surfaces are neatly arranged to support cooking and dining activities. The room.","A modern kitchen features stainless steel appliances, polished countertops, pendant lighting, and a snack bar lined with stools. The clean design emphasizes contemporary architecture and efficient use of space. Cabinets, sinks, and work surfaces are neatly arranged to support cooking and dining activities. The room.",/Users/yixiaoz/Desktop/cs348k_proj/outputs/controlNetScale/controlnet_canny/cfg_7p5_control_0p5/000000074209/target.png,/Users/yixiaoz/Desktop/cs348k_proj/outputs/controlNetScale/controlnet_canny/cfg_7p5_control_0p5/000000074209/canny.png,/Users/yixiaoz/Desktop/cs348k_proj/outputs/controlNetScale/controlnet_canny/cfg_7p5_control_0p5/000000074209/generated.png,dense_text_plus_canny,5,7.5,0.5,20,0.5455,0.3669,32.0041
52891,A dog walking on the beach with a frizzbe in his month.,"A dog stands on a sandy beach while carrying a bright yellow frisbee in its mouth. Ocean water, waves, and distant shoreline scenery create a scenic coastal backdrop. The animal appears alert and energetic, as if engaged in a game of fetch with its owner.","A dog stands on a sandy beach while carrying a bright yellow frisbee in its mouth. Ocean water, waves, and distant shoreline scenery create a scenic coastal backdrop. The animal appears alert and energetic, as if engaged in a game of fetch with its owner.",/Users/yixiaoz/Desktop/cs348k_proj/outputs/controlNetScale/controlnet_canny/cfg_7p5_control_0p5/000000052891/target.png,/Users/yixiaoz/Desktop/cs348k_proj/outputs/controlNetScale/controlnet_canny/cfg_7p5_control_0p5/000000052891/canny.png,/Users/yixiaoz/Desktop/cs348k_proj/outputs/controlNetScale/controlnet_canny/cfg_7p5_control_0p5/000000052891/generated.png,dense_text_plus_canny,5,7.5,0.5,20,0.6423,0.4576,37.6608
99039,Plates of food and two glasses of red wine are on a table.,Several plates of food and two glasses of red wine are arranged on a table beside a large window overlooking greenery and nearby buildings. The setting appears to be a restaurant or dining area where people are enjoying a meal together. Soft natural light enters.,Several plates of food and two glasses of red wine are arranged on a table beside a large window overlooking greenery and nearby buildings. The setting appears to be a restaurant or dining area where people are enjoying a meal together. Soft natural light enters.,/Users/yixiaoz/Desktop/cs348k_proj/outputs/controlNetScale/controlnet_canny/cfg_7p5_control_0p5/000000099039/target.png,/Users/yixiaoz/Desktop/cs348k_proj/outputs/controlNetScale/controlnet_canny/cfg_7p5_control_0p5/000000099039/canny.png,/Users/yixiaoz/Desktop/cs348k_proj/outputs/controlNetScale/controlnet_canny/cfg_7p5_control_0p5/000000099039/generated.png,dense_text_plus_canny,5,7.5,0.5,20,0.6063,0.4145,33.6868
66635,"An apple computer monitor, keyboard and mouse sits on top of a clean wooden desk.","An Apple desktop computer sits on a clean wooden desk alongside a keyboard and mouse. The workspace is simple, organized, and free from clutter, emphasizing productivity and focus. The monitor occupies the center of the arrangement while the surrounding furniture provides ample working space. The.","An Apple desktop computer sits on a clean wooden desk alongside a keyboard and mouse. The workspace is simple, organized, and free from clutter, emphasizing productivity and focus. The monitor occupies the center of the arrangement while the surrounding furniture provides ample working space. The.",/Users/yixiaoz/Desktop/cs348k_proj/outputs/controlNetScale/controlnet_canny/cfg_7p5_control_0p5/000000066635/target.png,/Users/yixiaoz/Desktop/cs348k_proj/outputs/controlNetScale/controlnet_canny/cfg_7p5_control_0p5/000000066635/canny.png,/Users/yixiaoz/Desktop/cs348k_proj/outputs/controlNetScale/controlnet_canny/cfg_7p5_control_0p5/000000066635/generated.png,dense_text_plus_canny,5,7.5,0.5,20,0.4439,0.2451,34.8342
107226,Men race on wheeled vehicles towed by a group of husky dogs.,Competitors participate in a dog-powered racing event where huskies pull wheeled vehicles through an outdoor course. Spectators gather nearby to watch the action while handlers guide the dogs. The animals appear strong and energetic as they work together as a team. The image highlights sporting.,Competitors participate in a dog-powered racing event where huskies pull wheeled vehicles through an outdoor course. Spectators gather nearby to watch the action while handlers guide the dogs. The animals appear strong and energetic as they work together as a team. The image highlights sporting.,/Users/yixiaoz/Desktop/cs348k_proj/outputs/controlNetScale/controlnet_canny/cfg_7p5_control_0p5/000000107226/target.png,/Users/yixiaoz/Desktop/cs348k_proj/outputs/controlNetScale/controlnet_canny/cfg_7p5_control_0p5/000000107226/canny.png,/Users/yixiaoz/Desktop/cs348k_proj/outputs/controlNetScale/controlnet_canny/cfg_7p5_control_0p5/000000107226/generated.png,dense_text_plus_canny,5,7.5,0.5,20,0.6969,0.491,39.1103
14038,A kitchen with hard wood floors and a yellow smiley face balloon.,"A living room decorated for a celebration contains colorful balloons, furniture, and a large yellow smiley-face balloon suspended near the ceiling. The room features wooden flooring, entertainment equipment, and decorative touches that create a festive atmosphere. The arrangement suggests a birthday party or social gathering.","A living room decorated for a celebration contains colorful balloons, furniture, and a large yellow smiley-face balloon suspended near the ceiling. The room features wooden flooring, entertainment equipment, and decorative touches that create a festive atmosphere. The arrangement suggests a birthday party or social gathering.",/Users/yixiaoz/Desktop/cs348k_proj/outputs/controlNetScale/controlnet_canny/cfg_7p5_control_0p5/000000014038/target.png,/Users/yixiaoz/Desktop/cs348k_proj/outputs/controlNetScale/controlnet_canny/cfg_7p5_control_0p5/000000014038/canny.png,/Users/yixiaoz/Desktop/cs348k_proj/outputs/controlNetScale/controlnet_canny/cfg_7p5_control_0p5/000000014038/generated.png,dense_text_plus_canny,5,7.5,0.5,20,0.7349,0.5211,37.2558
114884,"A woman with a cigarette standing, while a group of people with luggage walk towards a bus.","A woman stands inside a transportation terminal while travelers carrying luggage move through the background toward buses or other transit services. The spacious facility contains seating areas, structural supports, and signs associated with public transportation. People appear focused on their journeys as they navigate the.","A woman stands inside a transportation terminal while travelers carrying luggage move through the background toward buses or other transit services. The spacious facility contains seating areas, structural supports, and signs associated with public transportation. People appear focused on their journeys as they navigate the.",/Users/yixiaoz/Desktop/cs348k_proj/outputs/controlNetScale/controlnet_canny/cfg_7p5_control_0p5/000000114884/target.png,/Users/yixiaoz/Desktop/cs348k_proj/outputs/controlNetScale/controlnet_canny/cfg_7p5_control_0p5/000000114884/canny.png,/Users/yixiaoz/Desktop/cs348k_proj/outputs/controlNetScale/controlnet_canny/cfg_7p5_control_0p5/000000114884/generated.png,dense_text_plus_canny,5,7.5,0.5,20,0.6549,0.5385,30.9607
12120,A couple of women playing a game of tennis on a tennis court.,"Two women compete in a tennis match on a professional court surrounded by spectators and stadium seating. Both athletes focus intensely on the ball as they move across the blue playing surface. The sporting venue includes advertising displays, officials, and fans observing the competition. The.","Two women compete in a tennis match on a professional court surrounded by spectators and stadium seating. Both athletes focus intensely on the ball as they move across the blue playing surface. The sporting venue includes advertising displays, officials, and fans observing the competition. The.",/Users/yixiaoz/Desktop/cs348k_proj/outputs/controlNetScale/controlnet_canny/cfg_7p5_control_0p5/000000012120/target.png,/Users/yixiaoz/Desktop/cs348k_proj/outputs/controlNetScale/controlnet_canny/cfg_7p5_control_0p5/000000012120/canny.png,/Users/yixiaoz/Desktop/cs348k_proj/outputs/controlNetScale/controlnet_canny/cfg_7p5_control_0p5/000000012120/generated.png,dense_text_plus_canny,5,7.5,0.5,20,0.5441,0.2522,36.2658
87470,a big heard of cows walking down a road in a row with green tags on their ears,A large herd of cattle walks together along a rural road bordered by open countryside. The animals move in an organized line while green ear tags help identify members of the herd. Rolling terrain and natural vegetation create an agricultural landscape in the background. The.,A large herd of cattle walks together along a rural road bordered by open countryside. The animals move in an organized line while green ear tags help identify members of the herd. Rolling terrain and natural vegetation create an agricultural landscape in the background. The.,/Users/yixiaoz/Desktop/cs348k_proj/outputs/controlNetScale/controlnet_canny/cfg_7p5_control_0p5/000000087470/target.png,/Users/yixiaoz/Desktop/cs348k_proj/outputs/controlNetScale/controlnet_canny/cfg_7p5_control_0p5/000000087470/canny.png,/Users/yixiaoz/Desktop/cs348k_proj/outputs/controlNetScale/controlnet_canny/cfg_7p5_control_0p5/000000087470/generated.png,dense_text_plus_canny,5,7.5,0.5,20,0.5653,0.3266,32.3391
41872,"A bedroom with  a large bed facing a fireplace that has a television over the top of it, in a shelf space.","A comfortable bedroom contains a large bed, fireplace, television, built-in shelving, and warm lighting. Soft furnishings and decorative details create a relaxing atmosphere designed for rest and comfort. The layout resembles a hotel suite or upscale residential bedroom where entertainment and relaxation are combined in.","A comfortable bedroom contains a large bed, fireplace, television, built-in shelving, and warm lighting. Soft furnishings and decorative details create a relaxing atmosphere designed for rest and comfort. The layout resembles a hotel suite or upscale residential bedroom where entertainment and relaxation are combined in.",/Users/yixiaoz/Desktop/cs348k_proj/outputs/controlNetScale/controlnet_canny/cfg_7p5_control_0p5/000000041872/target.png,/Users/yixiaoz/Desktop/cs348k_proj/outputs/controlNetScale/controlnet_canny/cfg_7p5_control_0p5/000000041872/canny.png,/Users/yixiaoz/Desktop/cs348k_proj/outputs/controlNetScale/controlnet_canny/cfg_7p5_control_0p5/000000041872/generated.png,dense_text_plus_canny,5,7.5,0.5,20,0.7105,0.3886,32.1543
60899,The young boy is playing in the living room of his house.,"A young boy plays in a living room while raising an object above his head. Household furniture, rugs, and natural light create a comfortable domestic setting. The child appears energetic and engaged in imaginative play. The image captures a candid family moment that reflects childhood.","A young boy plays in a living room while raising an object above his head. Household furniture, rugs, and natural light create a comfortable domestic setting. The child appears energetic and engaged in imaginative play. The image captures a candid family moment that reflects childhood.",/Users/yixiaoz/Desktop/cs348k_proj/outputs/controlNetScale/controlnet_canny/cfg_7p5_control_0p5/000000060899/target.png,/Users/yixiaoz/Desktop/cs348k_proj/outputs/controlNetScale/controlnet_canny/cfg_7p5_control_0p5/000000060899/canny.png,/Users/yixiaoz/Desktop/cs348k_proj/outputs/controlNetScale/controlnet_canny/cfg_7p5_control_0p5/000000060899/generated.png,dense_text_plus_canny,5,7.5,0.5,20,0.5858,0.3823,30.5233
46872,a man standing next to a truck with some stuff on it,"A man stands beside a flatbed truck loaded with large industrial materials and equipment. The outdoor setting suggests a construction, transportation, or delivery operation. The truck occupies most of the scene while the worker appears to inspect or supervise the cargo. The image highlights logistics.","A man stands beside a flatbed truck loaded with large industrial materials and equipment. The outdoor setting suggests a construction, transportation, or delivery operation. The truck occupies most of the scene while the worker appears to inspect or supervise the cargo. The image highlights logistics.",/Users/yixiaoz/Desktop/cs348k_proj/outputs/controlNetScale/controlnet_canny/cfg_7p5_control_0p5/000000046872/target.png,/Users/yixiaoz/Desktop/cs348k_proj/outputs/controlNetScale/controlnet_canny/cfg_7p5_control_0p5/000000046872/canny.png,/Users/yixiaoz/Desktop/cs348k_proj/outputs/controlNetScale/controlnet_canny/cfg_7p5_control_0p5/000000046872/generated.png,dense_text_plus_canny,5,7.5,0.5,20,0.6029,0.5443,29.3798
33638,A woman wearing shorts bends over a frying pan on a stove.,"A woman bends over a stove while preparing food in a traditional kitchen. Pots, utensils, and cooking equipment surround her as she works on a meal. The room contains functional appliances and furnishings that support everyday household cooking. The image emphasizes domestic life, food preparation.","A woman bends over a stove while preparing food in a traditional kitchen. Pots, utensils, and cooking equipment surround her as she works on a meal. The room contains functional appliances and furnishings that support everyday household cooking. The image emphasizes domestic life, food preparation.",/Users/yixiaoz/Desktop/cs348k_proj/outputs/controlNetScale/controlnet_canny/cfg_7p5_control_0p5/000000033638/target.png,/Users/yixiaoz/Desktop/cs348k_proj/outputs/controlNetScale/controlnet_canny/cfg_7p5_control_0p5/000000033638/canny.png,/Users/yixiaoz/Desktop/cs348k_proj/outputs/controlNetScale/controlnet_canny/cfg_7p5_control_0p5/000000033638/generated.png,dense_text_plus_canny,5,7.5,0.5,20,0.6817,0.5825,36.9136
66038,The father and daughter are under an umbrella on the beach.,"A father and daughter relax beneath colorful beach umbrellas near the shoreline. Sand, water, and bright weather create a pleasant coastal environment suited for recreation and family outings. The pair appear comfortable as they spend time together enjoying the outdoors. The image highlights family relationships.","A father and daughter relax beneath colorful beach umbrellas near the shoreline. Sand, water, and bright weather create a pleasant coastal environment suited for recreation and family outings. The pair appear comfortable as they spend time together enjoying the outdoors. The image highlights family relationships.",/Users/yixiaoz/Desktop/cs348k_proj/outputs/controlNetScale/controlnet_canny/cfg_7p5_control_0p5/000000066038/target.png,/Users/yixiaoz/Desktop/cs348k_proj/outputs/controlNetScale/controlnet_canny/cfg_7p5_control_0p5/000000066038/canny.png,/Users/yixiaoz/Desktop/cs348k_proj/outputs/controlNetScale/controlnet_canny/cfg_7p5_control_0p5/000000066038/generated.png,dense_text_plus_canny,5,7.5,0.5,20,0.6654,0.3174,34.9491
86582,A person watering plants with a computer in the foreground.,"A laptop computer sits prominently in the foreground while a person tends plants in the background. Potted plants, gardening supplies, and outdoor views create a peaceful setting that combines technology with nature. The scene suggests remote work, personal projects, or a lifestyle that balances digital.","A laptop computer sits prominently in the foreground while a person tends plants in the background. Potted plants, gardening supplies, and outdoor views create a peaceful setting that combines technology with nature. The scene suggests remote work, personal projects, or a lifestyle that balances digital.",/Users/yixiaoz/Desktop/cs348k_proj/outputs/controlNetScale/controlnet_canny/cfg_7p5_control_0p5/000000086582/target.png,/Users/yixiaoz/Desktop/cs348k_proj/outputs/controlNetScale/controlnet_canny/cfg_7p5_control_0p5/000000086582/canny.png,/Users/yixiaoz/Desktop/cs348k_proj/outputs/controlNetScale/controlnet_canny/cfg_7p5_control_0p5/000000086582/generated.png,dense_text_plus_canny,5,7.5,0.5,20,0.6241,0.3905,36.8078
32610,Assortment of laptop computers displayed on table with backpacks full of electronic cords.,"Multiple laptop computers, backpacks, cables, and electronic accessories are displayed across a table. The collection of equipment suggests a workshop, conference, classroom, or technology-focused event. Devices are arranged side by side, emphasizing preparation and connectivity. The image highlights digital tools used for communication, learning, and.","Multiple laptop computers, backpacks, cables, and electronic accessories are displayed across a table. The collection of equipment suggests a workshop, conference, classroom, or technology-focused event. Devices are arranged side by side, emphasizing preparation and connectivity. The image highlights digital tools used for communication, learning, and.",/Users/yixiaoz/Desktop/cs348k_proj/outputs/controlNetScale/controlnet_canny/cfg_7p5_control_0p5/000000032610/target.png,/Users/yixiaoz/Desktop/cs348k_proj/outputs/controlNetScale/controlnet_canny/cfg_7p5_control_0p5/000000032610/canny.png,/Users/yixiaoz/Desktop/cs348k_proj/outputs/controlNetScale/controlnet_canny/cfg_7p5_control_0p5/000000032610/generated.png,dense_text_plus_canny,5,7.5,0.5,20,0.6359,0.4448,32.9847
8021,An audience is looking at an film of a man taking that is projected onto a wall.,"A speaker stands in front of a large projected image while addressing an audience seated in a darkened room. The presentation appears to be part of a conference, lecture, or public event. Audience members focus on the stage while the presenter gestures toward visual material.","A speaker stands in front of a large projected image while addressing an audience seated in a darkened room. The presentation appears to be part of a conference, lecture, or public event. Audience members focus on the stage while the presenter gestures toward visual material.",/Users/yixiaoz/Desktop/cs348k_proj/outputs/controlNetScale/controlnet_canny/cfg_7p5_control_0p5/000000008021/target.png,/Users/yixiaoz/Desktop/cs348k_proj/outputs/controlNetScale/controlnet_canny/cfg_7p5_control_0p5/000000008021/canny.png,/Users/yixiaoz/Desktop/cs348k_proj/outputs/controlNetScale/controlnet_canny/cfg_7p5_control_0p5/000000008021/generated.png,dense_text_plus_canny,5,7.5,0.5,20,0.5778,0.4298,34.1819
81738,Someone about to cut and birthday cake with blue and yellow frosting.,"A rectangular birthday cake decorated with blue and yellow frosting sits on a kitchen counter while a person uses a knife to cut into it. The cake appears homemade or specially prepared for a celebration, with decorative writing and icing patterns spread across the surface.","A rectangular birthday cake decorated with blue and yellow frosting sits on a kitchen counter while a person uses a knife to cut into it. The cake appears homemade or specially prepared for a celebration, with decorative writing and icing patterns spread across the surface.",/Users/yixiaoz/Desktop/cs348k_proj/outputs/controlNetScale/controlnet_canny/cfg_7p5_control_0p5/000000081738/target.png,/Users/yixiaoz/Desktop/cs348k_proj/outputs/controlNetScale/controlnet_canny/cfg_7p5_control_0p5/000000081738/canny.png,/Users/yixiaoz/Desktop/cs348k_proj/outputs/controlNetScale/controlnet_canny/cfg_7p5_control_0p5/000000081738/generated.png,dense_text_plus_canny,5,7.5,0.5,20,0.6289,0.4348,37.6793
94944,A skier on skies and a snowboarder carrying a snowboard on a mountain slope.,"Several people are gathered on a snowy mountain slope surrounded by dramatic alpine scenery and distant snow-covered peaks. One individual carries a snowboard while others prepare equipment or rest nearby. The expansive landscape dominates the background, emphasizing the scale of the mountainous environment. The image.","Several people are gathered on a snowy mountain slope surrounded by dramatic alpine scenery and distant snow-covered peaks. One individual carries a snowboard while others prepare equipment or rest nearby. The expansive landscape dominates the background, emphasizing the scale of the mountainous environment. The image.",/Users/yixiaoz/Desktop/cs348k_proj/outputs/controlNetScale/controlnet_canny/cfg_7p5_control_0p5/000000094944/target.png,/Users/yixiaoz/Desktop/cs348k_proj/outputs/controlNetScale/controlnet_canny/cfg_7p5_control_0p5/000000094944/canny.png,/Users/yixiaoz/Desktop/cs348k_proj/outputs/controlNetScale/controlnet_canny/cfg_7p5_control_0p5/000000094944/generated.png,dense_text_plus_canny,5,7.5,0.5,20,0.6114,0.481,32.0617
48504,A brown and a gray elephant are in a circus ring and the brown elephant is walking behind the gray elephant as well as two people training them are standing nearby.,Two elephants stand inside a large indoor training or exhibition space while handlers supervise them nearby. One elephant follows behind the other as they move across the floor beneath overhead lighting and structural beams. Equipment and barriers suggest a controlled environment designed for animal care.,Two elephants stand inside a large indoor training or exhibition space while handlers supervise them nearby. One elephant follows behind the other as they move across the floor beneath overhead lighting and structural beams. Equipment and barriers suggest a controlled environment designed for animal care.,/Users/yixiaoz/Desktop/cs348k_proj/outputs/controlNetScale/controlnet_canny/cfg_7p5_control_0p5/000000048504/target.png,/Users/yixiaoz/Desktop/cs348k_proj/outputs/controlNetScale/controlnet_canny/cfg_7p5_control_0p5/000000048504/canny.png,/Users/yixiaoz/Desktop/cs348k_proj/outputs/controlNetScale/controlnet_canny/cfg_7p5_control_0p5/000000048504/generated.png,dense_text_plus_canny,5,7.5,0.5,20,0.5825,0.404,40.6286
69213,Two men who are wearing suits and hats standing next to each other.,"Two men wearing dark suits and matching hats stand side by side outdoors while looking toward the camera. Their formal attire contrasts with the busy background, where people and vehicles are visible. The pair appear composed and confident, suggesting they may be attending a formal.","Two men wearing dark suits and matching hats stand side by side outdoors while looking toward the camera. Their formal attire contrasts with the busy background, where people and vehicles are visible. The pair appear composed and confident, suggesting they may be attending a formal.",/Users/yixiaoz/Desktop/cs348k_proj/outputs/controlNetScale/controlnet_canny/cfg_7p5_control_0p5/000000069213/target.png,/Users/yixiaoz/Desktop/cs348k_proj/outputs/controlNetScale/controlnet_canny/cfg_7p5_control_0p5/000000069213/canny.png,/Users/yixiaoz/Desktop/cs348k_proj/outputs/controlNetScale/controlnet_canny/cfg_7p5_control_0p5/000000069213/generated.png,dense_text_plus_canny,5,7.5,0.5,20,0.5306,0.3619,37.115
44877,Two people are in a wheelchair and only one of them is holding a racket.,"Two people are positioned on a tennis court, one seated in a wheelchair while holding a tennis racket. The scene highlights adaptive sports and athletic participation regardless of physical ability. Both individuals focus on the activity taking place on the court, surrounded by fencing and.","Two people are positioned on a tennis court, one seated in a wheelchair while holding a tennis racket. The scene highlights adaptive sports and athletic participation regardless of physical ability. Both individuals focus on the activity taking place on the court, surrounded by fencing and.",/Users/yixiaoz/Desktop/cs348k_proj/outputs/controlNetScale/controlnet_canny/cfg_7p5_control_0p5/000000044877/target.png,/Users/yixiaoz/Desktop/cs348k_proj/outputs/controlNetScale/controlnet_canny/cfg_7p5_control_0p5/000000044877/canny.png,/Users/yixiaoz/Desktop/cs348k_proj/outputs/controlNetScale/controlnet_canny/cfg_7p5_control_0p5/000000044877/generated.png,dense_text_plus_canny,5,7.5,0.5,20,0.6468,0.3076,31.061
74058,A sidewalk next to the outdoor sitting area of a restaurant.,"A black-and-white street scene shows a sidewalk café or restaurant with outdoor seating positioned beside a busy road. Bicycles are parked nearby while tables and chairs extend beneath awnings. Cars line the street and pedestrians move through the area. The monochrome presentation emphasizes geometry, shadows.","A black-and-white street scene shows a sidewalk café or restaurant with outdoor seating positioned beside a busy road. Bicycles are parked nearby while tables and chairs extend beneath awnings. Cars line the street and pedestrians move through the area. The monochrome presentation emphasizes geometry, shadows.",/Users/yixiaoz/Desktop/cs348k_proj/outputs/controlNetScale/controlnet_canny/cfg_7p5_control_0p5/000000074058/target.png,/Users/yixiaoz/Desktop/cs348k_proj/outputs/controlNetScale/controlnet_canny/cfg_7p5_control_0p5/000000074058/canny.png,/Users/yixiaoz/Desktop/cs348k_proj/outputs/controlNetScale/controlnet_canny/cfg_7p5_control_0p5/000000074058/generated.png,dense_text_plus_canny,5,7.5,0.5,20,0.5651,0.3192,34.4203
69356,An Indian woman stands in front of a man selling his fruit,"A fruit vendor stands beside a colorful outdoor market stall filled with oranges, bananas, and other produce. A woman stands nearby while additional people move through the area. Trees and buildings line the background, suggesting a neighborhood street market. The image highlights small-scale commerce, local.","A fruit vendor stands beside a colorful outdoor market stall filled with oranges, bananas, and other produce. A woman stands nearby while additional people move through the area. Trees and buildings line the background, suggesting a neighborhood street market. The image highlights small-scale commerce, local.",/Users/yixiaoz/Desktop/cs348k_proj/outputs/controlNetScale/controlnet_canny/cfg_7p5_control_0p5/000000069356/target.png,/Users/yixiaoz/Desktop/cs348k_proj/outputs/controlNetScale/controlnet_canny/cfg_7p5_control_0p5/000000069356/canny.png,/Users/yixiaoz/Desktop/cs348k_proj/outputs/controlNetScale/controlnet_canny/cfg_7p5_control_0p5/000000069356/generated.png,dense_text_plus_canny,5,7.5,0.5,20,0.6158,0.2933,35.0852
57232,A chair is fashioned from baseball bats and two cushions.,"A chair has been creatively constructed from baseball bats and cushioned seating materials, transforming sporting equipment into functional furniture. Additional decorative items, including a globe and various objects, surround the unusual piece. The craftsmanship demonstrates artistic repurposing and design innovation. The image highlights the intersection.","A chair has been creatively constructed from baseball bats and cushioned seating materials, transforming sporting equipment into functional furniture. Additional decorative items, including a globe and various objects, surround the unusual piece. The craftsmanship demonstrates artistic repurposing and design innovation. The image highlights the intersection.",/Users/yixiaoz/Desktop/cs348k_proj/outputs/controlNetScale/controlnet_canny/cfg_7p5_control_0p5/000000057232/target.png,/Users/yixiaoz/Desktop/cs348k_proj/outputs/controlNetScale/controlnet_canny/cfg_7p5_control_0p5/000000057232/canny.png,/Users/yixiaoz/Desktop/cs348k_proj/outputs/controlNetScale/controlnet_canny/cfg_7p5_control_0p5/000000057232/generated.png,dense_text_plus_canny,5,7.5,0.5,20,0.5531,0.2882,34.6358
5193,A group of people pose for a picture while a man holds two surfboards.,"A group of people gathers indoors for a photograph while one individual holds two colorful surfboards upright. Several children and adults pose together, smiling toward the camera. The surfboards act as focal points, suggesting a beach, surfing, or recreational theme. The image captures a celebratory.","A group of people gathers indoors for a photograph while one individual holds two colorful surfboards upright. Several children and adults pose together, smiling toward the camera. The surfboards act as focal points, suggesting a beach, surfing, or recreational theme. The image captures a celebratory.",/Users/yixiaoz/Desktop/cs348k_proj/outputs/controlNetScale/controlnet_canny/cfg_7p5_control_0p5/000000005193/target.png,/Users/yixiaoz/Desktop/cs348k_proj/outputs/controlNetScale/controlnet_canny/cfg_7p5_control_0p5/000000005193/canny.png,/Users/yixiaoz/Desktop/cs348k_proj/outputs/controlNetScale/controlnet_canny/cfg_7p5_control_0p5/000000005193/generated.png,dense_text_plus_canny,5,7.5,0.5,20,0.6827,0.4989,42.3568
94751,A traffic light and a signpost at a crossroads intersection near a waterway.,"Traffic lights and road signs stand at an intersection near a waterfront area. Fences, streets, and utility structures define the urban landscape while water and distant infrastructure appear in the background. The scene focuses on transportation systems and traffic management rather than people. The image.","Traffic lights and road signs stand at an intersection near a waterfront area. Fences, streets, and utility structures define the urban landscape while water and distant infrastructure appear in the background. The scene focuses on transportation systems and traffic management rather than people. The image.",/Users/yixiaoz/Desktop/cs348k_proj/outputs/controlNetScale/controlnet_canny/cfg_7p5_control_0p5/000000094751/target.png,/Users/yixiaoz/Desktop/cs348k_proj/outputs/controlNetScale/controlnet_canny/cfg_7p5_control_0p5/000000094751/canny.png,/Users/yixiaoz/Desktop/cs348k_proj/outputs/controlNetScale/controlnet_canny/cfg_7p5_control_0p5/000000094751/generated.png,dense_text_plus_canny,5,7.5,0.5,20,0.5782,0.4673,31.8472
13546,Young man on skate board balancing on concrete barrier near sidewalk with small park area near by.,"A skateboarder balances on a concrete structure within a small park while performing a trick. The rider’s posture demonstrates concentration and control as wheels contact the edge of the obstacle. Grass, pathways, and recreational facilities surround the scene. The image captures motion and athletic skill.","A skateboarder balances on a concrete structure within a small park while performing a trick. The rider’s posture demonstrates concentration and control as wheels contact the edge of the obstacle. Grass, pathways, and recreational facilities surround the scene. The image captures motion and athletic skill.",/Users/yixiaoz/Desktop/cs348k_proj/outputs/controlNetScale/controlnet_canny/cfg_7p5_control_0p5/000000013546/target.png,/Users/yixiaoz/Desktop/cs348k_proj/outputs/controlNetScale/controlnet_canny/cfg_7p5_control_0p5/000000013546/canny.png,/Users/yixiaoz/Desktop/cs348k_proj/outputs/controlNetScale/controlnet_canny/cfg_7p5_control_0p5/000000013546/generated.png,dense_text_plus_canny,5,7.5,0.5,20,0.501,0.3414,32.4387
112378,A bunch of bananas on a wooden bench with hammocks in the background.,"A bunch of bananas rests on a wooden bench in an outdoor setting where hammocks and tropical vegetation appear in the background. The fruit is arranged casually, creating a simple still-life composition. Natural lighting and greenery contribute to a relaxed atmosphere. The image highlights everyday.","A bunch of bananas rests on a wooden bench in an outdoor setting where hammocks and tropical vegetation appear in the background. The fruit is arranged casually, creating a simple still-life composition. Natural lighting and greenery contribute to a relaxed atmosphere. The image highlights everyday.",/Users/yixiaoz/Desktop/cs348k_proj/outputs/controlNetScale/controlnet_canny/cfg_7p5_control_0p5/000000112378/target.png,/Users/yixiaoz/Desktop/cs348k_proj/outputs/controlNetScale/controlnet_canny/cfg_7p5_control_0p5/000000112378/canny.png,/Users/yixiaoz/Desktop/cs348k_proj/outputs/controlNetScale/controlnet_canny/cfg_7p5_control_0p5/000000112378/generated.png,dense_text_plus_canny,5,7.5,0.5,20,0.6234,0.4792,39.9369
57672,a river.A group of people with life jacket rowing a long boat in,"A long rowing boat moves across a calm river while a coordinated team of rowers wearing life jackets paddles together. Their synchronized effort propels the vessel through the water as spectators and shoreline features remain visible in the distance. The image highlights teamwork, endurance, and.","A long rowing boat moves across a calm river while a coordinated team of rowers wearing life jackets paddles together. Their synchronized effort propels the vessel through the water as spectators and shoreline features remain visible in the distance. The image highlights teamwork, endurance, and.",/Users/yixiaoz/Desktop/cs348k_proj/outputs/controlNetScale/controlnet_canny/cfg_7p5_control_0p5/000000057672/target.png,/Users/yixiaoz/Desktop/cs348k_proj/outputs/controlNetScale/controlnet_canny/cfg_7p5_control_0p5/000000057672/canny.png,/Users/yixiaoz/Desktop/cs348k_proj/outputs/controlNetScale/controlnet_canny/cfg_7p5_control_0p5/000000057672/generated.png,dense_text_plus_canny,5,7.5,0.5,20,0.5787,0.4049,32.1709
19432,He's almost got this tennis ball at the end of his racket.,"A tennis player focuses intensely on a ball approaching the racket during a match on a professional court. Stadium seating and fencing create the backdrop while the athlete prepares to make contact. The composition freezes a precise moment that requires timing, concentration, and technical skill.","A tennis player focuses intensely on a ball approaching the racket during a match on a professional court. Stadium seating and fencing create the backdrop while the athlete prepares to make contact. The composition freezes a precise moment that requires timing, concentration, and technical skill.",/Users/yixiaoz/Desktop/cs348k_proj/outputs/controlNetScale/controlnet_canny/cfg_7p5_control_0p5/000000019432/target.png,/Users/yixiaoz/Desktop/cs348k_proj/outputs/controlNetScale/controlnet_canny/cfg_7p5_control_0p5/000000019432/canny.png,/Users/yixiaoz/Desktop/cs348k_proj/outputs/controlNetScale/controlnet_canny/cfg_7p5_control_0p5/000000019432/generated.png,dense_text_plus_canny,5,7.5,0.5,20,0.6048,0.3592,31.775
73702,A couple of guys standingoutside in the sun talking to each other.,"Several people stand together outdoors near a transportation or public-service area while engaged in conversation. Some individuals carry bags or wear protective clothing, suggesting travel, work, or transit-related activities. The scene appears candid and documentary in nature, focusing on social interaction rather than posed photography.","Several people stand together outdoors near a transportation or public-service area while engaged in conversation. Some individuals carry bags or wear protective clothing, suggesting travel, work, or transit-related activities. The scene appears candid and documentary in nature, focusing on social interaction rather than posed photography.",/Users/yixiaoz/Desktop/cs348k_proj/outputs/controlNetScale/controlnet_canny/cfg_7p5_control_0p5/000000073702/target.png,/Users/yixiaoz/Desktop/cs348k_proj/outputs/controlNetScale/controlnet_canny/cfg_7p5_control_0p5/000000073702/canny.png,/Users/yixiaoz/Desktop/cs348k_proj/outputs/controlNetScale/controlnet_canny/cfg_7p5_control_0p5/000000073702/generated.png,dense_text_plus_canny,5,7.5,0.5,20,0.5786,0.4963,33.4803
84241,Three women cooking in a professional kitchen together.,"Three women work together inside a professional kitchen while preparing food. Large bowls of vegetables, cookware, and stainless-steel surfaces surround them as they coordinate meal preparation. The environment suggests a restaurant, catering operation, or culinary training setting. The image highlights teamwork, food service, and culinary.","Three women work together inside a professional kitchen while preparing food. Large bowls of vegetables, cookware, and stainless-steel surfaces surround them as they coordinate meal preparation. The environment suggests a restaurant, catering operation, or culinary training setting. The image highlights teamwork, food service, and culinary.",/Users/yixiaoz/Desktop/cs348k_proj/outputs/controlNetScale/controlnet_canny/cfg_7p5_control_0p5/000000084241/target.png,/Users/yixiaoz/Desktop/cs348k_proj/outputs/controlNetScale/controlnet_canny/cfg_7p5_control_0p5/000000084241/canny.png,/Users/yixiaoz/Desktop/cs348k_proj/outputs/controlNetScale/controlnet_canny/cfg_7p5_control_0p5/000000084241/generated.png,dense_text_plus_canny,5,7.5,0.5,20,0.6714,0.4272,35.2177
34417,Donuts traveling down an assembly line in a factory while people work behind it.,"Donuts move along a production line inside a bakery or food-processing facility while workers supervise operations in the background. Conveyors, trays, and industrial equipment are visible throughout the workspace. The image illustrates large-scale food production and the systems used to manufacture baked goods efficiently. It.","Donuts move along a production line inside a bakery or food-processing facility while workers supervise operations in the background. Conveyors, trays, and industrial equipment are visible throughout the workspace. The image illustrates large-scale food production and the systems used to manufacture baked goods efficiently. It.",/Users/yixiaoz/Desktop/cs348k_proj/outputs/controlNetScale/controlnet_canny/cfg_7p5_control_0p5/000000034417/target.png,/Users/yixiaoz/Desktop/cs348k_proj/outputs/controlNetScale/controlnet_canny/cfg_7p5_control_0p5/000000034417/canny.png,/Users/yixiaoz/Desktop/cs348k_proj/outputs/controlNetScale/controlnet_canny/cfg_7p5_control_0p5/000000034417/generated.png,dense_text_plus_canny,5,7.5,0.5,20,0.6049,0.4348,31.3089
25181,A train station with an awning is depicted with a train on the right platform.,"A train station platform extends into the distance beneath a large canopy, creating strong lines and symmetry throughout the composition. A train sits along one side of the platform while signs and architectural details reinforce the sense of order. The black-and-white presentation emphasizes structure and.","A train station platform extends into the distance beneath a large canopy, creating strong lines and symmetry throughout the composition. A train sits along one side of the platform while signs and architectural details reinforce the sense of order. The black-and-white presentation emphasizes structure and.",/Users/yixiaoz/Desktop/cs348k_proj/outputs/controlNetScale/controlnet_canny/cfg_7p5_control_0p5/000000025181/target.png,/Users/yixiaoz/Desktop/cs348k_proj/outputs/controlNetScale/controlnet_canny/cfg_7p5_control_0p5/000000025181/canny.png,/Users/yixiaoz/Desktop/cs348k_proj/outputs/controlNetScale/controlnet_canny/cfg_7p5_control_0p5/000000025181/generated.png,dense_text_plus_canny,5,7.5,0.5,20,0.4651,0.3434,31.9159
67213,"A dog jumping through the air above a pool of water that has been marked for distance, with people watching in the distance.","A dog leaps high above a pool during a dock-diving competition while spectators watch from behind barriers. The animal is captured midair, demonstrating athletic ability, speed, and confidence. Water, measuring equipment, and event organizers suggest a structured sporting competition. The image highlights the bond between.","A dog leaps high above a pool during a dock-diving competition while spectators watch from behind barriers. The animal is captured midair, demonstrating athletic ability, speed, and confidence. Water, measuring equipment, and event organizers suggest a structured sporting competition. The image highlights the bond between.",/Users/yixiaoz/Desktop/cs348k_proj/outputs/controlNetScale/controlnet_canny/cfg_7p5_control_0p5/000000067213/target.png,/Users/yixiaoz/Desktop/cs348k_proj/outputs/controlNetScale/controlnet_canny/cfg_7p5_control_0p5/000000067213/canny.png,/Users/yixiaoz/Desktop/cs348k_proj/outputs/controlNetScale/controlnet_canny/cfg_7p5_control_0p5/000000067213/generated.png,dense_text_plus_canny,5,7.5,0.5,20,0.7055,0.5592,35.3633
94871,A group of people standing around sheep on a field.,"Several sheep stand together in a field while people gather nearby. Different breeds and wool colors create visual variety across the scene. The setting resembles an agricultural fair, livestock exhibition, or rural community event where animals are displayed and evaluated. The image highlights farming culture.","Several sheep stand together in a field while people gather nearby. Different breeds and wool colors create visual variety across the scene. The setting resembles an agricultural fair, livestock exhibition, or rural community event where animals are displayed and evaluated. The image highlights farming culture.",/Users/yixiaoz/Desktop/cs348k_proj/outputs/controlNetScale/controlnet_canny/cfg_7p5_control_0p5/000000094871/target.png,/Users/yixiaoz/Desktop/cs348k_proj/outputs/controlNetScale/controlnet_canny/cfg_7p5_control_0p5/000000094871/canny.png,/Users/yixiaoz/Desktop/cs348k_proj/outputs/controlNetScale/controlnet_canny/cfg_7p5_control_0p5/000000094871/generated.png,dense_text_plus_canny,5,7.5,0.5,20,0.6039,0.3329,33.5583
2685,A crowd of people stand near a man behind a bar with wine bottles on it.,"Several people are gathered around a wooden bar counter inside a restaurant, tasting room, or social event space. A man stands behind the counter near shelves filled with wine bottles while customers stand close together and talk in small groups. The room appears warmly lit.","Several people are gathered around a wooden bar counter inside a restaurant, tasting room, or social event space. A man stands behind the counter near shelves filled with wine bottles while customers stand close together and talk in small groups. The room appears warmly lit.",/Users/yixiaoz/Desktop/cs348k_proj/outputs/controlNetScale/controlnet_canny/cfg_7p5_control_1p0/000000002685/target.png,/Users/yixiaoz/Desktop/cs348k_proj/outputs/controlNetScale/controlnet_canny/cfg_7p5_control_1p0/000000002685/canny.png,/Users/yixiaoz/Desktop/cs348k_proj/outputs/controlNetScale/controlnet_canny/cfg_7p5_control_1p0/000000002685/generated.png,dense_text_plus_canny,5,7.5,1.0,20,0.5629,0.3419,33.2923
6763,A man and a women posing next to one another in front of a table.,"A man and a woman sit close together at a table inside a dimly lit restaurant or bar. The man wears a dress shirt and tie and has his arm around the smiling woman beside him. Plates, utensils, and drinks are visible on the table.","A man and a woman sit close together at a table inside a dimly lit restaurant or bar. The man wears a dress shirt and tie and has his arm around the smiling woman beside him. Plates, utensils, and drinks are visible on the table.",/Users/yixiaoz/Desktop/cs348k_proj/outputs/controlNetScale/controlnet_canny/cfg_7p5_control_1p0/000000006763/target.png,/Users/yixiaoz/Desktop/cs348k_proj/outputs/controlNetScale/controlnet_canny/cfg_7p5_control_1p0/000000006763/canny.png,/Users/yixiaoz/Desktop/cs348k_proj/outputs/controlNetScale/controlnet_canny/cfg_7p5_control_1p0/000000006763/generated.png,dense_text_plus_canny,5,7.5,1.0,20,0.5476,0.3802,34.6689
87144,A baby sitting between a lady and a man on a bench under a tree.,"A woman, a young child, and an elderly man sit on a park bench beneath the shade of a tree. The woman sits on the left wearing a patterned dress, the child sits near the center, and the older man sits on the right wearing.","A woman, a young child, and an elderly man sit on a park bench beneath the shade of a tree. The woman sits on the left wearing a patterned dress, the child sits near the center, and the older man sits on the right wearing.",/Users/yixiaoz/Desktop/cs348k_proj/outputs/controlNetScale/controlnet_canny/cfg_7p5_control_1p0/000000087144/target.png,/Users/yixiaoz/Desktop/cs348k_proj/outputs/controlNetScale/controlnet_canny/cfg_7p5_control_1p0/000000087144/canny.png,/Users/yixiaoz/Desktop/cs348k_proj/outputs/controlNetScale/controlnet_canny/cfg_7p5_control_1p0/000000087144/generated.png,dense_text_plus_canny,5,7.5,1.0,20,0.4857,0.3093,35.8312
2157,A table topped with a cake covered in berries next to a plate of sandwiches.,"A table covered with a red tablecloth is arranged with desserts and party food in an outdoor or bright dining setting. A large cake topped with blueberries and raspberries sits near the front beside plates of sandwiches, bread, grapes, wine glasses, napkins, and stacked dishes.","A table covered with a red tablecloth is arranged with desserts and party food in an outdoor or bright dining setting. A large cake topped with blueberries and raspberries sits near the front beside plates of sandwiches, bread, grapes, wine glasses, napkins, and stacked dishes.",/Users/yixiaoz/Desktop/cs348k_proj/outputs/controlNetScale/controlnet_canny/cfg_7p5_control_1p0/000000002157/target.png,/Users/yixiaoz/Desktop/cs348k_proj/outputs/controlNetScale/controlnet_canny/cfg_7p5_control_1p0/000000002157/canny.png,/Users/yixiaoz/Desktop/cs348k_proj/outputs/controlNetScale/controlnet_canny/cfg_7p5_control_1p0/000000002157/generated.png,dense_text_plus_canny,5,7.5,1.0,20,0.6095,0.2744,35.3559
14226,A person is sitting in a chair at a table with a laptop computer.,A man sits alone in a passenger train or railcar while using a laptop computer on a fold-out table in front of him. He wears a jacket and looks downward toward the screen with a focused expression. A large window beside him shows blurred scenery.,A man sits alone in a passenger train or railcar while using a laptop computer on a fold-out table in front of him. He wears a jacket and looks downward toward the screen with a focused expression. A large window beside him shows blurred scenery.,/Users/yixiaoz/Desktop/cs348k_proj/outputs/controlNetScale/controlnet_canny/cfg_7p5_control_1p0/000000014226/target.png,/Users/yixiaoz/Desktop/cs348k_proj/outputs/controlNetScale/controlnet_canny/cfg_7p5_control_1p0/000000014226/canny.png,/Users/yixiaoz/Desktop/cs348k_proj/outputs/controlNetScale/controlnet_canny/cfg_7p5_control_1p0/000000014226/generated.png,dense_text_plus_canny,5,7.5,1.0,20,0.4933,0.2887,35.986
35279,"A man laying his head down next to electronics, a butterfly, and a book.","A cluttered workspace or floor area contains several electronic devices and accessories arranged close together. A laptop displays a simple image on its screen, while a smartphone, cables, speakers, papers, a bottle, and other gadgets sit nearby. Part of a person’s face appears near the.","A cluttered workspace or floor area contains several electronic devices and accessories arranged close together. A laptop displays a simple image on its screen, while a smartphone, cables, speakers, papers, a bottle, and other gadgets sit nearby. Part of a person’s face appears near the.",/Users/yixiaoz/Desktop/cs348k_proj/outputs/controlNetScale/controlnet_canny/cfg_7p5_control_1p0/000000035279/target.png,/Users/yixiaoz/Desktop/cs348k_proj/outputs/controlNetScale/controlnet_canny/cfg_7p5_control_1p0/000000035279/canny.png,/Users/yixiaoz/Desktop/cs348k_proj/outputs/controlNetScale/controlnet_canny/cfg_7p5_control_1p0/000000035279/generated.png,dense_text_plus_canny,5,7.5,1.0,20,0.561,0.398,33.3901
31620,A woman in a white dress and a man in gray stand near a cake on a white table under a white canopy.,"Inside a large white event tent, a woman in a white dress and a man in a gray suit stand near a decorated table. The table is covered with a white cloth and appears to hold a cake or centerpiece. Soft light filters through the.","Inside a large white event tent, a woman in a white dress and a man in a gray suit stand near a decorated table. The table is covered with a white cloth and appears to hold a cake or centerpiece. Soft light filters through the.",/Users/yixiaoz/Desktop/cs348k_proj/outputs/controlNetScale/controlnet_canny/cfg_7p5_control_1p0/000000031620/target.png,/Users/yixiaoz/Desktop/cs348k_proj/outputs/controlNetScale/controlnet_canny/cfg_7p5_control_1p0/000000031620/canny.png,/Users/yixiaoz/Desktop/cs348k_proj/outputs/controlNetScale/controlnet_canny/cfg_7p5_control_1p0/000000031620/generated.png,dense_text_plus_canny,5,7.5,1.0,20,0.5514,0.3696,37.8626
95707,Several pastries sitting on aluminum foil next to a bowl with a knife and spatula in it.,"Several pastries and baked goods are arranged on aluminum foil on a table, with a bowl, knife, and spatula placed nearby for serving. The food includes rectangular pieces and a pale frosted or light-colored dessert item, suggesting a dessert spread or homemade baked selection. The.","Several pastries and baked goods are arranged on aluminum foil on a table, with a bowl, knife, and spatula placed nearby for serving. The food includes rectangular pieces and a pale frosted or light-colored dessert item, suggesting a dessert spread or homemade baked selection. The.",/Users/yixiaoz/Desktop/cs348k_proj/outputs/controlNetScale/controlnet_canny/cfg_7p5_control_1p0/000000095707/target.png,/Users/yixiaoz/Desktop/cs348k_proj/outputs/controlNetScale/controlnet_canny/cfg_7p5_control_1p0/000000095707/canny.png,/Users/yixiaoz/Desktop/cs348k_proj/outputs/controlNetScale/controlnet_canny/cfg_7p5_control_1p0/000000095707/generated.png,dense_text_plus_canny,5,7.5,1.0,20,0.5787,0.4376,34.6297
54605,Milkshake in tall glass and piece of cake on plate near forks.,"A tall milkshake in a glass is topped with whipped cream and placed on a restaurant table beside a slice of layered cake on a white plate. A fork, napkins, and other table items sit nearby, while the background is dim and softly blurred. The.","A tall milkshake in a glass is topped with whipped cream and placed on a restaurant table beside a slice of layered cake on a white plate. A fork, napkins, and other table items sit nearby, while the background is dim and softly blurred. The.",/Users/yixiaoz/Desktop/cs348k_proj/outputs/controlNetScale/controlnet_canny/cfg_7p5_control_1p0/000000054605/target.png,/Users/yixiaoz/Desktop/cs348k_proj/outputs/controlNetScale/controlnet_canny/cfg_7p5_control_1p0/000000054605/canny.png,/Users/yixiaoz/Desktop/cs348k_proj/outputs/controlNetScale/controlnet_canny/cfg_7p5_control_1p0/000000054605/generated.png,dense_text_plus_canny,5,7.5,1.0,20,0.4776,0.2093,33.5539
27620,A laptop sitting on a desk next to a chair and another computer.,"A small home office or study area contains a glass-top desk, a laptop computer, a chair, and additional electronic equipment. The desk is positioned near a wall with windows and blinds, and another chair sits in front of the workspace. Cables, accessories, and a cup.","A small home office or study area contains a glass-top desk, a laptop computer, a chair, and additional electronic equipment. The desk is positioned near a wall with windows and blinds, and another chair sits in front of the workspace. Cables, accessories, and a cup.",/Users/yixiaoz/Desktop/cs348k_proj/outputs/controlNetScale/controlnet_canny/cfg_7p5_control_1p0/000000027620/target.png,/Users/yixiaoz/Desktop/cs348k_proj/outputs/controlNetScale/controlnet_canny/cfg_7p5_control_1p0/000000027620/canny.png,/Users/yixiaoz/Desktop/cs348k_proj/outputs/controlNetScale/controlnet_canny/cfg_7p5_control_1p0/000000027620/generated.png,dense_text_plus_canny,5,7.5,1.0,20,0.4419,0.2717,35.3813
66771,Two people sitting at a table with beverages on it and the woman holding her phone.,"Two people sit together at a restaurant table with beverages, cups, and small dishes in front of them. The man smiles while looking toward the woman, and the woman looks down at a smartphone in her hand. The table includes a drink with a straw.","Two people sit together at a restaurant table with beverages, cups, and small dishes in front of them. The man smiles while looking toward the woman, and the woman looks down at a smartphone in her hand. The table includes a drink with a straw.",/Users/yixiaoz/Desktop/cs348k_proj/outputs/controlNetScale/controlnet_canny/cfg_7p5_control_1p0/000000066771/target.png,/Users/yixiaoz/Desktop/cs348k_proj/outputs/controlNetScale/controlnet_canny/cfg_7p5_control_1p0/000000066771/canny.png,/Users/yixiaoz/Desktop/cs348k_proj/outputs/controlNetScale/controlnet_canny/cfg_7p5_control_1p0/000000066771/generated.png,dense_text_plus_canny,5,7.5,1.0,20,0.507,0.4052,35.0513
18575,"Two plates, one with a sandwich and fries, the other with just a sandwich and a pickle.","Two plates of food are served on a restaurant table. One plate contains a sandwich with French fries, while the other plate includes a sandwich and a pickle with sliced vegetables and condiments nearby. Drinks, small containers, and utensils surround the plates, suggesting a casual.","Two plates of food are served on a restaurant table. One plate contains a sandwich with French fries, while the other plate includes a sandwich and a pickle with sliced vegetables and condiments nearby. Drinks, small containers, and utensils surround the plates, suggesting a casual.",/Users/yixiaoz/Desktop/cs348k_proj/outputs/controlNetScale/controlnet_canny/cfg_7p5_control_1p0/000000018575/target.png,/Users/yixiaoz/Desktop/cs348k_proj/outputs/controlNetScale/controlnet_canny/cfg_7p5_control_1p0/000000018575/canny.png,/Users/yixiaoz/Desktop/cs348k_proj/outputs/controlNetScale/controlnet_canny/cfg_7p5_control_1p0/000000018575/generated.png,dense_text_plus_canny,5,7.5,1.0,20,0.5143,0.3853,34.184
66817,This plate consists of rice with sauce and peas and meat patties on the side.,"A plate of food is photographed from above on a table, containing rice covered with sauce, peas, and several browned meat patties on the side. A cup of yogurt or creamy dessert and a small bowl of fruit sit near the plate, creating a complete.","A plate of food is photographed from above on a table, containing rice covered with sauce, peas, and several browned meat patties on the side. A cup of yogurt or creamy dessert and a small bowl of fruit sit near the plate, creating a complete.",/Users/yixiaoz/Desktop/cs348k_proj/outputs/controlNetScale/controlnet_canny/cfg_7p5_control_1p0/000000066817/target.png,/Users/yixiaoz/Desktop/cs348k_proj/outputs/controlNetScale/controlnet_canny/cfg_7p5_control_1p0/000000066817/canny.png,/Users/yixiaoz/Desktop/cs348k_proj/outputs/controlNetScale/controlnet_canny/cfg_7p5_control_1p0/000000066817/generated.png,dense_text_plus_canny,5,7.5,1.0,20,0.4941,0.377,33.1932
84674,a girl holds a baby eating a bagel with a boy standing next to them,"A woman sits indoors holding a small child who is eating a bagel or bread roll, while a young boy stands next to them facing the camera. The group appears to be in a restaurant, event space, or public indoor setting, with people and warm.","A woman sits indoors holding a small child who is eating a bagel or bread roll, while a young boy stands next to them facing the camera. The group appears to be in a restaurant, event space, or public indoor setting, with people and warm.",/Users/yixiaoz/Desktop/cs348k_proj/outputs/controlNetScale/controlnet_canny/cfg_7p5_control_1p0/000000084674/target.png,/Users/yixiaoz/Desktop/cs348k_proj/outputs/controlNetScale/controlnet_canny/cfg_7p5_control_1p0/000000084674/canny.png,/Users/yixiaoz/Desktop/cs348k_proj/outputs/controlNetScale/controlnet_canny/cfg_7p5_control_1p0/000000084674/generated.png,dense_text_plus_canny,5,7.5,1.0,20,0.5628,0.4059,29.3693
47112,A pizza served on a white plate next to empty wine glass and beer.,"A freshly baked pizza sits on a white plate on a restaurant table, with a glass of beer and an empty wine glass positioned behind it. The pizza has visible cheese and toppings, and the background contains tables, chairs, and restaurant décor. The low angle.","A freshly baked pizza sits on a white plate on a restaurant table, with a glass of beer and an empty wine glass positioned behind it. The pizza has visible cheese and toppings, and the background contains tables, chairs, and restaurant décor. The low angle.",/Users/yixiaoz/Desktop/cs348k_proj/outputs/controlNetScale/controlnet_canny/cfg_7p5_control_1p0/000000047112/target.png,/Users/yixiaoz/Desktop/cs348k_proj/outputs/controlNetScale/controlnet_canny/cfg_7p5_control_1p0/000000047112/canny.png,/Users/yixiaoz/Desktop/cs348k_proj/outputs/controlNetScale/controlnet_canny/cfg_7p5_control_1p0/000000047112/generated.png,dense_text_plus_canny,5,7.5,1.0,20,0.5423,0.2497,32.1412
59598,"A table with a laptop a plate with a muffin and a banana, a can and a cellphone.","An open laptop sits on a table in a classroom, meeting room, or conference setting. Nearby are a plate with a muffin and banana, a soda can, a mobile phone, and other small items. In the background, a presentation screen or projector area is visible.","An open laptop sits on a table in a classroom, meeting room, or conference setting. Nearby are a plate with a muffin and banana, a soda can, a mobile phone, and other small items. In the background, a presentation screen or projector area is visible.",/Users/yixiaoz/Desktop/cs348k_proj/outputs/controlNetScale/controlnet_canny/cfg_7p5_control_1p0/000000059598/target.png,/Users/yixiaoz/Desktop/cs348k_proj/outputs/controlNetScale/controlnet_canny/cfg_7p5_control_1p0/000000059598/canny.png,/Users/yixiaoz/Desktop/cs348k_proj/outputs/controlNetScale/controlnet_canny/cfg_7p5_control_1p0/000000059598/generated.png,dense_text_plus_canny,5,7.5,1.0,20,0.5284,0.2782,34.6778
91779,Three hot dogs with different toppings lined up on a tabletop.,"Three hot dogs with different toppings are arranged side by side on a tray or tabletop. One appears topped with sauce or chili, another with bright red peppers, and the surrounding area contains side dishes, cups, and food wrappers. The close-up composition highlights the variety.","Three hot dogs with different toppings are arranged side by side on a tray or tabletop. One appears topped with sauce or chili, another with bright red peppers, and the surrounding area contains side dishes, cups, and food wrappers. The close-up composition highlights the variety.",/Users/yixiaoz/Desktop/cs348k_proj/outputs/controlNetScale/controlnet_canny/cfg_7p5_control_1p0/000000091779/target.png,/Users/yixiaoz/Desktop/cs348k_proj/outputs/controlNetScale/controlnet_canny/cfg_7p5_control_1p0/000000091779/canny.png,/Users/yixiaoz/Desktop/cs348k_proj/outputs/controlNetScale/controlnet_canny/cfg_7p5_control_1p0/000000091779/generated.png,dense_text_plus_canny,5,7.5,1.0,20,0.5112,0.2402,34.5505
22892,"A cat sitting on a table next to plants and a dog outside of a sliding glass door, looking in.","A gray cat sits indoors on a table beside potted plants near a sliding glass door, while a dog stands outside looking in through the glass. The cat faces downward toward the plants, and the dog is visible beyond the door on a balcony or.","A gray cat sits indoors on a table beside potted plants near a sliding glass door, while a dog stands outside looking in through the glass. The cat faces downward toward the plants, and the dog is visible beyond the door on a balcony or.",/Users/yixiaoz/Desktop/cs348k_proj/outputs/controlNetScale/controlnet_canny/cfg_7p5_control_1p0/000000022892/target.png,/Users/yixiaoz/Desktop/cs348k_proj/outputs/controlNetScale/controlnet_canny/cfg_7p5_control_1p0/000000022892/canny.png,/Users/yixiaoz/Desktop/cs348k_proj/outputs/controlNetScale/controlnet_canny/cfg_7p5_control_1p0/000000022892/generated.png,dense_text_plus_canny,5,7.5,1.0,20,0.5742,0.29,35.1028
97337,This is a nice living room set up with two couches and a television.,"A cozy living room contains two couches arranged around a coffee table facing a television. The television displays a map or graphic image, while lamps, curtains, and decorative furniture create a warm indoor atmosphere. The room appears tidy and comfortable, with soft lighting and a.","A cozy living room contains two couches arranged around a coffee table facing a television. The television displays a map or graphic image, while lamps, curtains, and decorative furniture create a warm indoor atmosphere. The room appears tidy and comfortable, with soft lighting and a.",/Users/yixiaoz/Desktop/cs348k_proj/outputs/controlNetScale/controlnet_canny/cfg_7p5_control_1p0/000000097337/target.png,/Users/yixiaoz/Desktop/cs348k_proj/outputs/controlNetScale/controlnet_canny/cfg_7p5_control_1p0/000000097337/canny.png,/Users/yixiaoz/Desktop/cs348k_proj/outputs/controlNetScale/controlnet_canny/cfg_7p5_control_1p0/000000097337/generated.png,dense_text_plus_canny,5,7.5,1.0,20,0.5202,0.3435,30.7532
10707,Man with video game controller in living room with onlooker seated nearby.,"Several people gather in a living room around a coffee table covered with drinks, snacks, and small items. One man stands holding a video game controller, while others sit nearby watching or participating. Sofas, warm lighting, and casual clothing create the feeling of a relaxed.","Several people gather in a living room around a coffee table covered with drinks, snacks, and small items. One man stands holding a video game controller, while others sit nearby watching or participating. Sofas, warm lighting, and casual clothing create the feeling of a relaxed.",/Users/yixiaoz/Desktop/cs348k_proj/outputs/controlNetScale/controlnet_canny/cfg_7p5_control_1p0/000000010707/target.png,/Users/yixiaoz/Desktop/cs348k_proj/outputs/controlNetScale/controlnet_canny/cfg_7p5_control_1p0/000000010707/canny.png,/Users/yixiaoz/Desktop/cs348k_proj/outputs/controlNetScale/controlnet_canny/cfg_7p5_control_1p0/000000010707/generated.png,dense_text_plus_canny,5,7.5,1.0,20,0.5841,0.347,33.1527
65288,A yellow and green object with a brown bird perched on top of it.,"An ornate yellow and green decorative structure sits in the foreground, with a small brown bird perched on its top edge. Behind it, a crowd of people gathers outdoors near tables, chairs, plants, and shaded areas, suggesting a plaza, café, or public gathering space. The.","An ornate yellow and green decorative structure sits in the foreground, with a small brown bird perched on its top edge. Behind it, a crowd of people gathers outdoors near tables, chairs, plants, and shaded areas, suggesting a plaza, café, or public gathering space. The.",/Users/yixiaoz/Desktop/cs348k_proj/outputs/controlNetScale/controlnet_canny/cfg_7p5_control_1p0/000000065288/target.png,/Users/yixiaoz/Desktop/cs348k_proj/outputs/controlNetScale/controlnet_canny/cfg_7p5_control_1p0/000000065288/canny.png,/Users/yixiaoz/Desktop/cs348k_proj/outputs/controlNetScale/controlnet_canny/cfg_7p5_control_1p0/000000065288/generated.png,dense_text_plus_canny,5,7.5,1.0,20,0.5181,0.2223,39.063
116208,"A large pizza is shown on a table, with bottles and glasses of wine.","A large pizza topped with cheese, mushrooms, and other ingredients is placed on a raised stand at the center of a restaurant table. Wine bottles, glasses, plates, utensils, and small dishes surround it, suggesting a shared meal among several diners. The pizza is viewed from.","A large pizza topped with cheese, mushrooms, and other ingredients is placed on a raised stand at the center of a restaurant table. Wine bottles, glasses, plates, utensils, and small dishes surround it, suggesting a shared meal among several diners. The pizza is viewed from.",/Users/yixiaoz/Desktop/cs348k_proj/outputs/controlNetScale/controlnet_canny/cfg_7p5_control_1p0/000000116208/target.png,/Users/yixiaoz/Desktop/cs348k_proj/outputs/controlNetScale/controlnet_canny/cfg_7p5_control_1p0/000000116208/canny.png,/Users/yixiaoz/Desktop/cs348k_proj/outputs/controlNetScale/controlnet_canny/cfg_7p5_control_1p0/000000116208/generated.png,dense_text_plus_canny,5,7.5,1.0,20,0.5048,0.1746,34.3081
74733,two flatbread pieces covered with different ingredients in between a flight of beers,"Two rectangular flatbread dishes topped with different ingredients are served on a wooden board beside a flight of beers. Several small glasses of beer, dipping containers, and additional drinkware are arranged around the food. The warm indoor lighting and tabletop presentation suggest a restaurant, pub.","Two rectangular flatbread dishes topped with different ingredients are served on a wooden board beside a flight of beers. Several small glasses of beer, dipping containers, and additional drinkware are arranged around the food. The warm indoor lighting and tabletop presentation suggest a restaurant, pub.",/Users/yixiaoz/Desktop/cs348k_proj/outputs/controlNetScale/controlnet_canny/cfg_7p5_control_1p0/000000074733/target.png,/Users/yixiaoz/Desktop/cs348k_proj/outputs/controlNetScale/controlnet_canny/cfg_7p5_control_1p0/000000074733/canny.png,/Users/yixiaoz/Desktop/cs348k_proj/outputs/controlNetScale/controlnet_canny/cfg_7p5_control_1p0/000000074733/generated.png,dense_text_plus_canny,5,7.5,1.0,20,0.5128,0.1995,34.8415
114907,"A woman holding a milking attachment and standing in front of a cow, with a group of people in the audience.","A woman stands beside a large dairy cow while demonstrating or holding a milking attachment in front of a seated audience. The cow is positioned behind a metal barrier, and many people watch attentively from the foreground. The scene appears to be part of an.","A woman stands beside a large dairy cow while demonstrating or holding a milking attachment in front of a seated audience. The cow is positioned behind a metal barrier, and many people watch attentively from the foreground. The scene appears to be part of an.",/Users/yixiaoz/Desktop/cs348k_proj/outputs/controlNetScale/controlnet_canny/cfg_7p5_control_1p0/000000114907/target.png,/Users/yixiaoz/Desktop/cs348k_proj/outputs/controlNetScale/controlnet_canny/cfg_7p5_control_1p0/000000114907/canny.png,/Users/yixiaoz/Desktop/cs348k_proj/outputs/controlNetScale/controlnet_canny/cfg_7p5_control_1p0/000000114907/generated.png,dense_text_plus_canny,5,7.5,1.0,20,0.4926,0.4023,36.3174
61333,The caramel-colored kitten is  lying on the small blanket on top of the unmade bed.,"An orange tabby kitten lies curled up on a small blanket placed on top of an unmade bed. The cat appears relaxed and sleepy, with its body tucked close and its head resting near the blanket. A bookshelf filled with books lines the background, adding.","An orange tabby kitten lies curled up on a small blanket placed on top of an unmade bed. The cat appears relaxed and sleepy, with its body tucked close and its head resting near the blanket. A bookshelf filled with books lines the background, adding.",/Users/yixiaoz/Desktop/cs348k_proj/outputs/controlNetScale/controlnet_canny/cfg_7p5_control_1p0/000000061333/target.png,/Users/yixiaoz/Desktop/cs348k_proj/outputs/controlNetScale/controlnet_canny/cfg_7p5_control_1p0/000000061333/canny.png,/Users/yixiaoz/Desktop/cs348k_proj/outputs/controlNetScale/controlnet_canny/cfg_7p5_control_1p0/000000061333/generated.png,dense_text_plus_canny,5,7.5,1.0,20,0.5949,0.3303,37.7142
18837,A large truck on a city street with two works sitting on top and one worker climbing in through door.,"A large green utility truck is parked on a city street while workers perform maintenance tasks around it. One worker appears to be on top of the vehicle, and another is climbing into or standing near the door. Cars, buildings, traffic signs, and urban infrastructure.","A large green utility truck is parked on a city street while workers perform maintenance tasks around it. One worker appears to be on top of the vehicle, and another is climbing into or standing near the door. Cars, buildings, traffic signs, and urban infrastructure.",/Users/yixiaoz/Desktop/cs348k_proj/outputs/controlNetScale/controlnet_canny/cfg_7p5_control_1p0/000000018837/target.png,/Users/yixiaoz/Desktop/cs348k_proj/outputs/controlNetScale/controlnet_canny/cfg_7p5_control_1p0/000000018837/canny.png,/Users/yixiaoz/Desktop/cs348k_proj/outputs/controlNetScale/controlnet_canny/cfg_7p5_control_1p0/000000018837/generated.png,dense_text_plus_canny,5,7.5,1.0,20,0.4944,0.2065,37.162
9914,"A sandwich, french fries, bowl of ketchup, onion slice, lettuce slice, tomato slice, and knife sit on the white plate.","A sandwich meal is served on a white plate with French fries, a small bowl of ketchup, sliced onion, tomato, lettuce, and a knife. The sandwich bun is topped with sesame seeds, and the fries are piled beside it. The close-up view focuses on the.","A sandwich meal is served on a white plate with French fries, a small bowl of ketchup, sliced onion, tomato, lettuce, and a knife. The sandwich bun is topped with sesame seeds, and the fries are piled beside it. The close-up view focuses on the.",/Users/yixiaoz/Desktop/cs348k_proj/outputs/controlNetScale/controlnet_canny/cfg_7p5_control_1p0/000000009914/target.png,/Users/yixiaoz/Desktop/cs348k_proj/outputs/controlNetScale/controlnet_canny/cfg_7p5_control_1p0/000000009914/canny.png,/Users/yixiaoz/Desktop/cs348k_proj/outputs/controlNetScale/controlnet_canny/cfg_7p5_control_1p0/000000009914/generated.png,dense_text_plus_canny,5,7.5,1.0,20,0.5928,0.3272,33.332
39477,A beach towel covers a TV across from plants on the wall and in front of the window.,"A compact living room features a couch facing a television, with several plants placed near the window and on the wall. Natural light enters through a large curtained window, brightening the small room. A low table, rug, wall decorations, and shelving create a tidy residential.","A compact living room features a couch facing a television, with several plants placed near the window and on the wall. Natural light enters through a large curtained window, brightening the small room. A low table, rug, wall decorations, and shelving create a tidy residential.",/Users/yixiaoz/Desktop/cs348k_proj/outputs/controlNetScale/controlnet_canny/cfg_7p5_control_1p0/000000039477/target.png,/Users/yixiaoz/Desktop/cs348k_proj/outputs/controlNetScale/controlnet_canny/cfg_7p5_control_1p0/000000039477/canny.png,/Users/yixiaoz/Desktop/cs348k_proj/outputs/controlNetScale/controlnet_canny/cfg_7p5_control_1p0/000000039477/generated.png,dense_text_plus_canny,5,7.5,1.0,20,0.5544,0.336,34.5043
61108,A blue bicycle with a puppy in its basket is parked next to the bleacher steps.,"A blue bicycle is parked beside outdoor bleacher steps, with a small puppy sitting inside a basket attached to the front. The bicycle rests near concrete steps and railings, suggesting a sports field, park, or recreational area. The puppy sits securely in the basket and.","A blue bicycle is parked beside outdoor bleacher steps, with a small puppy sitting inside a basket attached to the front. The bicycle rests near concrete steps and railings, suggesting a sports field, park, or recreational area. The puppy sits securely in the basket and.",/Users/yixiaoz/Desktop/cs348k_proj/outputs/controlNetScale/controlnet_canny/cfg_7p5_control_1p0/000000061108/target.png,/Users/yixiaoz/Desktop/cs348k_proj/outputs/controlNetScale/controlnet_canny/cfg_7p5_control_1p0/000000061108/canny.png,/Users/yixiaoz/Desktop/cs348k_proj/outputs/controlNetScale/controlnet_canny/cfg_7p5_control_1p0/000000061108/generated.png,dense_text_plus_canny,5,7.5,1.0,20,0.4888,0.3802,42.2034
91615,"A kitchen has light wooden colored cabinetry, beige countertops, and stainless steel appliances in an open concept house.","A clean modern kitchen features light wooden cabinets, beige countertops, stainless steel appliances, and a sink built into a central counter area. A microwave, oven, refrigerator, dishwasher, and decorative flowers are visible throughout the room. The space appears bright, organized, and open, with neutral colors.","A clean modern kitchen features light wooden cabinets, beige countertops, stainless steel appliances, and a sink built into a central counter area. A microwave, oven, refrigerator, dishwasher, and decorative flowers are visible throughout the room. The space appears bright, organized, and open, with neutral colors.",/Users/yixiaoz/Desktop/cs348k_proj/outputs/controlNetScale/controlnet_canny/cfg_7p5_control_1p0/000000091615/target.png,/Users/yixiaoz/Desktop/cs348k_proj/outputs/controlNetScale/controlnet_canny/cfg_7p5_control_1p0/000000091615/canny.png,/Users/yixiaoz/Desktop/cs348k_proj/outputs/controlNetScale/controlnet_canny/cfg_7p5_control_1p0/000000091615/generated.png,dense_text_plus_canny,5,7.5,1.0,20,0.411,0.1757,31.3235
77396,A cat being lazy and a cat being nozy in a living room with tv and a laptop displaying the same things.,"Two cats are in a living room facing a television and a laptop displaying similar imagery. One cat stands upright near the television, appearing curious about the screen, while another cat lies on the floor nearby. The room contains a TV stand, small table, and.","Two cats are in a living room facing a television and a laptop displaying similar imagery. One cat stands upright near the television, appearing curious about the screen, while another cat lies on the floor nearby. The room contains a TV stand, small table, and.",/Users/yixiaoz/Desktop/cs348k_proj/outputs/controlNetScale/controlnet_canny/cfg_7p5_control_1p0/000000077396/target.png,/Users/yixiaoz/Desktop/cs348k_proj/outputs/controlNetScale/controlnet_canny/cfg_7p5_control_1p0/000000077396/canny.png,/Users/yixiaoz/Desktop/cs348k_proj/outputs/controlNetScale/controlnet_canny/cfg_7p5_control_1p0/000000077396/generated.png,dense_text_plus_canny,5,7.5,1.0,20,0.4475,0.2411,34.6818
119233,A cat sprawled out over the top of a laptop computer keyboard.,"A black-and-white cat sprawls across the keyboard area of an open laptop on a wooden desk or counter. The cat lies comfortably with its body stretched over the computer, partially blocking the screen and keyboard. Various household objects, office supplies, and plants are visible around.","A black-and-white cat sprawls across the keyboard area of an open laptop on a wooden desk or counter. The cat lies comfortably with its body stretched over the computer, partially blocking the screen and keyboard. Various household objects, office supplies, and plants are visible around.",/Users/yixiaoz/Desktop/cs348k_proj/outputs/controlNetScale/controlnet_canny/cfg_7p5_control_1p0/000000119233/target.png,/Users/yixiaoz/Desktop/cs348k_proj/outputs/controlNetScale/controlnet_canny/cfg_7p5_control_1p0/000000119233/canny.png,/Users/yixiaoz/Desktop/cs348k_proj/outputs/controlNetScale/controlnet_canny/cfg_7p5_control_1p0/000000119233/generated.png,dense_text_plus_canny,5,7.5,1.0,20,0.5418,0.1921,35.4561
2431,"A table with a plate, wine-filled glass, and bread, among other items","A restaurant table is set with a plate, a wine-filled glass, bread, napkins, utensils, and other dining items. The objects are arranged closely together on a wooden surface, suggesting an ongoing or prepared meal. The image is framed from above and at a slight angle.","A restaurant table is set with a plate, a wine-filled glass, bread, napkins, utensils, and other dining items. The objects are arranged closely together on a wooden surface, suggesting an ongoing or prepared meal. The image is framed from above and at a slight angle.",/Users/yixiaoz/Desktop/cs348k_proj/outputs/controlNetScale/controlnet_canny/cfg_7p5_control_1p0/000000002431/target.png,/Users/yixiaoz/Desktop/cs348k_proj/outputs/controlNetScale/controlnet_canny/cfg_7p5_control_1p0/000000002431/canny.png,/Users/yixiaoz/Desktop/cs348k_proj/outputs/controlNetScale/controlnet_canny/cfg_7p5_control_1p0/000000002431/generated.png,dense_text_plus_canny,5,7.5,1.0,20,0.4711,0.2984,33.4593
56344,"Looking down at a desktop with two monitors, a key board, mouse and cell phones on it.","A desk workstation contains two large computer monitors positioned side by side, along with a keyboard, mouse, mobile phones, and several electronic accessories. The screens display different windows or web pages, and cables and devices are spread across the desktop. The space appears dimly lit.","A desk workstation contains two large computer monitors positioned side by side, along with a keyboard, mouse, mobile phones, and several electronic accessories. The screens display different windows or web pages, and cables and devices are spread across the desktop. The space appears dimly lit.",/Users/yixiaoz/Desktop/cs348k_proj/outputs/controlNetScale/controlnet_canny/cfg_7p5_control_1p0/000000056344/target.png,/Users/yixiaoz/Desktop/cs348k_proj/outputs/controlNetScale/controlnet_canny/cfg_7p5_control_1p0/000000056344/canny.png,/Users/yixiaoz/Desktop/cs348k_proj/outputs/controlNetScale/controlnet_canny/cfg_7p5_control_1p0/000000056344/generated.png,dense_text_plus_canny,5,7.5,1.0,20,0.5365,0.2503,33.0586
54628,A tall multi layer cake sitting on top of a blue table cloth.,"A tall multi-layered decorative cake stands on a table covered with a blue tablecloth inside an elegant event venue. The cake is decorated with detailed patterns, flowers, and multiple tiers, making it the centerpiece of the room. Guests, tables, chairs, and chandeliers are visible in.","A tall multi-layered decorative cake stands on a table covered with a blue tablecloth inside an elegant event venue. The cake is decorated with detailed patterns, flowers, and multiple tiers, making it the centerpiece of the room. Guests, tables, chairs, and chandeliers are visible in.",/Users/yixiaoz/Desktop/cs348k_proj/outputs/controlNetScale/controlnet_canny/cfg_7p5_control_1p0/000000054628/target.png,/Users/yixiaoz/Desktop/cs348k_proj/outputs/controlNetScale/controlnet_canny/cfg_7p5_control_1p0/000000054628/canny.png,/Users/yixiaoz/Desktop/cs348k_proj/outputs/controlNetScale/controlnet_canny/cfg_7p5_control_1p0/000000054628/generated.png,dense_text_plus_canny,5,7.5,1.0,20,0.5525,0.2766,35.6976
110999,"A painting of a bowl of fruit sitting in front of another painting,","A framed painting of a bowl of fruit hangs above a table where a real bowl of fruit and decorative objects are arranged below it. The dark background and warm lighting create a still-life atmosphere, connecting the artwork to the physical objects in front of.","A framed painting of a bowl of fruit hangs above a table where a real bowl of fruit and decorative objects are arranged below it. The dark background and warm lighting create a still-life atmosphere, connecting the artwork to the physical objects in front of.",/Users/yixiaoz/Desktop/cs348k_proj/outputs/controlNetScale/controlnet_canny/cfg_7p5_control_1p0/000000110999/target.png,/Users/yixiaoz/Desktop/cs348k_proj/outputs/controlNetScale/controlnet_canny/cfg_7p5_control_1p0/000000110999/canny.png,/Users/yixiaoz/Desktop/cs348k_proj/outputs/controlNetScale/controlnet_canny/cfg_7p5_control_1p0/000000110999/generated.png,dense_text_plus_canny,5,7.5,1.0,20,0.5914,0.3812,38.9572
72795,a group of ball players playing on a field in front of an audience,"Baseball players are positioned on a field during a game while a large audience watches from the stadium seats. The batter stands near home plate, with the catcher and umpire crouched behind him and other players visible on the field. The scene is viewed from.","Baseball players are positioned on a field during a game while a large audience watches from the stadium seats. The batter stands near home plate, with the catcher and umpire crouched behind him and other players visible on the field. The scene is viewed from.",/Users/yixiaoz/Desktop/cs348k_proj/outputs/controlNetScale/controlnet_canny/cfg_7p5_control_1p0/000000072795/target.png,/Users/yixiaoz/Desktop/cs348k_proj/outputs/controlNetScale/controlnet_canny/cfg_7p5_control_1p0/000000072795/canny.png,/Users/yixiaoz/Desktop/cs348k_proj/outputs/controlNetScale/controlnet_canny/cfg_7p5_control_1p0/000000072795/generated.png,dense_text_plus_canny,5,7.5,1.0,20,0.5562,0.3888,31.2038
92091,A little girl is using the toy brush for a chew toy rather than brushing the teddy.,"A young girl wearing a bright pink dress stands inside a cozy room while holding a toy brush near a stuffed teddy bear. The room includes wooden walls, chairs, a television, artwork, and home furnishings. The child appears to be playing pretend, possibly brushing the.","A young girl wearing a bright pink dress stands inside a cozy room while holding a toy brush near a stuffed teddy bear. The room includes wooden walls, chairs, a television, artwork, and home furnishings. The child appears to be playing pretend, possibly brushing the.",/Users/yixiaoz/Desktop/cs348k_proj/outputs/controlNetScale/controlnet_canny/cfg_7p5_control_1p0/000000092091/target.png,/Users/yixiaoz/Desktop/cs348k_proj/outputs/controlNetScale/controlnet_canny/cfg_7p5_control_1p0/000000092091/canny.png,/Users/yixiaoz/Desktop/cs348k_proj/outputs/controlNetScale/controlnet_canny/cfg_7p5_control_1p0/000000092091/generated.png,dense_text_plus_canny,5,7.5,1.0,20,0.6159,0.4363,37.0964
108253,there are two plates of food and a beer in the middle of the table,"Two plates of food and a beer bottle are arranged on a restaurant table. The plates contain sandwiches, fries, and other side dishes, while condiments and utensils sit nearby. The bottle of beer stands prominently near the center of the table, suggesting a casual meal.","Two plates of food and a beer bottle are arranged on a restaurant table. The plates contain sandwiches, fries, and other side dishes, while condiments and utensils sit nearby. The bottle of beer stands prominently near the center of the table, suggesting a casual meal.",/Users/yixiaoz/Desktop/cs348k_proj/outputs/controlNetScale/controlnet_canny/cfg_7p5_control_1p0/000000108253/target.png,/Users/yixiaoz/Desktop/cs348k_proj/outputs/controlNetScale/controlnet_canny/cfg_7p5_control_1p0/000000108253/canny.png,/Users/yixiaoz/Desktop/cs348k_proj/outputs/controlNetScale/controlnet_canny/cfg_7p5_control_1p0/000000108253/generated.png,dense_text_plus_canny,5,7.5,1.0,20,0.6202,0.4346,31.402
80932,A little boy sits at a table in a restaurant eating a slice of pizza.,"A young boy sits at a restaurant table eating a large slice of pizza. He holds the pizza close to his mouth while leaning over a white plate, concentrating on the meal. Other diners and wooden booth seating are visible in the background, creating a.","A young boy sits at a restaurant table eating a large slice of pizza. He holds the pizza close to his mouth while leaning over a white plate, concentrating on the meal. Other diners and wooden booth seating are visible in the background, creating a.",/Users/yixiaoz/Desktop/cs348k_proj/outputs/controlNetScale/controlnet_canny/cfg_7p5_control_1p0/000000080932/target.png,/Users/yixiaoz/Desktop/cs348k_proj/outputs/controlNetScale/controlnet_canny/cfg_7p5_control_1p0/000000080932/canny.png,/Users/yixiaoz/Desktop/cs348k_proj/outputs/controlNetScale/controlnet_canny/cfg_7p5_control_1p0/000000080932/generated.png,dense_text_plus_canny,5,7.5,1.0,20,0.5272,0.3,36.3166
50811,A man in a suit sitting a table with an empty bowl and empty beer bottles.,A man wearing a gray suit jacket sits alone at a wooden dining table with an empty bowl and several empty beer bottles placed in front of him. He smiles toward the camera in a simple indoor setting with a plain light-colored background. The table.,A man wearing a gray suit jacket sits alone at a wooden dining table with an empty bowl and several empty beer bottles placed in front of him. He smiles toward the camera in a simple indoor setting with a plain light-colored background. The table.,/Users/yixiaoz/Desktop/cs348k_proj/outputs/controlNetScale/controlnet_canny/cfg_7p5_control_1p0/000000050811/target.png,/Users/yixiaoz/Desktop/cs348k_proj/outputs/controlNetScale/controlnet_canny/cfg_7p5_control_1p0/000000050811/canny.png,/Users/yixiaoz/Desktop/cs348k_proj/outputs/controlNetScale/controlnet_canny/cfg_7p5_control_1p0/000000050811/generated.png,dense_text_plus_canny,5,7.5,1.0,20,0.5323,0.3236,37.4158
13659,A man typing on a laptop keyboard in a cluttered work environment.,"Several people work in a busy, cluttered office environment filled with desks, laptops, papers, cardboard boxes, and electronic equipment. A man in the foreground sits at a desk typing on a laptop while wearing headphones, and other people work in the background. The room looks.","Several people work in a busy, cluttered office environment filled with desks, laptops, papers, cardboard boxes, and electronic equipment. A man in the foreground sits at a desk typing on a laptop while wearing headphones, and other people work in the background. The room looks.",/Users/yixiaoz/Desktop/cs348k_proj/outputs/controlNetScale/controlnet_canny/cfg_7p5_control_1p0/000000013659/target.png,/Users/yixiaoz/Desktop/cs348k_proj/outputs/controlNetScale/controlnet_canny/cfg_7p5_control_1p0/000000013659/canny.png,/Users/yixiaoz/Desktop/cs348k_proj/outputs/controlNetScale/controlnet_canny/cfg_7p5_control_1p0/000000013659/generated.png,dense_text_plus_canny,5,7.5,1.0,20,0.5036,0.3006,32.3771
26465,The opened  laptop is sitting on the table along with other technological tools.,"An open laptop sits on a white tabletop surrounded by small technological tools and accessories, including a smartphone, a pen, and a compact electronic device. The laptop screen shows a dark desktop with a bright reflection near the center. The arrangement is simple and sparse.","An open laptop sits on a white tabletop surrounded by small technological tools and accessories, including a smartphone, a pen, and a compact electronic device. The laptop screen shows a dark desktop with a bright reflection near the center. The arrangement is simple and sparse.",/Users/yixiaoz/Desktop/cs348k_proj/outputs/controlNetScale/controlnet_canny/cfg_7p5_control_1p0/000000026465/target.png,/Users/yixiaoz/Desktop/cs348k_proj/outputs/controlNetScale/controlnet_canny/cfg_7p5_control_1p0/000000026465/canny.png,/Users/yixiaoz/Desktop/cs348k_proj/outputs/controlNetScale/controlnet_canny/cfg_7p5_control_1p0/000000026465/generated.png,dense_text_plus_canny,5,7.5,1.0,20,0.4884,0.3686,32.9152
25096,A boy sitting in front of cake fashioned to look like a skateboard.,"A young boy wearing a blue sports jersey sits at a table looking down at a cake designed to resemble a skateboard. The cake is decorated with bright colors and small details, and the boy appears focused on it as if preparing to cut or.","A young boy wearing a blue sports jersey sits at a table looking down at a cake designed to resemble a skateboard. The cake is decorated with bright colors and small details, and the boy appears focused on it as if preparing to cut or.",/Users/yixiaoz/Desktop/cs348k_proj/outputs/controlNetScale/controlnet_canny/cfg_7p5_control_1p0/000000025096/target.png,/Users/yixiaoz/Desktop/cs348k_proj/outputs/controlNetScale/controlnet_canny/cfg_7p5_control_1p0/000000025096/canny.png,/Users/yixiaoz/Desktop/cs348k_proj/outputs/controlNetScale/controlnet_canny/cfg_7p5_control_1p0/000000025096/generated.png,dense_text_plus_canny,5,7.5,1.0,20,0.5302,0.3193,33.6784
26564,An office desk with a row of books and a desktop computer and laptop computer on the desk.,"An office desk is arranged with a desktop computer, laptop, keyboard, mouse, books, papers, and a row of binders or reference materials. The monitor displays a document or screen of text, and large windows brighten the workspace. The corner desk is compact but well equipped.","An office desk is arranged with a desktop computer, laptop, keyboard, mouse, books, papers, and a row of binders or reference materials. The monitor displays a document or screen of text, and large windows brighten the workspace. The corner desk is compact but well equipped.",/Users/yixiaoz/Desktop/cs348k_proj/outputs/controlNetScale/controlnet_canny/cfg_7p5_control_1p0/000000026564/target.png,/Users/yixiaoz/Desktop/cs348k_proj/outputs/controlNetScale/controlnet_canny/cfg_7p5_control_1p0/000000026564/canny.png,/Users/yixiaoz/Desktop/cs348k_proj/outputs/controlNetScale/controlnet_canny/cfg_7p5_control_1p0/000000026564/generated.png,dense_text_plus_canny,5,7.5,1.0,20,0.393,0.162,33.3144
12670,A large crowd of people walking around while one owns a teddy bear.,"A large crowd of people walks and gathers in a busy outdoor public space, possibly a street, plaza, or festival area. The scene contains many individuals of different ages wearing colorful clothing, and one person appears to carry or hold a teddy bear among the.","A large crowd of people walks and gathers in a busy outdoor public space, possibly a street, plaza, or festival area. The scene contains many individuals of different ages wearing colorful clothing, and one person appears to carry or hold a teddy bear among the.",/Users/yixiaoz/Desktop/cs348k_proj/outputs/controlNetScale/controlnet_canny/cfg_7p5_control_1p0/000000012670/target.png,/Users/yixiaoz/Desktop/cs348k_proj/outputs/controlNetScale/controlnet_canny/cfg_7p5_control_1p0/000000012670/canny.png,/Users/yixiaoz/Desktop/cs348k_proj/outputs/controlNetScale/controlnet_canny/cfg_7p5_control_1p0/000000012670/generated.png,dense_text_plus_canny,5,7.5,1.0,20,0.5639,0.2499,36.3832
9400,Sever people are sitting next to each other while using laptops.,"Several people sit close together around a table while using laptop computers in a dimly lit indoor environment. Multiple screens glow in front of them, and drinks, cables, and computer accessories are spread across the table. The group appears to be collaborating, studying, or working.","Several people sit close together around a table while using laptop computers in a dimly lit indoor environment. Multiple screens glow in front of them, and drinks, cables, and computer accessories are spread across the table. The group appears to be collaborating, studying, or working.",/Users/yixiaoz/Desktop/cs348k_proj/outputs/controlNetScale/controlnet_canny/cfg_7p5_control_1p0/000000009400/target.png,/Users/yixiaoz/Desktop/cs348k_proj/outputs/controlNetScale/controlnet_canny/cfg_7p5_control_1p0/000000009400/canny.png,/Users/yixiaoz/Desktop/cs348k_proj/outputs/controlNetScale/controlnet_canny/cfg_7p5_control_1p0/000000009400/generated.png,dense_text_plus_canny,5,7.5,1.0,20,0.5861,0.4343,29.0183
92053,Three white dishes with three different sorts of food on them.,"Three white plates with different dishes are arranged on a restaurant table under warm, dim lighting. The food includes various items with sauces, sides, and garnishes, and a drink sits nearby. Utensils are placed on or beside the plates, suggesting the meal is in progress.","Three white plates with different dishes are arranged on a restaurant table under warm, dim lighting. The food includes various items with sauces, sides, and garnishes, and a drink sits nearby. Utensils are placed on or beside the plates, suggesting the meal is in progress.",/Users/yixiaoz/Desktop/cs348k_proj/outputs/controlNetScale/controlnet_canny/cfg_7p5_control_1p0/000000092053/target.png,/Users/yixiaoz/Desktop/cs348k_proj/outputs/controlNetScale/controlnet_canny/cfg_7p5_control_1p0/000000092053/canny.png,/Users/yixiaoz/Desktop/cs348k_proj/outputs/controlNetScale/controlnet_canny/cfg_7p5_control_1p0/000000092053/generated.png,dense_text_plus_canny,5,7.5,1.0,20,0.5289,0.2978,31.9616
74256,Two women standing in a train station looking at their phones.,"Two women stand together at an outdoor train station platform while looking down at their mobile phones. One woman wears a green scarf and dark clothing, while the other wears a patterned jacket. Train station signs, tracks, buildings, and platform structures appear in the background.","Two women stand together at an outdoor train station platform while looking down at their mobile phones. One woman wears a green scarf and dark clothing, while the other wears a patterned jacket. Train station signs, tracks, buildings, and platform structures appear in the background.",/Users/yixiaoz/Desktop/cs348k_proj/outputs/controlNetScale/controlnet_canny/cfg_7p5_control_1p0/000000074256/target.png,/Users/yixiaoz/Desktop/cs348k_proj/outputs/controlNetScale/controlnet_canny/cfg_7p5_control_1p0/000000074256/canny.png,/Users/yixiaoz/Desktop/cs348k_proj/outputs/controlNetScale/controlnet_canny/cfg_7p5_control_1p0/000000074256/generated.png,dense_text_plus_canny,5,7.5,1.0,20,0.5427,0.3739,35.1552
7818,An illuminated floral display forms the centerpiece of the arrangement in this close up of a dining room table setting.,"A small illuminated floral display sits at the center of a dining table arranged with plates, napkins, glasses, and formal place settings. The image is softly focused with the centerpiece and table surface highlighted against a darker background. The scene appears elegant and quiet, possibly.","A small illuminated floral display sits at the center of a dining table arranged with plates, napkins, glasses, and formal place settings. The image is softly focused with the centerpiece and table surface highlighted against a darker background. The scene appears elegant and quiet, possibly.",/Users/yixiaoz/Desktop/cs348k_proj/outputs/controlNetScale/controlnet_canny/cfg_7p5_control_1p0/000000007818/target.png,/Users/yixiaoz/Desktop/cs348k_proj/outputs/controlNetScale/controlnet_canny/cfg_7p5_control_1p0/000000007818/canny.png,/Users/yixiaoz/Desktop/cs348k_proj/outputs/controlNetScale/controlnet_canny/cfg_7p5_control_1p0/000000007818/generated.png,dense_text_plus_canny,5,7.5,1.0,20,0.5917,0.3263,30.8444
109313,A man holding a Wii game controller while standing in a living room.,"A man stands in a living room holding a Wii game controller while facing a television outside the frame. He wears casual clothes and stands among household items, toys, furniture, and a colorful floor mat. The room appears lived-in and informal, with a kitchen or.","A man stands in a living room holding a Wii game controller while facing a television outside the frame. He wears casual clothes and stands among household items, toys, furniture, and a colorful floor mat. The room appears lived-in and informal, with a kitchen or.",/Users/yixiaoz/Desktop/cs348k_proj/outputs/controlNetScale/controlnet_canny/cfg_7p5_control_1p0/000000109313/target.png,/Users/yixiaoz/Desktop/cs348k_proj/outputs/controlNetScale/controlnet_canny/cfg_7p5_control_1p0/000000109313/canny.png,/Users/yixiaoz/Desktop/cs348k_proj/outputs/controlNetScale/controlnet_canny/cfg_7p5_control_1p0/000000109313/generated.png,dense_text_plus_canny,5,7.5,1.0,20,0.5877,0.3314,37.8226
116439,A woman with a straw style hat sitting on a small row boat in the water and accessory items hanging behind her on the land area.,"A woman wearing a straw-style hat sits in a small wooden boat floating on water, surrounded by colorful fabrics and hanging accessories near the shoreline. The scene appears to take place in a riverside or floating market environment, with reflections on the water and goods.","A woman wearing a straw-style hat sits in a small wooden boat floating on water, surrounded by colorful fabrics and hanging accessories near the shoreline. The scene appears to take place in a riverside or floating market environment, with reflections on the water and goods.",/Users/yixiaoz/Desktop/cs348k_proj/outputs/controlNetScale/controlnet_canny/cfg_7p5_control_1p0/000000116439/target.png,/Users/yixiaoz/Desktop/cs348k_proj/outputs/controlNetScale/controlnet_canny/cfg_7p5_control_1p0/000000116439/canny.png,/Users/yixiaoz/Desktop/cs348k_proj/outputs/controlNetScale/controlnet_canny/cfg_7p5_control_1p0/000000116439/generated.png,dense_text_plus_canny,5,7.5,1.0,20,0.5305,0.2893,34.5434
11511,A sculpture of two women stting on a bench with their purses on the ground while people standing in a line behind them.,"A bronze sculpture of two women seated together on a bench is displayed in an outdoor public area. The figures sit close together with handbags or purses placed near their feet, and pedestrians stand or walk in the background. Strong light highlights the sculpture against.","A bronze sculpture of two women seated together on a bench is displayed in an outdoor public area. The figures sit close together with handbags or purses placed near their feet, and pedestrians stand or walk in the background. Strong light highlights the sculpture against.",/Users/yixiaoz/Desktop/cs348k_proj/outputs/controlNetScale/controlnet_canny/cfg_7p5_control_1p0/000000011511/target.png,/Users/yixiaoz/Desktop/cs348k_proj/outputs/controlNetScale/controlnet_canny/cfg_7p5_control_1p0/000000011511/canny.png,/Users/yixiaoz/Desktop/cs348k_proj/outputs/controlNetScale/controlnet_canny/cfg_7p5_control_1p0/000000011511/generated.png,dense_text_plus_canny,5,7.5,1.0,20,0.5331,0.3968,39.0683
17714,A banana frittata next to a plate of decoratively cut fruit and a cup of coffee.,"A breakfast or brunch meal is arranged on a wooden table, including a banana frittata, a plate of decorative cut fruit, and a cup of coffee. Sunlight falls across the tabletop, casting shadows and giving the meal a bright morning feel. The dishes are neatly.","A breakfast or brunch meal is arranged on a wooden table, including a banana frittata, a plate of decorative cut fruit, and a cup of coffee. Sunlight falls across the tabletop, casting shadows and giving the meal a bright morning feel. The dishes are neatly.",/Users/yixiaoz/Desktop/cs348k_proj/outputs/controlNetScale/controlnet_canny/cfg_7p5_control_1p0/000000017714/target.png,/Users/yixiaoz/Desktop/cs348k_proj/outputs/controlNetScale/controlnet_canny/cfg_7p5_control_1p0/000000017714/canny.png,/Users/yixiaoz/Desktop/cs348k_proj/outputs/controlNetScale/controlnet_canny/cfg_7p5_control_1p0/000000017714/generated.png,dense_text_plus_canny,5,7.5,1.0,20,0.5601,0.3452,33.1491
15335,"a young child, lady , and man sitting in a booth at a table","A young child sits in a restaurant booth between adults at a table, with plates, drinks, and food items visible in the dim interior. The child appears to be eating or touching their mouth, while the adults sit close on either side. Warm lighting and.","A young child sits in a restaurant booth between adults at a table, with plates, drinks, and food items visible in the dim interior. The child appears to be eating or touching their mouth, while the adults sit close on either side. Warm lighting and.",/Users/yixiaoz/Desktop/cs348k_proj/outputs/controlNetScale/controlnet_canny/cfg_7p5_control_1p0/000000015335/target.png,/Users/yixiaoz/Desktop/cs348k_proj/outputs/controlNetScale/controlnet_canny/cfg_7p5_control_1p0/000000015335/canny.png,/Users/yixiaoz/Desktop/cs348k_proj/outputs/controlNetScale/controlnet_canny/cfg_7p5_control_1p0/000000015335/generated.png,dense_text_plus_canny,5,7.5,1.0,20,0.5836,0.4836,32.3552
113589,"Two containers containing quiche, a salad, apples and a banana on the side.","A healthy prepared meal is arranged in two clear food containers and a small side area, including a slice of quiche, green salad, apple slices, and a banana. The food is neatly separated and photographed from above against a plain background. The composition emphasizes balanced.","A healthy prepared meal is arranged in two clear food containers and a small side area, including a slice of quiche, green salad, apple slices, and a banana. The food is neatly separated and photographed from above against a plain background. The composition emphasizes balanced.",/Users/yixiaoz/Desktop/cs348k_proj/outputs/controlNetScale/controlnet_canny/cfg_7p5_control_1p0/000000113589/target.png,/Users/yixiaoz/Desktop/cs348k_proj/outputs/controlNetScale/controlnet_canny/cfg_7p5_control_1p0/000000113589/canny.png,/Users/yixiaoz/Desktop/cs348k_proj/outputs/controlNetScale/controlnet_canny/cfg_7p5_control_1p0/000000113589/generated.png,dense_text_plus_canny,5,7.5,1.0,20,0.6801,0.363,35.2589
1503,A picture of an iMac desktop next to a Mac laptop on a desk.,"An older Apple iMac desktop computer sits on a desk beside a Mac laptop and several computer accessories. A keyboard, mouse, speakers, and monitor are arranged across the workspace, creating a technology-focused setup. The desk is positioned near a window with blinds, and the white.","An older Apple iMac desktop computer sits on a desk beside a Mac laptop and several computer accessories. A keyboard, mouse, speakers, and monitor are arranged across the workspace, creating a technology-focused setup. The desk is positioned near a window with blinds, and the white.",/Users/yixiaoz/Desktop/cs348k_proj/outputs/controlNetScale/controlnet_canny/cfg_7p5_control_1p0/000000001503/target.png,/Users/yixiaoz/Desktop/cs348k_proj/outputs/controlNetScale/controlnet_canny/cfg_7p5_control_1p0/000000001503/canny.png,/Users/yixiaoz/Desktop/cs348k_proj/outputs/controlNetScale/controlnet_canny/cfg_7p5_control_1p0/000000001503/generated.png,dense_text_plus_canny,5,7.5,1.0,20,0.4484,0.2699,37.2996
88848,"Multiple pictures of fire hydrants, a woman standing near a tree, and people posing in front of a boat.","A collage of multiple photographs shows several yellow fire hydrants, a woman standing near a tree, and people posing in front of a boat or outdoor landmark. The images are arranged together in a grid-like layout, combining different scenes into one visual composition. The subject.","A collage of multiple photographs shows several yellow fire hydrants, a woman standing near a tree, and people posing in front of a boat or outdoor landmark. The images are arranged together in a grid-like layout, combining different scenes into one visual composition. The subject.",/Users/yixiaoz/Desktop/cs348k_proj/outputs/controlNetScale/controlnet_canny/cfg_7p5_control_1p0/000000088848/target.png,/Users/yixiaoz/Desktop/cs348k_proj/outputs/controlNetScale/controlnet_canny/cfg_7p5_control_1p0/000000088848/canny.png,/Users/yixiaoz/Desktop/cs348k_proj/outputs/controlNetScale/controlnet_canny/cfg_7p5_control_1p0/000000088848/generated.png,dense_text_plus_canny,5,7.5,1.0,20,0.5047,0.2934,44.8135
6471,A man at bat waiting for a pitch with a catcher and umpire behind him and players from the opposing team in the dugout.,"A baseball player in a white uniform stands at home plate holding a bat while waiting for a pitch. A catcher and umpire crouch behind him, and members of the opposing team sit in the dugout watching the play. The green field and stadium seating.","A baseball player in a white uniform stands at home plate holding a bat while waiting for a pitch. A catcher and umpire crouch behind him, and members of the opposing team sit in the dugout watching the play. The green field and stadium seating.",/Users/yixiaoz/Desktop/cs348k_proj/outputs/controlNetScale/controlnet_canny/cfg_7p5_control_1p0/000000006471/target.png,/Users/yixiaoz/Desktop/cs348k_proj/outputs/controlNetScale/controlnet_canny/cfg_7p5_control_1p0/000000006471/canny.png,/Users/yixiaoz/Desktop/cs348k_proj/outputs/controlNetScale/controlnet_canny/cfg_7p5_control_1p0/000000006471/generated.png,dense_text_plus_canny,5,7.5,1.0,20,0.5073,0.343,31.3587
92660,An unbaked pizza with cheese and herbs on one half and broccoli on the second.,"An uncooked pizza topped with cheese, herbs, and broccoli sits on a round baking tray or pan. One half of the pizza appears more heavily covered with broccoli, while the other has more cheese and herbs exposed. The crust and toppings are clearly visible from.","An uncooked pizza topped with cheese, herbs, and broccoli sits on a round baking tray or pan. One half of the pizza appears more heavily covered with broccoli, while the other has more cheese and herbs exposed. The crust and toppings are clearly visible from.",/Users/yixiaoz/Desktop/cs348k_proj/outputs/controlNetScale/controlnet_canny/cfg_7p5_control_1p0/000000092660/target.png,/Users/yixiaoz/Desktop/cs348k_proj/outputs/controlNetScale/controlnet_canny/cfg_7p5_control_1p0/000000092660/canny.png,/Users/yixiaoz/Desktop/cs348k_proj/outputs/controlNetScale/controlnet_canny/cfg_7p5_control_1p0/000000092660/generated.png,dense_text_plus_canny,5,7.5,1.0,20,0.5204,0.2133,33.2708
105335,"A bowl of stew in a white bowl, being held by a person.","A bowl of stew in a white dish is being held by a person, with pieces of vegetables and meat visible in a warm broth. The stew contains colorful ingredients such as carrots, potatoes, and chunks of protein. The close-up framing focuses on the food.","A bowl of stew in a white dish is being held by a person, with pieces of vegetables and meat visible in a warm broth. The stew contains colorful ingredients such as carrots, potatoes, and chunks of protein. The close-up framing focuses on the food.",/Users/yixiaoz/Desktop/cs348k_proj/outputs/controlNetScale/controlnet_canny/cfg_7p5_control_1p0/000000105335/target.png,/Users/yixiaoz/Desktop/cs348k_proj/outputs/controlNetScale/controlnet_canny/cfg_7p5_control_1p0/000000105335/canny.png,/Users/yixiaoz/Desktop/cs348k_proj/outputs/controlNetScale/controlnet_canny/cfg_7p5_control_1p0/000000105335/generated.png,dense_text_plus_canny,5,7.5,1.0,20,0.563,0.2444,33.3059
117719,A man sits at a bar in front of dozens of bottles of alcohol.,"A man stands behind a warmly lit bar surrounded by dozens of bottles of alcohol arranged on shelves. The bar interior features dark wood, glowing lights, glassware, and a cozy pub-like atmosphere. The bartender or customer is partly silhouetted against the illuminated bottles, creating a.","A man stands behind a warmly lit bar surrounded by dozens of bottles of alcohol arranged on shelves. The bar interior features dark wood, glowing lights, glassware, and a cozy pub-like atmosphere. The bartender or customer is partly silhouetted against the illuminated bottles, creating a.",/Users/yixiaoz/Desktop/cs348k_proj/outputs/controlNetScale/controlnet_canny/cfg_7p5_control_1p0/000000117719/target.png,/Users/yixiaoz/Desktop/cs348k_proj/outputs/controlNetScale/controlnet_canny/cfg_7p5_control_1p0/000000117719/canny.png,/Users/yixiaoz/Desktop/cs348k_proj/outputs/controlNetScale/controlnet_canny/cfg_7p5_control_1p0/000000117719/generated.png,dense_text_plus_canny,5,7.5,1.0,20,0.5195,0.3082,32.3794
82085,A brightly colored train is stopped on the tracks to let passengers on.,"A brightly colored passenger train is stopped on railway tracks beside a platform, allowing passengers to board or exit. The train has yellow, blue, and red sections, and people stand nearby along the track area. Buildings, vegetation, and station infrastructure surround the scene. The image.","A brightly colored passenger train is stopped on railway tracks beside a platform, allowing passengers to board or exit. The train has yellow, blue, and red sections, and people stand nearby along the track area. Buildings, vegetation, and station infrastructure surround the scene. The image.",/Users/yixiaoz/Desktop/cs348k_proj/outputs/controlNetScale/controlnet_canny/cfg_7p5_control_1p0/000000082085/target.png,/Users/yixiaoz/Desktop/cs348k_proj/outputs/controlNetScale/controlnet_canny/cfg_7p5_control_1p0/000000082085/canny.png,/Users/yixiaoz/Desktop/cs348k_proj/outputs/controlNetScale/controlnet_canny/cfg_7p5_control_1p0/000000082085/generated.png,dense_text_plus_canny,5,7.5,1.0,20,0.5411,0.3316,34.4451
70048,"A glass of wine sits next to a bowl of soup, salad, and a plate with a sandwich.","A restaurant meal is arranged on a table, including a glass of wine, a bowl of soup, a green salad, and a sandwich served on a round bread roll. Condiments, utensils, napkins, and additional dining items sit nearby. The overhead view emphasizes the variety and.","A restaurant meal is arranged on a table, including a glass of wine, a bowl of soup, a green salad, and a sandwich served on a round bread roll. Condiments, utensils, napkins, and additional dining items sit nearby. The overhead view emphasizes the variety and.",/Users/yixiaoz/Desktop/cs348k_proj/outputs/controlNetScale/controlnet_canny/cfg_7p5_control_1p0/000000070048/target.png,/Users/yixiaoz/Desktop/cs348k_proj/outputs/controlNetScale/controlnet_canny/cfg_7p5_control_1p0/000000070048/canny.png,/Users/yixiaoz/Desktop/cs348k_proj/outputs/controlNetScale/controlnet_canny/cfg_7p5_control_1p0/000000070048/generated.png,dense_text_plus_canny,5,7.5,1.0,20,0.5043,0.2775,32.958
3845,A dinner plate that has white steamed rice with stir fry vegetables and chicken.,A large dinner plate holds a mound of white steamed rice next to stir-fried vegetables and pieces of chicken in a colorful sauce. The food is arranged on a patterned plate and viewed from above on a wooden table. The bright vegetables and sauce contrast.,A large dinner plate holds a mound of white steamed rice next to stir-fried vegetables and pieces of chicken in a colorful sauce. The food is arranged on a patterned plate and viewed from above on a wooden table. The bright vegetables and sauce contrast.,/Users/yixiaoz/Desktop/cs348k_proj/outputs/controlNetScale/controlnet_canny/cfg_7p5_control_1p0/000000003845/target.png,/Users/yixiaoz/Desktop/cs348k_proj/outputs/controlNetScale/controlnet_canny/cfg_7p5_control_1p0/000000003845/canny.png,/Users/yixiaoz/Desktop/cs348k_proj/outputs/controlNetScale/controlnet_canny/cfg_7p5_control_1p0/000000003845/generated.png,dense_text_plus_canny,5,7.5,1.0,20,0.638,0.3027,31.6026
92939,a man and female standing side by side with a cake cutter in their hand,"A smiling man and woman stand side by side beside a small decorated cake, holding a cake knife together. The woman wears a light-colored strapless dress and the man wears a white shirt, suggesting a wedding, anniversary, or celebratory event. Palm trees and outdoor lighting.","A smiling man and woman stand side by side beside a small decorated cake, holding a cake knife together. The woman wears a light-colored strapless dress and the man wears a white shirt, suggesting a wedding, anniversary, or celebratory event. Palm trees and outdoor lighting.",/Users/yixiaoz/Desktop/cs348k_proj/outputs/controlNetScale/controlnet_canny/cfg_7p5_control_1p0/000000092939/target.png,/Users/yixiaoz/Desktop/cs348k_proj/outputs/controlNetScale/controlnet_canny/cfg_7p5_control_1p0/000000092939/canny.png,/Users/yixiaoz/Desktop/cs348k_proj/outputs/controlNetScale/controlnet_canny/cfg_7p5_control_1p0/000000092939/generated.png,dense_text_plus_canny,5,7.5,1.0,20,0.4864,0.2497,36.9938
1268,A waterway under a bridge with people sitting down and a woman taking a photo.,"People sit and relax under a large bridge beside a waterfront, with sunlight reflecting brightly off the water. A woman stands in the foreground taking a photograph, while several people sit along the edge facing the river. The bridge structure forms a strong curved frame.","People sit and relax under a large bridge beside a waterfront, with sunlight reflecting brightly off the water. A woman stands in the foreground taking a photograph, while several people sit along the edge facing the river. The bridge structure forms a strong curved frame.",/Users/yixiaoz/Desktop/cs348k_proj/outputs/controlNetScale/controlnet_canny/cfg_7p5_control_1p0/000000001268/target.png,/Users/yixiaoz/Desktop/cs348k_proj/outputs/controlNetScale/controlnet_canny/cfg_7p5_control_1p0/000000001268/canny.png,/Users/yixiaoz/Desktop/cs348k_proj/outputs/controlNetScale/controlnet_canny/cfg_7p5_control_1p0/000000001268/generated.png,dense_text_plus_canny,5,7.5,1.0,20,0.4986,0.3221,34.6722
33221,Two women at a beach with tennis rackets in their hands and one girl looking very excited with her tennis racket in the air.,"Two women stand on a sandy beach holding tennis rackets while people walk nearby in the background. One woman raises her racket enthusiastically above her head, while the other stands beside her wearing a hood or scarf. The beach, distant hills, flags, and open sky.","Two women stand on a sandy beach holding tennis rackets while people walk nearby in the background. One woman raises her racket enthusiastically above her head, while the other stands beside her wearing a hood or scarf. The beach, distant hills, flags, and open sky.",/Users/yixiaoz/Desktop/cs348k_proj/outputs/controlNetScale/controlnet_canny/cfg_7p5_control_1p0/000000033221/target.png,/Users/yixiaoz/Desktop/cs348k_proj/outputs/controlNetScale/controlnet_canny/cfg_7p5_control_1p0/000000033221/canny.png,/Users/yixiaoz/Desktop/cs348k_proj/outputs/controlNetScale/controlnet_canny/cfg_7p5_control_1p0/000000033221/generated.png,dense_text_plus_canny,5,7.5,1.0,20,0.5836,0.4308,33.9678
68409,School boys sit cross legged in front of a chalkboard sign in a vintage black and white photo.,A vintage black-and-white photograph shows a group of schoolboys sitting cross-legged in a row in front of a chalkboard sign. The boys wear similar school uniforms and pose formally for the camera outdoors. Trees and a simple background are visible behind them. The image has.,A vintage black-and-white photograph shows a group of schoolboys sitting cross-legged in a row in front of a chalkboard sign. The boys wear similar school uniforms and pose formally for the camera outdoors. Trees and a simple background are visible behind them. The image has.,/Users/yixiaoz/Desktop/cs348k_proj/outputs/controlNetScale/controlnet_canny/cfg_7p5_control_1p0/000000068409/target.png,/Users/yixiaoz/Desktop/cs348k_proj/outputs/controlNetScale/controlnet_canny/cfg_7p5_control_1p0/000000068409/canny.png,/Users/yixiaoz/Desktop/cs348k_proj/outputs/controlNetScale/controlnet_canny/cfg_7p5_control_1p0/000000068409/generated.png,dense_text_plus_canny,5,7.5,1.0,20,0.4887,0.2528,35.8894
78170,"PASSENGER TRAIN IN THE NIGHT HOURS WITH NO SMOKING SIGN, AND TWO WOMEN","A black-and-white nighttime image shows passengers visible through the windows of a train car. A no-smoking sign and interior lights can be seen inside, while reflections and shadows create a dramatic atmosphere. Two women or passengers are visible near separate windows, framed by the train.","A black-and-white nighttime image shows passengers visible through the windows of a train car. A no-smoking sign and interior lights can be seen inside, while reflections and shadows create a dramatic atmosphere. Two women or passengers are visible near separate windows, framed by the train.",/Users/yixiaoz/Desktop/cs348k_proj/outputs/controlNetScale/controlnet_canny/cfg_7p5_control_1p0/000000078170/target.png,/Users/yixiaoz/Desktop/cs348k_proj/outputs/controlNetScale/controlnet_canny/cfg_7p5_control_1p0/000000078170/canny.png,/Users/yixiaoz/Desktop/cs348k_proj/outputs/controlNetScale/controlnet_canny/cfg_7p5_control_1p0/000000078170/generated.png,dense_text_plus_canny,5,7.5,1.0,20,0.4095,0.2322,32.7399
62554,a plate of broccoli on a table next to some other plates of food,"A plate or bowl of broccoli sits on a table next to other plates of food, including pasta or noodles and additional dishes in the background. The broccoli is bright green and placed prominently in the foreground, while the other foods are slightly out of.","A plate or bowl of broccoli sits on a table next to other plates of food, including pasta or noodles and additional dishes in the background. The broccoli is bright green and placed prominently in the foreground, while the other foods are slightly out of.",/Users/yixiaoz/Desktop/cs348k_proj/outputs/controlNetScale/controlnet_canny/cfg_7p5_control_1p0/000000062554/target.png,/Users/yixiaoz/Desktop/cs348k_proj/outputs/controlNetScale/controlnet_canny/cfg_7p5_control_1p0/000000062554/canny.png,/Users/yixiaoz/Desktop/cs348k_proj/outputs/controlNetScale/controlnet_canny/cfg_7p5_control_1p0/000000062554/generated.png,dense_text_plus_canny,5,7.5,1.0,20,0.5302,0.1886,34.4146
58539,"A man in a red hat, suit, and blue striped tie walks past two other men on a street.","A man wearing a bright red hat, dark suit, and blue striped tie walks along a city street while other men and pedestrians stand nearby. Cars, buildings, and urban activity fill the background. The red hat makes the man stand out clearly from the crowd.","A man wearing a bright red hat, dark suit, and blue striped tie walks along a city street while other men and pedestrians stand nearby. Cars, buildings, and urban activity fill the background. The red hat makes the man stand out clearly from the crowd.",/Users/yixiaoz/Desktop/cs348k_proj/outputs/controlNetScale/controlnet_canny/cfg_7p5_control_1p0/000000058539/target.png,/Users/yixiaoz/Desktop/cs348k_proj/outputs/controlNetScale/controlnet_canny/cfg_7p5_control_1p0/000000058539/canny.png,/Users/yixiaoz/Desktop/cs348k_proj/outputs/controlNetScale/controlnet_canny/cfg_7p5_control_1p0/000000058539/generated.png,dense_text_plus_canny,5,7.5,1.0,20,0.4625,0.317,33.2142
46031,A small tablet computer next to a larger monitor and keyboard.,"A laptop computer sits on a small desk beside a larger external monitor, keyboard, mouse, speakers, and other electronic devices. The laptop and monitor display green leaf or plant imagery, creating a matching visual theme across the screens. The desk is placed near a window.","A laptop computer sits on a small desk beside a larger external monitor, keyboard, mouse, speakers, and other electronic devices. The laptop and monitor display green leaf or plant imagery, creating a matching visual theme across the screens. The desk is placed near a window.",/Users/yixiaoz/Desktop/cs348k_proj/outputs/controlNetScale/controlnet_canny/cfg_7p5_control_1p0/000000046031/target.png,/Users/yixiaoz/Desktop/cs348k_proj/outputs/controlNetScale/controlnet_canny/cfg_7p5_control_1p0/000000046031/canny.png,/Users/yixiaoz/Desktop/cs348k_proj/outputs/controlNetScale/controlnet_canny/cfg_7p5_control_1p0/000000046031/generated.png,dense_text_plus_canny,5,7.5,1.0,20,0.5011,0.1997,33.3519
9891,The man is loading luggage suitcases onto the cart in the parking lot.,"A man loads luggage and suitcases onto a metal cart in a parking lot filled with vehicles. He bends over while handling the bags beside a parked car, suggesting travel, airport transport, or hotel arrival. Other cars and a parking garage or covered structure are.","A man loads luggage and suitcases onto a metal cart in a parking lot filled with vehicles. He bends over while handling the bags beside a parked car, suggesting travel, airport transport, or hotel arrival. Other cars and a parking garage or covered structure are.",/Users/yixiaoz/Desktop/cs348k_proj/outputs/controlNetScale/controlnet_canny/cfg_7p5_control_1p0/000000009891/target.png,/Users/yixiaoz/Desktop/cs348k_proj/outputs/controlNetScale/controlnet_canny/cfg_7p5_control_1p0/000000009891/canny.png,/Users/yixiaoz/Desktop/cs348k_proj/outputs/controlNetScale/controlnet_canny/cfg_7p5_control_1p0/000000009891/generated.png,dense_text_plus_canny,5,7.5,1.0,20,0.4901,0.3815,33.7736
37777,The dining table near the kitchen has a bowl of fruit on it.,"A bright open kitchen and dining area features wooden cabinets, white appliances, tiled flooring, and a small table with a bowl of fruit on top. Sunlight enters through windows and illuminates the clean interior. The kitchen includes counters, a refrigerator, stove, and cabinets arranged along.","A bright open kitchen and dining area features wooden cabinets, white appliances, tiled flooring, and a small table with a bowl of fruit on top. Sunlight enters through windows and illuminates the clean interior. The kitchen includes counters, a refrigerator, stove, and cabinets arranged along.",/Users/yixiaoz/Desktop/cs348k_proj/outputs/controlNetScale/controlnet_canny/cfg_7p5_control_1p0/000000037777/target.png,/Users/yixiaoz/Desktop/cs348k_proj/outputs/controlNetScale/controlnet_canny/cfg_7p5_control_1p0/000000037777/canny.png,/Users/yixiaoz/Desktop/cs348k_proj/outputs/controlNetScale/controlnet_canny/cfg_7p5_control_1p0/000000037777/generated.png,dense_text_plus_canny,5,7.5,1.0,20,0.4923,0.2619,33.2178
65350,"Two young people are skateboarding on the ramp, trying to pull off tricks.","Two young people are skateboarding on a skate park ramp while attempting tricks. One skater lies or slides on the ramp with a skateboard nearby, while another stands or moves close by. Other people and bicycles are visible in the background near concrete walls. The.","Two young people are skateboarding on a skate park ramp while attempting tricks. One skater lies or slides on the ramp with a skateboard nearby, while another stands or moves close by. Other people and bicycles are visible in the background near concrete walls. The.",/Users/yixiaoz/Desktop/cs348k_proj/outputs/controlNetScale/controlnet_canny/cfg_7p5_control_1p0/000000065350/target.png,/Users/yixiaoz/Desktop/cs348k_proj/outputs/controlNetScale/controlnet_canny/cfg_7p5_control_1p0/000000065350/canny.png,/Users/yixiaoz/Desktop/cs348k_proj/outputs/controlNetScale/controlnet_canny/cfg_7p5_control_1p0/000000065350/generated.png,dense_text_plus_canny,5,7.5,1.0,20,0.5442,0.353,34.1618
48396,A woman in a tan sweater holding a knife by a young boy in a plaid shirt.,"A woman wearing a tan or light-colored sweater stands beside a young boy in a plaid shirt near a table with cups and food items. The woman holds a knife, possibly preparing to cut or serve something. Both subjects face the camera in an indoor.","A woman wearing a tan or light-colored sweater stands beside a young boy in a plaid shirt near a table with cups and food items. The woman holds a knife, possibly preparing to cut or serve something. Both subjects face the camera in an indoor.",/Users/yixiaoz/Desktop/cs348k_proj/outputs/controlNetScale/controlnet_canny/cfg_7p5_control_1p0/000000048396/target.png,/Users/yixiaoz/Desktop/cs348k_proj/outputs/controlNetScale/controlnet_canny/cfg_7p5_control_1p0/000000048396/canny.png,/Users/yixiaoz/Desktop/cs348k_proj/outputs/controlNetScale/controlnet_canny/cfg_7p5_control_1p0/000000048396/generated.png,dense_text_plus_canny,5,7.5,1.0,20,0.5691,0.3175,35.5462
117908,A man looking in the refrigerator with a cat also looking inside,"A man bends over and looks inside an open refrigerator while a cat stands nearby also peering into the fridge. Food, bottles, and containers are visible on the refrigerator shelves, and the cat appears curious about the contents. The warm indoor lighting and humorous interaction.","A man bends over and looks inside an open refrigerator while a cat stands nearby also peering into the fridge. Food, bottles, and containers are visible on the refrigerator shelves, and the cat appears curious about the contents. The warm indoor lighting and humorous interaction.",/Users/yixiaoz/Desktop/cs348k_proj/outputs/controlNetScale/controlnet_canny/cfg_7p5_control_1p0/000000117908/target.png,/Users/yixiaoz/Desktop/cs348k_proj/outputs/controlNetScale/controlnet_canny/cfg_7p5_control_1p0/000000117908/canny.png,/Users/yixiaoz/Desktop/cs348k_proj/outputs/controlNetScale/controlnet_canny/cfg_7p5_control_1p0/000000117908/generated.png,dense_text_plus_canny,5,7.5,1.0,20,0.6706,0.4234,33.2483
97994,Three laptop computers and a desktop computer sit next to each other.,"Three laptop computers and a desktop workstation are arranged together on a desk in a compact home office or technical workspace. Several screens, keyboards, cables, and electronic accessories fill the tabletop, suggesting multitasking or computer-intensive work. A microphone or lamp stands near the setup, and.","Three laptop computers and a desktop workstation are arranged together on a desk in a compact home office or technical workspace. Several screens, keyboards, cables, and electronic accessories fill the tabletop, suggesting multitasking or computer-intensive work. A microphone or lamp stands near the setup, and.",/Users/yixiaoz/Desktop/cs348k_proj/outputs/controlNetScale/controlnet_canny/cfg_7p5_control_1p0/000000097994/target.png,/Users/yixiaoz/Desktop/cs348k_proj/outputs/controlNetScale/controlnet_canny/cfg_7p5_control_1p0/000000097994/canny.png,/Users/yixiaoz/Desktop/cs348k_proj/outputs/controlNetScale/controlnet_canny/cfg_7p5_control_1p0/000000097994/generated.png,dense_text_plus_canny,5,7.5,1.0,20,0.4776,0.2981,37.5297
30785,A plate filled with a bowl of vegetables and two slices of bread with a spread on them.,"A plate holds a healthy meal consisting of a bowl of green vegetables, slices of bread topped with a spread, and additional fresh ingredients. The food is arranged neatly on a wooden table, with the bowl and bread sharing the plate. The overhead view emphasizes.","A plate holds a healthy meal consisting of a bowl of green vegetables, slices of bread topped with a spread, and additional fresh ingredients. The food is arranged neatly on a wooden table, with the bowl and bread sharing the plate. The overhead view emphasizes.",/Users/yixiaoz/Desktop/cs348k_proj/outputs/controlNetScale/controlnet_canny/cfg_7p5_control_1p0/000000030785/target.png,/Users/yixiaoz/Desktop/cs348k_proj/outputs/controlNetScale/controlnet_canny/cfg_7p5_control_1p0/000000030785/canny.png,/Users/yixiaoz/Desktop/cs348k_proj/outputs/controlNetScale/controlnet_canny/cfg_7p5_control_1p0/000000030785/generated.png,dense_text_plus_canny,5,7.5,1.0,20,0.5716,0.4581,37.2157
76547,a male in a white shirt a bicycle and an orange and white train,"A man wearing a light-colored shirt sits at a table on a railway station platform near a parked bicycle. An orange and white passenger train is stopped alongside the platform, while overhead signs, metal beams, and station infrastructure extend into the background. The scene captures.","A man wearing a light-colored shirt sits at a table on a railway station platform near a parked bicycle. An orange and white passenger train is stopped alongside the platform, while overhead signs, metal beams, and station infrastructure extend into the background. The scene captures.",/Users/yixiaoz/Desktop/cs348k_proj/outputs/controlNetScale/controlnet_canny/cfg_7p5_control_1p0/000000076547/target.png,/Users/yixiaoz/Desktop/cs348k_proj/outputs/controlNetScale/controlnet_canny/cfg_7p5_control_1p0/000000076547/canny.png,/Users/yixiaoz/Desktop/cs348k_proj/outputs/controlNetScale/controlnet_canny/cfg_7p5_control_1p0/000000076547/generated.png,dense_text_plus_canny,5,7.5,1.0,20,0.4603,0.341,31.0433
116362,A small bowl filled with chopped vegetables and spoon,"A bowl filled with chopped fruit pieces sits on a wooden table with a spoon resting inside. The food appears freshly prepared, with colorful slices arranged casually in the bowl. The photograph is taken from above, focusing closely on the meal while leaving the surrounding.","A bowl filled with chopped fruit pieces sits on a wooden table with a spoon resting inside. The food appears freshly prepared, with colorful slices arranged casually in the bowl. The photograph is taken from above, focusing closely on the meal while leaving the surrounding.",/Users/yixiaoz/Desktop/cs348k_proj/outputs/controlNetScale/controlnet_canny/cfg_7p5_control_1p0/000000116362/target.png,/Users/yixiaoz/Desktop/cs348k_proj/outputs/controlNetScale/controlnet_canny/cfg_7p5_control_1p0/000000116362/canny.png,/Users/yixiaoz/Desktop/cs348k_proj/outputs/controlNetScale/controlnet_canny/cfg_7p5_control_1p0/000000116362/generated.png,dense_text_plus_canny,5,7.5,1.0,20,0.6192,0.5836,29.2326
22371,A man in thought sitting in front of a laptop with a pen in his hand.,"A businessman sits at a desk in front of an open laptop computer while holding a pen and resting his head on one hand. He appears thoughtful and focused, possibly reviewing information or planning a project. The clean office setting includes a desk surface and.","A businessman sits at a desk in front of an open laptop computer while holding a pen and resting his head on one hand. He appears thoughtful and focused, possibly reviewing information or planning a project. The clean office setting includes a desk surface and.",/Users/yixiaoz/Desktop/cs348k_proj/outputs/controlNetScale/controlnet_canny/cfg_7p5_control_1p0/000000022371/target.png,/Users/yixiaoz/Desktop/cs348k_proj/outputs/controlNetScale/controlnet_canny/cfg_7p5_control_1p0/000000022371/canny.png,/Users/yixiaoz/Desktop/cs348k_proj/outputs/controlNetScale/controlnet_canny/cfg_7p5_control_1p0/000000022371/generated.png,dense_text_plus_canny,5,7.5,1.0,20,0.5397,0.2094,31.9346
69224,A man and woman eating doughnuts out of a box at a coffee shop.,"A man and woman sit together at a table inside a café or coffee shop while sharing food from a box. Drinks, containers, and personal belongings are spread across the table. The pair appear engaged in conversation as they eat, creating a friendly and relaxed.","A man and woman sit together at a table inside a café or coffee shop while sharing food from a box. Drinks, containers, and personal belongings are spread across the table. The pair appear engaged in conversation as they eat, creating a friendly and relaxed.",/Users/yixiaoz/Desktop/cs348k_proj/outputs/controlNetScale/controlnet_canny/cfg_7p5_control_1p0/000000069224/target.png,/Users/yixiaoz/Desktop/cs348k_proj/outputs/controlNetScale/controlnet_canny/cfg_7p5_control_1p0/000000069224/canny.png,/Users/yixiaoz/Desktop/cs348k_proj/outputs/controlNetScale/controlnet_canny/cfg_7p5_control_1p0/000000069224/generated.png,dense_text_plus_canny,5,7.5,1.0,20,0.5898,0.5098,34.6399
16249,It sure is a beautiful day to sit outside and read the paper.,"An older man sits outdoors on a bench reading a newspaper while enjoying a pleasant day in a public area. Several other people sit or stand nearby, creating a relaxed community setting. Sunlight illuminates the scene, and the man appears absorbed in reading while the.","An older man sits outdoors on a bench reading a newspaper while enjoying a pleasant day in a public area. Several other people sit or stand nearby, creating a relaxed community setting. Sunlight illuminates the scene, and the man appears absorbed in reading while the.",/Users/yixiaoz/Desktop/cs348k_proj/outputs/controlNetScale/controlnet_canny/cfg_7p5_control_1p0/000000016249/target.png,/Users/yixiaoz/Desktop/cs348k_proj/outputs/controlNetScale/controlnet_canny/cfg_7p5_control_1p0/000000016249/canny.png,/Users/yixiaoz/Desktop/cs348k_proj/outputs/controlNetScale/controlnet_canny/cfg_7p5_control_1p0/000000016249/generated.png,dense_text_plus_canny,5,7.5,1.0,20,0.461,0.3148,34.6981
85157,A group of people sitting around a table have a meal and a drink.,"A group of people sit around a restaurant table sharing food and drinks. Plates, glasses, and table settings fill the dining area while the diners converse with one another. The gathering appears social and informal, with participants enjoying a meal together in a warm indoor.","A group of people sit around a restaurant table sharing food and drinks. Plates, glasses, and table settings fill the dining area while the diners converse with one another. The gathering appears social and informal, with participants enjoying a meal together in a warm indoor.",/Users/yixiaoz/Desktop/cs348k_proj/outputs/controlNetScale/controlnet_canny/cfg_7p5_control_1p0/000000085157/target.png,/Users/yixiaoz/Desktop/cs348k_proj/outputs/controlNetScale/controlnet_canny/cfg_7p5_control_1p0/000000085157/canny.png,/Users/yixiaoz/Desktop/cs348k_proj/outputs/controlNetScale/controlnet_canny/cfg_7p5_control_1p0/000000085157/generated.png,dense_text_plus_canny,5,7.5,1.0,20,0.4896,0.2946,32.1325
20571,A tugboat sits beside a ferry on placid water with a mountain in the distance.,"Several fishing boats are docked beside a harbor on calm water, with hills or mountains visible in the distance. Ropes, masts, and harbor equipment line the waterfront while the boats rest quietly along the dock. The scene reflects a working maritime environment and highlights the.","Several fishing boats are docked beside a harbor on calm water, with hills or mountains visible in the distance. Ropes, masts, and harbor equipment line the waterfront while the boats rest quietly along the dock. The scene reflects a working maritime environment and highlights the.",/Users/yixiaoz/Desktop/cs348k_proj/outputs/controlNetScale/controlnet_canny/cfg_7p5_control_1p0/000000020571/target.png,/Users/yixiaoz/Desktop/cs348k_proj/outputs/controlNetScale/controlnet_canny/cfg_7p5_control_1p0/000000020571/canny.png,/Users/yixiaoz/Desktop/cs348k_proj/outputs/controlNetScale/controlnet_canny/cfg_7p5_control_1p0/000000020571/generated.png,dense_text_plus_canny,5,7.5,1.0,20,0.513,0.3635,29.4347
84362,A toddler and cat are in a living room with open curtains.,"A toddler and a cat occupy a cozy living room illuminated by daylight coming through large windows with open curtains. Sofas and chairs surround the room, while the child sits or plays near the center of the space. The cat relaxes nearby, contributing to the.","A toddler and a cat occupy a cozy living room illuminated by daylight coming through large windows with open curtains. Sofas and chairs surround the room, while the child sits or plays near the center of the space. The cat relaxes nearby, contributing to the.",/Users/yixiaoz/Desktop/cs348k_proj/outputs/controlNetScale/controlnet_canny/cfg_7p5_control_1p0/000000084362/target.png,/Users/yixiaoz/Desktop/cs348k_proj/outputs/controlNetScale/controlnet_canny/cfg_7p5_control_1p0/000000084362/canny.png,/Users/yixiaoz/Desktop/cs348k_proj/outputs/controlNetScale/controlnet_canny/cfg_7p5_control_1p0/000000084362/generated.png,dense_text_plus_canny,5,7.5,1.0,20,0.4915,0.3801,34.8238
62808,Man photographing a fresh pizza his tired buddy just wants to eat,"A freshly baked pizza sits on a table in a restaurant while one man photographs it with a camera or phone. Another man sits nearby waiting to eat, looking toward the meal. Plates and dining items surround the pizza, suggesting the meal is about to.","A freshly baked pizza sits on a table in a restaurant while one man photographs it with a camera or phone. Another man sits nearby waiting to eat, looking toward the meal. Plates and dining items surround the pizza, suggesting the meal is about to.",/Users/yixiaoz/Desktop/cs348k_proj/outputs/controlNetScale/controlnet_canny/cfg_7p5_control_1p0/000000062808/target.png,/Users/yixiaoz/Desktop/cs348k_proj/outputs/controlNetScale/controlnet_canny/cfg_7p5_control_1p0/000000062808/canny.png,/Users/yixiaoz/Desktop/cs348k_proj/outputs/controlNetScale/controlnet_canny/cfg_7p5_control_1p0/000000062808/generated.png,dense_text_plus_canny,5,7.5,1.0,20,0.485,0.2938,31.259
106235,A living room featuring a comfortable seating arrangement of chairs and tables.,"A comfortable living room features sofas, armchairs, lamps, and a coffee table arranged around a central seating area. Warm lighting and decorative furnishings create a welcoming atmosphere. The room appears carefully organized for relaxation and conversation, with furniture positioned to encourage social interaction. Soft colors.","A comfortable living room features sofas, armchairs, lamps, and a coffee table arranged around a central seating area. Warm lighting and decorative furnishings create a welcoming atmosphere. The room appears carefully organized for relaxation and conversation, with furniture positioned to encourage social interaction. Soft colors.",/Users/yixiaoz/Desktop/cs348k_proj/outputs/controlNetScale/controlnet_canny/cfg_7p5_control_1p0/000000106235/target.png,/Users/yixiaoz/Desktop/cs348k_proj/outputs/controlNetScale/controlnet_canny/cfg_7p5_control_1p0/000000106235/canny.png,/Users/yixiaoz/Desktop/cs348k_proj/outputs/controlNetScale/controlnet_canny/cfg_7p5_control_1p0/000000106235/generated.png,dense_text_plus_canny,5,7.5,1.0,20,0.5922,0.2978,31.3756
117425,A young boy with a spoon looking at a birthday cupcake.,"A young child sits at a wooden table while looking closely at a small birthday cupcake decorated with a candle. The toddler appears curious and fascinated by the treat positioned directly in front of them. An adult stands nearby, partially visible, supervising the moment. Warm.","A young child sits at a wooden table while looking closely at a small birthday cupcake decorated with a candle. The toddler appears curious and fascinated by the treat positioned directly in front of them. An adult stands nearby, partially visible, supervising the moment. Warm.",/Users/yixiaoz/Desktop/cs348k_proj/outputs/controlNetScale/controlnet_canny/cfg_7p5_control_1p0/000000117425/target.png,/Users/yixiaoz/Desktop/cs348k_proj/outputs/controlNetScale/controlnet_canny/cfg_7p5_control_1p0/000000117425/canny.png,/Users/yixiaoz/Desktop/cs348k_proj/outputs/controlNetScale/controlnet_canny/cfg_7p5_control_1p0/000000117425/generated.png,dense_text_plus_canny,5,7.5,1.0,20,0.5461,0.2996,37.0987
100624,A girl is standing by a storefront while talking on her phone.,"A young woman stands on a city sidewalk at night while talking on her mobile phone. Storefront windows, streetlights, and blurred city lights illuminate the background, creating an urban evening atmosphere. She appears focused on her conversation while standing near a shop entrance. The image.","A young woman stands on a city sidewalk at night while talking on her mobile phone. Storefront windows, streetlights, and blurred city lights illuminate the background, creating an urban evening atmosphere. She appears focused on her conversation while standing near a shop entrance. The image.",/Users/yixiaoz/Desktop/cs348k_proj/outputs/controlNetScale/controlnet_canny/cfg_7p5_control_1p0/000000100624/target.png,/Users/yixiaoz/Desktop/cs348k_proj/outputs/controlNetScale/controlnet_canny/cfg_7p5_control_1p0/000000100624/canny.png,/Users/yixiaoz/Desktop/cs348k_proj/outputs/controlNetScale/controlnet_canny/cfg_7p5_control_1p0/000000100624/generated.png,dense_text_plus_canny,5,7.5,1.0,20,0.642,0.4328,34.9183
24243,"Two ladies seated with cups of drinks, one smoking while the other seated inside a fridge",Two women sit near a storefront or street-side seating area while holding drinks. One woman smokes a cigarette while the other sits inside a display-like enclosure resembling a refrigerator or booth. The unusual arrangement creates an eye-catching urban scene. Pedestrians and city elements appear in.,Two women sit near a storefront or street-side seating area while holding drinks. One woman smokes a cigarette while the other sits inside a display-like enclosure resembling a refrigerator or booth. The unusual arrangement creates an eye-catching urban scene. Pedestrians and city elements appear in.,/Users/yixiaoz/Desktop/cs348k_proj/outputs/controlNetScale/controlnet_canny/cfg_7p5_control_1p0/000000024243/target.png,/Users/yixiaoz/Desktop/cs348k_proj/outputs/controlNetScale/controlnet_canny/cfg_7p5_control_1p0/000000024243/canny.png,/Users/yixiaoz/Desktop/cs348k_proj/outputs/controlNetScale/controlnet_canny/cfg_7p5_control_1p0/000000024243/generated.png,dense_text_plus_canny,5,7.5,1.0,20,0.4996,0.3966,36.0354
31296,"A group of people, some in leftover US army clothing, sit at tables in a large dining room.","A large group of people gather around tables inside a spacious dining room decorated with military memorabilia and clothing. The diners appear engaged in conversation while sharing food and drinks. Wooden floors, warm lighting, and the arrangement of tables create a communal atmosphere. The image.","A large group of people gather around tables inside a spacious dining room decorated with military memorabilia and clothing. The diners appear engaged in conversation while sharing food and drinks. Wooden floors, warm lighting, and the arrangement of tables create a communal atmosphere. The image.",/Users/yixiaoz/Desktop/cs348k_proj/outputs/controlNetScale/controlnet_canny/cfg_7p5_control_1p0/000000031296/target.png,/Users/yixiaoz/Desktop/cs348k_proj/outputs/controlNetScale/controlnet_canny/cfg_7p5_control_1p0/000000031296/canny.png,/Users/yixiaoz/Desktop/cs348k_proj/outputs/controlNetScale/controlnet_canny/cfg_7p5_control_1p0/000000031296/generated.png,dense_text_plus_canny,5,7.5,1.0,20,0.4856,0.2453,37.2253
40083,a vintage photo of some people sitting under an umbrella,"This black-and-white photograph shows several people seated beneath a large umbrella beside a street or outdoor market area. Tables, chairs, and nearby structures suggest a casual public gathering place. The monochrome presentation gives the image a vintage appearance, emphasizing everyday social activity and street life.","This black-and-white photograph shows several people seated beneath a large umbrella beside a street or outdoor market area. Tables, chairs, and nearby structures suggest a casual public gathering place. The monochrome presentation gives the image a vintage appearance, emphasizing everyday social activity and street life.",/Users/yixiaoz/Desktop/cs348k_proj/outputs/controlNetScale/controlnet_canny/cfg_7p5_control_1p0/000000040083/target.png,/Users/yixiaoz/Desktop/cs348k_proj/outputs/controlNetScale/controlnet_canny/cfg_7p5_control_1p0/000000040083/canny.png,/Users/yixiaoz/Desktop/cs348k_proj/outputs/controlNetScale/controlnet_canny/cfg_7p5_control_1p0/000000040083/generated.png,dense_text_plus_canny,5,7.5,1.0,20,0.4254,0.2824,33.5451
36936,A man and woman sitting on a couch playing a video game.,"A man and woman sit together on a couch in a living room while playing a video game. A television displays the game in front of them, and snacks or drinks are visible on nearby tables. The indoor setting feels comfortable and informal, with warm.","A man and woman sit together on a couch in a living room while playing a video game. A television displays the game in front of them, and snacks or drinks are visible on nearby tables. The indoor setting feels comfortable and informal, with warm.",/Users/yixiaoz/Desktop/cs348k_proj/outputs/controlNetScale/controlnet_canny/cfg_7p5_control_1p0/000000036936/target.png,/Users/yixiaoz/Desktop/cs348k_proj/outputs/controlNetScale/controlnet_canny/cfg_7p5_control_1p0/000000036936/canny.png,/Users/yixiaoz/Desktop/cs348k_proj/outputs/controlNetScale/controlnet_canny/cfg_7p5_control_1p0/000000036936/generated.png,dense_text_plus_canny,5,7.5,1.0,20,0.5264,0.3612,34.2926
18150,A man with a receding hairline offers a slice of pizza to a toddler.,"A man with a receding hairline offers a slice of pizza to a young child seated nearby. The pair appear engaged in a friendly interaction, with the child focusing on the food being presented. The indoor setting suggests a casual family meal or gathering. The.","A man with a receding hairline offers a slice of pizza to a young child seated nearby. The pair appear engaged in a friendly interaction, with the child focusing on the food being presented. The indoor setting suggests a casual family meal or gathering. The.",/Users/yixiaoz/Desktop/cs348k_proj/outputs/controlNetScale/controlnet_canny/cfg_7p5_control_1p0/000000018150/target.png,/Users/yixiaoz/Desktop/cs348k_proj/outputs/controlNetScale/controlnet_canny/cfg_7p5_control_1p0/000000018150/canny.png,/Users/yixiaoz/Desktop/cs348k_proj/outputs/controlNetScale/controlnet_canny/cfg_7p5_control_1p0/000000018150/generated.png,dense_text_plus_canny,5,7.5,1.0,20,0.4726,0.2238,36.762
115870,Some people hanging around in a living room with a big couch.,Several people relax in a spacious living room centered around a large couch and coffee table. Some sit while others stand and converse near large windows that bring natural light into the room. Household decorations and comfortable furniture create a welcoming atmosphere. The scene captures.,Several people relax in a spacious living room centered around a large couch and coffee table. Some sit while others stand and converse near large windows that bring natural light into the room. Household decorations and comfortable furniture create a welcoming atmosphere. The scene captures.,/Users/yixiaoz/Desktop/cs348k_proj/outputs/controlNetScale/controlnet_canny/cfg_7p5_control_1p0/000000115870/target.png,/Users/yixiaoz/Desktop/cs348k_proj/outputs/controlNetScale/controlnet_canny/cfg_7p5_control_1p0/000000115870/canny.png,/Users/yixiaoz/Desktop/cs348k_proj/outputs/controlNetScale/controlnet_canny/cfg_7p5_control_1p0/000000115870/generated.png,dense_text_plus_canny,5,7.5,1.0,20,0.4545,0.3929,32.582
32901,Four men are standing together behind a group of red chairs.,"Four men stand together behind a row of red chairs in an indoor event or meeting room. They smile toward the camera and appear dressed in semi-formal attire, suggesting a gathering, celebration, or professional occasion. The composition resembles a group portrait, with the individuals positioned.","Four men stand together behind a row of red chairs in an indoor event or meeting room. They smile toward the camera and appear dressed in semi-formal attire, suggesting a gathering, celebration, or professional occasion. The composition resembles a group portrait, with the individuals positioned.",/Users/yixiaoz/Desktop/cs348k_proj/outputs/controlNetScale/controlnet_canny/cfg_7p5_control_1p0/000000032901/target.png,/Users/yixiaoz/Desktop/cs348k_proj/outputs/controlNetScale/controlnet_canny/cfg_7p5_control_1p0/000000032901/canny.png,/Users/yixiaoz/Desktop/cs348k_proj/outputs/controlNetScale/controlnet_canny/cfg_7p5_control_1p0/000000032901/generated.png,dense_text_plus_canny,5,7.5,1.0,20,0.4552,0.3515,34.1891
25560,A cat perches on top of an entertainment center in front of a TV.,"A cat perches on top of an entertainment center directly in front of a television screen. The television displays a person on screen, while the cat appears more interested in the elevated resting spot than the program itself. Household electronics and furniture surround the scene.","A cat perches on top of an entertainment center directly in front of a television screen. The television displays a person on screen, while the cat appears more interested in the elevated resting spot than the program itself. Household electronics and furniture surround the scene.",/Users/yixiaoz/Desktop/cs348k_proj/outputs/controlNetScale/controlnet_canny/cfg_7p5_control_1p0/000000025560/target.png,/Users/yixiaoz/Desktop/cs348k_proj/outputs/controlNetScale/controlnet_canny/cfg_7p5_control_1p0/000000025560/canny.png,/Users/yixiaoz/Desktop/cs348k_proj/outputs/controlNetScale/controlnet_canny/cfg_7p5_control_1p0/000000025560/generated.png,dense_text_plus_canny,5,7.5,1.0,20,0.5139,0.3736,37.3507
115245,Several suitcases on wheels leaning up against one long table with chairs.,"Several suitcases of different sizes stand upright beside a long table and a row of chairs in what appears to be a waiting area or meeting room. The luggage is grouped together on a polished wooden floor, suggesting recent travel, arrival, or preparation for departure.","Several suitcases of different sizes stand upright beside a long table and a row of chairs in what appears to be a waiting area or meeting room. The luggage is grouped together on a polished wooden floor, suggesting recent travel, arrival, or preparation for departure.",/Users/yixiaoz/Desktop/cs348k_proj/outputs/controlNetScale/controlnet_canny/cfg_7p5_control_1p0/000000115245/target.png,/Users/yixiaoz/Desktop/cs348k_proj/outputs/controlNetScale/controlnet_canny/cfg_7p5_control_1p0/000000115245/canny.png,/Users/yixiaoz/Desktop/cs348k_proj/outputs/controlNetScale/controlnet_canny/cfg_7p5_control_1p0/000000115245/generated.png,dense_text_plus_canny,5,7.5,1.0,20,0.5167,0.3938,37.4336
5001,A group of people holding a large pair of scissors to a ribbon.,"A crowd of adults and children gather around a ceremonial ribbon-cutting event. Several people smile and pose while a large pair of scissors is used to cut a ribbon stretched across the foreground. Balloons, cameras, and excited expressions contribute to the celebratory atmosphere. The gathering.","A crowd of adults and children gather around a ceremonial ribbon-cutting event. Several people smile and pose while a large pair of scissors is used to cut a ribbon stretched across the foreground. Balloons, cameras, and excited expressions contribute to the celebratory atmosphere. The gathering.",/Users/yixiaoz/Desktop/cs348k_proj/outputs/controlNetScale/controlnet_canny/cfg_7p5_control_1p0/000000005001/target.png,/Users/yixiaoz/Desktop/cs348k_proj/outputs/controlNetScale/controlnet_canny/cfg_7p5_control_1p0/000000005001/canny.png,/Users/yixiaoz/Desktop/cs348k_proj/outputs/controlNetScale/controlnet_canny/cfg_7p5_control_1p0/000000005001/generated.png,dense_text_plus_canny,5,7.5,1.0,20,0.5593,0.4209,32.7955
3934,A young girl in the foreground and a woman in a bridal dress and other adults in the background.,"A young girl wearing a light-colored dress stands in the foreground of a living room while adults gather in the background. Motion blur gives the impression of movement and activity throughout the room. Furniture, decorations, and warm indoor lighting create a family-oriented atmosphere. The scene.","A young girl wearing a light-colored dress stands in the foreground of a living room while adults gather in the background. Motion blur gives the impression of movement and activity throughout the room. Furniture, decorations, and warm indoor lighting create a family-oriented atmosphere. The scene.",/Users/yixiaoz/Desktop/cs348k_proj/outputs/controlNetScale/controlnet_canny/cfg_7p5_control_1p0/000000003934/target.png,/Users/yixiaoz/Desktop/cs348k_proj/outputs/controlNetScale/controlnet_canny/cfg_7p5_control_1p0/000000003934/canny.png,/Users/yixiaoz/Desktop/cs348k_proj/outputs/controlNetScale/controlnet_canny/cfg_7p5_control_1p0/000000003934/generated.png,dense_text_plus_canny,5,7.5,1.0,20,0.5537,0.4671,33.6231
91500,Two kids hanging out playing video games on folding chairs.,"Two young men sit on folding chairs while playing a video game together indoors. Each player holds a game controller and focuses on an off-camera television or display. The room contains tables, chairs, and household furnishings that suggest a casual social gathering. Their relaxed posture.","Two young men sit on folding chairs while playing a video game together indoors. Each player holds a game controller and focuses on an off-camera television or display. The room contains tables, chairs, and household furnishings that suggest a casual social gathering. Their relaxed posture.",/Users/yixiaoz/Desktop/cs348k_proj/outputs/controlNetScale/controlnet_canny/cfg_7p5_control_1p0/000000091500/target.png,/Users/yixiaoz/Desktop/cs348k_proj/outputs/controlNetScale/controlnet_canny/cfg_7p5_control_1p0/000000091500/canny.png,/Users/yixiaoz/Desktop/cs348k_proj/outputs/controlNetScale/controlnet_canny/cfg_7p5_control_1p0/000000091500/generated.png,dense_text_plus_canny,5,7.5,1.0,20,0.5206,0.4439,32.4921
82696,a white and black bird is walking by a table and some chairs,"A white and black bird walks across the floor of an indoor dining area filled with tables and chairs. The bird moves freely between the furniture, creating an unusual contrast between wildlife and a human-designed environment. Empty chairs and table arrangements suggest a cafeteria, restaurant.","A white and black bird walks across the floor of an indoor dining area filled with tables and chairs. The bird moves freely between the furniture, creating an unusual contrast between wildlife and a human-designed environment. Empty chairs and table arrangements suggest a cafeteria, restaurant.",/Users/yixiaoz/Desktop/cs348k_proj/outputs/controlNetScale/controlnet_canny/cfg_7p5_control_1p0/000000082696/target.png,/Users/yixiaoz/Desktop/cs348k_proj/outputs/controlNetScale/controlnet_canny/cfg_7p5_control_1p0/000000082696/canny.png,/Users/yixiaoz/Desktop/cs348k_proj/outputs/controlNetScale/controlnet_canny/cfg_7p5_control_1p0/000000082696/generated.png,dense_text_plus_canny,5,7.5,1.0,20,0.5185,0.3669,41.0467
25986,"Food is on the counter including a glass of water, rice, vegetables, and more","Several plates of food are arranged on a kitchen counter, including vegetables, rice, and prepared dishes ready to be served. Bowls, utensils, and drinking glasses surround the meal preparation area. The countertop is busy with ingredients and completed dishes, suggesting an active cooking session or.","Several plates of food are arranged on a kitchen counter, including vegetables, rice, and prepared dishes ready to be served. Bowls, utensils, and drinking glasses surround the meal preparation area. The countertop is busy with ingredients and completed dishes, suggesting an active cooking session or.",/Users/yixiaoz/Desktop/cs348k_proj/outputs/controlNetScale/controlnet_canny/cfg_7p5_control_1p0/000000025986/target.png,/Users/yixiaoz/Desktop/cs348k_proj/outputs/controlNetScale/controlnet_canny/cfg_7p5_control_1p0/000000025986/canny.png,/Users/yixiaoz/Desktop/cs348k_proj/outputs/controlNetScale/controlnet_canny/cfg_7p5_control_1p0/000000025986/generated.png,dense_text_plus_canny,5,7.5,1.0,20,0.5472,0.317,29.7348
17899,Woman working with large assortment of baked goods at kitchen table.,An older woman works at a kitchen table covered with baking supplies and a large assortment of cookies or pastries. Trays of baked goods are arranged across the tabletop while ingredients and utensils remain nearby. The woman appears focused on decorating or organizing the treats.,An older woman works at a kitchen table covered with baking supplies and a large assortment of cookies or pastries. Trays of baked goods are arranged across the tabletop while ingredients and utensils remain nearby. The woman appears focused on decorating or organizing the treats.,/Users/yixiaoz/Desktop/cs348k_proj/outputs/controlNetScale/controlnet_canny/cfg_7p5_control_1p0/000000017899/target.png,/Users/yixiaoz/Desktop/cs348k_proj/outputs/controlNetScale/controlnet_canny/cfg_7p5_control_1p0/000000017899/canny.png,/Users/yixiaoz/Desktop/cs348k_proj/outputs/controlNetScale/controlnet_canny/cfg_7p5_control_1p0/000000017899/generated.png,dense_text_plus_canny,5,7.5,1.0,20,0.5166,0.2873,39.1385
36494,"A crowd of people sitting in a room, with a clock tower in front.","A large crowd gathers inside a spacious hall featuring an enormous illuminated clock structure mounted on the wall. People sit and stand around tables while enjoying food, drinks, and conversation. The architecture, lighting, and oversized clock create a dramatic focal point within the room. The.","A large crowd gathers inside a spacious hall featuring an enormous illuminated clock structure mounted on the wall. People sit and stand around tables while enjoying food, drinks, and conversation. The architecture, lighting, and oversized clock create a dramatic focal point within the room. The.",/Users/yixiaoz/Desktop/cs348k_proj/outputs/controlNetScale/controlnet_canny/cfg_7p5_control_1p0/000000036494/target.png,/Users/yixiaoz/Desktop/cs348k_proj/outputs/controlNetScale/controlnet_canny/cfg_7p5_control_1p0/000000036494/canny.png,/Users/yixiaoz/Desktop/cs348k_proj/outputs/controlNetScale/controlnet_canny/cfg_7p5_control_1p0/000000036494/generated.png,dense_text_plus_canny,5,7.5,1.0,20,0.4691,0.2142,34.3289
24610,There is a laptop computer in a room with a couch and a bookcase.,"A quiet room contains a desk with a laptop computer, bookshelves filled with books, and a couch positioned along one wall. Warm lighting and simple furnishings create a calm, comfortable environment suitable for reading, studying, or working. The arrangement suggests a personal living space or.","A quiet room contains a desk with a laptop computer, bookshelves filled with books, and a couch positioned along one wall. Warm lighting and simple furnishings create a calm, comfortable environment suitable for reading, studying, or working. The arrangement suggests a personal living space or.",/Users/yixiaoz/Desktop/cs348k_proj/outputs/controlNetScale/controlnet_canny/cfg_7p5_control_1p0/000000024610/target.png,/Users/yixiaoz/Desktop/cs348k_proj/outputs/controlNetScale/controlnet_canny/cfg_7p5_control_1p0/000000024610/canny.png,/Users/yixiaoz/Desktop/cs348k_proj/outputs/controlNetScale/controlnet_canny/cfg_7p5_control_1p0/000000024610/generated.png,dense_text_plus_canny,5,7.5,1.0,20,0.5146,0.378,30.5545
18380,a family sitting around a long table filled with a lot of food,"A large family gathers around a long dining table filled with food, drinks, and serving dishes. Adults and children smile toward the camera while seated closely together in a warm home environment. The table is crowded with meals prepared for sharing, creating a festive atmosphere.","A large family gathers around a long dining table filled with food, drinks, and serving dishes. Adults and children smile toward the camera while seated closely together in a warm home environment. The table is crowded with meals prepared for sharing, creating a festive atmosphere.",/Users/yixiaoz/Desktop/cs348k_proj/outputs/controlNetScale/controlnet_canny/cfg_7p5_control_1p0/000000018380/target.png,/Users/yixiaoz/Desktop/cs348k_proj/outputs/controlNetScale/controlnet_canny/cfg_7p5_control_1p0/000000018380/canny.png,/Users/yixiaoz/Desktop/cs348k_proj/outputs/controlNetScale/controlnet_canny/cfg_7p5_control_1p0/000000018380/generated.png,dense_text_plus_canny,5,7.5,1.0,20,0.4981,0.1746,37.1431
102411,Two people sitting on a motorcycle in the street next to a beach.,"Two people sit on a motorcycle parked beside a waterfront area near a beach. The ocean, shoreline, and distant scenery provide a scenic backdrop while the riders pause along the road. Nearby pedestrians and open coastal views contribute to the relaxed atmosphere. The image combines.","Two people sit on a motorcycle parked beside a waterfront area near a beach. The ocean, shoreline, and distant scenery provide a scenic backdrop while the riders pause along the road. Nearby pedestrians and open coastal views contribute to the relaxed atmosphere. The image combines.",/Users/yixiaoz/Desktop/cs348k_proj/outputs/controlNetScale/controlnet_canny/cfg_7p5_control_1p0/000000102411/target.png,/Users/yixiaoz/Desktop/cs348k_proj/outputs/controlNetScale/controlnet_canny/cfg_7p5_control_1p0/000000102411/canny.png,/Users/yixiaoz/Desktop/cs348k_proj/outputs/controlNetScale/controlnet_canny/cfg_7p5_control_1p0/000000102411/generated.png,dense_text_plus_canny,5,7.5,1.0,20,0.4277,0.249,36.349
99053,"A bowl of noodles, meat, broccoli and carrots in a sauce with a fork.","A bowl of noodles mixed with meat, broccoli, carrots, and vegetables sits on a table with a fork resting inside. The colorful ingredients are coated in sauce and arranged casually within the bowl. The close-up perspective focuses attention on the meal while minimizing background distractions.","A bowl of noodles mixed with meat, broccoli, carrots, and vegetables sits on a table with a fork resting inside. The colorful ingredients are coated in sauce and arranged casually within the bowl. The close-up perspective focuses attention on the meal while minimizing background distractions.",/Users/yixiaoz/Desktop/cs348k_proj/outputs/controlNetScale/controlnet_canny/cfg_7p5_control_1p0/000000099053/target.png,/Users/yixiaoz/Desktop/cs348k_proj/outputs/controlNetScale/controlnet_canny/cfg_7p5_control_1p0/000000099053/canny.png,/Users/yixiaoz/Desktop/cs348k_proj/outputs/controlNetScale/controlnet_canny/cfg_7p5_control_1p0/000000099053/generated.png,dense_text_plus_canny,5,7.5,1.0,20,0.6184,0.3244,32.6989
84650,THERE IS A CAT THAT IS SITTION ON TOP OF THE SUITCASE,A cat rests comfortably on top of a large suitcase surrounded by luggage and travel bags. The animal appears relaxed despite sitting among items associated with movement and transportation. The scene suggests preparation for a trip or recent arrival. The contrast between the cat’s calm.,A cat rests comfortably on top of a large suitcase surrounded by luggage and travel bags. The animal appears relaxed despite sitting among items associated with movement and transportation. The scene suggests preparation for a trip or recent arrival. The contrast between the cat’s calm.,/Users/yixiaoz/Desktop/cs348k_proj/outputs/controlNetScale/controlnet_canny/cfg_7p5_control_1p0/000000084650/target.png,/Users/yixiaoz/Desktop/cs348k_proj/outputs/controlNetScale/controlnet_canny/cfg_7p5_control_1p0/000000084650/canny.png,/Users/yixiaoz/Desktop/cs348k_proj/outputs/controlNetScale/controlnet_canny/cfg_7p5_control_1p0/000000084650/generated.png,dense_text_plus_canny,5,7.5,1.0,20,0.5344,0.4735,36.7033
114049,"People inside a commuter train, with their luggage and bicycles.","Passengers stand inside a crowded train car surrounded by luggage, bicycles, and personal belongings. The narrow aisle is filled with travelers preparing for or continuing their journey. Bicycle wheels, suitcases, and overhead fixtures emphasize the transportation setting. The image captures the realities of public transit.","Passengers stand inside a crowded train car surrounded by luggage, bicycles, and personal belongings. The narrow aisle is filled with travelers preparing for or continuing their journey. Bicycle wheels, suitcases, and overhead fixtures emphasize the transportation setting. The image captures the realities of public transit.",/Users/yixiaoz/Desktop/cs348k_proj/outputs/controlNetScale/controlnet_canny/cfg_7p5_control_1p0/000000114049/target.png,/Users/yixiaoz/Desktop/cs348k_proj/outputs/controlNetScale/controlnet_canny/cfg_7p5_control_1p0/000000114049/canny.png,/Users/yixiaoz/Desktop/cs348k_proj/outputs/controlNetScale/controlnet_canny/cfg_7p5_control_1p0/000000114049/generated.png,dense_text_plus_canny,5,7.5,1.0,20,0.4966,0.3818,34.8228
100723,Crown marching in one direction in a lightly attended protest.,"A group of protesters march through a public street carrying signs and banners while moving together in the same direction. Participants of different ages fill the scene, creating a visible demonstration of collective action. The signs suggest support for a social or political cause, while.","A group of protesters march through a public street carrying signs and banners while moving together in the same direction. Participants of different ages fill the scene, creating a visible demonstration of collective action. The signs suggest support for a social or political cause, while.",/Users/yixiaoz/Desktop/cs348k_proj/outputs/controlNetScale/controlnet_canny/cfg_7p5_control_1p0/000000100723/target.png,/Users/yixiaoz/Desktop/cs348k_proj/outputs/controlNetScale/controlnet_canny/cfg_7p5_control_1p0/000000100723/canny.png,/Users/yixiaoz/Desktop/cs348k_proj/outputs/controlNetScale/controlnet_canny/cfg_7p5_control_1p0/000000100723/generated.png,dense_text_plus_canny,5,7.5,1.0,20,0.4701,0.2389,30.1212
40471,A painted white kitchen with a refrigerator and an automatic dish washer next to an oven stove.,"A clean white kitchen contains a refrigerator, oven, dishwasher, cabinets, and countertops arranged in a practical layout. Bright lighting reflects off the appliances and tiled surfaces, creating an organized and modern appearance. The room appears ready for cooking and daily household use. The image emphasizes.","A clean white kitchen contains a refrigerator, oven, dishwasher, cabinets, and countertops arranged in a practical layout. Bright lighting reflects off the appliances and tiled surfaces, creating an organized and modern appearance. The room appears ready for cooking and daily household use. The image emphasizes.",/Users/yixiaoz/Desktop/cs348k_proj/outputs/controlNetScale/controlnet_canny/cfg_7p5_control_1p0/000000040471/target.png,/Users/yixiaoz/Desktop/cs348k_proj/outputs/controlNetScale/controlnet_canny/cfg_7p5_control_1p0/000000040471/canny.png,/Users/yixiaoz/Desktop/cs348k_proj/outputs/controlNetScale/controlnet_canny/cfg_7p5_control_1p0/000000040471/generated.png,dense_text_plus_canny,5,7.5,1.0,20,0.4561,0.2684,34.2653
100238,A family standing next to each other while holding frisbees.,"A family stands outdoors together while holding colorful frisbees. Adults and children pose side by side in a grassy area, appearing relaxed and cheerful. The open environment suggests a park, recreational field, or family gathering. Their casual clothing and outdoor setting contribute to a friendly.","A family stands outdoors together while holding colorful frisbees. Adults and children pose side by side in a grassy area, appearing relaxed and cheerful. The open environment suggests a park, recreational field, or family gathering. Their casual clothing and outdoor setting contribute to a friendly.",/Users/yixiaoz/Desktop/cs348k_proj/outputs/controlNetScale/controlnet_canny/cfg_7p5_control_1p0/000000100238/target.png,/Users/yixiaoz/Desktop/cs348k_proj/outputs/controlNetScale/controlnet_canny/cfg_7p5_control_1p0/000000100238/canny.png,/Users/yixiaoz/Desktop/cs348k_proj/outputs/controlNetScale/controlnet_canny/cfg_7p5_control_1p0/000000100238/generated.png,dense_text_plus_canny,5,7.5,1.0,20,0.4638,0.3104,34.4225
39484,A street full of cars that are driving and parked and a group of people sitting outside eating.,"Cars move along a city street lined with buildings, storefronts, and restaurants. Some people sit outside dining establishments while traffic passes through the urban area. Signs, parked vehicles, and commercial activity contribute to a lively downtown atmosphere. The image captures the interaction between transportation, business.","Cars move along a city street lined with buildings, storefronts, and restaurants. Some people sit outside dining establishments while traffic passes through the urban area. Signs, parked vehicles, and commercial activity contribute to a lively downtown atmosphere. The image captures the interaction between transportation, business.",/Users/yixiaoz/Desktop/cs348k_proj/outputs/controlNetScale/controlnet_canny/cfg_7p5_control_1p0/000000039484/target.png,/Users/yixiaoz/Desktop/cs348k_proj/outputs/controlNetScale/controlnet_canny/cfg_7p5_control_1p0/000000039484/canny.png,/Users/yixiaoz/Desktop/cs348k_proj/outputs/controlNetScale/controlnet_canny/cfg_7p5_control_1p0/000000039484/generated.png,dense_text_plus_canny,5,7.5,1.0,20,0.4847,0.313,28.1814
13729,A group of people playing with a Wii in the living room.,"Several people stand in a living room while playing a Nintendo Wii video game. Participants face a television and appear engaged in the activity, moving their bodies as part of the gameplay. Household furniture, decorations, and open floor space provide room for interaction. The image.","Several people stand in a living room while playing a Nintendo Wii video game. Participants face a television and appear engaged in the activity, moving their bodies as part of the gameplay. Household furniture, decorations, and open floor space provide room for interaction. The image.",/Users/yixiaoz/Desktop/cs348k_proj/outputs/controlNetScale/controlnet_canny/cfg_7p5_control_1p0/000000013729/target.png,/Users/yixiaoz/Desktop/cs348k_proj/outputs/controlNetScale/controlnet_canny/cfg_7p5_control_1p0/000000013729/canny.png,/Users/yixiaoz/Desktop/cs348k_proj/outputs/controlNetScale/controlnet_canny/cfg_7p5_control_1p0/000000013729/generated.png,dense_text_plus_canny,5,7.5,1.0,20,0.4804,0.3629,36.3197
80340,a small child wearing a tie and holding a suitcase with other people in the background,"A small child wearing a dress shirt, tie, and formal clothing stands on a sidewalk holding a rolling suitcase. Adults and other people gather nearby in the background, suggesting a family event, celebration, or travel occasion. The child’s serious posture contrasts with the oversized luggage.","A small child wearing a dress shirt, tie, and formal clothing stands on a sidewalk holding a rolling suitcase. Adults and other people gather nearby in the background, suggesting a family event, celebration, or travel occasion. The child’s serious posture contrasts with the oversized luggage.",/Users/yixiaoz/Desktop/cs348k_proj/outputs/controlNetScale/controlnet_canny/cfg_7p5_control_1p0/000000080340/target.png,/Users/yixiaoz/Desktop/cs348k_proj/outputs/controlNetScale/controlnet_canny/cfg_7p5_control_1p0/000000080340/canny.png,/Users/yixiaoz/Desktop/cs348k_proj/outputs/controlNetScale/controlnet_canny/cfg_7p5_control_1p0/000000080340/generated.png,dense_text_plus_canny,5,7.5,1.0,20,0.432,0.3376,33.7849
38829,Two boys riding on a single bicycle on a city street,"Two people ride together through a busy city street on a single bicycle while surrounded by scooters, motorcycles, and other commuters. Urban storefronts, signs, and passing vehicles create a lively transportation scene. The riders appear relaxed as they navigate traffic alongside other travelers. The image.","Two people ride together through a busy city street on a single bicycle while surrounded by scooters, motorcycles, and other commuters. Urban storefronts, signs, and passing vehicles create a lively transportation scene. The riders appear relaxed as they navigate traffic alongside other travelers. The image.",/Users/yixiaoz/Desktop/cs348k_proj/outputs/controlNetScale/controlnet_canny/cfg_7p5_control_1p0/000000038829/target.png,/Users/yixiaoz/Desktop/cs348k_proj/outputs/controlNetScale/controlnet_canny/cfg_7p5_control_1p0/000000038829/canny.png,/Users/yixiaoz/Desktop/cs348k_proj/outputs/controlNetScale/controlnet_canny/cfg_7p5_control_1p0/000000038829/generated.png,dense_text_plus_canny,5,7.5,1.0,20,0.5324,0.3179,33.1099
66841,"A whimsical artistic toaster has eyes, a mouth, a nose, spoon feet, spoon ears, and a mixing beater tail.","A whimsical toaster has been creatively decorated with eyes, a nose, spoon-shaped ears, and other objects to resemble a human face. The appliance stands upright in a kitchen or dining area, transforming an ordinary household item into a playful character. Surrounding utensils and decorative elements.","A whimsical toaster has been creatively decorated with eyes, a nose, spoon-shaped ears, and other objects to resemble a human face. The appliance stands upright in a kitchen or dining area, transforming an ordinary household item into a playful character. Surrounding utensils and decorative elements.",/Users/yixiaoz/Desktop/cs348k_proj/outputs/controlNetScale/controlnet_canny/cfg_7p5_control_1p0/000000066841/target.png,/Users/yixiaoz/Desktop/cs348k_proj/outputs/controlNetScale/controlnet_canny/cfg_7p5_control_1p0/000000066841/canny.png,/Users/yixiaoz/Desktop/cs348k_proj/outputs/controlNetScale/controlnet_canny/cfg_7p5_control_1p0/000000066841/generated.png,dense_text_plus_canny,5,7.5,1.0,20,0.4872,0.3851,31.9117
25386,A man and woman are sitting together while the man eats with chopsticks.,"A man and woman sit together at a restaurant table while sharing a meal. Plates of food, chopsticks, drinks, and condiments are arranged in front of them as they look toward the camera. The indoor dining environment appears casual and welcoming. Their expressions suggest a.","A man and woman sit together at a restaurant table while sharing a meal. Plates of food, chopsticks, drinks, and condiments are arranged in front of them as they look toward the camera. The indoor dining environment appears casual and welcoming. Their expressions suggest a.",/Users/yixiaoz/Desktop/cs348k_proj/outputs/controlNetScale/controlnet_canny/cfg_7p5_control_1p0/000000025386/target.png,/Users/yixiaoz/Desktop/cs348k_proj/outputs/controlNetScale/controlnet_canny/cfg_7p5_control_1p0/000000025386/canny.png,/Users/yixiaoz/Desktop/cs348k_proj/outputs/controlNetScale/controlnet_canny/cfg_7p5_control_1p0/000000025386/generated.png,dense_text_plus_canny,5,7.5,1.0,20,0.5222,0.3212,30.3484
83531,A BBQ topped with lots of sausages sitting side by side.,"Several sausages cook on a barbecue grill above glowing heat while metal tongs rest nearby. The close-up perspective focuses on the food as it browns and develops grill marks. Smoke, cooking equipment, and the outdoor setting suggest a backyard gathering or cookout. The image emphasizes.","Several sausages cook on a barbecue grill above glowing heat while metal tongs rest nearby. The close-up perspective focuses on the food as it browns and develops grill marks. Smoke, cooking equipment, and the outdoor setting suggest a backyard gathering or cookout. The image emphasizes.",/Users/yixiaoz/Desktop/cs348k_proj/outputs/controlNetScale/controlnet_canny/cfg_7p5_control_1p0/000000083531/target.png,/Users/yixiaoz/Desktop/cs348k_proj/outputs/controlNetScale/controlnet_canny/cfg_7p5_control_1p0/000000083531/canny.png,/Users/yixiaoz/Desktop/cs348k_proj/outputs/controlNetScale/controlnet_canny/cfg_7p5_control_1p0/000000083531/generated.png,dense_text_plus_canny,5,7.5,1.0,20,0.5767,0.2028,34.5514
98392,"A photo of a busy intersection with a bus, several cars and a clock tower.","A busy city intersection contains multiple cars, a bus, and a prominent clock tower rising above nearby buildings. Traffic moves through the streets while pedestrians and commercial activity contribute to the urban atmosphere. Architectural details and transportation infrastructure create a recognizable downtown setting. The image.","A busy city intersection contains multiple cars, a bus, and a prominent clock tower rising above nearby buildings. Traffic moves through the streets while pedestrians and commercial activity contribute to the urban atmosphere. Architectural details and transportation infrastructure create a recognizable downtown setting. The image.",/Users/yixiaoz/Desktop/cs348k_proj/outputs/controlNetScale/controlnet_canny/cfg_7p5_control_1p0/000000098392/target.png,/Users/yixiaoz/Desktop/cs348k_proj/outputs/controlNetScale/controlnet_canny/cfg_7p5_control_1p0/000000098392/canny.png,/Users/yixiaoz/Desktop/cs348k_proj/outputs/controlNetScale/controlnet_canny/cfg_7p5_control_1p0/000000098392/generated.png,dense_text_plus_canny,5,7.5,1.0,20,0.4597,0.345,30.5284
12576,An elderly woman seated at a table holding three pizzas.,"An elderly woman sits at a dining table with several pizzas placed in front of her. Glasses, dishes, and table settings suggest a meal shared with others outside the frame. The warm indoor environment creates a comfortable and social atmosphere. The image highlights casual dining.","An elderly woman sits at a dining table with several pizzas placed in front of her. Glasses, dishes, and table settings suggest a meal shared with others outside the frame. The warm indoor environment creates a comfortable and social atmosphere. The image highlights casual dining.",/Users/yixiaoz/Desktop/cs348k_proj/outputs/controlNetScale/controlnet_canny/cfg_7p5_control_1p0/000000012576/target.png,/Users/yixiaoz/Desktop/cs348k_proj/outputs/controlNetScale/controlnet_canny/cfg_7p5_control_1p0/000000012576/canny.png,/Users/yixiaoz/Desktop/cs348k_proj/outputs/controlNetScale/controlnet_canny/cfg_7p5_control_1p0/000000012576/generated.png,dense_text_plus_canny,5,7.5,1.0,20,0.5601,0.2609,37.3463
22705,A woman in a short black dress is holding a champagne flute and standing in front of a refrigerator.,"A woman wearing a black dress stands confidently in a kitchen while holding a champagne flute. Stainless steel appliances, wooden cabinets, and household furnishings form the background. Her posture and expression suggest she may be attending a celebration, gathering, or special occasion. The image combines.","A woman wearing a black dress stands confidently in a kitchen while holding a champagne flute. Stainless steel appliances, wooden cabinets, and household furnishings form the background. Her posture and expression suggest she may be attending a celebration, gathering, or special occasion. The image combines.",/Users/yixiaoz/Desktop/cs348k_proj/outputs/controlNetScale/controlnet_canny/cfg_7p5_control_1p0/000000022705/target.png,/Users/yixiaoz/Desktop/cs348k_proj/outputs/controlNetScale/controlnet_canny/cfg_7p5_control_1p0/000000022705/canny.png,/Users/yixiaoz/Desktop/cs348k_proj/outputs/controlNetScale/controlnet_canny/cfg_7p5_control_1p0/000000022705/generated.png,dense_text_plus_canny,5,7.5,1.0,20,0.4604,0.2304,35.3008
26204,A group of cars waiting at an intersection for the light to change,"Cars wait at an urban intersection lined with buildings, trees, and traffic infrastructure. Vehicles occupy multiple lanes as they pause for a traffic signal before continuing through the city. Sidewalks, storefronts, and street signs contribute to the metropolitan atmosphere. The image emphasizes transportation systems, traffic.","Cars wait at an urban intersection lined with buildings, trees, and traffic infrastructure. Vehicles occupy multiple lanes as they pause for a traffic signal before continuing through the city. Sidewalks, storefronts, and street signs contribute to the metropolitan atmosphere. The image emphasizes transportation systems, traffic.",/Users/yixiaoz/Desktop/cs348k_proj/outputs/controlNetScale/controlnet_canny/cfg_7p5_control_1p0/000000026204/target.png,/Users/yixiaoz/Desktop/cs348k_proj/outputs/controlNetScale/controlnet_canny/cfg_7p5_control_1p0/000000026204/canny.png,/Users/yixiaoz/Desktop/cs348k_proj/outputs/controlNetScale/controlnet_canny/cfg_7p5_control_1p0/000000026204/generated.png,dense_text_plus_canny,5,7.5,1.0,20,0.412,0.3283,29.5553
31248,"Living room with white chairs and couches, fireplace and books on bookshelves.","A bright living room features white chairs, comfortable couches, bookshelves, and a fireplace serving as the central focal point. Decorative lamps, framed artwork, and neatly arranged furniture create an elegant and inviting atmosphere. Natural light and balanced interior design contribute to the room’s spacious appearance.","A bright living room features white chairs, comfortable couches, bookshelves, and a fireplace serving as the central focal point. Decorative lamps, framed artwork, and neatly arranged furniture create an elegant and inviting atmosphere. Natural light and balanced interior design contribute to the room’s spacious appearance.",/Users/yixiaoz/Desktop/cs348k_proj/outputs/controlNetScale/controlnet_canny/cfg_7p5_control_1p0/000000031248/target.png,/Users/yixiaoz/Desktop/cs348k_proj/outputs/controlNetScale/controlnet_canny/cfg_7p5_control_1p0/000000031248/canny.png,/Users/yixiaoz/Desktop/cs348k_proj/outputs/controlNetScale/controlnet_canny/cfg_7p5_control_1p0/000000031248/generated.png,dense_text_plus_canny,5,7.5,1.0,20,0.5015,0.2583,28.166
107339,A pretty young lady standing in front of a couch behind a wooden table.,"A woman stands in a modern room near a couch and low wooden tables while another person sits nearby. Bright walls, large windows, and contemporary furniture create a clean and open interior space. The standing woman appears to be speaking, presenting, or interacting with the.","A woman stands in a modern room near a couch and low wooden tables while another person sits nearby. Bright walls, large windows, and contemporary furniture create a clean and open interior space. The standing woman appears to be speaking, presenting, or interacting with the.",/Users/yixiaoz/Desktop/cs348k_proj/outputs/controlNetScale/controlnet_canny/cfg_7p5_control_1p0/000000107339/target.png,/Users/yixiaoz/Desktop/cs348k_proj/outputs/controlNetScale/controlnet_canny/cfg_7p5_control_1p0/000000107339/canny.png,/Users/yixiaoz/Desktop/cs348k_proj/outputs/controlNetScale/controlnet_canny/cfg_7p5_control_1p0/000000107339/generated.png,dense_text_plus_canny,5,7.5,1.0,20,0.6111,0.4469,33.8145
87476,two people standing on the same skateboard and holding each other up.,"Two young people stand together at a public event while holding skateboards and interacting with one another. One person wears a helmet while colorful vehicles and event displays appear in the background. Their posture suggests friendship, instruction, or support during a skateboarding activity. The image.","Two young people stand together at a public event while holding skateboards and interacting with one another. One person wears a helmet while colorful vehicles and event displays appear in the background. Their posture suggests friendship, instruction, or support during a skateboarding activity. The image.",/Users/yixiaoz/Desktop/cs348k_proj/outputs/controlNetScale/controlnet_canny/cfg_7p5_control_1p0/000000087476/target.png,/Users/yixiaoz/Desktop/cs348k_proj/outputs/controlNetScale/controlnet_canny/cfg_7p5_control_1p0/000000087476/canny.png,/Users/yixiaoz/Desktop/cs348k_proj/outputs/controlNetScale/controlnet_canny/cfg_7p5_control_1p0/000000087476/generated.png,dense_text_plus_canny,5,7.5,1.0,20,0.4991,0.3213,35.5326
78748,"A couple of motorcycles in front of sign, with people standing around.","Several motorcycles are parked in front of a display area featuring brand signage while people gather nearby. The polished bikes are arranged for viewing, suggesting a motorcycle show, dealership event, or public exhibition. Spectators walk around the display, examining the vehicles and socializing. The image.","Several motorcycles are parked in front of a display area featuring brand signage while people gather nearby. The polished bikes are arranged for viewing, suggesting a motorcycle show, dealership event, or public exhibition. Spectators walk around the display, examining the vehicles and socializing. The image.",/Users/yixiaoz/Desktop/cs348k_proj/outputs/controlNetScale/controlnet_canny/cfg_7p5_control_1p0/000000078748/target.png,/Users/yixiaoz/Desktop/cs348k_proj/outputs/controlNetScale/controlnet_canny/cfg_7p5_control_1p0/000000078748/canny.png,/Users/yixiaoz/Desktop/cs348k_proj/outputs/controlNetScale/controlnet_canny/cfg_7p5_control_1p0/000000078748/generated.png,dense_text_plus_canny,5,7.5,1.0,20,0.5208,0.4273,34.9433
29596,"A room with a couch, table set with dinnerware and a television.","A hotel-style room contains a couch, television, dining table, and neatly arranged place settings. Warm lighting, curtains, and decorative furnishings create a comfortable and welcoming atmosphere. The table is prepared for a meal, suggesting hospitality or room service. The image highlights interior design, temporary accommodations.","A hotel-style room contains a couch, television, dining table, and neatly arranged place settings. Warm lighting, curtains, and decorative furnishings create a comfortable and welcoming atmosphere. The table is prepared for a meal, suggesting hospitality or room service. The image highlights interior design, temporary accommodations.",/Users/yixiaoz/Desktop/cs348k_proj/outputs/controlNetScale/controlnet_canny/cfg_7p5_control_1p0/000000029596/target.png,/Users/yixiaoz/Desktop/cs348k_proj/outputs/controlNetScale/controlnet_canny/cfg_7p5_control_1p0/000000029596/canny.png,/Users/yixiaoz/Desktop/cs348k_proj/outputs/controlNetScale/controlnet_canny/cfg_7p5_control_1p0/000000029596/generated.png,dense_text_plus_canny,5,7.5,1.0,20,0.4306,0.2843,31.6862
33854,"parked cars, motorcycles and buses on a cobblestone parking lot next to a street.","Cars, buses, and motorcycles occupy a cobblestone parking area near a city street lined with buildings. The scene contains multiple forms of transportation gathered within a shared urban space. Pedestrians move through the area while parked vehicles await their drivers. The image captures urban infrastructure.","Cars, buses, and motorcycles occupy a cobblestone parking area near a city street lined with buildings. The scene contains multiple forms of transportation gathered within a shared urban space. Pedestrians move through the area while parked vehicles await their drivers. The image captures urban infrastructure.",/Users/yixiaoz/Desktop/cs348k_proj/outputs/controlNetScale/controlnet_canny/cfg_7p5_control_1p0/000000033854/target.png,/Users/yixiaoz/Desktop/cs348k_proj/outputs/controlNetScale/controlnet_canny/cfg_7p5_control_1p0/000000033854/canny.png,/Users/yixiaoz/Desktop/cs348k_proj/outputs/controlNetScale/controlnet_canny/cfg_7p5_control_1p0/000000033854/generated.png,dense_text_plus_canny,5,7.5,1.0,20,0.4675,0.3189,33.234
36844,a black couch a green chair a red chair a mirror and a ceiling fan,"A living room contains a black couch, colorful chairs, a ceiling fan, and large windows that allow natural light into the space. Various pieces of furniture and decorative items are arranged throughout the room, creating a comfortable residential environment. The layout suggests an area designed.","A living room contains a black couch, colorful chairs, a ceiling fan, and large windows that allow natural light into the space. Various pieces of furniture and decorative items are arranged throughout the room, creating a comfortable residential environment. The layout suggests an area designed.",/Users/yixiaoz/Desktop/cs348k_proj/outputs/controlNetScale/controlnet_canny/cfg_7p5_control_1p0/000000036844/target.png,/Users/yixiaoz/Desktop/cs348k_proj/outputs/controlNetScale/controlnet_canny/cfg_7p5_control_1p0/000000036844/canny.png,/Users/yixiaoz/Desktop/cs348k_proj/outputs/controlNetScale/controlnet_canny/cfg_7p5_control_1p0/000000036844/generated.png,dense_text_plus_canny,5,7.5,1.0,20,0.4917,0.3472,31.9391
1000,A group of kids posing for a picture on a tennis court.,A large group of children gather together on a tennis court while posing for a photograph. Some hold tennis equipment while others stand closely beside teammates and friends. The outdoor sports facility provides a bright and energetic setting. Smiles and casual poses suggest a team.,A large group of children gather together on a tennis court while posing for a photograph. Some hold tennis equipment while others stand closely beside teammates and friends. The outdoor sports facility provides a bright and energetic setting. Smiles and casual poses suggest a team.,/Users/yixiaoz/Desktop/cs348k_proj/outputs/controlNetScale/controlnet_canny/cfg_7p5_control_1p0/000000001000/target.png,/Users/yixiaoz/Desktop/cs348k_proj/outputs/controlNetScale/controlnet_canny/cfg_7p5_control_1p0/000000001000/canny.png,/Users/yixiaoz/Desktop/cs348k_proj/outputs/controlNetScale/controlnet_canny/cfg_7p5_control_1p0/000000001000/generated.png,dense_text_plus_canny,5,7.5,1.0,20,0.4831,0.2994,36.3076
55528,A man holding a paper bag while showing the camera a toothbrush.,"A man sits in a chair while holding a paper bag and displaying a toothbrush toward the camera. His expression suggests humor or casual conversation as he presents the object. The indoor environment appears relaxed and informal, with household furnishings visible around him. The image.","A man sits in a chair while holding a paper bag and displaying a toothbrush toward the camera. His expression suggests humor or casual conversation as he presents the object. The indoor environment appears relaxed and informal, with household furnishings visible around him. The image.",/Users/yixiaoz/Desktop/cs348k_proj/outputs/controlNetScale/controlnet_canny/cfg_7p5_control_1p0/000000055528/target.png,/Users/yixiaoz/Desktop/cs348k_proj/outputs/controlNetScale/controlnet_canny/cfg_7p5_control_1p0/000000055528/canny.png,/Users/yixiaoz/Desktop/cs348k_proj/outputs/controlNetScale/controlnet_canny/cfg_7p5_control_1p0/000000055528/generated.png,dense_text_plus_canny,5,7.5,1.0,20,0.4695,0.388,31.0969
2006,City bus driving through pedestrian saturated area near crosswalk.,"A city bus travels through a busy urban area near a crosswalk while pedestrians and vehicles move through the surrounding streets. Buildings, signs, and transportation infrastructure create a dynamic city environment. The bus serves as the focal point, illustrating the role of public transit in.","A city bus travels through a busy urban area near a crosswalk while pedestrians and vehicles move through the surrounding streets. Buildings, signs, and transportation infrastructure create a dynamic city environment. The bus serves as the focal point, illustrating the role of public transit in.",/Users/yixiaoz/Desktop/cs348k_proj/outputs/controlNetScale/controlnet_canny/cfg_7p5_control_1p0/000000002006/target.png,/Users/yixiaoz/Desktop/cs348k_proj/outputs/controlNetScale/controlnet_canny/cfg_7p5_control_1p0/000000002006/canny.png,/Users/yixiaoz/Desktop/cs348k_proj/outputs/controlNetScale/controlnet_canny/cfg_7p5_control_1p0/000000002006/generated.png,dense_text_plus_canny,5,7.5,1.0,20,0.4401,0.2875,31.0896
113720,A couple are enjoying pizza and drinks at the restaurant,"A smiling couple sits together at a restaurant table enjoying pizza, drinks, and conversation. Plates of food and beverages are arranged neatly while the pair look toward the camera. The atmosphere appears relaxed and friendly, suggesting a casual meal shared between friends or partners. The.","A smiling couple sits together at a restaurant table enjoying pizza, drinks, and conversation. Plates of food and beverages are arranged neatly while the pair look toward the camera. The atmosphere appears relaxed and friendly, suggesting a casual meal shared between friends or partners. The.",/Users/yixiaoz/Desktop/cs348k_proj/outputs/controlNetScale/controlnet_canny/cfg_7p5_control_1p0/000000113720/target.png,/Users/yixiaoz/Desktop/cs348k_proj/outputs/controlNetScale/controlnet_canny/cfg_7p5_control_1p0/000000113720/canny.png,/Users/yixiaoz/Desktop/cs348k_proj/outputs/controlNetScale/controlnet_canny/cfg_7p5_control_1p0/000000113720/generated.png,dense_text_plus_canny,5,7.5,1.0,20,0.5227,0.2962,37.2462
52413,"A child holding a pink toy cell phone with ""Princess Aurora"" inside it.",A child holds a pink toy flip phone decorated with imagery inspired by a princess character. The toy is displayed prominently in the foreground while other people and objects appear nearby. Bright colors and playful design elements emphasize childhood interests and imaginative play. The image.,A child holds a pink toy flip phone decorated with imagery inspired by a princess character. The toy is displayed prominently in the foreground while other people and objects appear nearby. Bright colors and playful design elements emphasize childhood interests and imaginative play. The image.,/Users/yixiaoz/Desktop/cs348k_proj/outputs/controlNetScale/controlnet_canny/cfg_7p5_control_1p0/000000052413/target.png,/Users/yixiaoz/Desktop/cs348k_proj/outputs/controlNetScale/controlnet_canny/cfg_7p5_control_1p0/000000052413/canny.png,/Users/yixiaoz/Desktop/cs348k_proj/outputs/controlNetScale/controlnet_canny/cfg_7p5_control_1p0/000000052413/generated.png,dense_text_plus_canny,5,7.5,1.0,20,0.7256,0.3424,39.4335
60932,A man in a suit that is standing in front of a group of people.,"A man dressed in a formal suit stands confidently in front of a group of people at what appears to be a celebration or reception. The black-and-white image captures him smiling and raising a hand while guests gather in the background. Tables, decorations, and formally.","A man dressed in a formal suit stands confidently in front of a group of people at what appears to be a celebration or reception. The black-and-white image captures him smiling and raising a hand while guests gather in the background. Tables, decorations, and formally.",/Users/yixiaoz/Desktop/cs348k_proj/outputs/controlNetScale/controlnet_canny/cfg_7p5_control_1p0/000000060932/target.png,/Users/yixiaoz/Desktop/cs348k_proj/outputs/controlNetScale/controlnet_canny/cfg_7p5_control_1p0/000000060932/canny.png,/Users/yixiaoz/Desktop/cs348k_proj/outputs/controlNetScale/controlnet_canny/cfg_7p5_control_1p0/000000060932/generated.png,dense_text_plus_canny,5,7.5,1.0,20,0.422,0.276,33.4032
102805,A man in holds a Frisbee in the parking lot by the river.,"A man wearing a hat stands near a riverside parking area while holding a Frisbee in his hand. Mountains and water stretch across the background, creating a scenic outdoor setting. Several parked vehicles and open space suggest a recreational destination where people gather for leisure.","A man wearing a hat stands near a riverside parking area while holding a Frisbee in his hand. Mountains and water stretch across the background, creating a scenic outdoor setting. Several parked vehicles and open space suggest a recreational destination where people gather for leisure.",/Users/yixiaoz/Desktop/cs348k_proj/outputs/controlNetScale/controlnet_canny/cfg_7p5_control_1p0/000000102805/target.png,/Users/yixiaoz/Desktop/cs348k_proj/outputs/controlNetScale/controlnet_canny/cfg_7p5_control_1p0/000000102805/canny.png,/Users/yixiaoz/Desktop/cs348k_proj/outputs/controlNetScale/controlnet_canny/cfg_7p5_control_1p0/000000102805/generated.png,dense_text_plus_canny,5,7.5,1.0,20,0.4093,0.2219,37.2292
15254,These platters display healthy food choices of two entrees with a side  vegetable and fruit,"A neatly organized lunch container displays a balanced meal consisting of rice, vegetables, fruit, and other healthy foods arranged in separate compartments. Grapes, carrots, and a colorful entrée contribute to the vibrant appearance. The close-up perspective emphasizes nutrition, portioning, and meal preparation. The image reflects.","A neatly organized lunch container displays a balanced meal consisting of rice, vegetables, fruit, and other healthy foods arranged in separate compartments. Grapes, carrots, and a colorful entrée contribute to the vibrant appearance. The close-up perspective emphasizes nutrition, portioning, and meal preparation. The image reflects.",/Users/yixiaoz/Desktop/cs348k_proj/outputs/controlNetScale/controlnet_canny/cfg_7p5_control_1p0/000000015254/target.png,/Users/yixiaoz/Desktop/cs348k_proj/outputs/controlNetScale/controlnet_canny/cfg_7p5_control_1p0/000000015254/canny.png,/Users/yixiaoz/Desktop/cs348k_proj/outputs/controlNetScale/controlnet_canny/cfg_7p5_control_1p0/000000015254/generated.png,dense_text_plus_canny,5,7.5,1.0,20,0.5875,0.2096,38.3113
24567,There is a man looking at a lot if hot dogs in a bun in a pan,"A man wearing a hat looks down at a tray filled with hot dogs arranged in buns. The outdoor setting suggests a barbecue, picnic, or community gathering where food is being prepared and served. Bright colors from the toppings and buns create a festive appearance.","A man wearing a hat looks down at a tray filled with hot dogs arranged in buns. The outdoor setting suggests a barbecue, picnic, or community gathering where food is being prepared and served. Bright colors from the toppings and buns create a festive appearance.",/Users/yixiaoz/Desktop/cs348k_proj/outputs/controlNetScale/controlnet_canny/cfg_7p5_control_1p0/000000024567/target.png,/Users/yixiaoz/Desktop/cs348k_proj/outputs/controlNetScale/controlnet_canny/cfg_7p5_control_1p0/000000024567/canny.png,/Users/yixiaoz/Desktop/cs348k_proj/outputs/controlNetScale/controlnet_canny/cfg_7p5_control_1p0/000000024567/generated.png,dense_text_plus_canny,5,7.5,1.0,20,0.5123,0.2241,39.3325
25603,A girl sitting around a table in a restaurant eating a pizza.,"A young girl sits at a restaurant table with a pizza placed in front of her. Glasses, plates, and table settings surround the meal while the warm indoor lighting creates a cozy atmosphere. She looks toward the camera as if waiting to eat or enjoying.","A young girl sits at a restaurant table with a pizza placed in front of her. Glasses, plates, and table settings surround the meal while the warm indoor lighting creates a cozy atmosphere. She looks toward the camera as if waiting to eat or enjoying.",/Users/yixiaoz/Desktop/cs348k_proj/outputs/controlNetScale/controlnet_canny/cfg_7p5_control_1p0/000000025603/target.png,/Users/yixiaoz/Desktop/cs348k_proj/outputs/controlNetScale/controlnet_canny/cfg_7p5_control_1p0/000000025603/canny.png,/Users/yixiaoz/Desktop/cs348k_proj/outputs/controlNetScale/controlnet_canny/cfg_7p5_control_1p0/000000025603/generated.png,dense_text_plus_canny,5,7.5,1.0,20,0.4989,0.3964,36.4819
55150,Two children sit atop their parent's luggage in the parking lot.,"Two children sit atop luggage carts in a parking lot while surrounded by parked vehicles. The scene appears to capture a family trip, airport arrival, or vacation departure. The children seem comfortable and playful as they ride on the luggage. Cars, travel equipment, and open.","Two children sit atop luggage carts in a parking lot while surrounded by parked vehicles. The scene appears to capture a family trip, airport arrival, or vacation departure. The children seem comfortable and playful as they ride on the luggage. Cars, travel equipment, and open.",/Users/yixiaoz/Desktop/cs348k_proj/outputs/controlNetScale/controlnet_canny/cfg_7p5_control_1p0/000000055150/target.png,/Users/yixiaoz/Desktop/cs348k_proj/outputs/controlNetScale/controlnet_canny/cfg_7p5_control_1p0/000000055150/canny.png,/Users/yixiaoz/Desktop/cs348k_proj/outputs/controlNetScale/controlnet_canny/cfg_7p5_control_1p0/000000055150/generated.png,dense_text_plus_canny,5,7.5,1.0,20,0.4618,0.3687,35.0949
30828,A person covered with an orange sleeping bag rests his head on a blue back pack as he sleeps on a park bench.,"A person sleeps on a park bench while covered by an orange sleeping bag and resting beside a backpack. The outdoor setting includes grass, trees, and surrounding park features. The image captures a quiet moment of rest in a public space, contrasting the bright colors.","A person sleeps on a park bench while covered by an orange sleeping bag and resting beside a backpack. The outdoor setting includes grass, trees, and surrounding park features. The image captures a quiet moment of rest in a public space, contrasting the bright colors.",/Users/yixiaoz/Desktop/cs348k_proj/outputs/controlNetScale/controlnet_canny/cfg_7p5_control_1p0/000000030828/target.png,/Users/yixiaoz/Desktop/cs348k_proj/outputs/controlNetScale/controlnet_canny/cfg_7p5_control_1p0/000000030828/canny.png,/Users/yixiaoz/Desktop/cs348k_proj/outputs/controlNetScale/controlnet_canny/cfg_7p5_control_1p0/000000030828/generated.png,dense_text_plus_canny,5,7.5,1.0,20,0.557,0.4176,32.3964
32334,"Two people, a man and a woman, are toasting with wine glasses.","A smiling man and woman hold wine glasses while posing together indoors. The casual setting appears to be a social gathering, dinner, or celebration where friends enjoy food and drinks. Warm lighting and relaxed expressions create a welcoming atmosphere. The image emphasizes companionship, hospitality, and.","A smiling man and woman hold wine glasses while posing together indoors. The casual setting appears to be a social gathering, dinner, or celebration where friends enjoy food and drinks. Warm lighting and relaxed expressions create a welcoming atmosphere. The image emphasizes companionship, hospitality, and.",/Users/yixiaoz/Desktop/cs348k_proj/outputs/controlNetScale/controlnet_canny/cfg_7p5_control_1p0/000000032334/target.png,/Users/yixiaoz/Desktop/cs348k_proj/outputs/controlNetScale/controlnet_canny/cfg_7p5_control_1p0/000000032334/canny.png,/Users/yixiaoz/Desktop/cs348k_proj/outputs/controlNetScale/controlnet_canny/cfg_7p5_control_1p0/000000032334/generated.png,dense_text_plus_canny,5,7.5,1.0,20,0.4588,0.451,32.3397
92416,A male with a bottled beverage wearing a flower in his lapel.,"A young man wearing formal attire stands outdoors holding a bottled beverage. A flower pinned to his lapel suggests participation in a wedding, graduation, or other ceremonial event. Water and distant scenery form a pleasant background. His posture and clothing indicate a special occasion, while.","A young man wearing formal attire stands outdoors holding a bottled beverage. A flower pinned to his lapel suggests participation in a wedding, graduation, or other ceremonial event. Water and distant scenery form a pleasant background. His posture and clothing indicate a special occasion, while.",/Users/yixiaoz/Desktop/cs348k_proj/outputs/controlNetScale/controlnet_canny/cfg_7p5_control_1p0/000000092416/target.png,/Users/yixiaoz/Desktop/cs348k_proj/outputs/controlNetScale/controlnet_canny/cfg_7p5_control_1p0/000000092416/canny.png,/Users/yixiaoz/Desktop/cs348k_proj/outputs/controlNetScale/controlnet_canny/cfg_7p5_control_1p0/000000092416/generated.png,dense_text_plus_canny,5,7.5,1.0,20,0.445,0.3332,35.8456
20553,Large stuffed animal posed outdoors as if sitting in a chair with beverages on a table.,A large stuffed animal is arranged outdoors in a desert-like environment while seated in a chair beside beverages and decorative items placed on a small table. The unusual setup creates a humorous and imaginative scene. Open ground and sparse surroundings emphasize the contrast between the.,A large stuffed animal is arranged outdoors in a desert-like environment while seated in a chair beside beverages and decorative items placed on a small table. The unusual setup creates a humorous and imaginative scene. Open ground and sparse surroundings emphasize the contrast between the.,/Users/yixiaoz/Desktop/cs348k_proj/outputs/controlNetScale/controlnet_canny/cfg_7p5_control_1p0/000000020553/target.png,/Users/yixiaoz/Desktop/cs348k_proj/outputs/controlNetScale/controlnet_canny/cfg_7p5_control_1p0/000000020553/canny.png,/Users/yixiaoz/Desktop/cs348k_proj/outputs/controlNetScale/controlnet_canny/cfg_7p5_control_1p0/000000020553/generated.png,dense_text_plus_canny,5,7.5,1.0,20,0.4957,0.4331,42.4922
93437,An older man is wearing a funny hat in his dining room.,"An elderly man wearing a distinctive hat stands inside a dining area or kitchen while smiling toward the camera. Household furnishings and cabinets appear in the background, creating a comfortable domestic setting. His expression suggests warmth and friendliness, while the unusual hat adds character and.","An elderly man wearing a distinctive hat stands inside a dining area or kitchen while smiling toward the camera. Household furnishings and cabinets appear in the background, creating a comfortable domestic setting. His expression suggests warmth and friendliness, while the unusual hat adds character and.",/Users/yixiaoz/Desktop/cs348k_proj/outputs/controlNetScale/controlnet_canny/cfg_7p5_control_1p0/000000093437/target.png,/Users/yixiaoz/Desktop/cs348k_proj/outputs/controlNetScale/controlnet_canny/cfg_7p5_control_1p0/000000093437/canny.png,/Users/yixiaoz/Desktop/cs348k_proj/outputs/controlNetScale/controlnet_canny/cfg_7p5_control_1p0/000000093437/generated.png,dense_text_plus_canny,5,7.5,1.0,20,0.4662,0.3504,33.0597
89648,People using electronic devises all facing in the same direction.,"Several people sit in rows while using laptops and other electronic devices. Viewed from above, the scene resembles a classroom, workshop, conference, or training session focused on technology. Participants face the same direction and appear engaged with their screens. The arrangement emphasizes learning, collaboration, and.","Several people sit in rows while using laptops and other electronic devices. Viewed from above, the scene resembles a classroom, workshop, conference, or training session focused on technology. Participants face the same direction and appear engaged with their screens. The arrangement emphasizes learning, collaboration, and.",/Users/yixiaoz/Desktop/cs348k_proj/outputs/controlNetScale/controlnet_canny/cfg_7p5_control_1p0/000000089648/target.png,/Users/yixiaoz/Desktop/cs348k_proj/outputs/controlNetScale/controlnet_canny/cfg_7p5_control_1p0/000000089648/canny.png,/Users/yixiaoz/Desktop/cs348k_proj/outputs/controlNetScale/controlnet_canny/cfg_7p5_control_1p0/000000089648/generated.png,dense_text_plus_canny,5,7.5,1.0,20,0.4349,0.2006,33.476
7574,"A kitchen with two sinks, a counter, detergent, a stove and a refrigerator in it.","A kitchen interior contains wooden cabinets, a refrigerator, a stove, countertops, and cleaning supplies arranged around the room. Various household items are visible near the sink and work surfaces, creating a realistic lived-in appearance. The image emphasizes domestic functionality and organization while showcasing the appliances.","A kitchen interior contains wooden cabinets, a refrigerator, a stove, countertops, and cleaning supplies arranged around the room. Various household items are visible near the sink and work surfaces, creating a realistic lived-in appearance. The image emphasizes domestic functionality and organization while showcasing the appliances.",/Users/yixiaoz/Desktop/cs348k_proj/outputs/controlNetScale/controlnet_canny/cfg_7p5_control_1p0/000000007574/target.png,/Users/yixiaoz/Desktop/cs348k_proj/outputs/controlNetScale/controlnet_canny/cfg_7p5_control_1p0/000000007574/canny.png,/Users/yixiaoz/Desktop/cs348k_proj/outputs/controlNetScale/controlnet_canny/cfg_7p5_control_1p0/000000007574/generated.png,dense_text_plus_canny,5,7.5,1.0,20,0.4939,0.2674,31.7407
88040,"Plates of shrimp, vegetables, and noodles served with tea.","Several plates of food are arranged on a table viewed from above, including shrimp, vegetables, noodles, and accompanying beverages. Bowls, cups, and serving dishes contribute to the inviting dining presentation. The meal appears carefully prepared and shared among multiple people. The image highlights culinary variety.","Several plates of food are arranged on a table viewed from above, including shrimp, vegetables, noodles, and accompanying beverages. Bowls, cups, and serving dishes contribute to the inviting dining presentation. The meal appears carefully prepared and shared among multiple people. The image highlights culinary variety.",/Users/yixiaoz/Desktop/cs348k_proj/outputs/controlNetScale/controlnet_canny/cfg_7p5_control_1p0/000000088040/target.png,/Users/yixiaoz/Desktop/cs348k_proj/outputs/controlNetScale/controlnet_canny/cfg_7p5_control_1p0/000000088040/canny.png,/Users/yixiaoz/Desktop/cs348k_proj/outputs/controlNetScale/controlnet_canny/cfg_7p5_control_1p0/000000088040/generated.png,dense_text_plus_canny,5,7.5,1.0,20,0.5166,0.2315,33.0913
4134,Two men standing next to each other holding hands.,"Two men stand together at a formal event while greeting one another and shaking hands. Other attendees and banquet tables are visible in the background, suggesting a conference, reception, or celebration. Their professional attire and engaged expressions indicate a respectful social interaction. The image highlights.","Two men stand together at a formal event while greeting one another and shaking hands. Other attendees and banquet tables are visible in the background, suggesting a conference, reception, or celebration. Their professional attire and engaged expressions indicate a respectful social interaction. The image highlights.",/Users/yixiaoz/Desktop/cs348k_proj/outputs/controlNetScale/controlnet_canny/cfg_7p5_control_1p0/000000004134/target.png,/Users/yixiaoz/Desktop/cs348k_proj/outputs/controlNetScale/controlnet_canny/cfg_7p5_control_1p0/000000004134/canny.png,/Users/yixiaoz/Desktop/cs348k_proj/outputs/controlNetScale/controlnet_canny/cfg_7p5_control_1p0/000000004134/generated.png,dense_text_plus_canny,5,7.5,1.0,20,0.5595,0.3778,29.8061
39769,Two cats sleeping with a remote control near each of them.,Two cats sleep peacefully on a bright pink blanket with television remotes placed nearby. Their relaxed poses and stretched bodies create a calm and comfortable scene. The indoor setting suggests a living room or bedroom where the animals have chosen a soft resting place. The.,Two cats sleep peacefully on a bright pink blanket with television remotes placed nearby. Their relaxed poses and stretched bodies create a calm and comfortable scene. The indoor setting suggests a living room or bedroom where the animals have chosen a soft resting place. The.,/Users/yixiaoz/Desktop/cs348k_proj/outputs/controlNetScale/controlnet_canny/cfg_7p5_control_1p0/000000039769/target.png,/Users/yixiaoz/Desktop/cs348k_proj/outputs/controlNetScale/controlnet_canny/cfg_7p5_control_1p0/000000039769/canny.png,/Users/yixiaoz/Desktop/cs348k_proj/outputs/controlNetScale/controlnet_canny/cfg_7p5_control_1p0/000000039769/generated.png,dense_text_plus_canny,5,7.5,1.0,20,0.5368,0.306,31.8733
14439,A group of people standing on a field flying a colorful kite.,"A group of people stand together in a grassy park while flying a large colorful kite. Open space, recreational equipment, and other visitors create a lively outdoor environment. Participants work together to manage the kite as it catches the wind above the field. The image.","A group of people stand together in a grassy park while flying a large colorful kite. Open space, recreational equipment, and other visitors create a lively outdoor environment. Participants work together to manage the kite as it catches the wind above the field. The image.",/Users/yixiaoz/Desktop/cs348k_proj/outputs/controlNetScale/controlnet_canny/cfg_7p5_control_1p0/000000014439/target.png,/Users/yixiaoz/Desktop/cs348k_proj/outputs/controlNetScale/controlnet_canny/cfg_7p5_control_1p0/000000014439/canny.png,/Users/yixiaoz/Desktop/cs348k_proj/outputs/controlNetScale/controlnet_canny/cfg_7p5_control_1p0/000000014439/generated.png,dense_text_plus_canny,5,7.5,1.0,20,0.4019,0.2433,39.4812
104669,"A plate with a meal of meat, potatoes, carrots, and broccoli.","A plate holds a complete meal featuring a piece of meat alongside potatoes, carrots, broccoli, and other vegetables. The arrangement is neatly presented, suggesting a restaurant dish or carefully prepared home-cooked dinner. Bright colors from the vegetables contrast with the darker entrée. The image emphasizes.","A plate holds a complete meal featuring a piece of meat alongside potatoes, carrots, broccoli, and other vegetables. The arrangement is neatly presented, suggesting a restaurant dish or carefully prepared home-cooked dinner. Bright colors from the vegetables contrast with the darker entrée. The image emphasizes.",/Users/yixiaoz/Desktop/cs348k_proj/outputs/controlNetScale/controlnet_canny/cfg_7p5_control_1p0/000000104669/target.png,/Users/yixiaoz/Desktop/cs348k_proj/outputs/controlNetScale/controlnet_canny/cfg_7p5_control_1p0/000000104669/canny.png,/Users/yixiaoz/Desktop/cs348k_proj/outputs/controlNetScale/controlnet_canny/cfg_7p5_control_1p0/000000104669/generated.png,dense_text_plus_canny,5,7.5,1.0,20,0.512,0.281,35.8747
11149,A man sitting on a motorcycle near several bicycles with a partially visible person standing nearby.,"A motorcycle is parked near several bicycles while people stand nearby in an outdoor setting. The collection of vehicles suggests a shared recreational or transportation area. Trees, pathways, and surrounding activity contribute to the public atmosphere. The image highlights different modes of personal transportation and.","A motorcycle is parked near several bicycles while people stand nearby in an outdoor setting. The collection of vehicles suggests a shared recreational or transportation area. Trees, pathways, and surrounding activity contribute to the public atmosphere. The image highlights different modes of personal transportation and.",/Users/yixiaoz/Desktop/cs348k_proj/outputs/controlNetScale/controlnet_canny/cfg_7p5_control_1p0/000000011149/target.png,/Users/yixiaoz/Desktop/cs348k_proj/outputs/controlNetScale/controlnet_canny/cfg_7p5_control_1p0/000000011149/canny.png,/Users/yixiaoz/Desktop/cs348k_proj/outputs/controlNetScale/controlnet_canny/cfg_7p5_control_1p0/000000011149/generated.png,dense_text_plus_canny,5,7.5,1.0,20,0.5016,0.3115,29.4436
52996,A group of women in military outfits helping other women in a kitchen.,"A group of women wearing military-style uniforms work together in a kitchen while preparing food. Large pots, utensils, and work surfaces indicate an organized cooking effort intended to serve many people. Their coordinated activity reflects teamwork and shared responsibility. The image highlights food preparation, community.","A group of women wearing military-style uniforms work together in a kitchen while preparing food. Large pots, utensils, and work surfaces indicate an organized cooking effort intended to serve many people. Their coordinated activity reflects teamwork and shared responsibility. The image highlights food preparation, community.",/Users/yixiaoz/Desktop/cs348k_proj/outputs/controlNetScale/controlnet_canny/cfg_7p5_control_1p0/000000052996/target.png,/Users/yixiaoz/Desktop/cs348k_proj/outputs/controlNetScale/controlnet_canny/cfg_7p5_control_1p0/000000052996/canny.png,/Users/yixiaoz/Desktop/cs348k_proj/outputs/controlNetScale/controlnet_canny/cfg_7p5_control_1p0/000000052996/generated.png,dense_text_plus_canny,5,7.5,1.0,20,0.5231,0.3691,36.8008
30213,"The picture shows the interior of a kitchen, with vintage refrigerator, stove, and other appliances.","The interior of a vintage-style kitchen is filled with retro appliances, patterned wallpaper, wooden cabinets, and decorative household items. A classic refrigerator, stove, sink, and dining furniture create a nostalgic atmosphere reminiscent of mid-century home design. Various utensils, containers, and decorations are arranged throughout the.","The interior of a vintage-style kitchen is filled with retro appliances, patterned wallpaper, wooden cabinets, and decorative household items. A classic refrigerator, stove, sink, and dining furniture create a nostalgic atmosphere reminiscent of mid-century home design. Various utensils, containers, and decorations are arranged throughout the.",/Users/yixiaoz/Desktop/cs348k_proj/outputs/controlNetScale/controlnet_canny/cfg_7p5_control_1p0/000000030213/target.png,/Users/yixiaoz/Desktop/cs348k_proj/outputs/controlNetScale/controlnet_canny/cfg_7p5_control_1p0/000000030213/canny.png,/Users/yixiaoz/Desktop/cs348k_proj/outputs/controlNetScale/controlnet_canny/cfg_7p5_control_1p0/000000030213/generated.png,dense_text_plus_canny,5,7.5,1.0,20,0.5782,0.3429,34.1327
56127,"A room with a fire extinguisher, mugs hanging from a shelf and several lights.","A narrow interior room contains shelves lined with mugs, a fire extinguisher, counters, hanging lights, and decorative details. Warm lighting and colorful walls create a welcoming atmosphere that resembles a small café, restaurant service area, or compact workspace. The room is carefully organized to maximize.","A narrow interior room contains shelves lined with mugs, a fire extinguisher, counters, hanging lights, and decorative details. Warm lighting and colorful walls create a welcoming atmosphere that resembles a small café, restaurant service area, or compact workspace. The room is carefully organized to maximize.",/Users/yixiaoz/Desktop/cs348k_proj/outputs/controlNetScale/controlnet_canny/cfg_7p5_control_1p0/000000056127/target.png,/Users/yixiaoz/Desktop/cs348k_proj/outputs/controlNetScale/controlnet_canny/cfg_7p5_control_1p0/000000056127/canny.png,/Users/yixiaoz/Desktop/cs348k_proj/outputs/controlNetScale/controlnet_canny/cfg_7p5_control_1p0/000000056127/generated.png,dense_text_plus_canny,5,7.5,1.0,20,0.618,0.3087,27.9654
84031,A batter swinging a bat at a baseball with the catcher and umpire behind him.,A baseball player swings at a pitch while the catcher and umpire closely follow the action behind home plate. The game takes place on a well-maintained field surrounded by spectators and stadium structures. The batter’s posture captures the intensity and timing required in competitive baseball.,A baseball player swings at a pitch while the catcher and umpire closely follow the action behind home plate. The game takes place on a well-maintained field surrounded by spectators and stadium structures. The batter’s posture captures the intensity and timing required in competitive baseball.,/Users/yixiaoz/Desktop/cs348k_proj/outputs/controlNetScale/controlnet_canny/cfg_7p5_control_1p0/000000084031/target.png,/Users/yixiaoz/Desktop/cs348k_proj/outputs/controlNetScale/controlnet_canny/cfg_7p5_control_1p0/000000084031/canny.png,/Users/yixiaoz/Desktop/cs348k_proj/outputs/controlNetScale/controlnet_canny/cfg_7p5_control_1p0/000000084031/generated.png,dense_text_plus_canny,5,7.5,1.0,20,0.5331,0.3932,33.4662
74209,A black and stainless steel kitchen with a snack bar and bar stools.,"A modern kitchen features stainless steel appliances, polished countertops, pendant lighting, and a snack bar lined with stools. The clean design emphasizes contemporary architecture and efficient use of space. Cabinets, sinks, and work surfaces are neatly arranged to support cooking and dining activities. The room.","A modern kitchen features stainless steel appliances, polished countertops, pendant lighting, and a snack bar lined with stools. The clean design emphasizes contemporary architecture and efficient use of space. Cabinets, sinks, and work surfaces are neatly arranged to support cooking and dining activities. The room.",/Users/yixiaoz/Desktop/cs348k_proj/outputs/controlNetScale/controlnet_canny/cfg_7p5_control_1p0/000000074209/target.png,/Users/yixiaoz/Desktop/cs348k_proj/outputs/controlNetScale/controlnet_canny/cfg_7p5_control_1p0/000000074209/canny.png,/Users/yixiaoz/Desktop/cs348k_proj/outputs/controlNetScale/controlnet_canny/cfg_7p5_control_1p0/000000074209/generated.png,dense_text_plus_canny,5,7.5,1.0,20,0.4662,0.261,29.8651
52891,A dog walking on the beach with a frizzbe in his month.,"A dog stands on a sandy beach while carrying a bright yellow frisbee in its mouth. Ocean water, waves, and distant shoreline scenery create a scenic coastal backdrop. The animal appears alert and energetic, as if engaged in a game of fetch with its owner.","A dog stands on a sandy beach while carrying a bright yellow frisbee in its mouth. Ocean water, waves, and distant shoreline scenery create a scenic coastal backdrop. The animal appears alert and energetic, as if engaged in a game of fetch with its owner.",/Users/yixiaoz/Desktop/cs348k_proj/outputs/controlNetScale/controlnet_canny/cfg_7p5_control_1p0/000000052891/target.png,/Users/yixiaoz/Desktop/cs348k_proj/outputs/controlNetScale/controlnet_canny/cfg_7p5_control_1p0/000000052891/canny.png,/Users/yixiaoz/Desktop/cs348k_proj/outputs/controlNetScale/controlnet_canny/cfg_7p5_control_1p0/000000052891/generated.png,dense_text_plus_canny,5,7.5,1.0,20,0.5677,0.4009,36.5336
99039,Plates of food and two glasses of red wine are on a table.,Several plates of food and two glasses of red wine are arranged on a table beside a large window overlooking greenery and nearby buildings. The setting appears to be a restaurant or dining area where people are enjoying a meal together. Soft natural light enters.,Several plates of food and two glasses of red wine are arranged on a table beside a large window overlooking greenery and nearby buildings. The setting appears to be a restaurant or dining area where people are enjoying a meal together. Soft natural light enters.,/Users/yixiaoz/Desktop/cs348k_proj/outputs/controlNetScale/controlnet_canny/cfg_7p5_control_1p0/000000099039/target.png,/Users/yixiaoz/Desktop/cs348k_proj/outputs/controlNetScale/controlnet_canny/cfg_7p5_control_1p0/000000099039/canny.png,/Users/yixiaoz/Desktop/cs348k_proj/outputs/controlNetScale/controlnet_canny/cfg_7p5_control_1p0/000000099039/generated.png,dense_text_plus_canny,5,7.5,1.0,20,0.5365,0.5397,30.4275
66635,"An apple computer monitor, keyboard and mouse sits on top of a clean wooden desk.","An Apple desktop computer sits on a clean wooden desk alongside a keyboard and mouse. The workspace is simple, organized, and free from clutter, emphasizing productivity and focus. The monitor occupies the center of the arrangement while the surrounding furniture provides ample working space. The.","An Apple desktop computer sits on a clean wooden desk alongside a keyboard and mouse. The workspace is simple, organized, and free from clutter, emphasizing productivity and focus. The monitor occupies the center of the arrangement while the surrounding furniture provides ample working space. The.",/Users/yixiaoz/Desktop/cs348k_proj/outputs/controlNetScale/controlnet_canny/cfg_7p5_control_1p0/000000066635/target.png,/Users/yixiaoz/Desktop/cs348k_proj/outputs/controlNetScale/controlnet_canny/cfg_7p5_control_1p0/000000066635/canny.png,/Users/yixiaoz/Desktop/cs348k_proj/outputs/controlNetScale/controlnet_canny/cfg_7p5_control_1p0/000000066635/generated.png,dense_text_plus_canny,5,7.5,1.0,20,0.5377,0.3827,36.5722
107226,Men race on wheeled vehicles towed by a group of husky dogs.,Competitors participate in a dog-powered racing event where huskies pull wheeled vehicles through an outdoor course. Spectators gather nearby to watch the action while handlers guide the dogs. The animals appear strong and energetic as they work together as a team. The image highlights sporting.,Competitors participate in a dog-powered racing event where huskies pull wheeled vehicles through an outdoor course. Spectators gather nearby to watch the action while handlers guide the dogs. The animals appear strong and energetic as they work together as a team. The image highlights sporting.,/Users/yixiaoz/Desktop/cs348k_proj/outputs/controlNetScale/controlnet_canny/cfg_7p5_control_1p0/000000107226/target.png,/Users/yixiaoz/Desktop/cs348k_proj/outputs/controlNetScale/controlnet_canny/cfg_7p5_control_1p0/000000107226/canny.png,/Users/yixiaoz/Desktop/cs348k_proj/outputs/controlNetScale/controlnet_canny/cfg_7p5_control_1p0/000000107226/generated.png,dense_text_plus_canny,5,7.5,1.0,20,0.6686,0.3334,37.0648
14038,A kitchen with hard wood floors and a yellow smiley face balloon.,"A living room decorated for a celebration contains colorful balloons, furniture, and a large yellow smiley-face balloon suspended near the ceiling. The room features wooden flooring, entertainment equipment, and decorative touches that create a festive atmosphere. The arrangement suggests a birthday party or social gathering.","A living room decorated for a celebration contains colorful balloons, furniture, and a large yellow smiley-face balloon suspended near the ceiling. The room features wooden flooring, entertainment equipment, and decorative touches that create a festive atmosphere. The arrangement suggests a birthday party or social gathering.",/Users/yixiaoz/Desktop/cs348k_proj/outputs/controlNetScale/controlnet_canny/cfg_7p5_control_1p0/000000014038/target.png,/Users/yixiaoz/Desktop/cs348k_proj/outputs/controlNetScale/controlnet_canny/cfg_7p5_control_1p0/000000014038/canny.png,/Users/yixiaoz/Desktop/cs348k_proj/outputs/controlNetScale/controlnet_canny/cfg_7p5_control_1p0/000000014038/generated.png,dense_text_plus_canny,5,7.5,1.0,20,0.6317,0.472,37.7485
114884,"A woman with a cigarette standing, while a group of people with luggage walk towards a bus.","A woman stands inside a transportation terminal while travelers carrying luggage move through the background toward buses or other transit services. The spacious facility contains seating areas, structural supports, and signs associated with public transportation. People appear focused on their journeys as they navigate the.","A woman stands inside a transportation terminal while travelers carrying luggage move through the background toward buses or other transit services. The spacious facility contains seating areas, structural supports, and signs associated with public transportation. People appear focused on their journeys as they navigate the.",/Users/yixiaoz/Desktop/cs348k_proj/outputs/controlNetScale/controlnet_canny/cfg_7p5_control_1p0/000000114884/target.png,/Users/yixiaoz/Desktop/cs348k_proj/outputs/controlNetScale/controlnet_canny/cfg_7p5_control_1p0/000000114884/canny.png,/Users/yixiaoz/Desktop/cs348k_proj/outputs/controlNetScale/controlnet_canny/cfg_7p5_control_1p0/000000114884/generated.png,dense_text_plus_canny,5,7.5,1.0,20,0.4975,0.3776,32.0475
12120,A couple of women playing a game of tennis on a tennis court.,"Two women compete in a tennis match on a professional court surrounded by spectators and stadium seating. Both athletes focus intensely on the ball as they move across the blue playing surface. The sporting venue includes advertising displays, officials, and fans observing the competition. The.","Two women compete in a tennis match on a professional court surrounded by spectators and stadium seating. Both athletes focus intensely on the ball as they move across the blue playing surface. The sporting venue includes advertising displays, officials, and fans observing the competition. The.",/Users/yixiaoz/Desktop/cs348k_proj/outputs/controlNetScale/controlnet_canny/cfg_7p5_control_1p0/000000012120/target.png,/Users/yixiaoz/Desktop/cs348k_proj/outputs/controlNetScale/controlnet_canny/cfg_7p5_control_1p0/000000012120/canny.png,/Users/yixiaoz/Desktop/cs348k_proj/outputs/controlNetScale/controlnet_canny/cfg_7p5_control_1p0/000000012120/generated.png,dense_text_plus_canny,5,7.5,1.0,20,0.4758,0.2382,36.3581
87470,a big heard of cows walking down a road in a row with green tags on their ears,A large herd of cattle walks together along a rural road bordered by open countryside. The animals move in an organized line while green ear tags help identify members of the herd. Rolling terrain and natural vegetation create an agricultural landscape in the background. The.,A large herd of cattle walks together along a rural road bordered by open countryside. The animals move in an organized line while green ear tags help identify members of the herd. Rolling terrain and natural vegetation create an agricultural landscape in the background. The.,/Users/yixiaoz/Desktop/cs348k_proj/outputs/controlNetScale/controlnet_canny/cfg_7p5_control_1p0/000000087470/target.png,/Users/yixiaoz/Desktop/cs348k_proj/outputs/controlNetScale/controlnet_canny/cfg_7p5_control_1p0/000000087470/canny.png,/Users/yixiaoz/Desktop/cs348k_proj/outputs/controlNetScale/controlnet_canny/cfg_7p5_control_1p0/000000087470/generated.png,dense_text_plus_canny,5,7.5,1.0,20,0.479,0.316,33.2688
41872,"A bedroom with  a large bed facing a fireplace that has a television over the top of it, in a shelf space.","A comfortable bedroom contains a large bed, fireplace, television, built-in shelving, and warm lighting. Soft furnishings and decorative details create a relaxing atmosphere designed for rest and comfort. The layout resembles a hotel suite or upscale residential bedroom where entertainment and relaxation are combined in.","A comfortable bedroom contains a large bed, fireplace, television, built-in shelving, and warm lighting. Soft furnishings and decorative details create a relaxing atmosphere designed for rest and comfort. The layout resembles a hotel suite or upscale residential bedroom where entertainment and relaxation are combined in.",/Users/yixiaoz/Desktop/cs348k_proj/outputs/controlNetScale/controlnet_canny/cfg_7p5_control_1p0/000000041872/target.png,/Users/yixiaoz/Desktop/cs348k_proj/outputs/controlNetScale/controlnet_canny/cfg_7p5_control_1p0/000000041872/canny.png,/Users/yixiaoz/Desktop/cs348k_proj/outputs/controlNetScale/controlnet_canny/cfg_7p5_control_1p0/000000041872/generated.png,dense_text_plus_canny,5,7.5,1.0,20,0.5514,0.3703,30.8269
60899,The young boy is playing in the living room of his house.,"A young boy plays in a living room while raising an object above his head. Household furniture, rugs, and natural light create a comfortable domestic setting. The child appears energetic and engaged in imaginative play. The image captures a candid family moment that reflects childhood.","A young boy plays in a living room while raising an object above his head. Household furniture, rugs, and natural light create a comfortable domestic setting. The child appears energetic and engaged in imaginative play. The image captures a candid family moment that reflects childhood.",/Users/yixiaoz/Desktop/cs348k_proj/outputs/controlNetScale/controlnet_canny/cfg_7p5_control_1p0/000000060899/target.png,/Users/yixiaoz/Desktop/cs348k_proj/outputs/controlNetScale/controlnet_canny/cfg_7p5_control_1p0/000000060899/canny.png,/Users/yixiaoz/Desktop/cs348k_proj/outputs/controlNetScale/controlnet_canny/cfg_7p5_control_1p0/000000060899/generated.png,dense_text_plus_canny,5,7.5,1.0,20,0.447,0.3014,32.6628
46872,a man standing next to a truck with some stuff on it,"A man stands beside a flatbed truck loaded with large industrial materials and equipment. The outdoor setting suggests a construction, transportation, or delivery operation. The truck occupies most of the scene while the worker appears to inspect or supervise the cargo. The image highlights logistics.","A man stands beside a flatbed truck loaded with large industrial materials and equipment. The outdoor setting suggests a construction, transportation, or delivery operation. The truck occupies most of the scene while the worker appears to inspect or supervise the cargo. The image highlights logistics.",/Users/yixiaoz/Desktop/cs348k_proj/outputs/controlNetScale/controlnet_canny/cfg_7p5_control_1p0/000000046872/target.png,/Users/yixiaoz/Desktop/cs348k_proj/outputs/controlNetScale/controlnet_canny/cfg_7p5_control_1p0/000000046872/canny.png,/Users/yixiaoz/Desktop/cs348k_proj/outputs/controlNetScale/controlnet_canny/cfg_7p5_control_1p0/000000046872/generated.png,dense_text_plus_canny,5,7.5,1.0,20,0.4833,0.4491,30.7588
33638,A woman wearing shorts bends over a frying pan on a stove.,"A woman bends over a stove while preparing food in a traditional kitchen. Pots, utensils, and cooking equipment surround her as she works on a meal. The room contains functional appliances and furnishings that support everyday household cooking. The image emphasizes domestic life, food preparation.","A woman bends over a stove while preparing food in a traditional kitchen. Pots, utensils, and cooking equipment surround her as she works on a meal. The room contains functional appliances and furnishings that support everyday household cooking. The image emphasizes domestic life, food preparation.",/Users/yixiaoz/Desktop/cs348k_proj/outputs/controlNetScale/controlnet_canny/cfg_7p5_control_1p0/000000033638/target.png,/Users/yixiaoz/Desktop/cs348k_proj/outputs/controlNetScale/controlnet_canny/cfg_7p5_control_1p0/000000033638/canny.png,/Users/yixiaoz/Desktop/cs348k_proj/outputs/controlNetScale/controlnet_canny/cfg_7p5_control_1p0/000000033638/generated.png,dense_text_plus_canny,5,7.5,1.0,20,0.6293,0.5217,34.8949
66038,The father and daughter are under an umbrella on the beach.,"A father and daughter relax beneath colorful beach umbrellas near the shoreline. Sand, water, and bright weather create a pleasant coastal environment suited for recreation and family outings. The pair appear comfortable as they spend time together enjoying the outdoors. The image highlights family relationships.","A father and daughter relax beneath colorful beach umbrellas near the shoreline. Sand, water, and bright weather create a pleasant coastal environment suited for recreation and family outings. The pair appear comfortable as they spend time together enjoying the outdoors. The image highlights family relationships.",/Users/yixiaoz/Desktop/cs348k_proj/outputs/controlNetScale/controlnet_canny/cfg_7p5_control_1p0/000000066038/target.png,/Users/yixiaoz/Desktop/cs348k_proj/outputs/controlNetScale/controlnet_canny/cfg_7p5_control_1p0/000000066038/canny.png,/Users/yixiaoz/Desktop/cs348k_proj/outputs/controlNetScale/controlnet_canny/cfg_7p5_control_1p0/000000066038/generated.png,dense_text_plus_canny,5,7.5,1.0,20,0.5232,0.3009,34.0489
86582,A person watering plants with a computer in the foreground.,"A laptop computer sits prominently in the foreground while a person tends plants in the background. Potted plants, gardening supplies, and outdoor views create a peaceful setting that combines technology with nature. The scene suggests remote work, personal projects, or a lifestyle that balances digital.","A laptop computer sits prominently in the foreground while a person tends plants in the background. Potted plants, gardening supplies, and outdoor views create a peaceful setting that combines technology with nature. The scene suggests remote work, personal projects, or a lifestyle that balances digital.",/Users/yixiaoz/Desktop/cs348k_proj/outputs/controlNetScale/controlnet_canny/cfg_7p5_control_1p0/000000086582/target.png,/Users/yixiaoz/Desktop/cs348k_proj/outputs/controlNetScale/controlnet_canny/cfg_7p5_control_1p0/000000086582/canny.png,/Users/yixiaoz/Desktop/cs348k_proj/outputs/controlNetScale/controlnet_canny/cfg_7p5_control_1p0/000000086582/generated.png,dense_text_plus_canny,5,7.5,1.0,20,0.5591,0.3299,37.0815
32610,Assortment of laptop computers displayed on table with backpacks full of electronic cords.,"Multiple laptop computers, backpacks, cables, and electronic accessories are displayed across a table. The collection of equipment suggests a workshop, conference, classroom, or technology-focused event. Devices are arranged side by side, emphasizing preparation and connectivity. The image highlights digital tools used for communication, learning, and.","Multiple laptop computers, backpacks, cables, and electronic accessories are displayed across a table. The collection of equipment suggests a workshop, conference, classroom, or technology-focused event. Devices are arranged side by side, emphasizing preparation and connectivity. The image highlights digital tools used for communication, learning, and.",/Users/yixiaoz/Desktop/cs348k_proj/outputs/controlNetScale/controlnet_canny/cfg_7p5_control_1p0/000000032610/target.png,/Users/yixiaoz/Desktop/cs348k_proj/outputs/controlNetScale/controlnet_canny/cfg_7p5_control_1p0/000000032610/canny.png,/Users/yixiaoz/Desktop/cs348k_proj/outputs/controlNetScale/controlnet_canny/cfg_7p5_control_1p0/000000032610/generated.png,dense_text_plus_canny,5,7.5,1.0,20,0.5481,0.3641,35.6138
8021,An audience is looking at an film of a man taking that is projected onto a wall.,"A speaker stands in front of a large projected image while addressing an audience seated in a darkened room. The presentation appears to be part of a conference, lecture, or public event. Audience members focus on the stage while the presenter gestures toward visual material.","A speaker stands in front of a large projected image while addressing an audience seated in a darkened room. The presentation appears to be part of a conference, lecture, or public event. Audience members focus on the stage while the presenter gestures toward visual material.",/Users/yixiaoz/Desktop/cs348k_proj/outputs/controlNetScale/controlnet_canny/cfg_7p5_control_1p0/000000008021/target.png,/Users/yixiaoz/Desktop/cs348k_proj/outputs/controlNetScale/controlnet_canny/cfg_7p5_control_1p0/000000008021/canny.png,/Users/yixiaoz/Desktop/cs348k_proj/outputs/controlNetScale/controlnet_canny/cfg_7p5_control_1p0/000000008021/generated.png,dense_text_plus_canny,5,7.5,1.0,20,0.5752,0.4507,34.1666
81738,Someone about to cut and birthday cake with blue and yellow frosting.,"A rectangular birthday cake decorated with blue and yellow frosting sits on a kitchen counter while a person uses a knife to cut into it. The cake appears homemade or specially prepared for a celebration, with decorative writing and icing patterns spread across the surface.","A rectangular birthday cake decorated with blue and yellow frosting sits on a kitchen counter while a person uses a knife to cut into it. The cake appears homemade or specially prepared for a celebration, with decorative writing and icing patterns spread across the surface.",/Users/yixiaoz/Desktop/cs348k_proj/outputs/controlNetScale/controlnet_canny/cfg_7p5_control_1p0/000000081738/target.png,/Users/yixiaoz/Desktop/cs348k_proj/outputs/controlNetScale/controlnet_canny/cfg_7p5_control_1p0/000000081738/canny.png,/Users/yixiaoz/Desktop/cs348k_proj/outputs/controlNetScale/controlnet_canny/cfg_7p5_control_1p0/000000081738/generated.png,dense_text_plus_canny,5,7.5,1.0,20,0.6242,0.4183,40.2504
94944,A skier on skies and a snowboarder carrying a snowboard on a mountain slope.,"Several people are gathered on a snowy mountain slope surrounded by dramatic alpine scenery and distant snow-covered peaks. One individual carries a snowboard while others prepare equipment or rest nearby. The expansive landscape dominates the background, emphasizing the scale of the mountainous environment. The image.","Several people are gathered on a snowy mountain slope surrounded by dramatic alpine scenery and distant snow-covered peaks. One individual carries a snowboard while others prepare equipment or rest nearby. The expansive landscape dominates the background, emphasizing the scale of the mountainous environment. The image.",/Users/yixiaoz/Desktop/cs348k_proj/outputs/controlNetScale/controlnet_canny/cfg_7p5_control_1p0/000000094944/target.png,/Users/yixiaoz/Desktop/cs348k_proj/outputs/controlNetScale/controlnet_canny/cfg_7p5_control_1p0/000000094944/canny.png,/Users/yixiaoz/Desktop/cs348k_proj/outputs/controlNetScale/controlnet_canny/cfg_7p5_control_1p0/000000094944/generated.png,dense_text_plus_canny,5,7.5,1.0,20,0.5179,0.5048,32.1424
48504,A brown and a gray elephant are in a circus ring and the brown elephant is walking behind the gray elephant as well as two people training them are standing nearby.,Two elephants stand inside a large indoor training or exhibition space while handlers supervise them nearby. One elephant follows behind the other as they move across the floor beneath overhead lighting and structural beams. Equipment and barriers suggest a controlled environment designed for animal care.,Two elephants stand inside a large indoor training or exhibition space while handlers supervise them nearby. One elephant follows behind the other as they move across the floor beneath overhead lighting and structural beams. Equipment and barriers suggest a controlled environment designed for animal care.,/Users/yixiaoz/Desktop/cs348k_proj/outputs/controlNetScale/controlnet_canny/cfg_7p5_control_1p0/000000048504/target.png,/Users/yixiaoz/Desktop/cs348k_proj/outputs/controlNetScale/controlnet_canny/cfg_7p5_control_1p0/000000048504/canny.png,/Users/yixiaoz/Desktop/cs348k_proj/outputs/controlNetScale/controlnet_canny/cfg_7p5_control_1p0/000000048504/generated.png,dense_text_plus_canny,5,7.5,1.0,20,0.4507,0.3219,40.6599
69213,Two men who are wearing suits and hats standing next to each other.,"Two men wearing dark suits and matching hats stand side by side outdoors while looking toward the camera. Their formal attire contrasts with the busy background, where people and vehicles are visible. The pair appear composed and confident, suggesting they may be attending a formal.","Two men wearing dark suits and matching hats stand side by side outdoors while looking toward the camera. Their formal attire contrasts with the busy background, where people and vehicles are visible. The pair appear composed and confident, suggesting they may be attending a formal.",/Users/yixiaoz/Desktop/cs348k_proj/outputs/controlNetScale/controlnet_canny/cfg_7p5_control_1p0/000000069213/target.png,/Users/yixiaoz/Desktop/cs348k_proj/outputs/controlNetScale/controlnet_canny/cfg_7p5_control_1p0/000000069213/canny.png,/Users/yixiaoz/Desktop/cs348k_proj/outputs/controlNetScale/controlnet_canny/cfg_7p5_control_1p0/000000069213/generated.png,dense_text_plus_canny,5,7.5,1.0,20,0.5139,0.3907,33.7311
44877,Two people are in a wheelchair and only one of them is holding a racket.,"Two people are positioned on a tennis court, one seated in a wheelchair while holding a tennis racket. The scene highlights adaptive sports and athletic participation regardless of physical ability. Both individuals focus on the activity taking place on the court, surrounded by fencing and.","Two people are positioned on a tennis court, one seated in a wheelchair while holding a tennis racket. The scene highlights adaptive sports and athletic participation regardless of physical ability. Both individuals focus on the activity taking place on the court, surrounded by fencing and.",/Users/yixiaoz/Desktop/cs348k_proj/outputs/controlNetScale/controlnet_canny/cfg_7p5_control_1p0/000000044877/target.png,/Users/yixiaoz/Desktop/cs348k_proj/outputs/controlNetScale/controlnet_canny/cfg_7p5_control_1p0/000000044877/canny.png,/Users/yixiaoz/Desktop/cs348k_proj/outputs/controlNetScale/controlnet_canny/cfg_7p5_control_1p0/000000044877/generated.png,dense_text_plus_canny,5,7.5,1.0,20,0.548,0.2815,33.3284
74058,A sidewalk next to the outdoor sitting area of a restaurant.,"A black-and-white street scene shows a sidewalk café or restaurant with outdoor seating positioned beside a busy road. Bicycles are parked nearby while tables and chairs extend beneath awnings. Cars line the street and pedestrians move through the area. The monochrome presentation emphasizes geometry, shadows.","A black-and-white street scene shows a sidewalk café or restaurant with outdoor seating positioned beside a busy road. Bicycles are parked nearby while tables and chairs extend beneath awnings. Cars line the street and pedestrians move through the area. The monochrome presentation emphasizes geometry, shadows.",/Users/yixiaoz/Desktop/cs348k_proj/outputs/controlNetScale/controlnet_canny/cfg_7p5_control_1p0/000000074058/target.png,/Users/yixiaoz/Desktop/cs348k_proj/outputs/controlNetScale/controlnet_canny/cfg_7p5_control_1p0/000000074058/canny.png,/Users/yixiaoz/Desktop/cs348k_proj/outputs/controlNetScale/controlnet_canny/cfg_7p5_control_1p0/000000074058/generated.png,dense_text_plus_canny,5,7.5,1.0,20,0.3908,0.1628,34.4449
69356,An Indian woman stands in front of a man selling his fruit,"A fruit vendor stands beside a colorful outdoor market stall filled with oranges, bananas, and other produce. A woman stands nearby while additional people move through the area. Trees and buildings line the background, suggesting a neighborhood street market. The image highlights small-scale commerce, local.","A fruit vendor stands beside a colorful outdoor market stall filled with oranges, bananas, and other produce. A woman stands nearby while additional people move through the area. Trees and buildings line the background, suggesting a neighborhood street market. The image highlights small-scale commerce, local.",/Users/yixiaoz/Desktop/cs348k_proj/outputs/controlNetScale/controlnet_canny/cfg_7p5_control_1p0/000000069356/target.png,/Users/yixiaoz/Desktop/cs348k_proj/outputs/controlNetScale/controlnet_canny/cfg_7p5_control_1p0/000000069356/canny.png,/Users/yixiaoz/Desktop/cs348k_proj/outputs/controlNetScale/controlnet_canny/cfg_7p5_control_1p0/000000069356/generated.png,dense_text_plus_canny,5,7.5,1.0,20,0.4936,0.242,33.5735
57232,A chair is fashioned from baseball bats and two cushions.,"A chair has been creatively constructed from baseball bats and cushioned seating materials, transforming sporting equipment into functional furniture. Additional decorative items, including a globe and various objects, surround the unusual piece. The craftsmanship demonstrates artistic repurposing and design innovation. The image highlights the intersection.","A chair has been creatively constructed from baseball bats and cushioned seating materials, transforming sporting equipment into functional furniture. Additional decorative items, including a globe and various objects, surround the unusual piece. The craftsmanship demonstrates artistic repurposing and design innovation. The image highlights the intersection.",/Users/yixiaoz/Desktop/cs348k_proj/outputs/controlNetScale/controlnet_canny/cfg_7p5_control_1p0/000000057232/target.png,/Users/yixiaoz/Desktop/cs348k_proj/outputs/controlNetScale/controlnet_canny/cfg_7p5_control_1p0/000000057232/canny.png,/Users/yixiaoz/Desktop/cs348k_proj/outputs/controlNetScale/controlnet_canny/cfg_7p5_control_1p0/000000057232/generated.png,dense_text_plus_canny,5,7.5,1.0,20,0.4307,0.2174,33.4731
5193,A group of people pose for a picture while a man holds two surfboards.,"A group of people gathers indoors for a photograph while one individual holds two colorful surfboards upright. Several children and adults pose together, smiling toward the camera. The surfboards act as focal points, suggesting a beach, surfing, or recreational theme. The image captures a celebratory.","A group of people gathers indoors for a photograph while one individual holds two colorful surfboards upright. Several children and adults pose together, smiling toward the camera. The surfboards act as focal points, suggesting a beach, surfing, or recreational theme. The image captures a celebratory.",/Users/yixiaoz/Desktop/cs348k_proj/outputs/controlNetScale/controlnet_canny/cfg_7p5_control_1p0/000000005193/target.png,/Users/yixiaoz/Desktop/cs348k_proj/outputs/controlNetScale/controlnet_canny/cfg_7p5_control_1p0/000000005193/canny.png,/Users/yixiaoz/Desktop/cs348k_proj/outputs/controlNetScale/controlnet_canny/cfg_7p5_control_1p0/000000005193/generated.png,dense_text_plus_canny,5,7.5,1.0,20,0.5292,0.5377,39.0827
94751,A traffic light and a signpost at a crossroads intersection near a waterway.,"Traffic lights and road signs stand at an intersection near a waterfront area. Fences, streets, and utility structures define the urban landscape while water and distant infrastructure appear in the background. The scene focuses on transportation systems and traffic management rather than people. The image.","Traffic lights and road signs stand at an intersection near a waterfront area. Fences, streets, and utility structures define the urban landscape while water and distant infrastructure appear in the background. The scene focuses on transportation systems and traffic management rather than people. The image.",/Users/yixiaoz/Desktop/cs348k_proj/outputs/controlNetScale/controlnet_canny/cfg_7p5_control_1p0/000000094751/target.png,/Users/yixiaoz/Desktop/cs348k_proj/outputs/controlNetScale/controlnet_canny/cfg_7p5_control_1p0/000000094751/canny.png,/Users/yixiaoz/Desktop/cs348k_proj/outputs/controlNetScale/controlnet_canny/cfg_7p5_control_1p0/000000094751/generated.png,dense_text_plus_canny,5,7.5,1.0,20,0.5003,0.3873,28.6914
13546,Young man on skate board balancing on concrete barrier near sidewalk with small park area near by.,"A skateboarder balances on a concrete structure within a small park while performing a trick. The rider’s posture demonstrates concentration and control as wheels contact the edge of the obstacle. Grass, pathways, and recreational facilities surround the scene. The image captures motion and athletic skill.","A skateboarder balances on a concrete structure within a small park while performing a trick. The rider’s posture demonstrates concentration and control as wheels contact the edge of the obstacle. Grass, pathways, and recreational facilities surround the scene. The image captures motion and athletic skill.",/Users/yixiaoz/Desktop/cs348k_proj/outputs/controlNetScale/controlnet_canny/cfg_7p5_control_1p0/000000013546/target.png,/Users/yixiaoz/Desktop/cs348k_proj/outputs/controlNetScale/controlnet_canny/cfg_7p5_control_1p0/000000013546/canny.png,/Users/yixiaoz/Desktop/cs348k_proj/outputs/controlNetScale/controlnet_canny/cfg_7p5_control_1p0/000000013546/generated.png,dense_text_plus_canny,5,7.5,1.0,20,0.4835,0.2649,33.7599
112378,A bunch of bananas on a wooden bench with hammocks in the background.,"A bunch of bananas rests on a wooden bench in an outdoor setting where hammocks and tropical vegetation appear in the background. The fruit is arranged casually, creating a simple still-life composition. Natural lighting and greenery contribute to a relaxed atmosphere. The image highlights everyday.","A bunch of bananas rests on a wooden bench in an outdoor setting where hammocks and tropical vegetation appear in the background. The fruit is arranged casually, creating a simple still-life composition. Natural lighting and greenery contribute to a relaxed atmosphere. The image highlights everyday.",/Users/yixiaoz/Desktop/cs348k_proj/outputs/controlNetScale/controlnet_canny/cfg_7p5_control_1p0/000000112378/target.png,/Users/yixiaoz/Desktop/cs348k_proj/outputs/controlNetScale/controlnet_canny/cfg_7p5_control_1p0/000000112378/canny.png,/Users/yixiaoz/Desktop/cs348k_proj/outputs/controlNetScale/controlnet_canny/cfg_7p5_control_1p0/000000112378/generated.png,dense_text_plus_canny,5,7.5,1.0,20,0.5683,0.2991,38.5232
57672,a river.A group of people with life jacket rowing a long boat in,"A long rowing boat moves across a calm river while a coordinated team of rowers wearing life jackets paddles together. Their synchronized effort propels the vessel through the water as spectators and shoreline features remain visible in the distance. The image highlights teamwork, endurance, and.","A long rowing boat moves across a calm river while a coordinated team of rowers wearing life jackets paddles together. Their synchronized effort propels the vessel through the water as spectators and shoreline features remain visible in the distance. The image highlights teamwork, endurance, and.",/Users/yixiaoz/Desktop/cs348k_proj/outputs/controlNetScale/controlnet_canny/cfg_7p5_control_1p0/000000057672/target.png,/Users/yixiaoz/Desktop/cs348k_proj/outputs/controlNetScale/controlnet_canny/cfg_7p5_control_1p0/000000057672/canny.png,/Users/yixiaoz/Desktop/cs348k_proj/outputs/controlNetScale/controlnet_canny/cfg_7p5_control_1p0/000000057672/generated.png,dense_text_plus_canny,5,7.5,1.0,20,0.5012,0.3847,33.3962
19432,He's almost got this tennis ball at the end of his racket.,"A tennis player focuses intensely on a ball approaching the racket during a match on a professional court. Stadium seating and fencing create the backdrop while the athlete prepares to make contact. The composition freezes a precise moment that requires timing, concentration, and technical skill.","A tennis player focuses intensely on a ball approaching the racket during a match on a professional court. Stadium seating and fencing create the backdrop while the athlete prepares to make contact. The composition freezes a precise moment that requires timing, concentration, and technical skill.",/Users/yixiaoz/Desktop/cs348k_proj/outputs/controlNetScale/controlnet_canny/cfg_7p5_control_1p0/000000019432/target.png,/Users/yixiaoz/Desktop/cs348k_proj/outputs/controlNetScale/controlnet_canny/cfg_7p5_control_1p0/000000019432/canny.png,/Users/yixiaoz/Desktop/cs348k_proj/outputs/controlNetScale/controlnet_canny/cfg_7p5_control_1p0/000000019432/generated.png,dense_text_plus_canny,5,7.5,1.0,20,0.5595,0.353,28.3971
73702,A couple of guys standingoutside in the sun talking to each other.,"Several people stand together outdoors near a transportation or public-service area while engaged in conversation. Some individuals carry bags or wear protective clothing, suggesting travel, work, or transit-related activities. The scene appears candid and documentary in nature, focusing on social interaction rather than posed photography.","Several people stand together outdoors near a transportation or public-service area while engaged in conversation. Some individuals carry bags or wear protective clothing, suggesting travel, work, or transit-related activities. The scene appears candid and documentary in nature, focusing on social interaction rather than posed photography.",/Users/yixiaoz/Desktop/cs348k_proj/outputs/controlNetScale/controlnet_canny/cfg_7p5_control_1p0/000000073702/target.png,/Users/yixiaoz/Desktop/cs348k_proj/outputs/controlNetScale/controlnet_canny/cfg_7p5_control_1p0/000000073702/canny.png,/Users/yixiaoz/Desktop/cs348k_proj/outputs/controlNetScale/controlnet_canny/cfg_7p5_control_1p0/000000073702/generated.png,dense_text_plus_canny,5,7.5,1.0,20,0.498,0.4325,28.3471
84241,Three women cooking in a professional kitchen together.,"Three women work together inside a professional kitchen while preparing food. Large bowls of vegetables, cookware, and stainless-steel surfaces surround them as they coordinate meal preparation. The environment suggests a restaurant, catering operation, or culinary training setting. The image highlights teamwork, food service, and culinary.","Three women work together inside a professional kitchen while preparing food. Large bowls of vegetables, cookware, and stainless-steel surfaces surround them as they coordinate meal preparation. The environment suggests a restaurant, catering operation, or culinary training setting. The image highlights teamwork, food service, and culinary.",/Users/yixiaoz/Desktop/cs348k_proj/outputs/controlNetScale/controlnet_canny/cfg_7p5_control_1p0/000000084241/target.png,/Users/yixiaoz/Desktop/cs348k_proj/outputs/controlNetScale/controlnet_canny/cfg_7p5_control_1p0/000000084241/canny.png,/Users/yixiaoz/Desktop/cs348k_proj/outputs/controlNetScale/controlnet_canny/cfg_7p5_control_1p0/000000084241/generated.png,dense_text_plus_canny,5,7.5,1.0,20,0.5307,0.3152,35.6497
34417,Donuts traveling down an assembly line in a factory while people work behind it.,"Donuts move along a production line inside a bakery or food-processing facility while workers supervise operations in the background. Conveyors, trays, and industrial equipment are visible throughout the workspace. The image illustrates large-scale food production and the systems used to manufacture baked goods efficiently. It.","Donuts move along a production line inside a bakery or food-processing facility while workers supervise operations in the background. Conveyors, trays, and industrial equipment are visible throughout the workspace. The image illustrates large-scale food production and the systems used to manufacture baked goods efficiently. It.",/Users/yixiaoz/Desktop/cs348k_proj/outputs/controlNetScale/controlnet_canny/cfg_7p5_control_1p0/000000034417/target.png,/Users/yixiaoz/Desktop/cs348k_proj/outputs/controlNetScale/controlnet_canny/cfg_7p5_control_1p0/000000034417/canny.png,/Users/yixiaoz/Desktop/cs348k_proj/outputs/controlNetScale/controlnet_canny/cfg_7p5_control_1p0/000000034417/generated.png,dense_text_plus_canny,5,7.5,1.0,20,0.5047,0.3284,42.6252
25181,A train station with an awning is depicted with a train on the right platform.,"A train station platform extends into the distance beneath a large canopy, creating strong lines and symmetry throughout the composition. A train sits along one side of the platform while signs and architectural details reinforce the sense of order. The black-and-white presentation emphasizes structure and.","A train station platform extends into the distance beneath a large canopy, creating strong lines and symmetry throughout the composition. A train sits along one side of the platform while signs and architectural details reinforce the sense of order. The black-and-white presentation emphasizes structure and.",/Users/yixiaoz/Desktop/cs348k_proj/outputs/controlNetScale/controlnet_canny/cfg_7p5_control_1p0/000000025181/target.png,/Users/yixiaoz/Desktop/cs348k_proj/outputs/controlNetScale/controlnet_canny/cfg_7p5_control_1p0/000000025181/canny.png,/Users/yixiaoz/Desktop/cs348k_proj/outputs/controlNetScale/controlnet_canny/cfg_7p5_control_1p0/000000025181/generated.png,dense_text_plus_canny,5,7.5,1.0,20,0.379,0.2673,36.5608
67213,"A dog jumping through the air above a pool of water that has been marked for distance, with people watching in the distance.","A dog leaps high above a pool during a dock-diving competition while spectators watch from behind barriers. The animal is captured midair, demonstrating athletic ability, speed, and confidence. Water, measuring equipment, and event organizers suggest a structured sporting competition. The image highlights the bond between.","A dog leaps high above a pool during a dock-diving competition while spectators watch from behind barriers. The animal is captured midair, demonstrating athletic ability, speed, and confidence. Water, measuring equipment, and event organizers suggest a structured sporting competition. The image highlights the bond between.",/Users/yixiaoz/Desktop/cs348k_proj/outputs/controlNetScale/controlnet_canny/cfg_7p5_control_1p0/000000067213/target.png,/Users/yixiaoz/Desktop/cs348k_proj/outputs/controlNetScale/controlnet_canny/cfg_7p5_control_1p0/000000067213/canny.png,/Users/yixiaoz/Desktop/cs348k_proj/outputs/controlNetScale/controlnet_canny/cfg_7p5_control_1p0/000000067213/generated.png,dense_text_plus_canny,5,7.5,1.0,20,0.4763,0.419,39.0992
94871,A group of people standing around sheep on a field.,"Several sheep stand together in a field while people gather nearby. Different breeds and wool colors create visual variety across the scene. The setting resembles an agricultural fair, livestock exhibition, or rural community event where animals are displayed and evaluated. The image highlights farming culture.","Several sheep stand together in a field while people gather nearby. Different breeds and wool colors create visual variety across the scene. The setting resembles an agricultural fair, livestock exhibition, or rural community event where animals are displayed and evaluated. The image highlights farming culture.",/Users/yixiaoz/Desktop/cs348k_proj/outputs/controlNetScale/controlnet_canny/cfg_7p5_control_1p0/000000094871/target.png,/Users/yixiaoz/Desktop/cs348k_proj/outputs/controlNetScale/controlnet_canny/cfg_7p5_control_1p0/000000094871/canny.png,/Users/yixiaoz/Desktop/cs348k_proj/outputs/controlNetScale/controlnet_canny/cfg_7p5_control_1p0/000000094871/generated.png,dense_text_plus_canny,5,7.5,1.0,20,0.5268,0.3038,35.0455
2685,A crowd of people stand near a man behind a bar with wine bottles on it.,"Several people are gathered around a wooden bar counter inside a restaurant, tasting room, or social event space. A man stands behind the counter near shelves filled with wine bottles while customers stand close together and talk in small groups. The room appears warmly lit.","Several people are gathered around a wooden bar counter inside a restaurant, tasting room, or social event space. A man stands behind the counter near shelves filled with wine bottles while customers stand close together and talk in small groups. The room appears warmly lit.",/Users/yixiaoz/Desktop/cs348k_proj/outputs/controlNetScale/controlnet_canny/cfg_7p5_control_1p5/000000002685/target.png,/Users/yixiaoz/Desktop/cs348k_proj/outputs/controlNetScale/controlnet_canny/cfg_7p5_control_1p5/000000002685/canny.png,/Users/yixiaoz/Desktop/cs348k_proj/outputs/controlNetScale/controlnet_canny/cfg_7p5_control_1p5/000000002685/generated.png,dense_text_plus_canny,5,7.5,1.5,20,0.5736,0.3939,31.3497
6763,A man and a women posing next to one another in front of a table.,"A man and a woman sit close together at a table inside a dimly lit restaurant or bar. The man wears a dress shirt and tie and has his arm around the smiling woman beside him. Plates, utensils, and drinks are visible on the table.","A man and a woman sit close together at a table inside a dimly lit restaurant or bar. The man wears a dress shirt and tie and has his arm around the smiling woman beside him. Plates, utensils, and drinks are visible on the table.",/Users/yixiaoz/Desktop/cs348k_proj/outputs/controlNetScale/controlnet_canny/cfg_7p5_control_1p5/000000006763/target.png,/Users/yixiaoz/Desktop/cs348k_proj/outputs/controlNetScale/controlnet_canny/cfg_7p5_control_1p5/000000006763/canny.png,/Users/yixiaoz/Desktop/cs348k_proj/outputs/controlNetScale/controlnet_canny/cfg_7p5_control_1p5/000000006763/generated.png,dense_text_plus_canny,5,7.5,1.5,20,0.5423,0.4401,32.9627
87144,A baby sitting between a lady and a man on a bench under a tree.,"A woman, a young child, and an elderly man sit on a park bench beneath the shade of a tree. The woman sits on the left wearing a patterned dress, the child sits near the center, and the older man sits on the right wearing.","A woman, a young child, and an elderly man sit on a park bench beneath the shade of a tree. The woman sits on the left wearing a patterned dress, the child sits near the center, and the older man sits on the right wearing.",/Users/yixiaoz/Desktop/cs348k_proj/outputs/controlNetScale/controlnet_canny/cfg_7p5_control_1p5/000000087144/target.png,/Users/yixiaoz/Desktop/cs348k_proj/outputs/controlNetScale/controlnet_canny/cfg_7p5_control_1p5/000000087144/canny.png,/Users/yixiaoz/Desktop/cs348k_proj/outputs/controlNetScale/controlnet_canny/cfg_7p5_control_1p5/000000087144/generated.png,dense_text_plus_canny,5,7.5,1.5,20,0.4628,0.3749,32.0237
2157,A table topped with a cake covered in berries next to a plate of sandwiches.,"A table covered with a red tablecloth is arranged with desserts and party food in an outdoor or bright dining setting. A large cake topped with blueberries and raspberries sits near the front beside plates of sandwiches, bread, grapes, wine glasses, napkins, and stacked dishes.","A table covered with a red tablecloth is arranged with desserts and party food in an outdoor or bright dining setting. A large cake topped with blueberries and raspberries sits near the front beside plates of sandwiches, bread, grapes, wine glasses, napkins, and stacked dishes.",/Users/yixiaoz/Desktop/cs348k_proj/outputs/controlNetScale/controlnet_canny/cfg_7p5_control_1p5/000000002157/target.png,/Users/yixiaoz/Desktop/cs348k_proj/outputs/controlNetScale/controlnet_canny/cfg_7p5_control_1p5/000000002157/canny.png,/Users/yixiaoz/Desktop/cs348k_proj/outputs/controlNetScale/controlnet_canny/cfg_7p5_control_1p5/000000002157/generated.png,dense_text_plus_canny,5,7.5,1.5,20,0.5068,0.2674,35.5984
14226,A person is sitting in a chair at a table with a laptop computer.,A man sits alone in a passenger train or railcar while using a laptop computer on a fold-out table in front of him. He wears a jacket and looks downward toward the screen with a focused expression. A large window beside him shows blurred scenery.,A man sits alone in a passenger train or railcar while using a laptop computer on a fold-out table in front of him. He wears a jacket and looks downward toward the screen with a focused expression. A large window beside him shows blurred scenery.,/Users/yixiaoz/Desktop/cs348k_proj/outputs/controlNetScale/controlnet_canny/cfg_7p5_control_1p5/000000014226/target.png,/Users/yixiaoz/Desktop/cs348k_proj/outputs/controlNetScale/controlnet_canny/cfg_7p5_control_1p5/000000014226/canny.png,/Users/yixiaoz/Desktop/cs348k_proj/outputs/controlNetScale/controlnet_canny/cfg_7p5_control_1p5/000000014226/generated.png,dense_text_plus_canny,5,7.5,1.5,20,0.4847,0.327,34.853
35279,"A man laying his head down next to electronics, a butterfly, and a book.","A cluttered workspace or floor area contains several electronic devices and accessories arranged close together. A laptop displays a simple image on its screen, while a smartphone, cables, speakers, papers, a bottle, and other gadgets sit nearby. Part of a person’s face appears near the.","A cluttered workspace or floor area contains several electronic devices and accessories arranged close together. A laptop displays a simple image on its screen, while a smartphone, cables, speakers, papers, a bottle, and other gadgets sit nearby. Part of a person’s face appears near the.",/Users/yixiaoz/Desktop/cs348k_proj/outputs/controlNetScale/controlnet_canny/cfg_7p5_control_1p5/000000035279/target.png,/Users/yixiaoz/Desktop/cs348k_proj/outputs/controlNetScale/controlnet_canny/cfg_7p5_control_1p5/000000035279/canny.png,/Users/yixiaoz/Desktop/cs348k_proj/outputs/controlNetScale/controlnet_canny/cfg_7p5_control_1p5/000000035279/generated.png,dense_text_plus_canny,5,7.5,1.5,20,0.5214,0.3606,32.1754
31620,A woman in a white dress and a man in gray stand near a cake on a white table under a white canopy.,"Inside a large white event tent, a woman in a white dress and a man in a gray suit stand near a decorated table. The table is covered with a white cloth and appears to hold a cake or centerpiece. Soft light filters through the.","Inside a large white event tent, a woman in a white dress and a man in a gray suit stand near a decorated table. The table is covered with a white cloth and appears to hold a cake or centerpiece. Soft light filters through the.",/Users/yixiaoz/Desktop/cs348k_proj/outputs/controlNetScale/controlnet_canny/cfg_7p5_control_1p5/000000031620/target.png,/Users/yixiaoz/Desktop/cs348k_proj/outputs/controlNetScale/controlnet_canny/cfg_7p5_control_1p5/000000031620/canny.png,/Users/yixiaoz/Desktop/cs348k_proj/outputs/controlNetScale/controlnet_canny/cfg_7p5_control_1p5/000000031620/generated.png,dense_text_plus_canny,5,7.5,1.5,20,0.6103,0.5213,36.1536
95707,Several pastries sitting on aluminum foil next to a bowl with a knife and spatula in it.,"Several pastries and baked goods are arranged on aluminum foil on a table, with a bowl, knife, and spatula placed nearby for serving. The food includes rectangular pieces and a pale frosted or light-colored dessert item, suggesting a dessert spread or homemade baked selection. The.","Several pastries and baked goods are arranged on aluminum foil on a table, with a bowl, knife, and spatula placed nearby for serving. The food includes rectangular pieces and a pale frosted or light-colored dessert item, suggesting a dessert spread or homemade baked selection. The.",/Users/yixiaoz/Desktop/cs348k_proj/outputs/controlNetScale/controlnet_canny/cfg_7p5_control_1p5/000000095707/target.png,/Users/yixiaoz/Desktop/cs348k_proj/outputs/controlNetScale/controlnet_canny/cfg_7p5_control_1p5/000000095707/canny.png,/Users/yixiaoz/Desktop/cs348k_proj/outputs/controlNetScale/controlnet_canny/cfg_7p5_control_1p5/000000095707/generated.png,dense_text_plus_canny,5,7.5,1.5,20,0.5941,0.5623,33.1809
54605,Milkshake in tall glass and piece of cake on plate near forks.,"A tall milkshake in a glass is topped with whipped cream and placed on a restaurant table beside a slice of layered cake on a white plate. A fork, napkins, and other table items sit nearby, while the background is dim and softly blurred. The.","A tall milkshake in a glass is topped with whipped cream and placed on a restaurant table beside a slice of layered cake on a white plate. A fork, napkins, and other table items sit nearby, while the background is dim and softly blurred. The.",/Users/yixiaoz/Desktop/cs348k_proj/outputs/controlNetScale/controlnet_canny/cfg_7p5_control_1p5/000000054605/target.png,/Users/yixiaoz/Desktop/cs348k_proj/outputs/controlNetScale/controlnet_canny/cfg_7p5_control_1p5/000000054605/canny.png,/Users/yixiaoz/Desktop/cs348k_proj/outputs/controlNetScale/controlnet_canny/cfg_7p5_control_1p5/000000054605/generated.png,dense_text_plus_canny,5,7.5,1.5,20,0.5015,0.2446,34.2636
27620,A laptop sitting on a desk next to a chair and another computer.,"A small home office or study area contains a glass-top desk, a laptop computer, a chair, and additional electronic equipment. The desk is positioned near a wall with windows and blinds, and another chair sits in front of the workspace. Cables, accessories, and a cup.","A small home office or study area contains a glass-top desk, a laptop computer, a chair, and additional electronic equipment. The desk is positioned near a wall with windows and blinds, and another chair sits in front of the workspace. Cables, accessories, and a cup.",/Users/yixiaoz/Desktop/cs348k_proj/outputs/controlNetScale/controlnet_canny/cfg_7p5_control_1p5/000000027620/target.png,/Users/yixiaoz/Desktop/cs348k_proj/outputs/controlNetScale/controlnet_canny/cfg_7p5_control_1p5/000000027620/canny.png,/Users/yixiaoz/Desktop/cs348k_proj/outputs/controlNetScale/controlnet_canny/cfg_7p5_control_1p5/000000027620/generated.png,dense_text_plus_canny,5,7.5,1.5,20,0.3871,0.248,33.7714
66771,Two people sitting at a table with beverages on it and the woman holding her phone.,"Two people sit together at a restaurant table with beverages, cups, and small dishes in front of them. The man smiles while looking toward the woman, and the woman looks down at a smartphone in her hand. The table includes a drink with a straw.","Two people sit together at a restaurant table with beverages, cups, and small dishes in front of them. The man smiles while looking toward the woman, and the woman looks down at a smartphone in her hand. The table includes a drink with a straw.",/Users/yixiaoz/Desktop/cs348k_proj/outputs/controlNetScale/controlnet_canny/cfg_7p5_control_1p5/000000066771/target.png,/Users/yixiaoz/Desktop/cs348k_proj/outputs/controlNetScale/controlnet_canny/cfg_7p5_control_1p5/000000066771/canny.png,/Users/yixiaoz/Desktop/cs348k_proj/outputs/controlNetScale/controlnet_canny/cfg_7p5_control_1p5/000000066771/generated.png,dense_text_plus_canny,5,7.5,1.5,20,0.4473,0.2876,36.0909
18575,"Two plates, one with a sandwich and fries, the other with just a sandwich and a pickle.","Two plates of food are served on a restaurant table. One plate contains a sandwich with French fries, while the other plate includes a sandwich and a pickle with sliced vegetables and condiments nearby. Drinks, small containers, and utensils surround the plates, suggesting a casual.","Two plates of food are served on a restaurant table. One plate contains a sandwich with French fries, while the other plate includes a sandwich and a pickle with sliced vegetables and condiments nearby. Drinks, small containers, and utensils surround the plates, suggesting a casual.",/Users/yixiaoz/Desktop/cs348k_proj/outputs/controlNetScale/controlnet_canny/cfg_7p5_control_1p5/000000018575/target.png,/Users/yixiaoz/Desktop/cs348k_proj/outputs/controlNetScale/controlnet_canny/cfg_7p5_control_1p5/000000018575/canny.png,/Users/yixiaoz/Desktop/cs348k_proj/outputs/controlNetScale/controlnet_canny/cfg_7p5_control_1p5/000000018575/generated.png,dense_text_plus_canny,5,7.5,1.5,20,0.546,0.4691,32.2568
66817,This plate consists of rice with sauce and peas and meat patties on the side.,"A plate of food is photographed from above on a table, containing rice covered with sauce, peas, and several browned meat patties on the side. A cup of yogurt or creamy dessert and a small bowl of fruit sit near the plate, creating a complete.","A plate of food is photographed from above on a table, containing rice covered with sauce, peas, and several browned meat patties on the side. A cup of yogurt or creamy dessert and a small bowl of fruit sit near the plate, creating a complete.",/Users/yixiaoz/Desktop/cs348k_proj/outputs/controlNetScale/controlnet_canny/cfg_7p5_control_1p5/000000066817/target.png,/Users/yixiaoz/Desktop/cs348k_proj/outputs/controlNetScale/controlnet_canny/cfg_7p5_control_1p5/000000066817/canny.png,/Users/yixiaoz/Desktop/cs348k_proj/outputs/controlNetScale/controlnet_canny/cfg_7p5_control_1p5/000000066817/generated.png,dense_text_plus_canny,5,7.5,1.5,20,0.547,0.3916,30.1705
84674,a girl holds a baby eating a bagel with a boy standing next to them,"A woman sits indoors holding a small child who is eating a bagel or bread roll, while a young boy stands next to them facing the camera. The group appears to be in a restaurant, event space, or public indoor setting, with people and warm.","A woman sits indoors holding a small child who is eating a bagel or bread roll, while a young boy stands next to them facing the camera. The group appears to be in a restaurant, event space, or public indoor setting, with people and warm.",/Users/yixiaoz/Desktop/cs348k_proj/outputs/controlNetScale/controlnet_canny/cfg_7p5_control_1p5/000000084674/target.png,/Users/yixiaoz/Desktop/cs348k_proj/outputs/controlNetScale/controlnet_canny/cfg_7p5_control_1p5/000000084674/canny.png,/Users/yixiaoz/Desktop/cs348k_proj/outputs/controlNetScale/controlnet_canny/cfg_7p5_control_1p5/000000084674/generated.png,dense_text_plus_canny,5,7.5,1.5,20,0.5364,0.391,31.7851
47112,A pizza served on a white plate next to empty wine glass and beer.,"A freshly baked pizza sits on a white plate on a restaurant table, with a glass of beer and an empty wine glass positioned behind it. The pizza has visible cheese and toppings, and the background contains tables, chairs, and restaurant décor. The low angle.","A freshly baked pizza sits on a white plate on a restaurant table, with a glass of beer and an empty wine glass positioned behind it. The pizza has visible cheese and toppings, and the background contains tables, chairs, and restaurant décor. The low angle.",/Users/yixiaoz/Desktop/cs348k_proj/outputs/controlNetScale/controlnet_canny/cfg_7p5_control_1p5/000000047112/target.png,/Users/yixiaoz/Desktop/cs348k_proj/outputs/controlNetScale/controlnet_canny/cfg_7p5_control_1p5/000000047112/canny.png,/Users/yixiaoz/Desktop/cs348k_proj/outputs/controlNetScale/controlnet_canny/cfg_7p5_control_1p5/000000047112/generated.png,dense_text_plus_canny,5,7.5,1.5,20,0.538,0.2866,33.3926
59598,"A table with a laptop a plate with a muffin and a banana, a can and a cellphone.","An open laptop sits on a table in a classroom, meeting room, or conference setting. Nearby are a plate with a muffin and banana, a soda can, a mobile phone, and other small items. In the background, a presentation screen or projector area is visible.","An open laptop sits on a table in a classroom, meeting room, or conference setting. Nearby are a plate with a muffin and banana, a soda can, a mobile phone, and other small items. In the background, a presentation screen or projector area is visible.",/Users/yixiaoz/Desktop/cs348k_proj/outputs/controlNetScale/controlnet_canny/cfg_7p5_control_1p5/000000059598/target.png,/Users/yixiaoz/Desktop/cs348k_proj/outputs/controlNetScale/controlnet_canny/cfg_7p5_control_1p5/000000059598/canny.png,/Users/yixiaoz/Desktop/cs348k_proj/outputs/controlNetScale/controlnet_canny/cfg_7p5_control_1p5/000000059598/generated.png,dense_text_plus_canny,5,7.5,1.5,20,0.4978,0.3468,32.8767
91779,Three hot dogs with different toppings lined up on a tabletop.,"Three hot dogs with different toppings are arranged side by side on a tray or tabletop. One appears topped with sauce or chili, another with bright red peppers, and the surrounding area contains side dishes, cups, and food wrappers. The close-up composition highlights the variety.","Three hot dogs with different toppings are arranged side by side on a tray or tabletop. One appears topped with sauce or chili, another with bright red peppers, and the surrounding area contains side dishes, cups, and food wrappers. The close-up composition highlights the variety.",/Users/yixiaoz/Desktop/cs348k_proj/outputs/controlNetScale/controlnet_canny/cfg_7p5_control_1p5/000000091779/target.png,/Users/yixiaoz/Desktop/cs348k_proj/outputs/controlNetScale/controlnet_canny/cfg_7p5_control_1p5/000000091779/canny.png,/Users/yixiaoz/Desktop/cs348k_proj/outputs/controlNetScale/controlnet_canny/cfg_7p5_control_1p5/000000091779/generated.png,dense_text_plus_canny,5,7.5,1.5,20,0.5479,0.3127,34.1091
22892,"A cat sitting on a table next to plants and a dog outside of a sliding glass door, looking in.","A gray cat sits indoors on a table beside potted plants near a sliding glass door, while a dog stands outside looking in through the glass. The cat faces downward toward the plants, and the dog is visible beyond the door on a balcony or.","A gray cat sits indoors on a table beside potted plants near a sliding glass door, while a dog stands outside looking in through the glass. The cat faces downward toward the plants, and the dog is visible beyond the door on a balcony or.",/Users/yixiaoz/Desktop/cs348k_proj/outputs/controlNetScale/controlnet_canny/cfg_7p5_control_1p5/000000022892/target.png,/Users/yixiaoz/Desktop/cs348k_proj/outputs/controlNetScale/controlnet_canny/cfg_7p5_control_1p5/000000022892/canny.png,/Users/yixiaoz/Desktop/cs348k_proj/outputs/controlNetScale/controlnet_canny/cfg_7p5_control_1p5/000000022892/generated.png,dense_text_plus_canny,5,7.5,1.5,20,0.5382,0.3097,30.5183
97337,This is a nice living room set up with two couches and a television.,"A cozy living room contains two couches arranged around a coffee table facing a television. The television displays a map or graphic image, while lamps, curtains, and decorative furniture create a warm indoor atmosphere. The room appears tidy and comfortable, with soft lighting and a.","A cozy living room contains two couches arranged around a coffee table facing a television. The television displays a map or graphic image, while lamps, curtains, and decorative furniture create a warm indoor atmosphere. The room appears tidy and comfortable, with soft lighting and a.",/Users/yixiaoz/Desktop/cs348k_proj/outputs/controlNetScale/controlnet_canny/cfg_7p5_control_1p5/000000097337/target.png,/Users/yixiaoz/Desktop/cs348k_proj/outputs/controlNetScale/controlnet_canny/cfg_7p5_control_1p5/000000097337/canny.png,/Users/yixiaoz/Desktop/cs348k_proj/outputs/controlNetScale/controlnet_canny/cfg_7p5_control_1p5/000000097337/generated.png,dense_text_plus_canny,5,7.5,1.5,20,0.5187,0.3118,30.5713
10707,Man with video game controller in living room with onlooker seated nearby.,"Several people gather in a living room around a coffee table covered with drinks, snacks, and small items. One man stands holding a video game controller, while others sit nearby watching or participating. Sofas, warm lighting, and casual clothing create the feeling of a relaxed.","Several people gather in a living room around a coffee table covered with drinks, snacks, and small items. One man stands holding a video game controller, while others sit nearby watching or participating. Sofas, warm lighting, and casual clothing create the feeling of a relaxed.",/Users/yixiaoz/Desktop/cs348k_proj/outputs/controlNetScale/controlnet_canny/cfg_7p5_control_1p5/000000010707/target.png,/Users/yixiaoz/Desktop/cs348k_proj/outputs/controlNetScale/controlnet_canny/cfg_7p5_control_1p5/000000010707/canny.png,/Users/yixiaoz/Desktop/cs348k_proj/outputs/controlNetScale/controlnet_canny/cfg_7p5_control_1p5/000000010707/generated.png,dense_text_plus_canny,5,7.5,1.5,20,0.5966,0.396,29.3718
65288,A yellow and green object with a brown bird perched on top of it.,"An ornate yellow and green decorative structure sits in the foreground, with a small brown bird perched on its top edge. Behind it, a crowd of people gathers outdoors near tables, chairs, plants, and shaded areas, suggesting a plaza, café, or public gathering space. The.","An ornate yellow and green decorative structure sits in the foreground, with a small brown bird perched on its top edge. Behind it, a crowd of people gathers outdoors near tables, chairs, plants, and shaded areas, suggesting a plaza, café, or public gathering space. The.",/Users/yixiaoz/Desktop/cs348k_proj/outputs/controlNetScale/controlnet_canny/cfg_7p5_control_1p5/000000065288/target.png,/Users/yixiaoz/Desktop/cs348k_proj/outputs/controlNetScale/controlnet_canny/cfg_7p5_control_1p5/000000065288/canny.png,/Users/yixiaoz/Desktop/cs348k_proj/outputs/controlNetScale/controlnet_canny/cfg_7p5_control_1p5/000000065288/generated.png,dense_text_plus_canny,5,7.5,1.5,20,0.4256,0.2425,33.826
116208,"A large pizza is shown on a table, with bottles and glasses of wine.","A large pizza topped with cheese, mushrooms, and other ingredients is placed on a raised stand at the center of a restaurant table. Wine bottles, glasses, plates, utensils, and small dishes surround it, suggesting a shared meal among several diners. The pizza is viewed from.","A large pizza topped with cheese, mushrooms, and other ingredients is placed on a raised stand at the center of a restaurant table. Wine bottles, glasses, plates, utensils, and small dishes surround it, suggesting a shared meal among several diners. The pizza is viewed from.",/Users/yixiaoz/Desktop/cs348k_proj/outputs/controlNetScale/controlnet_canny/cfg_7p5_control_1p5/000000116208/target.png,/Users/yixiaoz/Desktop/cs348k_proj/outputs/controlNetScale/controlnet_canny/cfg_7p5_control_1p5/000000116208/canny.png,/Users/yixiaoz/Desktop/cs348k_proj/outputs/controlNetScale/controlnet_canny/cfg_7p5_control_1p5/000000116208/generated.png,dense_text_plus_canny,5,7.5,1.5,20,0.4807,0.1931,34.5992
74733,two flatbread pieces covered with different ingredients in between a flight of beers,"Two rectangular flatbread dishes topped with different ingredients are served on a wooden board beside a flight of beers. Several small glasses of beer, dipping containers, and additional drinkware are arranged around the food. The warm indoor lighting and tabletop presentation suggest a restaurant, pub.","Two rectangular flatbread dishes topped with different ingredients are served on a wooden board beside a flight of beers. Several small glasses of beer, dipping containers, and additional drinkware are arranged around the food. The warm indoor lighting and tabletop presentation suggest a restaurant, pub.",/Users/yixiaoz/Desktop/cs348k_proj/outputs/controlNetScale/controlnet_canny/cfg_7p5_control_1p5/000000074733/target.png,/Users/yixiaoz/Desktop/cs348k_proj/outputs/controlNetScale/controlnet_canny/cfg_7p5_control_1p5/000000074733/canny.png,/Users/yixiaoz/Desktop/cs348k_proj/outputs/controlNetScale/controlnet_canny/cfg_7p5_control_1p5/000000074733/generated.png,dense_text_plus_canny,5,7.5,1.5,20,0.4773,0.1866,34.716
114907,"A woman holding a milking attachment and standing in front of a cow, with a group of people in the audience.","A woman stands beside a large dairy cow while demonstrating or holding a milking attachment in front of a seated audience. The cow is positioned behind a metal barrier, and many people watch attentively from the foreground. The scene appears to be part of an.","A woman stands beside a large dairy cow while demonstrating or holding a milking attachment in front of a seated audience. The cow is positioned behind a metal barrier, and many people watch attentively from the foreground. The scene appears to be part of an.",/Users/yixiaoz/Desktop/cs348k_proj/outputs/controlNetScale/controlnet_canny/cfg_7p5_control_1p5/000000114907/target.png,/Users/yixiaoz/Desktop/cs348k_proj/outputs/controlNetScale/controlnet_canny/cfg_7p5_control_1p5/000000114907/canny.png,/Users/yixiaoz/Desktop/cs348k_proj/outputs/controlNetScale/controlnet_canny/cfg_7p5_control_1p5/000000114907/generated.png,dense_text_plus_canny,5,7.5,1.5,20,0.475,0.444,28.9905
61333,The caramel-colored kitten is  lying on the small blanket on top of the unmade bed.,"An orange tabby kitten lies curled up on a small blanket placed on top of an unmade bed. The cat appears relaxed and sleepy, with its body tucked close and its head resting near the blanket. A bookshelf filled with books lines the background, adding.","An orange tabby kitten lies curled up on a small blanket placed on top of an unmade bed. The cat appears relaxed and sleepy, with its body tucked close and its head resting near the blanket. A bookshelf filled with books lines the background, adding.",/Users/yixiaoz/Desktop/cs348k_proj/outputs/controlNetScale/controlnet_canny/cfg_7p5_control_1p5/000000061333/target.png,/Users/yixiaoz/Desktop/cs348k_proj/outputs/controlNetScale/controlnet_canny/cfg_7p5_control_1p5/000000061333/canny.png,/Users/yixiaoz/Desktop/cs348k_proj/outputs/controlNetScale/controlnet_canny/cfg_7p5_control_1p5/000000061333/generated.png,dense_text_plus_canny,5,7.5,1.5,20,0.6123,0.3767,36.9588
18837,A large truck on a city street with two works sitting on top and one worker climbing in through door.,"A large green utility truck is parked on a city street while workers perform maintenance tasks around it. One worker appears to be on top of the vehicle, and another is climbing into or standing near the door. Cars, buildings, traffic signs, and urban infrastructure.","A large green utility truck is parked on a city street while workers perform maintenance tasks around it. One worker appears to be on top of the vehicle, and another is climbing into or standing near the door. Cars, buildings, traffic signs, and urban infrastructure.",/Users/yixiaoz/Desktop/cs348k_proj/outputs/controlNetScale/controlnet_canny/cfg_7p5_control_1p5/000000018837/target.png,/Users/yixiaoz/Desktop/cs348k_proj/outputs/controlNetScale/controlnet_canny/cfg_7p5_control_1p5/000000018837/canny.png,/Users/yixiaoz/Desktop/cs348k_proj/outputs/controlNetScale/controlnet_canny/cfg_7p5_control_1p5/000000018837/generated.png,dense_text_plus_canny,5,7.5,1.5,20,0.4569,0.2788,35.0292
9914,"A sandwich, french fries, bowl of ketchup, onion slice, lettuce slice, tomato slice, and knife sit on the white plate.","A sandwich meal is served on a white plate with French fries, a small bowl of ketchup, sliced onion, tomato, lettuce, and a knife. The sandwich bun is topped with sesame seeds, and the fries are piled beside it. The close-up view focuses on the.","A sandwich meal is served on a white plate with French fries, a small bowl of ketchup, sliced onion, tomato, lettuce, and a knife. The sandwich bun is topped with sesame seeds, and the fries are piled beside it. The close-up view focuses on the.",/Users/yixiaoz/Desktop/cs348k_proj/outputs/controlNetScale/controlnet_canny/cfg_7p5_control_1p5/000000009914/target.png,/Users/yixiaoz/Desktop/cs348k_proj/outputs/controlNetScale/controlnet_canny/cfg_7p5_control_1p5/000000009914/canny.png,/Users/yixiaoz/Desktop/cs348k_proj/outputs/controlNetScale/controlnet_canny/cfg_7p5_control_1p5/000000009914/generated.png,dense_text_plus_canny,5,7.5,1.5,20,0.5121,0.2564,35.069
39477,A beach towel covers a TV across from plants on the wall and in front of the window.,"A compact living room features a couch facing a television, with several plants placed near the window and on the wall. Natural light enters through a large curtained window, brightening the small room. A low table, rug, wall decorations, and shelving create a tidy residential.","A compact living room features a couch facing a television, with several plants placed near the window and on the wall. Natural light enters through a large curtained window, brightening the small room. A low table, rug, wall decorations, and shelving create a tidy residential.",/Users/yixiaoz/Desktop/cs348k_proj/outputs/controlNetScale/controlnet_canny/cfg_7p5_control_1p5/000000039477/target.png,/Users/yixiaoz/Desktop/cs348k_proj/outputs/controlNetScale/controlnet_canny/cfg_7p5_control_1p5/000000039477/canny.png,/Users/yixiaoz/Desktop/cs348k_proj/outputs/controlNetScale/controlnet_canny/cfg_7p5_control_1p5/000000039477/generated.png,dense_text_plus_canny,5,7.5,1.5,20,0.4592,0.287,31.4018
61108,A blue bicycle with a puppy in its basket is parked next to the bleacher steps.,"A blue bicycle is parked beside outdoor bleacher steps, with a small puppy sitting inside a basket attached to the front. The bicycle rests near concrete steps and railings, suggesting a sports field, park, or recreational area. The puppy sits securely in the basket and.","A blue bicycle is parked beside outdoor bleacher steps, with a small puppy sitting inside a basket attached to the front. The bicycle rests near concrete steps and railings, suggesting a sports field, park, or recreational area. The puppy sits securely in the basket and.",/Users/yixiaoz/Desktop/cs348k_proj/outputs/controlNetScale/controlnet_canny/cfg_7p5_control_1p5/000000061108/target.png,/Users/yixiaoz/Desktop/cs348k_proj/outputs/controlNetScale/controlnet_canny/cfg_7p5_control_1p5/000000061108/canny.png,/Users/yixiaoz/Desktop/cs348k_proj/outputs/controlNetScale/controlnet_canny/cfg_7p5_control_1p5/000000061108/generated.png,dense_text_plus_canny,5,7.5,1.5,20,0.422,0.2974,39.9279
91615,"A kitchen has light wooden colored cabinetry, beige countertops, and stainless steel appliances in an open concept house.","A clean modern kitchen features light wooden cabinets, beige countertops, stainless steel appliances, and a sink built into a central counter area. A microwave, oven, refrigerator, dishwasher, and decorative flowers are visible throughout the room. The space appears bright, organized, and open, with neutral colors.","A clean modern kitchen features light wooden cabinets, beige countertops, stainless steel appliances, and a sink built into a central counter area. A microwave, oven, refrigerator, dishwasher, and decorative flowers are visible throughout the room. The space appears bright, organized, and open, with neutral colors.",/Users/yixiaoz/Desktop/cs348k_proj/outputs/controlNetScale/controlnet_canny/cfg_7p5_control_1p5/000000091615/target.png,/Users/yixiaoz/Desktop/cs348k_proj/outputs/controlNetScale/controlnet_canny/cfg_7p5_control_1p5/000000091615/canny.png,/Users/yixiaoz/Desktop/cs348k_proj/outputs/controlNetScale/controlnet_canny/cfg_7p5_control_1p5/000000091615/generated.png,dense_text_plus_canny,5,7.5,1.5,20,0.452,0.3389,31.0554
77396,A cat being lazy and a cat being nozy in a living room with tv and a laptop displaying the same things.,"Two cats are in a living room facing a television and a laptop displaying similar imagery. One cat stands upright near the television, appearing curious about the screen, while another cat lies on the floor nearby. The room contains a TV stand, small table, and.","Two cats are in a living room facing a television and a laptop displaying similar imagery. One cat stands upright near the television, appearing curious about the screen, while another cat lies on the floor nearby. The room contains a TV stand, small table, and.",/Users/yixiaoz/Desktop/cs348k_proj/outputs/controlNetScale/controlnet_canny/cfg_7p5_control_1p5/000000077396/target.png,/Users/yixiaoz/Desktop/cs348k_proj/outputs/controlNetScale/controlnet_canny/cfg_7p5_control_1p5/000000077396/canny.png,/Users/yixiaoz/Desktop/cs348k_proj/outputs/controlNetScale/controlnet_canny/cfg_7p5_control_1p5/000000077396/generated.png,dense_text_plus_canny,5,7.5,1.5,20,0.3274,0.2497,36.211
119233,A cat sprawled out over the top of a laptop computer keyboard.,"A black-and-white cat sprawls across the keyboard area of an open laptop on a wooden desk or counter. The cat lies comfortably with its body stretched over the computer, partially blocking the screen and keyboard. Various household objects, office supplies, and plants are visible around.","A black-and-white cat sprawls across the keyboard area of an open laptop on a wooden desk or counter. The cat lies comfortably with its body stretched over the computer, partially blocking the screen and keyboard. Various household objects, office supplies, and plants are visible around.",/Users/yixiaoz/Desktop/cs348k_proj/outputs/controlNetScale/controlnet_canny/cfg_7p5_control_1p5/000000119233/target.png,/Users/yixiaoz/Desktop/cs348k_proj/outputs/controlNetScale/controlnet_canny/cfg_7p5_control_1p5/000000119233/canny.png,/Users/yixiaoz/Desktop/cs348k_proj/outputs/controlNetScale/controlnet_canny/cfg_7p5_control_1p5/000000119233/generated.png,dense_text_plus_canny,5,7.5,1.5,20,0.577,0.2995,35.6319
2431,"A table with a plate, wine-filled glass, and bread, among other items","A restaurant table is set with a plate, a wine-filled glass, bread, napkins, utensils, and other dining items. The objects are arranged closely together on a wooden surface, suggesting an ongoing or prepared meal. The image is framed from above and at a slight angle.","A restaurant table is set with a plate, a wine-filled glass, bread, napkins, utensils, and other dining items. The objects are arranged closely together on a wooden surface, suggesting an ongoing or prepared meal. The image is framed from above and at a slight angle.",/Users/yixiaoz/Desktop/cs348k_proj/outputs/controlNetScale/controlnet_canny/cfg_7p5_control_1p5/000000002431/target.png,/Users/yixiaoz/Desktop/cs348k_proj/outputs/controlNetScale/controlnet_canny/cfg_7p5_control_1p5/000000002431/canny.png,/Users/yixiaoz/Desktop/cs348k_proj/outputs/controlNetScale/controlnet_canny/cfg_7p5_control_1p5/000000002431/generated.png,dense_text_plus_canny,5,7.5,1.5,20,0.4918,0.2694,33.8828
56344,"Looking down at a desktop with two monitors, a key board, mouse and cell phones on it.","A desk workstation contains two large computer monitors positioned side by side, along with a keyboard, mouse, mobile phones, and several electronic accessories. The screens display different windows or web pages, and cables and devices are spread across the desktop. The space appears dimly lit.","A desk workstation contains two large computer monitors positioned side by side, along with a keyboard, mouse, mobile phones, and several electronic accessories. The screens display different windows or web pages, and cables and devices are spread across the desktop. The space appears dimly lit.",/Users/yixiaoz/Desktop/cs348k_proj/outputs/controlNetScale/controlnet_canny/cfg_7p5_control_1p5/000000056344/target.png,/Users/yixiaoz/Desktop/cs348k_proj/outputs/controlNetScale/controlnet_canny/cfg_7p5_control_1p5/000000056344/canny.png,/Users/yixiaoz/Desktop/cs348k_proj/outputs/controlNetScale/controlnet_canny/cfg_7p5_control_1p5/000000056344/generated.png,dense_text_plus_canny,5,7.5,1.5,20,0.5293,0.2956,33.0105
54628,A tall multi layer cake sitting on top of a blue table cloth.,"A tall multi-layered decorative cake stands on a table covered with a blue tablecloth inside an elegant event venue. The cake is decorated with detailed patterns, flowers, and multiple tiers, making it the centerpiece of the room. Guests, tables, chairs, and chandeliers are visible in.","A tall multi-layered decorative cake stands on a table covered with a blue tablecloth inside an elegant event venue. The cake is decorated with detailed patterns, flowers, and multiple tiers, making it the centerpiece of the room. Guests, tables, chairs, and chandeliers are visible in.",/Users/yixiaoz/Desktop/cs348k_proj/outputs/controlNetScale/controlnet_canny/cfg_7p5_control_1p5/000000054628/target.png,/Users/yixiaoz/Desktop/cs348k_proj/outputs/controlNetScale/controlnet_canny/cfg_7p5_control_1p5/000000054628/canny.png,/Users/yixiaoz/Desktop/cs348k_proj/outputs/controlNetScale/controlnet_canny/cfg_7p5_control_1p5/000000054628/generated.png,dense_text_plus_canny,5,7.5,1.5,20,0.4853,0.2682,33.725
110999,"A painting of a bowl of fruit sitting in front of another painting,","A framed painting of a bowl of fruit hangs above a table where a real bowl of fruit and decorative objects are arranged below it. The dark background and warm lighting create a still-life atmosphere, connecting the artwork to the physical objects in front of.","A framed painting of a bowl of fruit hangs above a table where a real bowl of fruit and decorative objects are arranged below it. The dark background and warm lighting create a still-life atmosphere, connecting the artwork to the physical objects in front of.",/Users/yixiaoz/Desktop/cs348k_proj/outputs/controlNetScale/controlnet_canny/cfg_7p5_control_1p5/000000110999/target.png,/Users/yixiaoz/Desktop/cs348k_proj/outputs/controlNetScale/controlnet_canny/cfg_7p5_control_1p5/000000110999/canny.png,/Users/yixiaoz/Desktop/cs348k_proj/outputs/controlNetScale/controlnet_canny/cfg_7p5_control_1p5/000000110999/generated.png,dense_text_plus_canny,5,7.5,1.5,20,0.6043,0.3029,38.8193
72795,a group of ball players playing on a field in front of an audience,"Baseball players are positioned on a field during a game while a large audience watches from the stadium seats. The batter stands near home plate, with the catcher and umpire crouched behind him and other players visible on the field. The scene is viewed from.","Baseball players are positioned on a field during a game while a large audience watches from the stadium seats. The batter stands near home plate, with the catcher and umpire crouched behind him and other players visible on the field. The scene is viewed from.",/Users/yixiaoz/Desktop/cs348k_proj/outputs/controlNetScale/controlnet_canny/cfg_7p5_control_1p5/000000072795/target.png,/Users/yixiaoz/Desktop/cs348k_proj/outputs/controlNetScale/controlnet_canny/cfg_7p5_control_1p5/000000072795/canny.png,/Users/yixiaoz/Desktop/cs348k_proj/outputs/controlNetScale/controlnet_canny/cfg_7p5_control_1p5/000000072795/generated.png,dense_text_plus_canny,5,7.5,1.5,20,0.5643,0.3136,30.0823
92091,A little girl is using the toy brush for a chew toy rather than brushing the teddy.,"A young girl wearing a bright pink dress stands inside a cozy room while holding a toy brush near a stuffed teddy bear. The room includes wooden walls, chairs, a television, artwork, and home furnishings. The child appears to be playing pretend, possibly brushing the.","A young girl wearing a bright pink dress stands inside a cozy room while holding a toy brush near a stuffed teddy bear. The room includes wooden walls, chairs, a television, artwork, and home furnishings. The child appears to be playing pretend, possibly brushing the.",/Users/yixiaoz/Desktop/cs348k_proj/outputs/controlNetScale/controlnet_canny/cfg_7p5_control_1p5/000000092091/target.png,/Users/yixiaoz/Desktop/cs348k_proj/outputs/controlNetScale/controlnet_canny/cfg_7p5_control_1p5/000000092091/canny.png,/Users/yixiaoz/Desktop/cs348k_proj/outputs/controlNetScale/controlnet_canny/cfg_7p5_control_1p5/000000092091/generated.png,dense_text_plus_canny,5,7.5,1.5,20,0.5613,0.3714,36.428
108253,there are two plates of food and a beer in the middle of the table,"Two plates of food and a beer bottle are arranged on a restaurant table. The plates contain sandwiches, fries, and other side dishes, while condiments and utensils sit nearby. The bottle of beer stands prominently near the center of the table, suggesting a casual meal.","Two plates of food and a beer bottle are arranged on a restaurant table. The plates contain sandwiches, fries, and other side dishes, while condiments and utensils sit nearby. The bottle of beer stands prominently near the center of the table, suggesting a casual meal.",/Users/yixiaoz/Desktop/cs348k_proj/outputs/controlNetScale/controlnet_canny/cfg_7p5_control_1p5/000000108253/target.png,/Users/yixiaoz/Desktop/cs348k_proj/outputs/controlNetScale/controlnet_canny/cfg_7p5_control_1p5/000000108253/canny.png,/Users/yixiaoz/Desktop/cs348k_proj/outputs/controlNetScale/controlnet_canny/cfg_7p5_control_1p5/000000108253/generated.png,dense_text_plus_canny,5,7.5,1.5,20,0.6681,0.4954,31.3768
80932,A little boy sits at a table in a restaurant eating a slice of pizza.,"A young boy sits at a restaurant table eating a large slice of pizza. He holds the pizza close to his mouth while leaning over a white plate, concentrating on the meal. Other diners and wooden booth seating are visible in the background, creating a.","A young boy sits at a restaurant table eating a large slice of pizza. He holds the pizza close to his mouth while leaning over a white plate, concentrating on the meal. Other diners and wooden booth seating are visible in the background, creating a.",/Users/yixiaoz/Desktop/cs348k_proj/outputs/controlNetScale/controlnet_canny/cfg_7p5_control_1p5/000000080932/target.png,/Users/yixiaoz/Desktop/cs348k_proj/outputs/controlNetScale/controlnet_canny/cfg_7p5_control_1p5/000000080932/canny.png,/Users/yixiaoz/Desktop/cs348k_proj/outputs/controlNetScale/controlnet_canny/cfg_7p5_control_1p5/000000080932/generated.png,dense_text_plus_canny,5,7.5,1.5,20,0.4877,0.301,37.0446
50811,A man in a suit sitting a table with an empty bowl and empty beer bottles.,A man wearing a gray suit jacket sits alone at a wooden dining table with an empty bowl and several empty beer bottles placed in front of him. He smiles toward the camera in a simple indoor setting with a plain light-colored background. The table.,A man wearing a gray suit jacket sits alone at a wooden dining table with an empty bowl and several empty beer bottles placed in front of him. He smiles toward the camera in a simple indoor setting with a plain light-colored background. The table.,/Users/yixiaoz/Desktop/cs348k_proj/outputs/controlNetScale/controlnet_canny/cfg_7p5_control_1p5/000000050811/target.png,/Users/yixiaoz/Desktop/cs348k_proj/outputs/controlNetScale/controlnet_canny/cfg_7p5_control_1p5/000000050811/canny.png,/Users/yixiaoz/Desktop/cs348k_proj/outputs/controlNetScale/controlnet_canny/cfg_7p5_control_1p5/000000050811/generated.png,dense_text_plus_canny,5,7.5,1.5,20,0.5397,0.3446,34.3168
13659,A man typing on a laptop keyboard in a cluttered work environment.,"Several people work in a busy, cluttered office environment filled with desks, laptops, papers, cardboard boxes, and electronic equipment. A man in the foreground sits at a desk typing on a laptop while wearing headphones, and other people work in the background. The room looks.","Several people work in a busy, cluttered office environment filled with desks, laptops, papers, cardboard boxes, and electronic equipment. A man in the foreground sits at a desk typing on a laptop while wearing headphones, and other people work in the background. The room looks.",/Users/yixiaoz/Desktop/cs348k_proj/outputs/controlNetScale/controlnet_canny/cfg_7p5_control_1p5/000000013659/target.png,/Users/yixiaoz/Desktop/cs348k_proj/outputs/controlNetScale/controlnet_canny/cfg_7p5_control_1p5/000000013659/canny.png,/Users/yixiaoz/Desktop/cs348k_proj/outputs/controlNetScale/controlnet_canny/cfg_7p5_control_1p5/000000013659/generated.png,dense_text_plus_canny,5,7.5,1.5,20,0.466,0.3992,32.4314
26465,The opened  laptop is sitting on the table along with other technological tools.,"An open laptop sits on a white tabletop surrounded by small technological tools and accessories, including a smartphone, a pen, and a compact electronic device. The laptop screen shows a dark desktop with a bright reflection near the center. The arrangement is simple and sparse.","An open laptop sits on a white tabletop surrounded by small technological tools and accessories, including a smartphone, a pen, and a compact electronic device. The laptop screen shows a dark desktop with a bright reflection near the center. The arrangement is simple and sparse.",/Users/yixiaoz/Desktop/cs348k_proj/outputs/controlNetScale/controlnet_canny/cfg_7p5_control_1p5/000000026465/target.png,/Users/yixiaoz/Desktop/cs348k_proj/outputs/controlNetScale/controlnet_canny/cfg_7p5_control_1p5/000000026465/canny.png,/Users/yixiaoz/Desktop/cs348k_proj/outputs/controlNetScale/controlnet_canny/cfg_7p5_control_1p5/000000026465/generated.png,dense_text_plus_canny,5,7.5,1.5,20,0.4402,0.3495,34.9765
25096,A boy sitting in front of cake fashioned to look like a skateboard.,"A young boy wearing a blue sports jersey sits at a table looking down at a cake designed to resemble a skateboard. The cake is decorated with bright colors and small details, and the boy appears focused on it as if preparing to cut or.","A young boy wearing a blue sports jersey sits at a table looking down at a cake designed to resemble a skateboard. The cake is decorated with bright colors and small details, and the boy appears focused on it as if preparing to cut or.",/Users/yixiaoz/Desktop/cs348k_proj/outputs/controlNetScale/controlnet_canny/cfg_7p5_control_1p5/000000025096/target.png,/Users/yixiaoz/Desktop/cs348k_proj/outputs/controlNetScale/controlnet_canny/cfg_7p5_control_1p5/000000025096/canny.png,/Users/yixiaoz/Desktop/cs348k_proj/outputs/controlNetScale/controlnet_canny/cfg_7p5_control_1p5/000000025096/generated.png,dense_text_plus_canny,5,7.5,1.5,20,0.4936,0.338,33.5027
26564,An office desk with a row of books and a desktop computer and laptop computer on the desk.,"An office desk is arranged with a desktop computer, laptop, keyboard, mouse, books, papers, and a row of binders or reference materials. The monitor displays a document or screen of text, and large windows brighten the workspace. The corner desk is compact but well equipped.","An office desk is arranged with a desktop computer, laptop, keyboard, mouse, books, papers, and a row of binders or reference materials. The monitor displays a document or screen of text, and large windows brighten the workspace. The corner desk is compact but well equipped.",/Users/yixiaoz/Desktop/cs348k_proj/outputs/controlNetScale/controlnet_canny/cfg_7p5_control_1p5/000000026564/target.png,/Users/yixiaoz/Desktop/cs348k_proj/outputs/controlNetScale/controlnet_canny/cfg_7p5_control_1p5/000000026564/canny.png,/Users/yixiaoz/Desktop/cs348k_proj/outputs/controlNetScale/controlnet_canny/cfg_7p5_control_1p5/000000026564/generated.png,dense_text_plus_canny,5,7.5,1.5,20,0.411,0.286,31.7326
12670,A large crowd of people walking around while one owns a teddy bear.,"A large crowd of people walks and gathers in a busy outdoor public space, possibly a street, plaza, or festival area. The scene contains many individuals of different ages wearing colorful clothing, and one person appears to carry or hold a teddy bear among the.","A large crowd of people walks and gathers in a busy outdoor public space, possibly a street, plaza, or festival area. The scene contains many individuals of different ages wearing colorful clothing, and one person appears to carry or hold a teddy bear among the.",/Users/yixiaoz/Desktop/cs348k_proj/outputs/controlNetScale/controlnet_canny/cfg_7p5_control_1p5/000000012670/target.png,/Users/yixiaoz/Desktop/cs348k_proj/outputs/controlNetScale/controlnet_canny/cfg_7p5_control_1p5/000000012670/canny.png,/Users/yixiaoz/Desktop/cs348k_proj/outputs/controlNetScale/controlnet_canny/cfg_7p5_control_1p5/000000012670/generated.png,dense_text_plus_canny,5,7.5,1.5,20,0.5767,0.412,31.3121
9400,Sever people are sitting next to each other while using laptops.,"Several people sit close together around a table while using laptop computers in a dimly lit indoor environment. Multiple screens glow in front of them, and drinks, cables, and computer accessories are spread across the table. The group appears to be collaborating, studying, or working.","Several people sit close together around a table while using laptop computers in a dimly lit indoor environment. Multiple screens glow in front of them, and drinks, cables, and computer accessories are spread across the table. The group appears to be collaborating, studying, or working.",/Users/yixiaoz/Desktop/cs348k_proj/outputs/controlNetScale/controlnet_canny/cfg_7p5_control_1p5/000000009400/target.png,/Users/yixiaoz/Desktop/cs348k_proj/outputs/controlNetScale/controlnet_canny/cfg_7p5_control_1p5/000000009400/canny.png,/Users/yixiaoz/Desktop/cs348k_proj/outputs/controlNetScale/controlnet_canny/cfg_7p5_control_1p5/000000009400/generated.png,dense_text_plus_canny,5,7.5,1.5,20,0.5405,0.4315,30.0296
92053,Three white dishes with three different sorts of food on them.,"Three white plates with different dishes are arranged on a restaurant table under warm, dim lighting. The food includes various items with sauces, sides, and garnishes, and a drink sits nearby. Utensils are placed on or beside the plates, suggesting the meal is in progress.","Three white plates with different dishes are arranged on a restaurant table under warm, dim lighting. The food includes various items with sauces, sides, and garnishes, and a drink sits nearby. Utensils are placed on or beside the plates, suggesting the meal is in progress.",/Users/yixiaoz/Desktop/cs348k_proj/outputs/controlNetScale/controlnet_canny/cfg_7p5_control_1p5/000000092053/target.png,/Users/yixiaoz/Desktop/cs348k_proj/outputs/controlNetScale/controlnet_canny/cfg_7p5_control_1p5/000000092053/canny.png,/Users/yixiaoz/Desktop/cs348k_proj/outputs/controlNetScale/controlnet_canny/cfg_7p5_control_1p5/000000092053/generated.png,dense_text_plus_canny,5,7.5,1.5,20,0.5786,0.4317,31.2745
74256,Two women standing in a train station looking at their phones.,"Two women stand together at an outdoor train station platform while looking down at their mobile phones. One woman wears a green scarf and dark clothing, while the other wears a patterned jacket. Train station signs, tracks, buildings, and platform structures appear in the background.","Two women stand together at an outdoor train station platform while looking down at their mobile phones. One woman wears a green scarf and dark clothing, while the other wears a patterned jacket. Train station signs, tracks, buildings, and platform structures appear in the background.",/Users/yixiaoz/Desktop/cs348k_proj/outputs/controlNetScale/controlnet_canny/cfg_7p5_control_1p5/000000074256/target.png,/Users/yixiaoz/Desktop/cs348k_proj/outputs/controlNetScale/controlnet_canny/cfg_7p5_control_1p5/000000074256/canny.png,/Users/yixiaoz/Desktop/cs348k_proj/outputs/controlNetScale/controlnet_canny/cfg_7p5_control_1p5/000000074256/generated.png,dense_text_plus_canny,5,7.5,1.5,20,0.4446,0.3591,33.6212
7818,An illuminated floral display forms the centerpiece of the arrangement in this close up of a dining room table setting.,"A small illuminated floral display sits at the center of a dining table arranged with plates, napkins, glasses, and formal place settings. The image is softly focused with the centerpiece and table surface highlighted against a darker background. The scene appears elegant and quiet, possibly.","A small illuminated floral display sits at the center of a dining table arranged with plates, napkins, glasses, and formal place settings. The image is softly focused with the centerpiece and table surface highlighted against a darker background. The scene appears elegant and quiet, possibly.",/Users/yixiaoz/Desktop/cs348k_proj/outputs/controlNetScale/controlnet_canny/cfg_7p5_control_1p5/000000007818/target.png,/Users/yixiaoz/Desktop/cs348k_proj/outputs/controlNetScale/controlnet_canny/cfg_7p5_control_1p5/000000007818/canny.png,/Users/yixiaoz/Desktop/cs348k_proj/outputs/controlNetScale/controlnet_canny/cfg_7p5_control_1p5/000000007818/generated.png,dense_text_plus_canny,5,7.5,1.5,20,0.6318,0.3303,31.5482
109313,A man holding a Wii game controller while standing in a living room.,"A man stands in a living room holding a Wii game controller while facing a television outside the frame. He wears casual clothes and stands among household items, toys, furniture, and a colorful floor mat. The room appears lived-in and informal, with a kitchen or.","A man stands in a living room holding a Wii game controller while facing a television outside the frame. He wears casual clothes and stands among household items, toys, furniture, and a colorful floor mat. The room appears lived-in and informal, with a kitchen or.",/Users/yixiaoz/Desktop/cs348k_proj/outputs/controlNetScale/controlnet_canny/cfg_7p5_control_1p5/000000109313/target.png,/Users/yixiaoz/Desktop/cs348k_proj/outputs/controlNetScale/controlnet_canny/cfg_7p5_control_1p5/000000109313/canny.png,/Users/yixiaoz/Desktop/cs348k_proj/outputs/controlNetScale/controlnet_canny/cfg_7p5_control_1p5/000000109313/generated.png,dense_text_plus_canny,5,7.5,1.5,20,0.5426,0.3069,33.2882
116439,A woman with a straw style hat sitting on a small row boat in the water and accessory items hanging behind her on the land area.,"A woman wearing a straw-style hat sits in a small wooden boat floating on water, surrounded by colorful fabrics and hanging accessories near the shoreline. The scene appears to take place in a riverside or floating market environment, with reflections on the water and goods.","A woman wearing a straw-style hat sits in a small wooden boat floating on water, surrounded by colorful fabrics and hanging accessories near the shoreline. The scene appears to take place in a riverside or floating market environment, with reflections on the water and goods.",/Users/yixiaoz/Desktop/cs348k_proj/outputs/controlNetScale/controlnet_canny/cfg_7p5_control_1p5/000000116439/target.png,/Users/yixiaoz/Desktop/cs348k_proj/outputs/controlNetScale/controlnet_canny/cfg_7p5_control_1p5/000000116439/canny.png,/Users/yixiaoz/Desktop/cs348k_proj/outputs/controlNetScale/controlnet_canny/cfg_7p5_control_1p5/000000116439/generated.png,dense_text_plus_canny,5,7.5,1.5,20,0.5546,0.3147,36.7697
11511,A sculpture of two women stting on a bench with their purses on the ground while people standing in a line behind them.,"A bronze sculpture of two women seated together on a bench is displayed in an outdoor public area. The figures sit close together with handbags or purses placed near their feet, and pedestrians stand or walk in the background. Strong light highlights the sculpture against.","A bronze sculpture of two women seated together on a bench is displayed in an outdoor public area. The figures sit close together with handbags or purses placed near their feet, and pedestrians stand or walk in the background. Strong light highlights the sculpture against.",/Users/yixiaoz/Desktop/cs348k_proj/outputs/controlNetScale/controlnet_canny/cfg_7p5_control_1p5/000000011511/target.png,/Users/yixiaoz/Desktop/cs348k_proj/outputs/controlNetScale/controlnet_canny/cfg_7p5_control_1p5/000000011511/canny.png,/Users/yixiaoz/Desktop/cs348k_proj/outputs/controlNetScale/controlnet_canny/cfg_7p5_control_1p5/000000011511/generated.png,dense_text_plus_canny,5,7.5,1.5,20,0.5092,0.3397,33.5921
17714,A banana frittata next to a plate of decoratively cut fruit and a cup of coffee.,"A breakfast or brunch meal is arranged on a wooden table, including a banana frittata, a plate of decorative cut fruit, and a cup of coffee. Sunlight falls across the tabletop, casting shadows and giving the meal a bright morning feel. The dishes are neatly.","A breakfast or brunch meal is arranged on a wooden table, including a banana frittata, a plate of decorative cut fruit, and a cup of coffee. Sunlight falls across the tabletop, casting shadows and giving the meal a bright morning feel. The dishes are neatly.",/Users/yixiaoz/Desktop/cs348k_proj/outputs/controlNetScale/controlnet_canny/cfg_7p5_control_1p5/000000017714/target.png,/Users/yixiaoz/Desktop/cs348k_proj/outputs/controlNetScale/controlnet_canny/cfg_7p5_control_1p5/000000017714/canny.png,/Users/yixiaoz/Desktop/cs348k_proj/outputs/controlNetScale/controlnet_canny/cfg_7p5_control_1p5/000000017714/generated.png,dense_text_plus_canny,5,7.5,1.5,20,0.4369,0.3002,31.9665
15335,"a young child, lady , and man sitting in a booth at a table","A young child sits in a restaurant booth between adults at a table, with plates, drinks, and food items visible in the dim interior. The child appears to be eating or touching their mouth, while the adults sit close on either side. Warm lighting and.","A young child sits in a restaurant booth between adults at a table, with plates, drinks, and food items visible in the dim interior. The child appears to be eating or touching their mouth, while the adults sit close on either side. Warm lighting and.",/Users/yixiaoz/Desktop/cs348k_proj/outputs/controlNetScale/controlnet_canny/cfg_7p5_control_1p5/000000015335/target.png,/Users/yixiaoz/Desktop/cs348k_proj/outputs/controlNetScale/controlnet_canny/cfg_7p5_control_1p5/000000015335/canny.png,/Users/yixiaoz/Desktop/cs348k_proj/outputs/controlNetScale/controlnet_canny/cfg_7p5_control_1p5/000000015335/generated.png,dense_text_plus_canny,5,7.5,1.5,20,0.6044,0.4351,30.6955
113589,"Two containers containing quiche, a salad, apples and a banana on the side.","A healthy prepared meal is arranged in two clear food containers and a small side area, including a slice of quiche, green salad, apple slices, and a banana. The food is neatly separated and photographed from above against a plain background. The composition emphasizes balanced.","A healthy prepared meal is arranged in two clear food containers and a small side area, including a slice of quiche, green salad, apple slices, and a banana. The food is neatly separated and photographed from above against a plain background. The composition emphasizes balanced.",/Users/yixiaoz/Desktop/cs348k_proj/outputs/controlNetScale/controlnet_canny/cfg_7p5_control_1p5/000000113589/target.png,/Users/yixiaoz/Desktop/cs348k_proj/outputs/controlNetScale/controlnet_canny/cfg_7p5_control_1p5/000000113589/canny.png,/Users/yixiaoz/Desktop/cs348k_proj/outputs/controlNetScale/controlnet_canny/cfg_7p5_control_1p5/000000113589/generated.png,dense_text_plus_canny,5,7.5,1.5,20,0.6227,0.2726,35.8764
1503,A picture of an iMac desktop next to a Mac laptop on a desk.,"An older Apple iMac desktop computer sits on a desk beside a Mac laptop and several computer accessories. A keyboard, mouse, speakers, and monitor are arranged across the workspace, creating a technology-focused setup. The desk is positioned near a window with blinds, and the white.","An older Apple iMac desktop computer sits on a desk beside a Mac laptop and several computer accessories. A keyboard, mouse, speakers, and monitor are arranged across the workspace, creating a technology-focused setup. The desk is positioned near a window with blinds, and the white.",/Users/yixiaoz/Desktop/cs348k_proj/outputs/controlNetScale/controlnet_canny/cfg_7p5_control_1p5/000000001503/target.png,/Users/yixiaoz/Desktop/cs348k_proj/outputs/controlNetScale/controlnet_canny/cfg_7p5_control_1p5/000000001503/canny.png,/Users/yixiaoz/Desktop/cs348k_proj/outputs/controlNetScale/controlnet_canny/cfg_7p5_control_1p5/000000001503/generated.png,dense_text_plus_canny,5,7.5,1.5,20,0.437,0.2661,37.0052
88848,"Multiple pictures of fire hydrants, a woman standing near a tree, and people posing in front of a boat.","A collage of multiple photographs shows several yellow fire hydrants, a woman standing near a tree, and people posing in front of a boat or outdoor landmark. The images are arranged together in a grid-like layout, combining different scenes into one visual composition. The subject.","A collage of multiple photographs shows several yellow fire hydrants, a woman standing near a tree, and people posing in front of a boat or outdoor landmark. The images are arranged together in a grid-like layout, combining different scenes into one visual composition. The subject.",/Users/yixiaoz/Desktop/cs348k_proj/outputs/controlNetScale/controlnet_canny/cfg_7p5_control_1p5/000000088848/target.png,/Users/yixiaoz/Desktop/cs348k_proj/outputs/controlNetScale/controlnet_canny/cfg_7p5_control_1p5/000000088848/canny.png,/Users/yixiaoz/Desktop/cs348k_proj/outputs/controlNetScale/controlnet_canny/cfg_7p5_control_1p5/000000088848/generated.png,dense_text_plus_canny,5,7.5,1.5,20,0.4937,0.3282,42.8874
6471,A man at bat waiting for a pitch with a catcher and umpire behind him and players from the opposing team in the dugout.,"A baseball player in a white uniform stands at home plate holding a bat while waiting for a pitch. A catcher and umpire crouch behind him, and members of the opposing team sit in the dugout watching the play. The green field and stadium seating.","A baseball player in a white uniform stands at home plate holding a bat while waiting for a pitch. A catcher and umpire crouch behind him, and members of the opposing team sit in the dugout watching the play. The green field and stadium seating.",/Users/yixiaoz/Desktop/cs348k_proj/outputs/controlNetScale/controlnet_canny/cfg_7p5_control_1p5/000000006471/target.png,/Users/yixiaoz/Desktop/cs348k_proj/outputs/controlNetScale/controlnet_canny/cfg_7p5_control_1p5/000000006471/canny.png,/Users/yixiaoz/Desktop/cs348k_proj/outputs/controlNetScale/controlnet_canny/cfg_7p5_control_1p5/000000006471/generated.png,dense_text_plus_canny,5,7.5,1.5,20,0.4362,0.3262,30.7034
92660,An unbaked pizza with cheese and herbs on one half and broccoli on the second.,"An uncooked pizza topped with cheese, herbs, and broccoli sits on a round baking tray or pan. One half of the pizza appears more heavily covered with broccoli, while the other has more cheese and herbs exposed. The crust and toppings are clearly visible from.","An uncooked pizza topped with cheese, herbs, and broccoli sits on a round baking tray or pan. One half of the pizza appears more heavily covered with broccoli, while the other has more cheese and herbs exposed. The crust and toppings are clearly visible from.",/Users/yixiaoz/Desktop/cs348k_proj/outputs/controlNetScale/controlnet_canny/cfg_7p5_control_1p5/000000092660/target.png,/Users/yixiaoz/Desktop/cs348k_proj/outputs/controlNetScale/controlnet_canny/cfg_7p5_control_1p5/000000092660/canny.png,/Users/yixiaoz/Desktop/cs348k_proj/outputs/controlNetScale/controlnet_canny/cfg_7p5_control_1p5/000000092660/generated.png,dense_text_plus_canny,5,7.5,1.5,20,0.5046,0.2793,32.2384
105335,"A bowl of stew in a white bowl, being held by a person.","A bowl of stew in a white dish is being held by a person, with pieces of vegetables and meat visible in a warm broth. The stew contains colorful ingredients such as carrots, potatoes, and chunks of protein. The close-up framing focuses on the food.","A bowl of stew in a white dish is being held by a person, with pieces of vegetables and meat visible in a warm broth. The stew contains colorful ingredients such as carrots, potatoes, and chunks of protein. The close-up framing focuses on the food.",/Users/yixiaoz/Desktop/cs348k_proj/outputs/controlNetScale/controlnet_canny/cfg_7p5_control_1p5/000000105335/target.png,/Users/yixiaoz/Desktop/cs348k_proj/outputs/controlNetScale/controlnet_canny/cfg_7p5_control_1p5/000000105335/canny.png,/Users/yixiaoz/Desktop/cs348k_proj/outputs/controlNetScale/controlnet_canny/cfg_7p5_control_1p5/000000105335/generated.png,dense_text_plus_canny,5,7.5,1.5,20,0.5384,0.2954,31.0443
117719,A man sits at a bar in front of dozens of bottles of alcohol.,"A man stands behind a warmly lit bar surrounded by dozens of bottles of alcohol arranged on shelves. The bar interior features dark wood, glowing lights, glassware, and a cozy pub-like atmosphere. The bartender or customer is partly silhouetted against the illuminated bottles, creating a.","A man stands behind a warmly lit bar surrounded by dozens of bottles of alcohol arranged on shelves. The bar interior features dark wood, glowing lights, glassware, and a cozy pub-like atmosphere. The bartender or customer is partly silhouetted against the illuminated bottles, creating a.",/Users/yixiaoz/Desktop/cs348k_proj/outputs/controlNetScale/controlnet_canny/cfg_7p5_control_1p5/000000117719/target.png,/Users/yixiaoz/Desktop/cs348k_proj/outputs/controlNetScale/controlnet_canny/cfg_7p5_control_1p5/000000117719/canny.png,/Users/yixiaoz/Desktop/cs348k_proj/outputs/controlNetScale/controlnet_canny/cfg_7p5_control_1p5/000000117719/generated.png,dense_text_plus_canny,5,7.5,1.5,20,0.5087,0.2962,34.1073
82085,A brightly colored train is stopped on the tracks to let passengers on.,"A brightly colored passenger train is stopped on railway tracks beside a platform, allowing passengers to board or exit. The train has yellow, blue, and red sections, and people stand nearby along the track area. Buildings, vegetation, and station infrastructure surround the scene. The image.","A brightly colored passenger train is stopped on railway tracks beside a platform, allowing passengers to board or exit. The train has yellow, blue, and red sections, and people stand nearby along the track area. Buildings, vegetation, and station infrastructure surround the scene. The image.",/Users/yixiaoz/Desktop/cs348k_proj/outputs/controlNetScale/controlnet_canny/cfg_7p5_control_1p5/000000082085/target.png,/Users/yixiaoz/Desktop/cs348k_proj/outputs/controlNetScale/controlnet_canny/cfg_7p5_control_1p5/000000082085/canny.png,/Users/yixiaoz/Desktop/cs348k_proj/outputs/controlNetScale/controlnet_canny/cfg_7p5_control_1p5/000000082085/generated.png,dense_text_plus_canny,5,7.5,1.5,20,0.5064,0.3946,31.0289
70048,"A glass of wine sits next to a bowl of soup, salad, and a plate with a sandwich.","A restaurant meal is arranged on a table, including a glass of wine, a bowl of soup, a green salad, and a sandwich served on a round bread roll. Condiments, utensils, napkins, and additional dining items sit nearby. The overhead view emphasizes the variety and.","A restaurant meal is arranged on a table, including a glass of wine, a bowl of soup, a green salad, and a sandwich served on a round bread roll. Condiments, utensils, napkins, and additional dining items sit nearby. The overhead view emphasizes the variety and.",/Users/yixiaoz/Desktop/cs348k_proj/outputs/controlNetScale/controlnet_canny/cfg_7p5_control_1p5/000000070048/target.png,/Users/yixiaoz/Desktop/cs348k_proj/outputs/controlNetScale/controlnet_canny/cfg_7p5_control_1p5/000000070048/canny.png,/Users/yixiaoz/Desktop/cs348k_proj/outputs/controlNetScale/controlnet_canny/cfg_7p5_control_1p5/000000070048/generated.png,dense_text_plus_canny,5,7.5,1.5,20,0.5338,0.3096,33.4344
3845,A dinner plate that has white steamed rice with stir fry vegetables and chicken.,A large dinner plate holds a mound of white steamed rice next to stir-fried vegetables and pieces of chicken in a colorful sauce. The food is arranged on a patterned plate and viewed from above on a wooden table. The bright vegetables and sauce contrast.,A large dinner plate holds a mound of white steamed rice next to stir-fried vegetables and pieces of chicken in a colorful sauce. The food is arranged on a patterned plate and viewed from above on a wooden table. The bright vegetables and sauce contrast.,/Users/yixiaoz/Desktop/cs348k_proj/outputs/controlNetScale/controlnet_canny/cfg_7p5_control_1p5/000000003845/target.png,/Users/yixiaoz/Desktop/cs348k_proj/outputs/controlNetScale/controlnet_canny/cfg_7p5_control_1p5/000000003845/canny.png,/Users/yixiaoz/Desktop/cs348k_proj/outputs/controlNetScale/controlnet_canny/cfg_7p5_control_1p5/000000003845/generated.png,dense_text_plus_canny,5,7.5,1.5,20,0.6152,0.316,30.8566
92939,a man and female standing side by side with a cake cutter in their hand,"A smiling man and woman stand side by side beside a small decorated cake, holding a cake knife together. The woman wears a light-colored strapless dress and the man wears a white shirt, suggesting a wedding, anniversary, or celebratory event. Palm trees and outdoor lighting.","A smiling man and woman stand side by side beside a small decorated cake, holding a cake knife together. The woman wears a light-colored strapless dress and the man wears a white shirt, suggesting a wedding, anniversary, or celebratory event. Palm trees and outdoor lighting.",/Users/yixiaoz/Desktop/cs348k_proj/outputs/controlNetScale/controlnet_canny/cfg_7p5_control_1p5/000000092939/target.png,/Users/yixiaoz/Desktop/cs348k_proj/outputs/controlNetScale/controlnet_canny/cfg_7p5_control_1p5/000000092939/canny.png,/Users/yixiaoz/Desktop/cs348k_proj/outputs/controlNetScale/controlnet_canny/cfg_7p5_control_1p5/000000092939/generated.png,dense_text_plus_canny,5,7.5,1.5,20,0.4201,0.2205,37.0588
1268,A waterway under a bridge with people sitting down and a woman taking a photo.,"People sit and relax under a large bridge beside a waterfront, with sunlight reflecting brightly off the water. A woman stands in the foreground taking a photograph, while several people sit along the edge facing the river. The bridge structure forms a strong curved frame.","People sit and relax under a large bridge beside a waterfront, with sunlight reflecting brightly off the water. A woman stands in the foreground taking a photograph, while several people sit along the edge facing the river. The bridge structure forms a strong curved frame.",/Users/yixiaoz/Desktop/cs348k_proj/outputs/controlNetScale/controlnet_canny/cfg_7p5_control_1p5/000000001268/target.png,/Users/yixiaoz/Desktop/cs348k_proj/outputs/controlNetScale/controlnet_canny/cfg_7p5_control_1p5/000000001268/canny.png,/Users/yixiaoz/Desktop/cs348k_proj/outputs/controlNetScale/controlnet_canny/cfg_7p5_control_1p5/000000001268/generated.png,dense_text_plus_canny,5,7.5,1.5,20,0.4837,0.3967,32.7273
33221,Two women at a beach with tennis rackets in their hands and one girl looking very excited with her tennis racket in the air.,"Two women stand on a sandy beach holding tennis rackets while people walk nearby in the background. One woman raises her racket enthusiastically above her head, while the other stands beside her wearing a hood or scarf. The beach, distant hills, flags, and open sky.","Two women stand on a sandy beach holding tennis rackets while people walk nearby in the background. One woman raises her racket enthusiastically above her head, while the other stands beside her wearing a hood or scarf. The beach, distant hills, flags, and open sky.",/Users/yixiaoz/Desktop/cs348k_proj/outputs/controlNetScale/controlnet_canny/cfg_7p5_control_1p5/000000033221/target.png,/Users/yixiaoz/Desktop/cs348k_proj/outputs/controlNetScale/controlnet_canny/cfg_7p5_control_1p5/000000033221/canny.png,/Users/yixiaoz/Desktop/cs348k_proj/outputs/controlNetScale/controlnet_canny/cfg_7p5_control_1p5/000000033221/generated.png,dense_text_plus_canny,5,7.5,1.5,20,0.5043,0.3859,34.7824
68409,School boys sit cross legged in front of a chalkboard sign in a vintage black and white photo.,A vintage black-and-white photograph shows a group of schoolboys sitting cross-legged in a row in front of a chalkboard sign. The boys wear similar school uniforms and pose formally for the camera outdoors. Trees and a simple background are visible behind them. The image has.,A vintage black-and-white photograph shows a group of schoolboys sitting cross-legged in a row in front of a chalkboard sign. The boys wear similar school uniforms and pose formally for the camera outdoors. Trees and a simple background are visible behind them. The image has.,/Users/yixiaoz/Desktop/cs348k_proj/outputs/controlNetScale/controlnet_canny/cfg_7p5_control_1p5/000000068409/target.png,/Users/yixiaoz/Desktop/cs348k_proj/outputs/controlNetScale/controlnet_canny/cfg_7p5_control_1p5/000000068409/canny.png,/Users/yixiaoz/Desktop/cs348k_proj/outputs/controlNetScale/controlnet_canny/cfg_7p5_control_1p5/000000068409/generated.png,dense_text_plus_canny,5,7.5,1.5,20,0.4549,0.2517,33.3088
78170,"PASSENGER TRAIN IN THE NIGHT HOURS WITH NO SMOKING SIGN, AND TWO WOMEN","A black-and-white nighttime image shows passengers visible through the windows of a train car. A no-smoking sign and interior lights can be seen inside, while reflections and shadows create a dramatic atmosphere. Two women or passengers are visible near separate windows, framed by the train.","A black-and-white nighttime image shows passengers visible through the windows of a train car. A no-smoking sign and interior lights can be seen inside, while reflections and shadows create a dramatic atmosphere. Two women or passengers are visible near separate windows, framed by the train.",/Users/yixiaoz/Desktop/cs348k_proj/outputs/controlNetScale/controlnet_canny/cfg_7p5_control_1p5/000000078170/target.png,/Users/yixiaoz/Desktop/cs348k_proj/outputs/controlNetScale/controlnet_canny/cfg_7p5_control_1p5/000000078170/canny.png,/Users/yixiaoz/Desktop/cs348k_proj/outputs/controlNetScale/controlnet_canny/cfg_7p5_control_1p5/000000078170/generated.png,dense_text_plus_canny,5,7.5,1.5,20,0.3949,0.2443,37.0979
62554,a plate of broccoli on a table next to some other plates of food,"A plate or bowl of broccoli sits on a table next to other plates of food, including pasta or noodles and additional dishes in the background. The broccoli is bright green and placed prominently in the foreground, while the other foods are slightly out of.","A plate or bowl of broccoli sits on a table next to other plates of food, including pasta or noodles and additional dishes in the background. The broccoli is bright green and placed prominently in the foreground, while the other foods are slightly out of.",/Users/yixiaoz/Desktop/cs348k_proj/outputs/controlNetScale/controlnet_canny/cfg_7p5_control_1p5/000000062554/target.png,/Users/yixiaoz/Desktop/cs348k_proj/outputs/controlNetScale/controlnet_canny/cfg_7p5_control_1p5/000000062554/canny.png,/Users/yixiaoz/Desktop/cs348k_proj/outputs/controlNetScale/controlnet_canny/cfg_7p5_control_1p5/000000062554/generated.png,dense_text_plus_canny,5,7.5,1.5,20,0.5454,0.2903,34.2271
58539,"A man in a red hat, suit, and blue striped tie walks past two other men on a street.","A man wearing a bright red hat, dark suit, and blue striped tie walks along a city street while other men and pedestrians stand nearby. Cars, buildings, and urban activity fill the background. The red hat makes the man stand out clearly from the crowd.","A man wearing a bright red hat, dark suit, and blue striped tie walks along a city street while other men and pedestrians stand nearby. Cars, buildings, and urban activity fill the background. The red hat makes the man stand out clearly from the crowd.",/Users/yixiaoz/Desktop/cs348k_proj/outputs/controlNetScale/controlnet_canny/cfg_7p5_control_1p5/000000058539/target.png,/Users/yixiaoz/Desktop/cs348k_proj/outputs/controlNetScale/controlnet_canny/cfg_7p5_control_1p5/000000058539/canny.png,/Users/yixiaoz/Desktop/cs348k_proj/outputs/controlNetScale/controlnet_canny/cfg_7p5_control_1p5/000000058539/generated.png,dense_text_plus_canny,5,7.5,1.5,20,0.5379,0.4113,31.3161
46031,A small tablet computer next to a larger monitor and keyboard.,"A laptop computer sits on a small desk beside a larger external monitor, keyboard, mouse, speakers, and other electronic devices. The laptop and monitor display green leaf or plant imagery, creating a matching visual theme across the screens. The desk is placed near a window.","A laptop computer sits on a small desk beside a larger external monitor, keyboard, mouse, speakers, and other electronic devices. The laptop and monitor display green leaf or plant imagery, creating a matching visual theme across the screens. The desk is placed near a window.",/Users/yixiaoz/Desktop/cs348k_proj/outputs/controlNetScale/controlnet_canny/cfg_7p5_control_1p5/000000046031/target.png,/Users/yixiaoz/Desktop/cs348k_proj/outputs/controlNetScale/controlnet_canny/cfg_7p5_control_1p5/000000046031/canny.png,/Users/yixiaoz/Desktop/cs348k_proj/outputs/controlNetScale/controlnet_canny/cfg_7p5_control_1p5/000000046031/generated.png,dense_text_plus_canny,5,7.5,1.5,20,0.4344,0.2185,37.4496
9891,The man is loading luggage suitcases onto the cart in the parking lot.,"A man loads luggage and suitcases onto a metal cart in a parking lot filled with vehicles. He bends over while handling the bags beside a parked car, suggesting travel, airport transport, or hotel arrival. Other cars and a parking garage or covered structure are.","A man loads luggage and suitcases onto a metal cart in a parking lot filled with vehicles. He bends over while handling the bags beside a parked car, suggesting travel, airport transport, or hotel arrival. Other cars and a parking garage or covered structure are.",/Users/yixiaoz/Desktop/cs348k_proj/outputs/controlNetScale/controlnet_canny/cfg_7p5_control_1p5/000000009891/target.png,/Users/yixiaoz/Desktop/cs348k_proj/outputs/controlNetScale/controlnet_canny/cfg_7p5_control_1p5/000000009891/canny.png,/Users/yixiaoz/Desktop/cs348k_proj/outputs/controlNetScale/controlnet_canny/cfg_7p5_control_1p5/000000009891/generated.png,dense_text_plus_canny,5,7.5,1.5,20,0.4298,0.3538,34.9599
37777,The dining table near the kitchen has a bowl of fruit on it.,"A bright open kitchen and dining area features wooden cabinets, white appliances, tiled flooring, and a small table with a bowl of fruit on top. Sunlight enters through windows and illuminates the clean interior. The kitchen includes counters, a refrigerator, stove, and cabinets arranged along.","A bright open kitchen and dining area features wooden cabinets, white appliances, tiled flooring, and a small table with a bowl of fruit on top. Sunlight enters through windows and illuminates the clean interior. The kitchen includes counters, a refrigerator, stove, and cabinets arranged along.",/Users/yixiaoz/Desktop/cs348k_proj/outputs/controlNetScale/controlnet_canny/cfg_7p5_control_1p5/000000037777/target.png,/Users/yixiaoz/Desktop/cs348k_proj/outputs/controlNetScale/controlnet_canny/cfg_7p5_control_1p5/000000037777/canny.png,/Users/yixiaoz/Desktop/cs348k_proj/outputs/controlNetScale/controlnet_canny/cfg_7p5_control_1p5/000000037777/generated.png,dense_text_plus_canny,5,7.5,1.5,20,0.5183,0.3226,30.9847
65350,"Two young people are skateboarding on the ramp, trying to pull off tricks.","Two young people are skateboarding on a skate park ramp while attempting tricks. One skater lies or slides on the ramp with a skateboard nearby, while another stands or moves close by. Other people and bicycles are visible in the background near concrete walls. The.","Two young people are skateboarding on a skate park ramp while attempting tricks. One skater lies or slides on the ramp with a skateboard nearby, while another stands or moves close by. Other people and bicycles are visible in the background near concrete walls. The.",/Users/yixiaoz/Desktop/cs348k_proj/outputs/controlNetScale/controlnet_canny/cfg_7p5_control_1p5/000000065350/target.png,/Users/yixiaoz/Desktop/cs348k_proj/outputs/controlNetScale/controlnet_canny/cfg_7p5_control_1p5/000000065350/canny.png,/Users/yixiaoz/Desktop/cs348k_proj/outputs/controlNetScale/controlnet_canny/cfg_7p5_control_1p5/000000065350/generated.png,dense_text_plus_canny,5,7.5,1.5,20,0.4606,0.2734,33.4506
48396,A woman in a tan sweater holding a knife by a young boy in a plaid shirt.,"A woman wearing a tan or light-colored sweater stands beside a young boy in a plaid shirt near a table with cups and food items. The woman holds a knife, possibly preparing to cut or serve something. Both subjects face the camera in an indoor.","A woman wearing a tan or light-colored sweater stands beside a young boy in a plaid shirt near a table with cups and food items. The woman holds a knife, possibly preparing to cut or serve something. Both subjects face the camera in an indoor.",/Users/yixiaoz/Desktop/cs348k_proj/outputs/controlNetScale/controlnet_canny/cfg_7p5_control_1p5/000000048396/target.png,/Users/yixiaoz/Desktop/cs348k_proj/outputs/controlNetScale/controlnet_canny/cfg_7p5_control_1p5/000000048396/canny.png,/Users/yixiaoz/Desktop/cs348k_proj/outputs/controlNetScale/controlnet_canny/cfg_7p5_control_1p5/000000048396/generated.png,dense_text_plus_canny,5,7.5,1.5,20,0.5779,0.3374,34.5606
117908,A man looking in the refrigerator with a cat also looking inside,"A man bends over and looks inside an open refrigerator while a cat stands nearby also peering into the fridge. Food, bottles, and containers are visible on the refrigerator shelves, and the cat appears curious about the contents. The warm indoor lighting and humorous interaction.","A man bends over and looks inside an open refrigerator while a cat stands nearby also peering into the fridge. Food, bottles, and containers are visible on the refrigerator shelves, and the cat appears curious about the contents. The warm indoor lighting and humorous interaction.",/Users/yixiaoz/Desktop/cs348k_proj/outputs/controlNetScale/controlnet_canny/cfg_7p5_control_1p5/000000117908/target.png,/Users/yixiaoz/Desktop/cs348k_proj/outputs/controlNetScale/controlnet_canny/cfg_7p5_control_1p5/000000117908/canny.png,/Users/yixiaoz/Desktop/cs348k_proj/outputs/controlNetScale/controlnet_canny/cfg_7p5_control_1p5/000000117908/generated.png,dense_text_plus_canny,5,7.5,1.5,20,0.6513,0.5259,35.36
97994,Three laptop computers and a desktop computer sit next to each other.,"Three laptop computers and a desktop workstation are arranged together on a desk in a compact home office or technical workspace. Several screens, keyboards, cables, and electronic accessories fill the tabletop, suggesting multitasking or computer-intensive work. A microphone or lamp stands near the setup, and.","Three laptop computers and a desktop workstation are arranged together on a desk in a compact home office or technical workspace. Several screens, keyboards, cables, and electronic accessories fill the tabletop, suggesting multitasking or computer-intensive work. A microphone or lamp stands near the setup, and.",/Users/yixiaoz/Desktop/cs348k_proj/outputs/controlNetScale/controlnet_canny/cfg_7p5_control_1p5/000000097994/target.png,/Users/yixiaoz/Desktop/cs348k_proj/outputs/controlNetScale/controlnet_canny/cfg_7p5_control_1p5/000000097994/canny.png,/Users/yixiaoz/Desktop/cs348k_proj/outputs/controlNetScale/controlnet_canny/cfg_7p5_control_1p5/000000097994/generated.png,dense_text_plus_canny,5,7.5,1.5,20,0.4226,0.2272,34.672
30785,A plate filled with a bowl of vegetables and two slices of bread with a spread on them.,"A plate holds a healthy meal consisting of a bowl of green vegetables, slices of bread topped with a spread, and additional fresh ingredients. The food is arranged neatly on a wooden table, with the bowl and bread sharing the plate. The overhead view emphasizes.","A plate holds a healthy meal consisting of a bowl of green vegetables, slices of bread topped with a spread, and additional fresh ingredients. The food is arranged neatly on a wooden table, with the bowl and bread sharing the plate. The overhead view emphasizes.",/Users/yixiaoz/Desktop/cs348k_proj/outputs/controlNetScale/controlnet_canny/cfg_7p5_control_1p5/000000030785/target.png,/Users/yixiaoz/Desktop/cs348k_proj/outputs/controlNetScale/controlnet_canny/cfg_7p5_control_1p5/000000030785/canny.png,/Users/yixiaoz/Desktop/cs348k_proj/outputs/controlNetScale/controlnet_canny/cfg_7p5_control_1p5/000000030785/generated.png,dense_text_plus_canny,5,7.5,1.5,20,0.5246,0.3131,32.3844
76547,a male in a white shirt a bicycle and an orange and white train,"A man wearing a light-colored shirt sits at a table on a railway station platform near a parked bicycle. An orange and white passenger train is stopped alongside the platform, while overhead signs, metal beams, and station infrastructure extend into the background. The scene captures.","A man wearing a light-colored shirt sits at a table on a railway station platform near a parked bicycle. An orange and white passenger train is stopped alongside the platform, while overhead signs, metal beams, and station infrastructure extend into the background. The scene captures.",/Users/yixiaoz/Desktop/cs348k_proj/outputs/controlNetScale/controlnet_canny/cfg_7p5_control_1p5/000000076547/target.png,/Users/yixiaoz/Desktop/cs348k_proj/outputs/controlNetScale/controlnet_canny/cfg_7p5_control_1p5/000000076547/canny.png,/Users/yixiaoz/Desktop/cs348k_proj/outputs/controlNetScale/controlnet_canny/cfg_7p5_control_1p5/000000076547/generated.png,dense_text_plus_canny,5,7.5,1.5,20,0.4119,0.341,29.8391
116362,A small bowl filled with chopped vegetables and spoon,"A bowl filled with chopped fruit pieces sits on a wooden table with a spoon resting inside. The food appears freshly prepared, with colorful slices arranged casually in the bowl. The photograph is taken from above, focusing closely on the meal while leaving the surrounding.","A bowl filled with chopped fruit pieces sits on a wooden table with a spoon resting inside. The food appears freshly prepared, with colorful slices arranged casually in the bowl. The photograph is taken from above, focusing closely on the meal while leaving the surrounding.",/Users/yixiaoz/Desktop/cs348k_proj/outputs/controlNetScale/controlnet_canny/cfg_7p5_control_1p5/000000116362/target.png,/Users/yixiaoz/Desktop/cs348k_proj/outputs/controlNetScale/controlnet_canny/cfg_7p5_control_1p5/000000116362/canny.png,/Users/yixiaoz/Desktop/cs348k_proj/outputs/controlNetScale/controlnet_canny/cfg_7p5_control_1p5/000000116362/generated.png,dense_text_plus_canny,5,7.5,1.5,20,0.6319,0.5218,31.3209
22371,A man in thought sitting in front of a laptop with a pen in his hand.,"A businessman sits at a desk in front of an open laptop computer while holding a pen and resting his head on one hand. He appears thoughtful and focused, possibly reviewing information or planning a project. The clean office setting includes a desk surface and.","A businessman sits at a desk in front of an open laptop computer while holding a pen and resting his head on one hand. He appears thoughtful and focused, possibly reviewing information or planning a project. The clean office setting includes a desk surface and.",/Users/yixiaoz/Desktop/cs348k_proj/outputs/controlNetScale/controlnet_canny/cfg_7p5_control_1p5/000000022371/target.png,/Users/yixiaoz/Desktop/cs348k_proj/outputs/controlNetScale/controlnet_canny/cfg_7p5_control_1p5/000000022371/canny.png,/Users/yixiaoz/Desktop/cs348k_proj/outputs/controlNetScale/controlnet_canny/cfg_7p5_control_1p5/000000022371/generated.png,dense_text_plus_canny,5,7.5,1.5,20,0.4879,0.205,34.2968
69224,A man and woman eating doughnuts out of a box at a coffee shop.,"A man and woman sit together at a table inside a café or coffee shop while sharing food from a box. Drinks, containers, and personal belongings are spread across the table. The pair appear engaged in conversation as they eat, creating a friendly and relaxed.","A man and woman sit together at a table inside a café or coffee shop while sharing food from a box. Drinks, containers, and personal belongings are spread across the table. The pair appear engaged in conversation as they eat, creating a friendly and relaxed.",/Users/yixiaoz/Desktop/cs348k_proj/outputs/controlNetScale/controlnet_canny/cfg_7p5_control_1p5/000000069224/target.png,/Users/yixiaoz/Desktop/cs348k_proj/outputs/controlNetScale/controlnet_canny/cfg_7p5_control_1p5/000000069224/canny.png,/Users/yixiaoz/Desktop/cs348k_proj/outputs/controlNetScale/controlnet_canny/cfg_7p5_control_1p5/000000069224/generated.png,dense_text_plus_canny,5,7.5,1.5,20,0.5516,0.3838,32.9788
16249,It sure is a beautiful day to sit outside and read the paper.,"An older man sits outdoors on a bench reading a newspaper while enjoying a pleasant day in a public area. Several other people sit or stand nearby, creating a relaxed community setting. Sunlight illuminates the scene, and the man appears absorbed in reading while the.","An older man sits outdoors on a bench reading a newspaper while enjoying a pleasant day in a public area. Several other people sit or stand nearby, creating a relaxed community setting. Sunlight illuminates the scene, and the man appears absorbed in reading while the.",/Users/yixiaoz/Desktop/cs348k_proj/outputs/controlNetScale/controlnet_canny/cfg_7p5_control_1p5/000000016249/target.png,/Users/yixiaoz/Desktop/cs348k_proj/outputs/controlNetScale/controlnet_canny/cfg_7p5_control_1p5/000000016249/canny.png,/Users/yixiaoz/Desktop/cs348k_proj/outputs/controlNetScale/controlnet_canny/cfg_7p5_control_1p5/000000016249/generated.png,dense_text_plus_canny,5,7.5,1.5,20,0.4206,0.3012,32.914
85157,A group of people sitting around a table have a meal and a drink.,"A group of people sit around a restaurant table sharing food and drinks. Plates, glasses, and table settings fill the dining area while the diners converse with one another. The gathering appears social and informal, with participants enjoying a meal together in a warm indoor.","A group of people sit around a restaurant table sharing food and drinks. Plates, glasses, and table settings fill the dining area while the diners converse with one another. The gathering appears social and informal, with participants enjoying a meal together in a warm indoor.",/Users/yixiaoz/Desktop/cs348k_proj/outputs/controlNetScale/controlnet_canny/cfg_7p5_control_1p5/000000085157/target.png,/Users/yixiaoz/Desktop/cs348k_proj/outputs/controlNetScale/controlnet_canny/cfg_7p5_control_1p5/000000085157/canny.png,/Users/yixiaoz/Desktop/cs348k_proj/outputs/controlNetScale/controlnet_canny/cfg_7p5_control_1p5/000000085157/generated.png,dense_text_plus_canny,5,7.5,1.5,20,0.4795,0.3237,32.3058
20571,A tugboat sits beside a ferry on placid water with a mountain in the distance.,"Several fishing boats are docked beside a harbor on calm water, with hills or mountains visible in the distance. Ropes, masts, and harbor equipment line the waterfront while the boats rest quietly along the dock. The scene reflects a working maritime environment and highlights the.","Several fishing boats are docked beside a harbor on calm water, with hills or mountains visible in the distance. Ropes, masts, and harbor equipment line the waterfront while the boats rest quietly along the dock. The scene reflects a working maritime environment and highlights the.",/Users/yixiaoz/Desktop/cs348k_proj/outputs/controlNetScale/controlnet_canny/cfg_7p5_control_1p5/000000020571/target.png,/Users/yixiaoz/Desktop/cs348k_proj/outputs/controlNetScale/controlnet_canny/cfg_7p5_control_1p5/000000020571/canny.png,/Users/yixiaoz/Desktop/cs348k_proj/outputs/controlNetScale/controlnet_canny/cfg_7p5_control_1p5/000000020571/generated.png,dense_text_plus_canny,5,7.5,1.5,20,0.503,0.3244,27.9154
84362,A toddler and cat are in a living room with open curtains.,"A toddler and a cat occupy a cozy living room illuminated by daylight coming through large windows with open curtains. Sofas and chairs surround the room, while the child sits or plays near the center of the space. The cat relaxes nearby, contributing to the.","A toddler and a cat occupy a cozy living room illuminated by daylight coming through large windows with open curtains. Sofas and chairs surround the room, while the child sits or plays near the center of the space. The cat relaxes nearby, contributing to the.",/Users/yixiaoz/Desktop/cs348k_proj/outputs/controlNetScale/controlnet_canny/cfg_7p5_control_1p5/000000084362/target.png,/Users/yixiaoz/Desktop/cs348k_proj/outputs/controlNetScale/controlnet_canny/cfg_7p5_control_1p5/000000084362/canny.png,/Users/yixiaoz/Desktop/cs348k_proj/outputs/controlNetScale/controlnet_canny/cfg_7p5_control_1p5/000000084362/generated.png,dense_text_plus_canny,5,7.5,1.5,20,0.4303,0.3875,33.504
62808,Man photographing a fresh pizza his tired buddy just wants to eat,"A freshly baked pizza sits on a table in a restaurant while one man photographs it with a camera or phone. Another man sits nearby waiting to eat, looking toward the meal. Plates and dining items surround the pizza, suggesting the meal is about to.","A freshly baked pizza sits on a table in a restaurant while one man photographs it with a camera or phone. Another man sits nearby waiting to eat, looking toward the meal. Plates and dining items surround the pizza, suggesting the meal is about to.",/Users/yixiaoz/Desktop/cs348k_proj/outputs/controlNetScale/controlnet_canny/cfg_7p5_control_1p5/000000062808/target.png,/Users/yixiaoz/Desktop/cs348k_proj/outputs/controlNetScale/controlnet_canny/cfg_7p5_control_1p5/000000062808/canny.png,/Users/yixiaoz/Desktop/cs348k_proj/outputs/controlNetScale/controlnet_canny/cfg_7p5_control_1p5/000000062808/generated.png,dense_text_plus_canny,5,7.5,1.5,20,0.4679,0.3569,31.3516
106235,A living room featuring a comfortable seating arrangement of chairs and tables.,"A comfortable living room features sofas, armchairs, lamps, and a coffee table arranged around a central seating area. Warm lighting and decorative furnishings create a welcoming atmosphere. The room appears carefully organized for relaxation and conversation, with furniture positioned to encourage social interaction. Soft colors.","A comfortable living room features sofas, armchairs, lamps, and a coffee table arranged around a central seating area. Warm lighting and decorative furnishings create a welcoming atmosphere. The room appears carefully organized for relaxation and conversation, with furniture positioned to encourage social interaction. Soft colors.",/Users/yixiaoz/Desktop/cs348k_proj/outputs/controlNetScale/controlnet_canny/cfg_7p5_control_1p5/000000106235/target.png,/Users/yixiaoz/Desktop/cs348k_proj/outputs/controlNetScale/controlnet_canny/cfg_7p5_control_1p5/000000106235/canny.png,/Users/yixiaoz/Desktop/cs348k_proj/outputs/controlNetScale/controlnet_canny/cfg_7p5_control_1p5/000000106235/generated.png,dense_text_plus_canny,5,7.5,1.5,20,0.5276,0.3164,30.3952
117425,A young boy with a spoon looking at a birthday cupcake.,"A young child sits at a wooden table while looking closely at a small birthday cupcake decorated with a candle. The toddler appears curious and fascinated by the treat positioned directly in front of them. An adult stands nearby, partially visible, supervising the moment. Warm.","A young child sits at a wooden table while looking closely at a small birthday cupcake decorated with a candle. The toddler appears curious and fascinated by the treat positioned directly in front of them. An adult stands nearby, partially visible, supervising the moment. Warm.",/Users/yixiaoz/Desktop/cs348k_proj/outputs/controlNetScale/controlnet_canny/cfg_7p5_control_1p5/000000117425/target.png,/Users/yixiaoz/Desktop/cs348k_proj/outputs/controlNetScale/controlnet_canny/cfg_7p5_control_1p5/000000117425/canny.png,/Users/yixiaoz/Desktop/cs348k_proj/outputs/controlNetScale/controlnet_canny/cfg_7p5_control_1p5/000000117425/generated.png,dense_text_plus_canny,5,7.5,1.5,20,0.4951,0.2064,37.2385
100624,A girl is standing by a storefront while talking on her phone.,"A young woman stands on a city sidewalk at night while talking on her mobile phone. Storefront windows, streetlights, and blurred city lights illuminate the background, creating an urban evening atmosphere. She appears focused on her conversation while standing near a shop entrance. The image.","A young woman stands on a city sidewalk at night while talking on her mobile phone. Storefront windows, streetlights, and blurred city lights illuminate the background, creating an urban evening atmosphere. She appears focused on her conversation while standing near a shop entrance. The image.",/Users/yixiaoz/Desktop/cs348k_proj/outputs/controlNetScale/controlnet_canny/cfg_7p5_control_1p5/000000100624/target.png,/Users/yixiaoz/Desktop/cs348k_proj/outputs/controlNetScale/controlnet_canny/cfg_7p5_control_1p5/000000100624/canny.png,/Users/yixiaoz/Desktop/cs348k_proj/outputs/controlNetScale/controlnet_canny/cfg_7p5_control_1p5/000000100624/generated.png,dense_text_plus_canny,5,7.5,1.5,20,0.6091,0.4657,34.2178
24243,"Two ladies seated with cups of drinks, one smoking while the other seated inside a fridge",Two women sit near a storefront or street-side seating area while holding drinks. One woman smokes a cigarette while the other sits inside a display-like enclosure resembling a refrigerator or booth. The unusual arrangement creates an eye-catching urban scene. Pedestrians and city elements appear in.,Two women sit near a storefront or street-side seating area while holding drinks. One woman smokes a cigarette while the other sits inside a display-like enclosure resembling a refrigerator or booth. The unusual arrangement creates an eye-catching urban scene. Pedestrians and city elements appear in.,/Users/yixiaoz/Desktop/cs348k_proj/outputs/controlNetScale/controlnet_canny/cfg_7p5_control_1p5/000000024243/target.png,/Users/yixiaoz/Desktop/cs348k_proj/outputs/controlNetScale/controlnet_canny/cfg_7p5_control_1p5/000000024243/canny.png,/Users/yixiaoz/Desktop/cs348k_proj/outputs/controlNetScale/controlnet_canny/cfg_7p5_control_1p5/000000024243/generated.png,dense_text_plus_canny,5,7.5,1.5,20,0.4301,0.33,35.7252
31296,"A group of people, some in leftover US army clothing, sit at tables in a large dining room.","A large group of people gather around tables inside a spacious dining room decorated with military memorabilia and clothing. The diners appear engaged in conversation while sharing food and drinks. Wooden floors, warm lighting, and the arrangement of tables create a communal atmosphere. The image.","A large group of people gather around tables inside a spacious dining room decorated with military memorabilia and clothing. The diners appear engaged in conversation while sharing food and drinks. Wooden floors, warm lighting, and the arrangement of tables create a communal atmosphere. The image.",/Users/yixiaoz/Desktop/cs348k_proj/outputs/controlNetScale/controlnet_canny/cfg_7p5_control_1p5/000000031296/target.png,/Users/yixiaoz/Desktop/cs348k_proj/outputs/controlNetScale/controlnet_canny/cfg_7p5_control_1p5/000000031296/canny.png,/Users/yixiaoz/Desktop/cs348k_proj/outputs/controlNetScale/controlnet_canny/cfg_7p5_control_1p5/000000031296/generated.png,dense_text_plus_canny,5,7.5,1.5,20,0.436,0.2663,33.7971
40083,a vintage photo of some people sitting under an umbrella,"This black-and-white photograph shows several people seated beneath a large umbrella beside a street or outdoor market area. Tables, chairs, and nearby structures suggest a casual public gathering place. The monochrome presentation gives the image a vintage appearance, emphasizing everyday social activity and street life.","This black-and-white photograph shows several people seated beneath a large umbrella beside a street or outdoor market area. Tables, chairs, and nearby structures suggest a casual public gathering place. The monochrome presentation gives the image a vintage appearance, emphasizing everyday social activity and street life.",/Users/yixiaoz/Desktop/cs348k_proj/outputs/controlNetScale/controlnet_canny/cfg_7p5_control_1p5/000000040083/target.png,/Users/yixiaoz/Desktop/cs348k_proj/outputs/controlNetScale/controlnet_canny/cfg_7p5_control_1p5/000000040083/canny.png,/Users/yixiaoz/Desktop/cs348k_proj/outputs/controlNetScale/controlnet_canny/cfg_7p5_control_1p5/000000040083/generated.png,dense_text_plus_canny,5,7.5,1.5,20,0.3869,0.2139,32.3069
36936,A man and woman sitting on a couch playing a video game.,"A man and woman sit together on a couch in a living room while playing a video game. A television displays the game in front of them, and snacks or drinks are visible on nearby tables. The indoor setting feels comfortable and informal, with warm.","A man and woman sit together on a couch in a living room while playing a video game. A television displays the game in front of them, and snacks or drinks are visible on nearby tables. The indoor setting feels comfortable and informal, with warm.",/Users/yixiaoz/Desktop/cs348k_proj/outputs/controlNetScale/controlnet_canny/cfg_7p5_control_1p5/000000036936/target.png,/Users/yixiaoz/Desktop/cs348k_proj/outputs/controlNetScale/controlnet_canny/cfg_7p5_control_1p5/000000036936/canny.png,/Users/yixiaoz/Desktop/cs348k_proj/outputs/controlNetScale/controlnet_canny/cfg_7p5_control_1p5/000000036936/generated.png,dense_text_plus_canny,5,7.5,1.5,20,0.4875,0.3241,34.3906
18150,A man with a receding hairline offers a slice of pizza to a toddler.,"A man with a receding hairline offers a slice of pizza to a young child seated nearby. The pair appear engaged in a friendly interaction, with the child focusing on the food being presented. The indoor setting suggests a casual family meal or gathering. The.","A man with a receding hairline offers a slice of pizza to a young child seated nearby. The pair appear engaged in a friendly interaction, with the child focusing on the food being presented. The indoor setting suggests a casual family meal or gathering. The.",/Users/yixiaoz/Desktop/cs348k_proj/outputs/controlNetScale/controlnet_canny/cfg_7p5_control_1p5/000000018150/target.png,/Users/yixiaoz/Desktop/cs348k_proj/outputs/controlNetScale/controlnet_canny/cfg_7p5_control_1p5/000000018150/canny.png,/Users/yixiaoz/Desktop/cs348k_proj/outputs/controlNetScale/controlnet_canny/cfg_7p5_control_1p5/000000018150/generated.png,dense_text_plus_canny,5,7.5,1.5,20,0.4489,0.2618,36.6882
115870,Some people hanging around in a living room with a big couch.,Several people relax in a spacious living room centered around a large couch and coffee table. Some sit while others stand and converse near large windows that bring natural light into the room. Household decorations and comfortable furniture create a welcoming atmosphere. The scene captures.,Several people relax in a spacious living room centered around a large couch and coffee table. Some sit while others stand and converse near large windows that bring natural light into the room. Household decorations and comfortable furniture create a welcoming atmosphere. The scene captures.,/Users/yixiaoz/Desktop/cs348k_proj/outputs/controlNetScale/controlnet_canny/cfg_7p5_control_1p5/000000115870/target.png,/Users/yixiaoz/Desktop/cs348k_proj/outputs/controlNetScale/controlnet_canny/cfg_7p5_control_1p5/000000115870/canny.png,/Users/yixiaoz/Desktop/cs348k_proj/outputs/controlNetScale/controlnet_canny/cfg_7p5_control_1p5/000000115870/generated.png,dense_text_plus_canny,5,7.5,1.5,20,0.4271,0.4069,31.3174
32901,Four men are standing together behind a group of red chairs.,"Four men stand together behind a row of red chairs in an indoor event or meeting room. They smile toward the camera and appear dressed in semi-formal attire, suggesting a gathering, celebration, or professional occasion. The composition resembles a group portrait, with the individuals positioned.","Four men stand together behind a row of red chairs in an indoor event or meeting room. They smile toward the camera and appear dressed in semi-formal attire, suggesting a gathering, celebration, or professional occasion. The composition resembles a group portrait, with the individuals positioned.",/Users/yixiaoz/Desktop/cs348k_proj/outputs/controlNetScale/controlnet_canny/cfg_7p5_control_1p5/000000032901/target.png,/Users/yixiaoz/Desktop/cs348k_proj/outputs/controlNetScale/controlnet_canny/cfg_7p5_control_1p5/000000032901/canny.png,/Users/yixiaoz/Desktop/cs348k_proj/outputs/controlNetScale/controlnet_canny/cfg_7p5_control_1p5/000000032901/generated.png,dense_text_plus_canny,5,7.5,1.5,20,0.4453,0.3175,31.0492
25560,A cat perches on top of an entertainment center in front of a TV.,"A cat perches on top of an entertainment center directly in front of a television screen. The television displays a person on screen, while the cat appears more interested in the elevated resting spot than the program itself. Household electronics and furniture surround the scene.","A cat perches on top of an entertainment center directly in front of a television screen. The television displays a person on screen, while the cat appears more interested in the elevated resting spot than the program itself. Household electronics and furniture surround the scene.",/Users/yixiaoz/Desktop/cs348k_proj/outputs/controlNetScale/controlnet_canny/cfg_7p5_control_1p5/000000025560/target.png,/Users/yixiaoz/Desktop/cs348k_proj/outputs/controlNetScale/controlnet_canny/cfg_7p5_control_1p5/000000025560/canny.png,/Users/yixiaoz/Desktop/cs348k_proj/outputs/controlNetScale/controlnet_canny/cfg_7p5_control_1p5/000000025560/generated.png,dense_text_plus_canny,5,7.5,1.5,20,0.4831,0.3507,36.9635
115245,Several suitcases on wheels leaning up against one long table with chairs.,"Several suitcases of different sizes stand upright beside a long table and a row of chairs in what appears to be a waiting area or meeting room. The luggage is grouped together on a polished wooden floor, suggesting recent travel, arrival, or preparation for departure.","Several suitcases of different sizes stand upright beside a long table and a row of chairs in what appears to be a waiting area or meeting room. The luggage is grouped together on a polished wooden floor, suggesting recent travel, arrival, or preparation for departure.",/Users/yixiaoz/Desktop/cs348k_proj/outputs/controlNetScale/controlnet_canny/cfg_7p5_control_1p5/000000115245/target.png,/Users/yixiaoz/Desktop/cs348k_proj/outputs/controlNetScale/controlnet_canny/cfg_7p5_control_1p5/000000115245/canny.png,/Users/yixiaoz/Desktop/cs348k_proj/outputs/controlNetScale/controlnet_canny/cfg_7p5_control_1p5/000000115245/generated.png,dense_text_plus_canny,5,7.5,1.5,20,0.5344,0.4373,35.4755
5001,A group of people holding a large pair of scissors to a ribbon.,"A crowd of adults and children gather around a ceremonial ribbon-cutting event. Several people smile and pose while a large pair of scissors is used to cut a ribbon stretched across the foreground. Balloons, cameras, and excited expressions contribute to the celebratory atmosphere. The gathering.","A crowd of adults and children gather around a ceremonial ribbon-cutting event. Several people smile and pose while a large pair of scissors is used to cut a ribbon stretched across the foreground. Balloons, cameras, and excited expressions contribute to the celebratory atmosphere. The gathering.",/Users/yixiaoz/Desktop/cs348k_proj/outputs/controlNetScale/controlnet_canny/cfg_7p5_control_1p5/000000005001/target.png,/Users/yixiaoz/Desktop/cs348k_proj/outputs/controlNetScale/controlnet_canny/cfg_7p5_control_1p5/000000005001/canny.png,/Users/yixiaoz/Desktop/cs348k_proj/outputs/controlNetScale/controlnet_canny/cfg_7p5_control_1p5/000000005001/generated.png,dense_text_plus_canny,5,7.5,1.5,20,0.4687,0.3157,34.1388
3934,A young girl in the foreground and a woman in a bridal dress and other adults in the background.,"A young girl wearing a light-colored dress stands in the foreground of a living room while adults gather in the background. Motion blur gives the impression of movement and activity throughout the room. Furniture, decorations, and warm indoor lighting create a family-oriented atmosphere. The scene.","A young girl wearing a light-colored dress stands in the foreground of a living room while adults gather in the background. Motion blur gives the impression of movement and activity throughout the room. Furniture, decorations, and warm indoor lighting create a family-oriented atmosphere. The scene.",/Users/yixiaoz/Desktop/cs348k_proj/outputs/controlNetScale/controlnet_canny/cfg_7p5_control_1p5/000000003934/target.png,/Users/yixiaoz/Desktop/cs348k_proj/outputs/controlNetScale/controlnet_canny/cfg_7p5_control_1p5/000000003934/canny.png,/Users/yixiaoz/Desktop/cs348k_proj/outputs/controlNetScale/controlnet_canny/cfg_7p5_control_1p5/000000003934/generated.png,dense_text_plus_canny,5,7.5,1.5,20,0.4848,0.4042,34.7556
91500,Two kids hanging out playing video games on folding chairs.,"Two young men sit on folding chairs while playing a video game together indoors. Each player holds a game controller and focuses on an off-camera television or display. The room contains tables, chairs, and household furnishings that suggest a casual social gathering. Their relaxed posture.","Two young men sit on folding chairs while playing a video game together indoors. Each player holds a game controller and focuses on an off-camera television or display. The room contains tables, chairs, and household furnishings that suggest a casual social gathering. Their relaxed posture.",/Users/yixiaoz/Desktop/cs348k_proj/outputs/controlNetScale/controlnet_canny/cfg_7p5_control_1p5/000000091500/target.png,/Users/yixiaoz/Desktop/cs348k_proj/outputs/controlNetScale/controlnet_canny/cfg_7p5_control_1p5/000000091500/canny.png,/Users/yixiaoz/Desktop/cs348k_proj/outputs/controlNetScale/controlnet_canny/cfg_7p5_control_1p5/000000091500/generated.png,dense_text_plus_canny,5,7.5,1.5,20,0.5661,0.4422,35.9284
82696,a white and black bird is walking by a table and some chairs,"A white and black bird walks across the floor of an indoor dining area filled with tables and chairs. The bird moves freely between the furniture, creating an unusual contrast between wildlife and a human-designed environment. Empty chairs and table arrangements suggest a cafeteria, restaurant.","A white and black bird walks across the floor of an indoor dining area filled with tables and chairs. The bird moves freely between the furniture, creating an unusual contrast between wildlife and a human-designed environment. Empty chairs and table arrangements suggest a cafeteria, restaurant.",/Users/yixiaoz/Desktop/cs348k_proj/outputs/controlNetScale/controlnet_canny/cfg_7p5_control_1p5/000000082696/target.png,/Users/yixiaoz/Desktop/cs348k_proj/outputs/controlNetScale/controlnet_canny/cfg_7p5_control_1p5/000000082696/canny.png,/Users/yixiaoz/Desktop/cs348k_proj/outputs/controlNetScale/controlnet_canny/cfg_7p5_control_1p5/000000082696/generated.png,dense_text_plus_canny,5,7.5,1.5,20,0.5306,0.3675,38.6064
25986,"Food is on the counter including a glass of water, rice, vegetables, and more","Several plates of food are arranged on a kitchen counter, including vegetables, rice, and prepared dishes ready to be served. Bowls, utensils, and drinking glasses surround the meal preparation area. The countertop is busy with ingredients and completed dishes, suggesting an active cooking session or.","Several plates of food are arranged on a kitchen counter, including vegetables, rice, and prepared dishes ready to be served. Bowls, utensils, and drinking glasses surround the meal preparation area. The countertop is busy with ingredients and completed dishes, suggesting an active cooking session or.",/Users/yixiaoz/Desktop/cs348k_proj/outputs/controlNetScale/controlnet_canny/cfg_7p5_control_1p5/000000025986/target.png,/Users/yixiaoz/Desktop/cs348k_proj/outputs/controlNetScale/controlnet_canny/cfg_7p5_control_1p5/000000025986/canny.png,/Users/yixiaoz/Desktop/cs348k_proj/outputs/controlNetScale/controlnet_canny/cfg_7p5_control_1p5/000000025986/generated.png,dense_text_plus_canny,5,7.5,1.5,20,0.4916,0.2593,34.3712
17899,Woman working with large assortment of baked goods at kitchen table.,An older woman works at a kitchen table covered with baking supplies and a large assortment of cookies or pastries. Trays of baked goods are arranged across the tabletop while ingredients and utensils remain nearby. The woman appears focused on decorating or organizing the treats.,An older woman works at a kitchen table covered with baking supplies and a large assortment of cookies or pastries. Trays of baked goods are arranged across the tabletop while ingredients and utensils remain nearby. The woman appears focused on decorating or organizing the treats.,/Users/yixiaoz/Desktop/cs348k_proj/outputs/controlNetScale/controlnet_canny/cfg_7p5_control_1p5/000000017899/target.png,/Users/yixiaoz/Desktop/cs348k_proj/outputs/controlNetScale/controlnet_canny/cfg_7p5_control_1p5/000000017899/canny.png,/Users/yixiaoz/Desktop/cs348k_proj/outputs/controlNetScale/controlnet_canny/cfg_7p5_control_1p5/000000017899/generated.png,dense_text_plus_canny,5,7.5,1.5,20,0.5111,0.2455,37.6496
36494,"A crowd of people sitting in a room, with a clock tower in front.","A large crowd gathers inside a spacious hall featuring an enormous illuminated clock structure mounted on the wall. People sit and stand around tables while enjoying food, drinks, and conversation. The architecture, lighting, and oversized clock create a dramatic focal point within the room. The.","A large crowd gathers inside a spacious hall featuring an enormous illuminated clock structure mounted on the wall. People sit and stand around tables while enjoying food, drinks, and conversation. The architecture, lighting, and oversized clock create a dramatic focal point within the room. The.",/Users/yixiaoz/Desktop/cs348k_proj/outputs/controlNetScale/controlnet_canny/cfg_7p5_control_1p5/000000036494/target.png,/Users/yixiaoz/Desktop/cs348k_proj/outputs/controlNetScale/controlnet_canny/cfg_7p5_control_1p5/000000036494/canny.png,/Users/yixiaoz/Desktop/cs348k_proj/outputs/controlNetScale/controlnet_canny/cfg_7p5_control_1p5/000000036494/generated.png,dense_text_plus_canny,5,7.5,1.5,20,0.4018,0.2173,35.7164
24610,There is a laptop computer in a room with a couch and a bookcase.,"A quiet room contains a desk with a laptop computer, bookshelves filled with books, and a couch positioned along one wall. Warm lighting and simple furnishings create a calm, comfortable environment suitable for reading, studying, or working. The arrangement suggests a personal living space or.","A quiet room contains a desk with a laptop computer, bookshelves filled with books, and a couch positioned along one wall. Warm lighting and simple furnishings create a calm, comfortable environment suitable for reading, studying, or working. The arrangement suggests a personal living space or.",/Users/yixiaoz/Desktop/cs348k_proj/outputs/controlNetScale/controlnet_canny/cfg_7p5_control_1p5/000000024610/target.png,/Users/yixiaoz/Desktop/cs348k_proj/outputs/controlNetScale/controlnet_canny/cfg_7p5_control_1p5/000000024610/canny.png,/Users/yixiaoz/Desktop/cs348k_proj/outputs/controlNetScale/controlnet_canny/cfg_7p5_control_1p5/000000024610/generated.png,dense_text_plus_canny,5,7.5,1.5,20,0.5067,0.3248,30.9332
18380,a family sitting around a long table filled with a lot of food,"A large family gathers around a long dining table filled with food, drinks, and serving dishes. Adults and children smile toward the camera while seated closely together in a warm home environment. The table is crowded with meals prepared for sharing, creating a festive atmosphere.","A large family gathers around a long dining table filled with food, drinks, and serving dishes. Adults and children smile toward the camera while seated closely together in a warm home environment. The table is crowded with meals prepared for sharing, creating a festive atmosphere.",/Users/yixiaoz/Desktop/cs348k_proj/outputs/controlNetScale/controlnet_canny/cfg_7p5_control_1p5/000000018380/target.png,/Users/yixiaoz/Desktop/cs348k_proj/outputs/controlNetScale/controlnet_canny/cfg_7p5_control_1p5/000000018380/canny.png,/Users/yixiaoz/Desktop/cs348k_proj/outputs/controlNetScale/controlnet_canny/cfg_7p5_control_1p5/000000018380/generated.png,dense_text_plus_canny,5,7.5,1.5,20,0.4869,0.2375,35.766
102411,Two people sitting on a motorcycle in the street next to a beach.,"Two people sit on a motorcycle parked beside a waterfront area near a beach. The ocean, shoreline, and distant scenery provide a scenic backdrop while the riders pause along the road. Nearby pedestrians and open coastal views contribute to the relaxed atmosphere. The image combines.","Two people sit on a motorcycle parked beside a waterfront area near a beach. The ocean, shoreline, and distant scenery provide a scenic backdrop while the riders pause along the road. Nearby pedestrians and open coastal views contribute to the relaxed atmosphere. The image combines.",/Users/yixiaoz/Desktop/cs348k_proj/outputs/controlNetScale/controlnet_canny/cfg_7p5_control_1p5/000000102411/target.png,/Users/yixiaoz/Desktop/cs348k_proj/outputs/controlNetScale/controlnet_canny/cfg_7p5_control_1p5/000000102411/canny.png,/Users/yixiaoz/Desktop/cs348k_proj/outputs/controlNetScale/controlnet_canny/cfg_7p5_control_1p5/000000102411/generated.png,dense_text_plus_canny,5,7.5,1.5,20,0.4542,0.2813,35.6992
99053,"A bowl of noodles, meat, broccoli and carrots in a sauce with a fork.","A bowl of noodles mixed with meat, broccoli, carrots, and vegetables sits on a table with a fork resting inside. The colorful ingredients are coated in sauce and arranged casually within the bowl. The close-up perspective focuses attention on the meal while minimizing background distractions.","A bowl of noodles mixed with meat, broccoli, carrots, and vegetables sits on a table with a fork resting inside. The colorful ingredients are coated in sauce and arranged casually within the bowl. The close-up perspective focuses attention on the meal while minimizing background distractions.",/Users/yixiaoz/Desktop/cs348k_proj/outputs/controlNetScale/controlnet_canny/cfg_7p5_control_1p5/000000099053/target.png,/Users/yixiaoz/Desktop/cs348k_proj/outputs/controlNetScale/controlnet_canny/cfg_7p5_control_1p5/000000099053/canny.png,/Users/yixiaoz/Desktop/cs348k_proj/outputs/controlNetScale/controlnet_canny/cfg_7p5_control_1p5/000000099053/generated.png,dense_text_plus_canny,5,7.5,1.5,20,0.57,0.4411,29.466
84650,THERE IS A CAT THAT IS SITTION ON TOP OF THE SUITCASE,A cat rests comfortably on top of a large suitcase surrounded by luggage and travel bags. The animal appears relaxed despite sitting among items associated with movement and transportation. The scene suggests preparation for a trip or recent arrival. The contrast between the cat’s calm.,A cat rests comfortably on top of a large suitcase surrounded by luggage and travel bags. The animal appears relaxed despite sitting among items associated with movement and transportation. The scene suggests preparation for a trip or recent arrival. The contrast between the cat’s calm.,/Users/yixiaoz/Desktop/cs348k_proj/outputs/controlNetScale/controlnet_canny/cfg_7p5_control_1p5/000000084650/target.png,/Users/yixiaoz/Desktop/cs348k_proj/outputs/controlNetScale/controlnet_canny/cfg_7p5_control_1p5/000000084650/canny.png,/Users/yixiaoz/Desktop/cs348k_proj/outputs/controlNetScale/controlnet_canny/cfg_7p5_control_1p5/000000084650/generated.png,dense_text_plus_canny,5,7.5,1.5,20,0.5424,0.4808,35.083
114049,"People inside a commuter train, with their luggage and bicycles.","Passengers stand inside a crowded train car surrounded by luggage, bicycles, and personal belongings. The narrow aisle is filled with travelers preparing for or continuing their journey. Bicycle wheels, suitcases, and overhead fixtures emphasize the transportation setting. The image captures the realities of public transit.","Passengers stand inside a crowded train car surrounded by luggage, bicycles, and personal belongings. The narrow aisle is filled with travelers preparing for or continuing their journey. Bicycle wheels, suitcases, and overhead fixtures emphasize the transportation setting. The image captures the realities of public transit.",/Users/yixiaoz/Desktop/cs348k_proj/outputs/controlNetScale/controlnet_canny/cfg_7p5_control_1p5/000000114049/target.png,/Users/yixiaoz/Desktop/cs348k_proj/outputs/controlNetScale/controlnet_canny/cfg_7p5_control_1p5/000000114049/canny.png,/Users/yixiaoz/Desktop/cs348k_proj/outputs/controlNetScale/controlnet_canny/cfg_7p5_control_1p5/000000114049/generated.png,dense_text_plus_canny,5,7.5,1.5,20,0.4917,0.4542,32.6686
100723,Crown marching in one direction in a lightly attended protest.,"A group of protesters march through a public street carrying signs and banners while moving together in the same direction. Participants of different ages fill the scene, creating a visible demonstration of collective action. The signs suggest support for a social or political cause, while.","A group of protesters march through a public street carrying signs and banners while moving together in the same direction. Participants of different ages fill the scene, creating a visible demonstration of collective action. The signs suggest support for a social or political cause, while.",/Users/yixiaoz/Desktop/cs348k_proj/outputs/controlNetScale/controlnet_canny/cfg_7p5_control_1p5/000000100723/target.png,/Users/yixiaoz/Desktop/cs348k_proj/outputs/controlNetScale/controlnet_canny/cfg_7p5_control_1p5/000000100723/canny.png,/Users/yixiaoz/Desktop/cs348k_proj/outputs/controlNetScale/controlnet_canny/cfg_7p5_control_1p5/000000100723/generated.png,dense_text_plus_canny,5,7.5,1.5,20,0.4329,0.3263,29.6989
40471,A painted white kitchen with a refrigerator and an automatic dish washer next to an oven stove.,"A clean white kitchen contains a refrigerator, oven, dishwasher, cabinets, and countertops arranged in a practical layout. Bright lighting reflects off the appliances and tiled surfaces, creating an organized and modern appearance. The room appears ready for cooking and daily household use. The image emphasizes.","A clean white kitchen contains a refrigerator, oven, dishwasher, cabinets, and countertops arranged in a practical layout. Bright lighting reflects off the appliances and tiled surfaces, creating an organized and modern appearance. The room appears ready for cooking and daily household use. The image emphasizes.",/Users/yixiaoz/Desktop/cs348k_proj/outputs/controlNetScale/controlnet_canny/cfg_7p5_control_1p5/000000040471/target.png,/Users/yixiaoz/Desktop/cs348k_proj/outputs/controlNetScale/controlnet_canny/cfg_7p5_control_1p5/000000040471/canny.png,/Users/yixiaoz/Desktop/cs348k_proj/outputs/controlNetScale/controlnet_canny/cfg_7p5_control_1p5/000000040471/generated.png,dense_text_plus_canny,5,7.5,1.5,20,0.5404,0.3584,32.7512
100238,A family standing next to each other while holding frisbees.,"A family stands outdoors together while holding colorful frisbees. Adults and children pose side by side in a grassy area, appearing relaxed and cheerful. The open environment suggests a park, recreational field, or family gathering. Their casual clothing and outdoor setting contribute to a friendly.","A family stands outdoors together while holding colorful frisbees. Adults and children pose side by side in a grassy area, appearing relaxed and cheerful. The open environment suggests a park, recreational field, or family gathering. Their casual clothing and outdoor setting contribute to a friendly.",/Users/yixiaoz/Desktop/cs348k_proj/outputs/controlNetScale/controlnet_canny/cfg_7p5_control_1p5/000000100238/target.png,/Users/yixiaoz/Desktop/cs348k_proj/outputs/controlNetScale/controlnet_canny/cfg_7p5_control_1p5/000000100238/canny.png,/Users/yixiaoz/Desktop/cs348k_proj/outputs/controlNetScale/controlnet_canny/cfg_7p5_control_1p5/000000100238/generated.png,dense_text_plus_canny,5,7.5,1.5,20,0.4277,0.31,32.1038
39484,A street full of cars that are driving and parked and a group of people sitting outside eating.,"Cars move along a city street lined with buildings, storefronts, and restaurants. Some people sit outside dining establishments while traffic passes through the urban area. Signs, parked vehicles, and commercial activity contribute to a lively downtown atmosphere. The image captures the interaction between transportation, business.","Cars move along a city street lined with buildings, storefronts, and restaurants. Some people sit outside dining establishments while traffic passes through the urban area. Signs, parked vehicles, and commercial activity contribute to a lively downtown atmosphere. The image captures the interaction between transportation, business.",/Users/yixiaoz/Desktop/cs348k_proj/outputs/controlNetScale/controlnet_canny/cfg_7p5_control_1p5/000000039484/target.png,/Users/yixiaoz/Desktop/cs348k_proj/outputs/controlNetScale/controlnet_canny/cfg_7p5_control_1p5/000000039484/canny.png,/Users/yixiaoz/Desktop/cs348k_proj/outputs/controlNetScale/controlnet_canny/cfg_7p5_control_1p5/000000039484/generated.png,dense_text_plus_canny,5,7.5,1.5,20,0.4882,0.3221,28.47
13729,A group of people playing with a Wii in the living room.,"Several people stand in a living room while playing a Nintendo Wii video game. Participants face a television and appear engaged in the activity, moving their bodies as part of the gameplay. Household furniture, decorations, and open floor space provide room for interaction. The image.","Several people stand in a living room while playing a Nintendo Wii video game. Participants face a television and appear engaged in the activity, moving their bodies as part of the gameplay. Household furniture, decorations, and open floor space provide room for interaction. The image.",/Users/yixiaoz/Desktop/cs348k_proj/outputs/controlNetScale/controlnet_canny/cfg_7p5_control_1p5/000000013729/target.png,/Users/yixiaoz/Desktop/cs348k_proj/outputs/controlNetScale/controlnet_canny/cfg_7p5_control_1p5/000000013729/canny.png,/Users/yixiaoz/Desktop/cs348k_proj/outputs/controlNetScale/controlnet_canny/cfg_7p5_control_1p5/000000013729/generated.png,dense_text_plus_canny,5,7.5,1.5,20,0.469,0.4258,37.8692
80340,a small child wearing a tie and holding a suitcase with other people in the background,"A small child wearing a dress shirt, tie, and formal clothing stands on a sidewalk holding a rolling suitcase. Adults and other people gather nearby in the background, suggesting a family event, celebration, or travel occasion. The child’s serious posture contrasts with the oversized luggage.","A small child wearing a dress shirt, tie, and formal clothing stands on a sidewalk holding a rolling suitcase. Adults and other people gather nearby in the background, suggesting a family event, celebration, or travel occasion. The child’s serious posture contrasts with the oversized luggage.",/Users/yixiaoz/Desktop/cs348k_proj/outputs/controlNetScale/controlnet_canny/cfg_7p5_control_1p5/000000080340/target.png,/Users/yixiaoz/Desktop/cs348k_proj/outputs/controlNetScale/controlnet_canny/cfg_7p5_control_1p5/000000080340/canny.png,/Users/yixiaoz/Desktop/cs348k_proj/outputs/controlNetScale/controlnet_canny/cfg_7p5_control_1p5/000000080340/generated.png,dense_text_plus_canny,5,7.5,1.5,20,0.3939,0.2614,37.1584
38829,Two boys riding on a single bicycle on a city street,"Two people ride together through a busy city street on a single bicycle while surrounded by scooters, motorcycles, and other commuters. Urban storefronts, signs, and passing vehicles create a lively transportation scene. The riders appear relaxed as they navigate traffic alongside other travelers. The image.","Two people ride together through a busy city street on a single bicycle while surrounded by scooters, motorcycles, and other commuters. Urban storefronts, signs, and passing vehicles create a lively transportation scene. The riders appear relaxed as they navigate traffic alongside other travelers. The image.",/Users/yixiaoz/Desktop/cs348k_proj/outputs/controlNetScale/controlnet_canny/cfg_7p5_control_1p5/000000038829/target.png,/Users/yixiaoz/Desktop/cs348k_proj/outputs/controlNetScale/controlnet_canny/cfg_7p5_control_1p5/000000038829/canny.png,/Users/yixiaoz/Desktop/cs348k_proj/outputs/controlNetScale/controlnet_canny/cfg_7p5_control_1p5/000000038829/generated.png,dense_text_plus_canny,5,7.5,1.5,20,0.5099,0.3449,31.8547
66841,"A whimsical artistic toaster has eyes, a mouth, a nose, spoon feet, spoon ears, and a mixing beater tail.","A whimsical toaster has been creatively decorated with eyes, a nose, spoon-shaped ears, and other objects to resemble a human face. The appliance stands upright in a kitchen or dining area, transforming an ordinary household item into a playful character. Surrounding utensils and decorative elements.","A whimsical toaster has been creatively decorated with eyes, a nose, spoon-shaped ears, and other objects to resemble a human face. The appliance stands upright in a kitchen or dining area, transforming an ordinary household item into a playful character. Surrounding utensils and decorative elements.",/Users/yixiaoz/Desktop/cs348k_proj/outputs/controlNetScale/controlnet_canny/cfg_7p5_control_1p5/000000066841/target.png,/Users/yixiaoz/Desktop/cs348k_proj/outputs/controlNetScale/controlnet_canny/cfg_7p5_control_1p5/000000066841/canny.png,/Users/yixiaoz/Desktop/cs348k_proj/outputs/controlNetScale/controlnet_canny/cfg_7p5_control_1p5/000000066841/generated.png,dense_text_plus_canny,5,7.5,1.5,20,0.4771,0.4035,29.6472
25386,A man and woman are sitting together while the man eats with chopsticks.,"A man and woman sit together at a restaurant table while sharing a meal. Plates of food, chopsticks, drinks, and condiments are arranged in front of them as they look toward the camera. The indoor dining environment appears casual and welcoming. Their expressions suggest a.","A man and woman sit together at a restaurant table while sharing a meal. Plates of food, chopsticks, drinks, and condiments are arranged in front of them as they look toward the camera. The indoor dining environment appears casual and welcoming. Their expressions suggest a.",/Users/yixiaoz/Desktop/cs348k_proj/outputs/controlNetScale/controlnet_canny/cfg_7p5_control_1p5/000000025386/target.png,/Users/yixiaoz/Desktop/cs348k_proj/outputs/controlNetScale/controlnet_canny/cfg_7p5_control_1p5/000000025386/canny.png,/Users/yixiaoz/Desktop/cs348k_proj/outputs/controlNetScale/controlnet_canny/cfg_7p5_control_1p5/000000025386/generated.png,dense_text_plus_canny,5,7.5,1.5,20,0.4692,0.3476,33.2801
83531,A BBQ topped with lots of sausages sitting side by side.,"Several sausages cook on a barbecue grill above glowing heat while metal tongs rest nearby. The close-up perspective focuses on the food as it browns and develops grill marks. Smoke, cooking equipment, and the outdoor setting suggest a backyard gathering or cookout. The image emphasizes.","Several sausages cook on a barbecue grill above glowing heat while metal tongs rest nearby. The close-up perspective focuses on the food as it browns and develops grill marks. Smoke, cooking equipment, and the outdoor setting suggest a backyard gathering or cookout. The image emphasizes.",/Users/yixiaoz/Desktop/cs348k_proj/outputs/controlNetScale/controlnet_canny/cfg_7p5_control_1p5/000000083531/target.png,/Users/yixiaoz/Desktop/cs348k_proj/outputs/controlNetScale/controlnet_canny/cfg_7p5_control_1p5/000000083531/canny.png,/Users/yixiaoz/Desktop/cs348k_proj/outputs/controlNetScale/controlnet_canny/cfg_7p5_control_1p5/000000083531/generated.png,dense_text_plus_canny,5,7.5,1.5,20,0.5639,0.3285,33.372
98392,"A photo of a busy intersection with a bus, several cars and a clock tower.","A busy city intersection contains multiple cars, a bus, and a prominent clock tower rising above nearby buildings. Traffic moves through the streets while pedestrians and commercial activity contribute to the urban atmosphere. Architectural details and transportation infrastructure create a recognizable downtown setting. The image.","A busy city intersection contains multiple cars, a bus, and a prominent clock tower rising above nearby buildings. Traffic moves through the streets while pedestrians and commercial activity contribute to the urban atmosphere. Architectural details and transportation infrastructure create a recognizable downtown setting. The image.",/Users/yixiaoz/Desktop/cs348k_proj/outputs/controlNetScale/controlnet_canny/cfg_7p5_control_1p5/000000098392/target.png,/Users/yixiaoz/Desktop/cs348k_proj/outputs/controlNetScale/controlnet_canny/cfg_7p5_control_1p5/000000098392/canny.png,/Users/yixiaoz/Desktop/cs348k_proj/outputs/controlNetScale/controlnet_canny/cfg_7p5_control_1p5/000000098392/generated.png,dense_text_plus_canny,5,7.5,1.5,20,0.4664,0.3385,30.4503
12576,An elderly woman seated at a table holding three pizzas.,"An elderly woman sits at a dining table with several pizzas placed in front of her. Glasses, dishes, and table settings suggest a meal shared with others outside the frame. The warm indoor environment creates a comfortable and social atmosphere. The image highlights casual dining.","An elderly woman sits at a dining table with several pizzas placed in front of her. Glasses, dishes, and table settings suggest a meal shared with others outside the frame. The warm indoor environment creates a comfortable and social atmosphere. The image highlights casual dining.",/Users/yixiaoz/Desktop/cs348k_proj/outputs/controlNetScale/controlnet_canny/cfg_7p5_control_1p5/000000012576/target.png,/Users/yixiaoz/Desktop/cs348k_proj/outputs/controlNetScale/controlnet_canny/cfg_7p5_control_1p5/000000012576/canny.png,/Users/yixiaoz/Desktop/cs348k_proj/outputs/controlNetScale/controlnet_canny/cfg_7p5_control_1p5/000000012576/generated.png,dense_text_plus_canny,5,7.5,1.5,20,0.5195,0.2327,37.3859
22705,A woman in a short black dress is holding a champagne flute and standing in front of a refrigerator.,"A woman wearing a black dress stands confidently in a kitchen while holding a champagne flute. Stainless steel appliances, wooden cabinets, and household furnishings form the background. Her posture and expression suggest she may be attending a celebration, gathering, or special occasion. The image combines.","A woman wearing a black dress stands confidently in a kitchen while holding a champagne flute. Stainless steel appliances, wooden cabinets, and household furnishings form the background. Her posture and expression suggest she may be attending a celebration, gathering, or special occasion. The image combines.",/Users/yixiaoz/Desktop/cs348k_proj/outputs/controlNetScale/controlnet_canny/cfg_7p5_control_1p5/000000022705/target.png,/Users/yixiaoz/Desktop/cs348k_proj/outputs/controlNetScale/controlnet_canny/cfg_7p5_control_1p5/000000022705/canny.png,/Users/yixiaoz/Desktop/cs348k_proj/outputs/controlNetScale/controlnet_canny/cfg_7p5_control_1p5/000000022705/generated.png,dense_text_plus_canny,5,7.5,1.5,20,0.4633,0.2834,34.485
26204,A group of cars waiting at an intersection for the light to change,"Cars wait at an urban intersection lined with buildings, trees, and traffic infrastructure. Vehicles occupy multiple lanes as they pause for a traffic signal before continuing through the city. Sidewalks, storefronts, and street signs contribute to the metropolitan atmosphere. The image emphasizes transportation systems, traffic.","Cars wait at an urban intersection lined with buildings, trees, and traffic infrastructure. Vehicles occupy multiple lanes as they pause for a traffic signal before continuing through the city. Sidewalks, storefronts, and street signs contribute to the metropolitan atmosphere. The image emphasizes transportation systems, traffic.",/Users/yixiaoz/Desktop/cs348k_proj/outputs/controlNetScale/controlnet_canny/cfg_7p5_control_1p5/000000026204/target.png,/Users/yixiaoz/Desktop/cs348k_proj/outputs/controlNetScale/controlnet_canny/cfg_7p5_control_1p5/000000026204/canny.png,/Users/yixiaoz/Desktop/cs348k_proj/outputs/controlNetScale/controlnet_canny/cfg_7p5_control_1p5/000000026204/generated.png,dense_text_plus_canny,5,7.5,1.5,20,0.3723,0.2838,28.6791
31248,"Living room with white chairs and couches, fireplace and books on bookshelves.","A bright living room features white chairs, comfortable couches, bookshelves, and a fireplace serving as the central focal point. Decorative lamps, framed artwork, and neatly arranged furniture create an elegant and inviting atmosphere. Natural light and balanced interior design contribute to the room’s spacious appearance.","A bright living room features white chairs, comfortable couches, bookshelves, and a fireplace serving as the central focal point. Decorative lamps, framed artwork, and neatly arranged furniture create an elegant and inviting atmosphere. Natural light and balanced interior design contribute to the room’s spacious appearance.",/Users/yixiaoz/Desktop/cs348k_proj/outputs/controlNetScale/controlnet_canny/cfg_7p5_control_1p5/000000031248/target.png,/Users/yixiaoz/Desktop/cs348k_proj/outputs/controlNetScale/controlnet_canny/cfg_7p5_control_1p5/000000031248/canny.png,/Users/yixiaoz/Desktop/cs348k_proj/outputs/controlNetScale/controlnet_canny/cfg_7p5_control_1p5/000000031248/generated.png,dense_text_plus_canny,5,7.5,1.5,20,0.3699,0.2475,30.0018
107339,A pretty young lady standing in front of a couch behind a wooden table.,"A woman stands in a modern room near a couch and low wooden tables while another person sits nearby. Bright walls, large windows, and contemporary furniture create a clean and open interior space. The standing woman appears to be speaking, presenting, or interacting with the.","A woman stands in a modern room near a couch and low wooden tables while another person sits nearby. Bright walls, large windows, and contemporary furniture create a clean and open interior space. The standing woman appears to be speaking, presenting, or interacting with the.",/Users/yixiaoz/Desktop/cs348k_proj/outputs/controlNetScale/controlnet_canny/cfg_7p5_control_1p5/000000107339/target.png,/Users/yixiaoz/Desktop/cs348k_proj/outputs/controlNetScale/controlnet_canny/cfg_7p5_control_1p5/000000107339/canny.png,/Users/yixiaoz/Desktop/cs348k_proj/outputs/controlNetScale/controlnet_canny/cfg_7p5_control_1p5/000000107339/generated.png,dense_text_plus_canny,5,7.5,1.5,20,0.6865,0.4824,31.9447
87476,two people standing on the same skateboard and holding each other up.,"Two young people stand together at a public event while holding skateboards and interacting with one another. One person wears a helmet while colorful vehicles and event displays appear in the background. Their posture suggests friendship, instruction, or support during a skateboarding activity. The image.","Two young people stand together at a public event while holding skateboards and interacting with one another. One person wears a helmet while colorful vehicles and event displays appear in the background. Their posture suggests friendship, instruction, or support during a skateboarding activity. The image.",/Users/yixiaoz/Desktop/cs348k_proj/outputs/controlNetScale/controlnet_canny/cfg_7p5_control_1p5/000000087476/target.png,/Users/yixiaoz/Desktop/cs348k_proj/outputs/controlNetScale/controlnet_canny/cfg_7p5_control_1p5/000000087476/canny.png,/Users/yixiaoz/Desktop/cs348k_proj/outputs/controlNetScale/controlnet_canny/cfg_7p5_control_1p5/000000087476/generated.png,dense_text_plus_canny,5,7.5,1.5,20,0.4794,0.3065,36.1152
78748,"A couple of motorcycles in front of sign, with people standing around.","Several motorcycles are parked in front of a display area featuring brand signage while people gather nearby. The polished bikes are arranged for viewing, suggesting a motorcycle show, dealership event, or public exhibition. Spectators walk around the display, examining the vehicles and socializing. The image.","Several motorcycles are parked in front of a display area featuring brand signage while people gather nearby. The polished bikes are arranged for viewing, suggesting a motorcycle show, dealership event, or public exhibition. Spectators walk around the display, examining the vehicles and socializing. The image.",/Users/yixiaoz/Desktop/cs348k_proj/outputs/controlNetScale/controlnet_canny/cfg_7p5_control_1p5/000000078748/target.png,/Users/yixiaoz/Desktop/cs348k_proj/outputs/controlNetScale/controlnet_canny/cfg_7p5_control_1p5/000000078748/canny.png,/Users/yixiaoz/Desktop/cs348k_proj/outputs/controlNetScale/controlnet_canny/cfg_7p5_control_1p5/000000078748/generated.png,dense_text_plus_canny,5,7.5,1.5,20,0.5137,0.4521,34.4539
29596,"A room with a couch, table set with dinnerware and a television.","A hotel-style room contains a couch, television, dining table, and neatly arranged place settings. Warm lighting, curtains, and decorative furnishings create a comfortable and welcoming atmosphere. The table is prepared for a meal, suggesting hospitality or room service. The image highlights interior design, temporary accommodations.","A hotel-style room contains a couch, television, dining table, and neatly arranged place settings. Warm lighting, curtains, and decorative furnishings create a comfortable and welcoming atmosphere. The table is prepared for a meal, suggesting hospitality or room service. The image highlights interior design, temporary accommodations.",/Users/yixiaoz/Desktop/cs348k_proj/outputs/controlNetScale/controlnet_canny/cfg_7p5_control_1p5/000000029596/target.png,/Users/yixiaoz/Desktop/cs348k_proj/outputs/controlNetScale/controlnet_canny/cfg_7p5_control_1p5/000000029596/canny.png,/Users/yixiaoz/Desktop/cs348k_proj/outputs/controlNetScale/controlnet_canny/cfg_7p5_control_1p5/000000029596/generated.png,dense_text_plus_canny,5,7.5,1.5,20,0.4774,0.3359,30.8247
33854,"parked cars, motorcycles and buses on a cobblestone parking lot next to a street.","Cars, buses, and motorcycles occupy a cobblestone parking area near a city street lined with buildings. The scene contains multiple forms of transportation gathered within a shared urban space. Pedestrians move through the area while parked vehicles await their drivers. The image captures urban infrastructure.","Cars, buses, and motorcycles occupy a cobblestone parking area near a city street lined with buildings. The scene contains multiple forms of transportation gathered within a shared urban space. Pedestrians move through the area while parked vehicles await their drivers. The image captures urban infrastructure.",/Users/yixiaoz/Desktop/cs348k_proj/outputs/controlNetScale/controlnet_canny/cfg_7p5_control_1p5/000000033854/target.png,/Users/yixiaoz/Desktop/cs348k_proj/outputs/controlNetScale/controlnet_canny/cfg_7p5_control_1p5/000000033854/canny.png,/Users/yixiaoz/Desktop/cs348k_proj/outputs/controlNetScale/controlnet_canny/cfg_7p5_control_1p5/000000033854/generated.png,dense_text_plus_canny,5,7.5,1.5,20,0.4166,0.2473,30.9385
36844,a black couch a green chair a red chair a mirror and a ceiling fan,"A living room contains a black couch, colorful chairs, a ceiling fan, and large windows that allow natural light into the space. Various pieces of furniture and decorative items are arranged throughout the room, creating a comfortable residential environment. The layout suggests an area designed.","A living room contains a black couch, colorful chairs, a ceiling fan, and large windows that allow natural light into the space. Various pieces of furniture and decorative items are arranged throughout the room, creating a comfortable residential environment. The layout suggests an area designed.",/Users/yixiaoz/Desktop/cs348k_proj/outputs/controlNetScale/controlnet_canny/cfg_7p5_control_1p5/000000036844/target.png,/Users/yixiaoz/Desktop/cs348k_proj/outputs/controlNetScale/controlnet_canny/cfg_7p5_control_1p5/000000036844/canny.png,/Users/yixiaoz/Desktop/cs348k_proj/outputs/controlNetScale/controlnet_canny/cfg_7p5_control_1p5/000000036844/generated.png,dense_text_plus_canny,5,7.5,1.5,20,0.4829,0.3001,32.0338
1000,A group of kids posing for a picture on a tennis court.,A large group of children gather together on a tennis court while posing for a photograph. Some hold tennis equipment while others stand closely beside teammates and friends. The outdoor sports facility provides a bright and energetic setting. Smiles and casual poses suggest a team.,A large group of children gather together on a tennis court while posing for a photograph. Some hold tennis equipment while others stand closely beside teammates and friends. The outdoor sports facility provides a bright and energetic setting. Smiles and casual poses suggest a team.,/Users/yixiaoz/Desktop/cs348k_proj/outputs/controlNetScale/controlnet_canny/cfg_7p5_control_1p5/000000001000/target.png,/Users/yixiaoz/Desktop/cs348k_proj/outputs/controlNetScale/controlnet_canny/cfg_7p5_control_1p5/000000001000/canny.png,/Users/yixiaoz/Desktop/cs348k_proj/outputs/controlNetScale/controlnet_canny/cfg_7p5_control_1p5/000000001000/generated.png,dense_text_plus_canny,5,7.5,1.5,20,0.5154,0.2512,37.0081
55528,A man holding a paper bag while showing the camera a toothbrush.,"A man sits in a chair while holding a paper bag and displaying a toothbrush toward the camera. His expression suggests humor or casual conversation as he presents the object. The indoor environment appears relaxed and informal, with household furnishings visible around him. The image.","A man sits in a chair while holding a paper bag and displaying a toothbrush toward the camera. His expression suggests humor or casual conversation as he presents the object. The indoor environment appears relaxed and informal, with household furnishings visible around him. The image.",/Users/yixiaoz/Desktop/cs348k_proj/outputs/controlNetScale/controlnet_canny/cfg_7p5_control_1p5/000000055528/target.png,/Users/yixiaoz/Desktop/cs348k_proj/outputs/controlNetScale/controlnet_canny/cfg_7p5_control_1p5/000000055528/canny.png,/Users/yixiaoz/Desktop/cs348k_proj/outputs/controlNetScale/controlnet_canny/cfg_7p5_control_1p5/000000055528/generated.png,dense_text_plus_canny,5,7.5,1.5,20,0.5032,0.4283,33.5051
2006,City bus driving through pedestrian saturated area near crosswalk.,"A city bus travels through a busy urban area near a crosswalk while pedestrians and vehicles move through the surrounding streets. Buildings, signs, and transportation infrastructure create a dynamic city environment. The bus serves as the focal point, illustrating the role of public transit in.","A city bus travels through a busy urban area near a crosswalk while pedestrians and vehicles move through the surrounding streets. Buildings, signs, and transportation infrastructure create a dynamic city environment. The bus serves as the focal point, illustrating the role of public transit in.",/Users/yixiaoz/Desktop/cs348k_proj/outputs/controlNetScale/controlnet_canny/cfg_7p5_control_1p5/000000002006/target.png,/Users/yixiaoz/Desktop/cs348k_proj/outputs/controlNetScale/controlnet_canny/cfg_7p5_control_1p5/000000002006/canny.png,/Users/yixiaoz/Desktop/cs348k_proj/outputs/controlNetScale/controlnet_canny/cfg_7p5_control_1p5/000000002006/generated.png,dense_text_plus_canny,5,7.5,1.5,20,0.4019,0.3504,31.0381
113720,A couple are enjoying pizza and drinks at the restaurant,"A smiling couple sits together at a restaurant table enjoying pizza, drinks, and conversation. Plates of food and beverages are arranged neatly while the pair look toward the camera. The atmosphere appears relaxed and friendly, suggesting a casual meal shared between friends or partners. The.","A smiling couple sits together at a restaurant table enjoying pizza, drinks, and conversation. Plates of food and beverages are arranged neatly while the pair look toward the camera. The atmosphere appears relaxed and friendly, suggesting a casual meal shared between friends or partners. The.",/Users/yixiaoz/Desktop/cs348k_proj/outputs/controlNetScale/controlnet_canny/cfg_7p5_control_1p5/000000113720/target.png,/Users/yixiaoz/Desktop/cs348k_proj/outputs/controlNetScale/controlnet_canny/cfg_7p5_control_1p5/000000113720/canny.png,/Users/yixiaoz/Desktop/cs348k_proj/outputs/controlNetScale/controlnet_canny/cfg_7p5_control_1p5/000000113720/generated.png,dense_text_plus_canny,5,7.5,1.5,20,0.4667,0.3081,34.7527
52413,"A child holding a pink toy cell phone with ""Princess Aurora"" inside it.",A child holds a pink toy flip phone decorated with imagery inspired by a princess character. The toy is displayed prominently in the foreground while other people and objects appear nearby. Bright colors and playful design elements emphasize childhood interests and imaginative play. The image.,A child holds a pink toy flip phone decorated with imagery inspired by a princess character. The toy is displayed prominently in the foreground while other people and objects appear nearby. Bright colors and playful design elements emphasize childhood interests and imaginative play. The image.,/Users/yixiaoz/Desktop/cs348k_proj/outputs/controlNetScale/controlnet_canny/cfg_7p5_control_1p5/000000052413/target.png,/Users/yixiaoz/Desktop/cs348k_proj/outputs/controlNetScale/controlnet_canny/cfg_7p5_control_1p5/000000052413/canny.png,/Users/yixiaoz/Desktop/cs348k_proj/outputs/controlNetScale/controlnet_canny/cfg_7p5_control_1p5/000000052413/generated.png,dense_text_plus_canny,5,7.5,1.5,20,0.6463,0.2846,37.9821
60932,A man in a suit that is standing in front of a group of people.,"A man dressed in a formal suit stands confidently in front of a group of people at what appears to be a celebration or reception. The black-and-white image captures him smiling and raising a hand while guests gather in the background. Tables, decorations, and formally.","A man dressed in a formal suit stands confidently in front of a group of people at what appears to be a celebration or reception. The black-and-white image captures him smiling and raising a hand while guests gather in the background. Tables, decorations, and formally.",/Users/yixiaoz/Desktop/cs348k_proj/outputs/controlNetScale/controlnet_canny/cfg_7p5_control_1p5/000000060932/target.png,/Users/yixiaoz/Desktop/cs348k_proj/outputs/controlNetScale/controlnet_canny/cfg_7p5_control_1p5/000000060932/canny.png,/Users/yixiaoz/Desktop/cs348k_proj/outputs/controlNetScale/controlnet_canny/cfg_7p5_control_1p5/000000060932/generated.png,dense_text_plus_canny,5,7.5,1.5,20,0.4351,0.3008,33.6017
102805,A man in holds a Frisbee in the parking lot by the river.,"A man wearing a hat stands near a riverside parking area while holding a Frisbee in his hand. Mountains and water stretch across the background, creating a scenic outdoor setting. Several parked vehicles and open space suggest a recreational destination where people gather for leisure.","A man wearing a hat stands near a riverside parking area while holding a Frisbee in his hand. Mountains and water stretch across the background, creating a scenic outdoor setting. Several parked vehicles and open space suggest a recreational destination where people gather for leisure.",/Users/yixiaoz/Desktop/cs348k_proj/outputs/controlNetScale/controlnet_canny/cfg_7p5_control_1p5/000000102805/target.png,/Users/yixiaoz/Desktop/cs348k_proj/outputs/controlNetScale/controlnet_canny/cfg_7p5_control_1p5/000000102805/canny.png,/Users/yixiaoz/Desktop/cs348k_proj/outputs/controlNetScale/controlnet_canny/cfg_7p5_control_1p5/000000102805/generated.png,dense_text_plus_canny,5,7.5,1.5,20,0.4005,0.2816,37.6046
15254,These platters display healthy food choices of two entrees with a side  vegetable and fruit,"A neatly organized lunch container displays a balanced meal consisting of rice, vegetables, fruit, and other healthy foods arranged in separate compartments. Grapes, carrots, and a colorful entrée contribute to the vibrant appearance. The close-up perspective emphasizes nutrition, portioning, and meal preparation. The image reflects.","A neatly organized lunch container displays a balanced meal consisting of rice, vegetables, fruit, and other healthy foods arranged in separate compartments. Grapes, carrots, and a colorful entrée contribute to the vibrant appearance. The close-up perspective emphasizes nutrition, portioning, and meal preparation. The image reflects.",/Users/yixiaoz/Desktop/cs348k_proj/outputs/controlNetScale/controlnet_canny/cfg_7p5_control_1p5/000000015254/target.png,/Users/yixiaoz/Desktop/cs348k_proj/outputs/controlNetScale/controlnet_canny/cfg_7p5_control_1p5/000000015254/canny.png,/Users/yixiaoz/Desktop/cs348k_proj/outputs/controlNetScale/controlnet_canny/cfg_7p5_control_1p5/000000015254/generated.png,dense_text_plus_canny,5,7.5,1.5,20,0.5298,0.2516,38.8077
24567,There is a man looking at a lot if hot dogs in a bun in a pan,"A man wearing a hat looks down at a tray filled with hot dogs arranged in buns. The outdoor setting suggests a barbecue, picnic, or community gathering where food is being prepared and served. Bright colors from the toppings and buns create a festive appearance.","A man wearing a hat looks down at a tray filled with hot dogs arranged in buns. The outdoor setting suggests a barbecue, picnic, or community gathering where food is being prepared and served. Bright colors from the toppings and buns create a festive appearance.",/Users/yixiaoz/Desktop/cs348k_proj/outputs/controlNetScale/controlnet_canny/cfg_7p5_control_1p5/000000024567/target.png,/Users/yixiaoz/Desktop/cs348k_proj/outputs/controlNetScale/controlnet_canny/cfg_7p5_control_1p5/000000024567/canny.png,/Users/yixiaoz/Desktop/cs348k_proj/outputs/controlNetScale/controlnet_canny/cfg_7p5_control_1p5/000000024567/generated.png,dense_text_plus_canny,5,7.5,1.5,20,0.6061,0.3776,40.5433
25603,A girl sitting around a table in a restaurant eating a pizza.,"A young girl sits at a restaurant table with a pizza placed in front of her. Glasses, plates, and table settings surround the meal while the warm indoor lighting creates a cozy atmosphere. She looks toward the camera as if waiting to eat or enjoying.","A young girl sits at a restaurant table with a pizza placed in front of her. Glasses, plates, and table settings surround the meal while the warm indoor lighting creates a cozy atmosphere. She looks toward the camera as if waiting to eat or enjoying.",/Users/yixiaoz/Desktop/cs348k_proj/outputs/controlNetScale/controlnet_canny/cfg_7p5_control_1p5/000000025603/target.png,/Users/yixiaoz/Desktop/cs348k_proj/outputs/controlNetScale/controlnet_canny/cfg_7p5_control_1p5/000000025603/canny.png,/Users/yixiaoz/Desktop/cs348k_proj/outputs/controlNetScale/controlnet_canny/cfg_7p5_control_1p5/000000025603/generated.png,dense_text_plus_canny,5,7.5,1.5,20,0.4901,0.3572,36.7963
55150,Two children sit atop their parent's luggage in the parking lot.,"Two children sit atop luggage carts in a parking lot while surrounded by parked vehicles. The scene appears to capture a family trip, airport arrival, or vacation departure. The children seem comfortable and playful as they ride on the luggage. Cars, travel equipment, and open.","Two children sit atop luggage carts in a parking lot while surrounded by parked vehicles. The scene appears to capture a family trip, airport arrival, or vacation departure. The children seem comfortable and playful as they ride on the luggage. Cars, travel equipment, and open.",/Users/yixiaoz/Desktop/cs348k_proj/outputs/controlNetScale/controlnet_canny/cfg_7p5_control_1p5/000000055150/target.png,/Users/yixiaoz/Desktop/cs348k_proj/outputs/controlNetScale/controlnet_canny/cfg_7p5_control_1p5/000000055150/canny.png,/Users/yixiaoz/Desktop/cs348k_proj/outputs/controlNetScale/controlnet_canny/cfg_7p5_control_1p5/000000055150/generated.png,dense_text_plus_canny,5,7.5,1.5,20,0.402,0.3428,32.5214
30828,A person covered with an orange sleeping bag rests his head on a blue back pack as he sleeps on a park bench.,"A person sleeps on a park bench while covered by an orange sleeping bag and resting beside a backpack. The outdoor setting includes grass, trees, and surrounding park features. The image captures a quiet moment of rest in a public space, contrasting the bright colors.","A person sleeps on a park bench while covered by an orange sleeping bag and resting beside a backpack. The outdoor setting includes grass, trees, and surrounding park features. The image captures a quiet moment of rest in a public space, contrasting the bright colors.",/Users/yixiaoz/Desktop/cs348k_proj/outputs/controlNetScale/controlnet_canny/cfg_7p5_control_1p5/000000030828/target.png,/Users/yixiaoz/Desktop/cs348k_proj/outputs/controlNetScale/controlnet_canny/cfg_7p5_control_1p5/000000030828/canny.png,/Users/yixiaoz/Desktop/cs348k_proj/outputs/controlNetScale/controlnet_canny/cfg_7p5_control_1p5/000000030828/generated.png,dense_text_plus_canny,5,7.5,1.5,20,0.5654,0.254,32.7111
32334,"Two people, a man and a woman, are toasting with wine glasses.","A smiling man and woman hold wine glasses while posing together indoors. The casual setting appears to be a social gathering, dinner, or celebration where friends enjoy food and drinks. Warm lighting and relaxed expressions create a welcoming atmosphere. The image emphasizes companionship, hospitality, and.","A smiling man and woman hold wine glasses while posing together indoors. The casual setting appears to be a social gathering, dinner, or celebration where friends enjoy food and drinks. Warm lighting and relaxed expressions create a welcoming atmosphere. The image emphasizes companionship, hospitality, and.",/Users/yixiaoz/Desktop/cs348k_proj/outputs/controlNetScale/controlnet_canny/cfg_7p5_control_1p5/000000032334/target.png,/Users/yixiaoz/Desktop/cs348k_proj/outputs/controlNetScale/controlnet_canny/cfg_7p5_control_1p5/000000032334/canny.png,/Users/yixiaoz/Desktop/cs348k_proj/outputs/controlNetScale/controlnet_canny/cfg_7p5_control_1p5/000000032334/generated.png,dense_text_plus_canny,5,7.5,1.5,20,0.4586,0.3767,34.1336
92416,A male with a bottled beverage wearing a flower in his lapel.,"A young man wearing formal attire stands outdoors holding a bottled beverage. A flower pinned to his lapel suggests participation in a wedding, graduation, or other ceremonial event. Water and distant scenery form a pleasant background. His posture and clothing indicate a special occasion, while.","A young man wearing formal attire stands outdoors holding a bottled beverage. A flower pinned to his lapel suggests participation in a wedding, graduation, or other ceremonial event. Water and distant scenery form a pleasant background. His posture and clothing indicate a special occasion, while.",/Users/yixiaoz/Desktop/cs348k_proj/outputs/controlNetScale/controlnet_canny/cfg_7p5_control_1p5/000000092416/target.png,/Users/yixiaoz/Desktop/cs348k_proj/outputs/controlNetScale/controlnet_canny/cfg_7p5_control_1p5/000000092416/canny.png,/Users/yixiaoz/Desktop/cs348k_proj/outputs/controlNetScale/controlnet_canny/cfg_7p5_control_1p5/000000092416/generated.png,dense_text_plus_canny,5,7.5,1.5,20,0.5399,0.4102,31.984
20553,Large stuffed animal posed outdoors as if sitting in a chair with beverages on a table.,A large stuffed animal is arranged outdoors in a desert-like environment while seated in a chair beside beverages and decorative items placed on a small table. The unusual setup creates a humorous and imaginative scene. Open ground and sparse surroundings emphasize the contrast between the.,A large stuffed animal is arranged outdoors in a desert-like environment while seated in a chair beside beverages and decorative items placed on a small table. The unusual setup creates a humorous and imaginative scene. Open ground and sparse surroundings emphasize the contrast between the.,/Users/yixiaoz/Desktop/cs348k_proj/outputs/controlNetScale/controlnet_canny/cfg_7p5_control_1p5/000000020553/target.png,/Users/yixiaoz/Desktop/cs348k_proj/outputs/controlNetScale/controlnet_canny/cfg_7p5_control_1p5/000000020553/canny.png,/Users/yixiaoz/Desktop/cs348k_proj/outputs/controlNetScale/controlnet_canny/cfg_7p5_control_1p5/000000020553/generated.png,dense_text_plus_canny,5,7.5,1.5,20,0.4598,0.4586,34.9513
93437,An older man is wearing a funny hat in his dining room.,"An elderly man wearing a distinctive hat stands inside a dining area or kitchen while smiling toward the camera. Household furnishings and cabinets appear in the background, creating a comfortable domestic setting. His expression suggests warmth and friendliness, while the unusual hat adds character and.","An elderly man wearing a distinctive hat stands inside a dining area or kitchen while smiling toward the camera. Household furnishings and cabinets appear in the background, creating a comfortable domestic setting. His expression suggests warmth and friendliness, while the unusual hat adds character and.",/Users/yixiaoz/Desktop/cs348k_proj/outputs/controlNetScale/controlnet_canny/cfg_7p5_control_1p5/000000093437/target.png,/Users/yixiaoz/Desktop/cs348k_proj/outputs/controlNetScale/controlnet_canny/cfg_7p5_control_1p5/000000093437/canny.png,/Users/yixiaoz/Desktop/cs348k_proj/outputs/controlNetScale/controlnet_canny/cfg_7p5_control_1p5/000000093437/generated.png,dense_text_plus_canny,5,7.5,1.5,20,0.4712,0.44,31.1437
89648,People using electronic devises all facing in the same direction.,"Several people sit in rows while using laptops and other electronic devices. Viewed from above, the scene resembles a classroom, workshop, conference, or training session focused on technology. Participants face the same direction and appear engaged with their screens. The arrangement emphasizes learning, collaboration, and.","Several people sit in rows while using laptops and other electronic devices. Viewed from above, the scene resembles a classroom, workshop, conference, or training session focused on technology. Participants face the same direction and appear engaged with their screens. The arrangement emphasizes learning, collaboration, and.",/Users/yixiaoz/Desktop/cs348k_proj/outputs/controlNetScale/controlnet_canny/cfg_7p5_control_1p5/000000089648/target.png,/Users/yixiaoz/Desktop/cs348k_proj/outputs/controlNetScale/controlnet_canny/cfg_7p5_control_1p5/000000089648/canny.png,/Users/yixiaoz/Desktop/cs348k_proj/outputs/controlNetScale/controlnet_canny/cfg_7p5_control_1p5/000000089648/generated.png,dense_text_plus_canny,5,7.5,1.5,20,0.424,0.2144,34.0887
7574,"A kitchen with two sinks, a counter, detergent, a stove and a refrigerator in it.","A kitchen interior contains wooden cabinets, a refrigerator, a stove, countertops, and cleaning supplies arranged around the room. Various household items are visible near the sink and work surfaces, creating a realistic lived-in appearance. The image emphasizes domestic functionality and organization while showcasing the appliances.","A kitchen interior contains wooden cabinets, a refrigerator, a stove, countertops, and cleaning supplies arranged around the room. Various household items are visible near the sink and work surfaces, creating a realistic lived-in appearance. The image emphasizes domestic functionality and organization while showcasing the appliances.",/Users/yixiaoz/Desktop/cs348k_proj/outputs/controlNetScale/controlnet_canny/cfg_7p5_control_1p5/000000007574/target.png,/Users/yixiaoz/Desktop/cs348k_proj/outputs/controlNetScale/controlnet_canny/cfg_7p5_control_1p5/000000007574/canny.png,/Users/yixiaoz/Desktop/cs348k_proj/outputs/controlNetScale/controlnet_canny/cfg_7p5_control_1p5/000000007574/generated.png,dense_text_plus_canny,5,7.5,1.5,20,0.5086,0.4306,31.8543
88040,"Plates of shrimp, vegetables, and noodles served with tea.","Several plates of food are arranged on a table viewed from above, including shrimp, vegetables, noodles, and accompanying beverages. Bowls, cups, and serving dishes contribute to the inviting dining presentation. The meal appears carefully prepared and shared among multiple people. The image highlights culinary variety.","Several plates of food are arranged on a table viewed from above, including shrimp, vegetables, noodles, and accompanying beverages. Bowls, cups, and serving dishes contribute to the inviting dining presentation. The meal appears carefully prepared and shared among multiple people. The image highlights culinary variety.",/Users/yixiaoz/Desktop/cs348k_proj/outputs/controlNetScale/controlnet_canny/cfg_7p5_control_1p5/000000088040/target.png,/Users/yixiaoz/Desktop/cs348k_proj/outputs/controlNetScale/controlnet_canny/cfg_7p5_control_1p5/000000088040/canny.png,/Users/yixiaoz/Desktop/cs348k_proj/outputs/controlNetScale/controlnet_canny/cfg_7p5_control_1p5/000000088040/generated.png,dense_text_plus_canny,5,7.5,1.5,20,0.4942,0.3394,33.1531
4134,Two men standing next to each other holding hands.,"Two men stand together at a formal event while greeting one another and shaking hands. Other attendees and banquet tables are visible in the background, suggesting a conference, reception, or celebration. Their professional attire and engaged expressions indicate a respectful social interaction. The image highlights.","Two men stand together at a formal event while greeting one another and shaking hands. Other attendees and banquet tables are visible in the background, suggesting a conference, reception, or celebration. Their professional attire and engaged expressions indicate a respectful social interaction. The image highlights.",/Users/yixiaoz/Desktop/cs348k_proj/outputs/controlNetScale/controlnet_canny/cfg_7p5_control_1p5/000000004134/target.png,/Users/yixiaoz/Desktop/cs348k_proj/outputs/controlNetScale/controlnet_canny/cfg_7p5_control_1p5/000000004134/canny.png,/Users/yixiaoz/Desktop/cs348k_proj/outputs/controlNetScale/controlnet_canny/cfg_7p5_control_1p5/000000004134/generated.png,dense_text_plus_canny,5,7.5,1.5,20,0.5428,0.3595,30.3356
39769,Two cats sleeping with a remote control near each of them.,Two cats sleep peacefully on a bright pink blanket with television remotes placed nearby. Their relaxed poses and stretched bodies create a calm and comfortable scene. The indoor setting suggests a living room or bedroom where the animals have chosen a soft resting place. The.,Two cats sleep peacefully on a bright pink blanket with television remotes placed nearby. Their relaxed poses and stretched bodies create a calm and comfortable scene. The indoor setting suggests a living room or bedroom where the animals have chosen a soft resting place. The.,/Users/yixiaoz/Desktop/cs348k_proj/outputs/controlNetScale/controlnet_canny/cfg_7p5_control_1p5/000000039769/target.png,/Users/yixiaoz/Desktop/cs348k_proj/outputs/controlNetScale/controlnet_canny/cfg_7p5_control_1p5/000000039769/canny.png,/Users/yixiaoz/Desktop/cs348k_proj/outputs/controlNetScale/controlnet_canny/cfg_7p5_control_1p5/000000039769/generated.png,dense_text_plus_canny,5,7.5,1.5,20,0.6378,0.396,31.9658
14439,A group of people standing on a field flying a colorful kite.,"A group of people stand together in a grassy park while flying a large colorful kite. Open space, recreational equipment, and other visitors create a lively outdoor environment. Participants work together to manage the kite as it catches the wind above the field. The image.","A group of people stand together in a grassy park while flying a large colorful kite. Open space, recreational equipment, and other visitors create a lively outdoor environment. Participants work together to manage the kite as it catches the wind above the field. The image.",/Users/yixiaoz/Desktop/cs348k_proj/outputs/controlNetScale/controlnet_canny/cfg_7p5_control_1p5/000000014439/target.png,/Users/yixiaoz/Desktop/cs348k_proj/outputs/controlNetScale/controlnet_canny/cfg_7p5_control_1p5/000000014439/canny.png,/Users/yixiaoz/Desktop/cs348k_proj/outputs/controlNetScale/controlnet_canny/cfg_7p5_control_1p5/000000014439/generated.png,dense_text_plus_canny,5,7.5,1.5,20,0.4468,0.2272,39.9284
104669,"A plate with a meal of meat, potatoes, carrots, and broccoli.","A plate holds a complete meal featuring a piece of meat alongside potatoes, carrots, broccoli, and other vegetables. The arrangement is neatly presented, suggesting a restaurant dish or carefully prepared home-cooked dinner. Bright colors from the vegetables contrast with the darker entrée. The image emphasizes.","A plate holds a complete meal featuring a piece of meat alongside potatoes, carrots, broccoli, and other vegetables. The arrangement is neatly presented, suggesting a restaurant dish or carefully prepared home-cooked dinner. Bright colors from the vegetables contrast with the darker entrée. The image emphasizes.",/Users/yixiaoz/Desktop/cs348k_proj/outputs/controlNetScale/controlnet_canny/cfg_7p5_control_1p5/000000104669/target.png,/Users/yixiaoz/Desktop/cs348k_proj/outputs/controlNetScale/controlnet_canny/cfg_7p5_control_1p5/000000104669/canny.png,/Users/yixiaoz/Desktop/cs348k_proj/outputs/controlNetScale/controlnet_canny/cfg_7p5_control_1p5/000000104669/generated.png,dense_text_plus_canny,5,7.5,1.5,20,0.5293,0.3072,31.4454
11149,A man sitting on a motorcycle near several bicycles with a partially visible person standing nearby.,"A motorcycle is parked near several bicycles while people stand nearby in an outdoor setting. The collection of vehicles suggests a shared recreational or transportation area. Trees, pathways, and surrounding activity contribute to the public atmosphere. The image highlights different modes of personal transportation and.","A motorcycle is parked near several bicycles while people stand nearby in an outdoor setting. The collection of vehicles suggests a shared recreational or transportation area. Trees, pathways, and surrounding activity contribute to the public atmosphere. The image highlights different modes of personal transportation and.",/Users/yixiaoz/Desktop/cs348k_proj/outputs/controlNetScale/controlnet_canny/cfg_7p5_control_1p5/000000011149/target.png,/Users/yixiaoz/Desktop/cs348k_proj/outputs/controlNetScale/controlnet_canny/cfg_7p5_control_1p5/000000011149/canny.png,/Users/yixiaoz/Desktop/cs348k_proj/outputs/controlNetScale/controlnet_canny/cfg_7p5_control_1p5/000000011149/generated.png,dense_text_plus_canny,5,7.5,1.5,20,0.4622,0.3434,30.1662
52996,A group of women in military outfits helping other women in a kitchen.,"A group of women wearing military-style uniforms work together in a kitchen while preparing food. Large pots, utensils, and work surfaces indicate an organized cooking effort intended to serve many people. Their coordinated activity reflects teamwork and shared responsibility. The image highlights food preparation, community.","A group of women wearing military-style uniforms work together in a kitchen while preparing food. Large pots, utensils, and work surfaces indicate an organized cooking effort intended to serve many people. Their coordinated activity reflects teamwork and shared responsibility. The image highlights food preparation, community.",/Users/yixiaoz/Desktop/cs348k_proj/outputs/controlNetScale/controlnet_canny/cfg_7p5_control_1p5/000000052996/target.png,/Users/yixiaoz/Desktop/cs348k_proj/outputs/controlNetScale/controlnet_canny/cfg_7p5_control_1p5/000000052996/canny.png,/Users/yixiaoz/Desktop/cs348k_proj/outputs/controlNetScale/controlnet_canny/cfg_7p5_control_1p5/000000052996/generated.png,dense_text_plus_canny,5,7.5,1.5,20,0.4754,0.2769,41.4239
30213,"The picture shows the interior of a kitchen, with vintage refrigerator, stove, and other appliances.","The interior of a vintage-style kitchen is filled with retro appliances, patterned wallpaper, wooden cabinets, and decorative household items. A classic refrigerator, stove, sink, and dining furniture create a nostalgic atmosphere reminiscent of mid-century home design. Various utensils, containers, and decorations are arranged throughout the.","The interior of a vintage-style kitchen is filled with retro appliances, patterned wallpaper, wooden cabinets, and decorative household items. A classic refrigerator, stove, sink, and dining furniture create a nostalgic atmosphere reminiscent of mid-century home design. Various utensils, containers, and decorations are arranged throughout the.",/Users/yixiaoz/Desktop/cs348k_proj/outputs/controlNetScale/controlnet_canny/cfg_7p5_control_1p5/000000030213/target.png,/Users/yixiaoz/Desktop/cs348k_proj/outputs/controlNetScale/controlnet_canny/cfg_7p5_control_1p5/000000030213/canny.png,/Users/yixiaoz/Desktop/cs348k_proj/outputs/controlNetScale/controlnet_canny/cfg_7p5_control_1p5/000000030213/generated.png,dense_text_plus_canny,5,7.5,1.5,20,0.5245,0.3084,31.2318
56127,"A room with a fire extinguisher, mugs hanging from a shelf and several lights.","A narrow interior room contains shelves lined with mugs, a fire extinguisher, counters, hanging lights, and decorative details. Warm lighting and colorful walls create a welcoming atmosphere that resembles a small café, restaurant service area, or compact workspace. The room is carefully organized to maximize.","A narrow interior room contains shelves lined with mugs, a fire extinguisher, counters, hanging lights, and decorative details. Warm lighting and colorful walls create a welcoming atmosphere that resembles a small café, restaurant service area, or compact workspace. The room is carefully organized to maximize.",/Users/yixiaoz/Desktop/cs348k_proj/outputs/controlNetScale/controlnet_canny/cfg_7p5_control_1p5/000000056127/target.png,/Users/yixiaoz/Desktop/cs348k_proj/outputs/controlNetScale/controlnet_canny/cfg_7p5_control_1p5/000000056127/canny.png,/Users/yixiaoz/Desktop/cs348k_proj/outputs/controlNetScale/controlnet_canny/cfg_7p5_control_1p5/000000056127/generated.png,dense_text_plus_canny,5,7.5,1.5,20,0.591,0.3781,27.84
84031,A batter swinging a bat at a baseball with the catcher and umpire behind him.,A baseball player swings at a pitch while the catcher and umpire closely follow the action behind home plate. The game takes place on a well-maintained field surrounded by spectators and stadium structures. The batter’s posture captures the intensity and timing required in competitive baseball.,A baseball player swings at a pitch while the catcher and umpire closely follow the action behind home plate. The game takes place on a well-maintained field surrounded by spectators and stadium structures. The batter’s posture captures the intensity and timing required in competitive baseball.,/Users/yixiaoz/Desktop/cs348k_proj/outputs/controlNetScale/controlnet_canny/cfg_7p5_control_1p5/000000084031/target.png,/Users/yixiaoz/Desktop/cs348k_proj/outputs/controlNetScale/controlnet_canny/cfg_7p5_control_1p5/000000084031/canny.png,/Users/yixiaoz/Desktop/cs348k_proj/outputs/controlNetScale/controlnet_canny/cfg_7p5_control_1p5/000000084031/generated.png,dense_text_plus_canny,5,7.5,1.5,20,0.5099,0.375,32.3122
74209,A black and stainless steel kitchen with a snack bar and bar stools.,"A modern kitchen features stainless steel appliances, polished countertops, pendant lighting, and a snack bar lined with stools. The clean design emphasizes contemporary architecture and efficient use of space. Cabinets, sinks, and work surfaces are neatly arranged to support cooking and dining activities. The room.","A modern kitchen features stainless steel appliances, polished countertops, pendant lighting, and a snack bar lined with stools. The clean design emphasizes contemporary architecture and efficient use of space. Cabinets, sinks, and work surfaces are neatly arranged to support cooking and dining activities. The room.",/Users/yixiaoz/Desktop/cs348k_proj/outputs/controlNetScale/controlnet_canny/cfg_7p5_control_1p5/000000074209/target.png,/Users/yixiaoz/Desktop/cs348k_proj/outputs/controlNetScale/controlnet_canny/cfg_7p5_control_1p5/000000074209/canny.png,/Users/yixiaoz/Desktop/cs348k_proj/outputs/controlNetScale/controlnet_canny/cfg_7p5_control_1p5/000000074209/generated.png,dense_text_plus_canny,5,7.5,1.5,20,0.3898,0.2626,31.2239
52891,A dog walking on the beach with a frizzbe in his month.,"A dog stands on a sandy beach while carrying a bright yellow frisbee in its mouth. Ocean water, waves, and distant shoreline scenery create a scenic coastal backdrop. The animal appears alert and energetic, as if engaged in a game of fetch with its owner.","A dog stands on a sandy beach while carrying a bright yellow frisbee in its mouth. Ocean water, waves, and distant shoreline scenery create a scenic coastal backdrop. The animal appears alert and energetic, as if engaged in a game of fetch with its owner.",/Users/yixiaoz/Desktop/cs348k_proj/outputs/controlNetScale/controlnet_canny/cfg_7p5_control_1p5/000000052891/target.png,/Users/yixiaoz/Desktop/cs348k_proj/outputs/controlNetScale/controlnet_canny/cfg_7p5_control_1p5/000000052891/canny.png,/Users/yixiaoz/Desktop/cs348k_proj/outputs/controlNetScale/controlnet_canny/cfg_7p5_control_1p5/000000052891/generated.png,dense_text_plus_canny,5,7.5,1.5,20,0.5633,0.5268,35.2893
99039,Plates of food and two glasses of red wine are on a table.,Several plates of food and two glasses of red wine are arranged on a table beside a large window overlooking greenery and nearby buildings. The setting appears to be a restaurant or dining area where people are enjoying a meal together. Soft natural light enters.,Several plates of food and two glasses of red wine are arranged on a table beside a large window overlooking greenery and nearby buildings. The setting appears to be a restaurant or dining area where people are enjoying a meal together. Soft natural light enters.,/Users/yixiaoz/Desktop/cs348k_proj/outputs/controlNetScale/controlnet_canny/cfg_7p5_control_1p5/000000099039/target.png,/Users/yixiaoz/Desktop/cs348k_proj/outputs/controlNetScale/controlnet_canny/cfg_7p5_control_1p5/000000099039/canny.png,/Users/yixiaoz/Desktop/cs348k_proj/outputs/controlNetScale/controlnet_canny/cfg_7p5_control_1p5/000000099039/generated.png,dense_text_plus_canny,5,7.5,1.5,20,0.5395,0.3668,31.3068
66635,"An apple computer monitor, keyboard and mouse sits on top of a clean wooden desk.","An Apple desktop computer sits on a clean wooden desk alongside a keyboard and mouse. The workspace is simple, organized, and free from clutter, emphasizing productivity and focus. The monitor occupies the center of the arrangement while the surrounding furniture provides ample working space. The.","An Apple desktop computer sits on a clean wooden desk alongside a keyboard and mouse. The workspace is simple, organized, and free from clutter, emphasizing productivity and focus. The monitor occupies the center of the arrangement while the surrounding furniture provides ample working space. The.",/Users/yixiaoz/Desktop/cs348k_proj/outputs/controlNetScale/controlnet_canny/cfg_7p5_control_1p5/000000066635/target.png,/Users/yixiaoz/Desktop/cs348k_proj/outputs/controlNetScale/controlnet_canny/cfg_7p5_control_1p5/000000066635/canny.png,/Users/yixiaoz/Desktop/cs348k_proj/outputs/controlNetScale/controlnet_canny/cfg_7p5_control_1p5/000000066635/generated.png,dense_text_plus_canny,5,7.5,1.5,20,0.4775,0.2158,35.6448
107226,Men race on wheeled vehicles towed by a group of husky dogs.,Competitors participate in a dog-powered racing event where huskies pull wheeled vehicles through an outdoor course. Spectators gather nearby to watch the action while handlers guide the dogs. The animals appear strong and energetic as they work together as a team. The image highlights sporting.,Competitors participate in a dog-powered racing event where huskies pull wheeled vehicles through an outdoor course. Spectators gather nearby to watch the action while handlers guide the dogs. The animals appear strong and energetic as they work together as a team. The image highlights sporting.,/Users/yixiaoz/Desktop/cs348k_proj/outputs/controlNetScale/controlnet_canny/cfg_7p5_control_1p5/000000107226/target.png,/Users/yixiaoz/Desktop/cs348k_proj/outputs/controlNetScale/controlnet_canny/cfg_7p5_control_1p5/000000107226/canny.png,/Users/yixiaoz/Desktop/cs348k_proj/outputs/controlNetScale/controlnet_canny/cfg_7p5_control_1p5/000000107226/generated.png,dense_text_plus_canny,5,7.5,1.5,20,0.6279,0.4332,36.5453
14038,A kitchen with hard wood floors and a yellow smiley face balloon.,"A living room decorated for a celebration contains colorful balloons, furniture, and a large yellow smiley-face balloon suspended near the ceiling. The room features wooden flooring, entertainment equipment, and decorative touches that create a festive atmosphere. The arrangement suggests a birthday party or social gathering.","A living room decorated for a celebration contains colorful balloons, furniture, and a large yellow smiley-face balloon suspended near the ceiling. The room features wooden flooring, entertainment equipment, and decorative touches that create a festive atmosphere. The arrangement suggests a birthday party or social gathering.",/Users/yixiaoz/Desktop/cs348k_proj/outputs/controlNetScale/controlnet_canny/cfg_7p5_control_1p5/000000014038/target.png,/Users/yixiaoz/Desktop/cs348k_proj/outputs/controlNetScale/controlnet_canny/cfg_7p5_control_1p5/000000014038/canny.png,/Users/yixiaoz/Desktop/cs348k_proj/outputs/controlNetScale/controlnet_canny/cfg_7p5_control_1p5/000000014038/generated.png,dense_text_plus_canny,5,7.5,1.5,20,0.4866,0.2983,37.7367
114884,"A woman with a cigarette standing, while a group of people with luggage walk towards a bus.","A woman stands inside a transportation terminal while travelers carrying luggage move through the background toward buses or other transit services. The spacious facility contains seating areas, structural supports, and signs associated with public transportation. People appear focused on their journeys as they navigate the.","A woman stands inside a transportation terminal while travelers carrying luggage move through the background toward buses or other transit services. The spacious facility contains seating areas, structural supports, and signs associated with public transportation. People appear focused on their journeys as they navigate the.",/Users/yixiaoz/Desktop/cs348k_proj/outputs/controlNetScale/controlnet_canny/cfg_7p5_control_1p5/000000114884/target.png,/Users/yixiaoz/Desktop/cs348k_proj/outputs/controlNetScale/controlnet_canny/cfg_7p5_control_1p5/000000114884/canny.png,/Users/yixiaoz/Desktop/cs348k_proj/outputs/controlNetScale/controlnet_canny/cfg_7p5_control_1p5/000000114884/generated.png,dense_text_plus_canny,5,7.5,1.5,20,0.4809,0.405,31.8285
12120,A couple of women playing a game of tennis on a tennis court.,"Two women compete in a tennis match on a professional court surrounded by spectators and stadium seating. Both athletes focus intensely on the ball as they move across the blue playing surface. The sporting venue includes advertising displays, officials, and fans observing the competition. The.","Two women compete in a tennis match on a professional court surrounded by spectators and stadium seating. Both athletes focus intensely on the ball as they move across the blue playing surface. The sporting venue includes advertising displays, officials, and fans observing the competition. The.",/Users/yixiaoz/Desktop/cs348k_proj/outputs/controlNetScale/controlnet_canny/cfg_7p5_control_1p5/000000012120/target.png,/Users/yixiaoz/Desktop/cs348k_proj/outputs/controlNetScale/controlnet_canny/cfg_7p5_control_1p5/000000012120/canny.png,/Users/yixiaoz/Desktop/cs348k_proj/outputs/controlNetScale/controlnet_canny/cfg_7p5_control_1p5/000000012120/generated.png,dense_text_plus_canny,5,7.5,1.5,20,0.4762,0.2412,38.5357
87470,a big heard of cows walking down a road in a row with green tags on their ears,A large herd of cattle walks together along a rural road bordered by open countryside. The animals move in an organized line while green ear tags help identify members of the herd. Rolling terrain and natural vegetation create an agricultural landscape in the background. The.,A large herd of cattle walks together along a rural road bordered by open countryside. The animals move in an organized line while green ear tags help identify members of the herd. Rolling terrain and natural vegetation create an agricultural landscape in the background. The.,/Users/yixiaoz/Desktop/cs348k_proj/outputs/controlNetScale/controlnet_canny/cfg_7p5_control_1p5/000000087470/target.png,/Users/yixiaoz/Desktop/cs348k_proj/outputs/controlNetScale/controlnet_canny/cfg_7p5_control_1p5/000000087470/canny.png,/Users/yixiaoz/Desktop/cs348k_proj/outputs/controlNetScale/controlnet_canny/cfg_7p5_control_1p5/000000087470/generated.png,dense_text_plus_canny,5,7.5,1.5,20,0.4684,0.4397,33.5569
41872,"A bedroom with  a large bed facing a fireplace that has a television over the top of it, in a shelf space.","A comfortable bedroom contains a large bed, fireplace, television, built-in shelving, and warm lighting. Soft furnishings and decorative details create a relaxing atmosphere designed for rest and comfort. The layout resembles a hotel suite or upscale residential bedroom where entertainment and relaxation are combined in.","A comfortable bedroom contains a large bed, fireplace, television, built-in shelving, and warm lighting. Soft furnishings and decorative details create a relaxing atmosphere designed for rest and comfort. The layout resembles a hotel suite or upscale residential bedroom where entertainment and relaxation are combined in.",/Users/yixiaoz/Desktop/cs348k_proj/outputs/controlNetScale/controlnet_canny/cfg_7p5_control_1p5/000000041872/target.png,/Users/yixiaoz/Desktop/cs348k_proj/outputs/controlNetScale/controlnet_canny/cfg_7p5_control_1p5/000000041872/canny.png,/Users/yixiaoz/Desktop/cs348k_proj/outputs/controlNetScale/controlnet_canny/cfg_7p5_control_1p5/000000041872/generated.png,dense_text_plus_canny,5,7.5,1.5,20,0.6217,0.4217,30.3
60899,The young boy is playing in the living room of his house.,"A young boy plays in a living room while raising an object above his head. Household furniture, rugs, and natural light create a comfortable domestic setting. The child appears energetic and engaged in imaginative play. The image captures a candid family moment that reflects childhood.","A young boy plays in a living room while raising an object above his head. Household furniture, rugs, and natural light create a comfortable domestic setting. The child appears energetic and engaged in imaginative play. The image captures a candid family moment that reflects childhood.",/Users/yixiaoz/Desktop/cs348k_proj/outputs/controlNetScale/controlnet_canny/cfg_7p5_control_1p5/000000060899/target.png,/Users/yixiaoz/Desktop/cs348k_proj/outputs/controlNetScale/controlnet_canny/cfg_7p5_control_1p5/000000060899/canny.png,/Users/yixiaoz/Desktop/cs348k_proj/outputs/controlNetScale/controlnet_canny/cfg_7p5_control_1p5/000000060899/generated.png,dense_text_plus_canny,5,7.5,1.5,20,0.4739,0.3367,33.2032
46872,a man standing next to a truck with some stuff on it,"A man stands beside a flatbed truck loaded with large industrial materials and equipment. The outdoor setting suggests a construction, transportation, or delivery operation. The truck occupies most of the scene while the worker appears to inspect or supervise the cargo. The image highlights logistics.","A man stands beside a flatbed truck loaded with large industrial materials and equipment. The outdoor setting suggests a construction, transportation, or delivery operation. The truck occupies most of the scene while the worker appears to inspect or supervise the cargo. The image highlights logistics.",/Users/yixiaoz/Desktop/cs348k_proj/outputs/controlNetScale/controlnet_canny/cfg_7p5_control_1p5/000000046872/target.png,/Users/yixiaoz/Desktop/cs348k_proj/outputs/controlNetScale/controlnet_canny/cfg_7p5_control_1p5/000000046872/canny.png,/Users/yixiaoz/Desktop/cs348k_proj/outputs/controlNetScale/controlnet_canny/cfg_7p5_control_1p5/000000046872/generated.png,dense_text_plus_canny,5,7.5,1.5,20,0.4451,0.3703,30.1868
33638,A woman wearing shorts bends over a frying pan on a stove.,"A woman bends over a stove while preparing food in a traditional kitchen. Pots, utensils, and cooking equipment surround her as she works on a meal. The room contains functional appliances and furnishings that support everyday household cooking. The image emphasizes domestic life, food preparation.","A woman bends over a stove while preparing food in a traditional kitchen. Pots, utensils, and cooking equipment surround her as she works on a meal. The room contains functional appliances and furnishings that support everyday household cooking. The image emphasizes domestic life, food preparation.",/Users/yixiaoz/Desktop/cs348k_proj/outputs/controlNetScale/controlnet_canny/cfg_7p5_control_1p5/000000033638/target.png,/Users/yixiaoz/Desktop/cs348k_proj/outputs/controlNetScale/controlnet_canny/cfg_7p5_control_1p5/000000033638/canny.png,/Users/yixiaoz/Desktop/cs348k_proj/outputs/controlNetScale/controlnet_canny/cfg_7p5_control_1p5/000000033638/generated.png,dense_text_plus_canny,5,7.5,1.5,20,0.6847,0.5447,32.1075
66038,The father and daughter are under an umbrella on the beach.,"A father and daughter relax beneath colorful beach umbrellas near the shoreline. Sand, water, and bright weather create a pleasant coastal environment suited for recreation and family outings. The pair appear comfortable as they spend time together enjoying the outdoors. The image highlights family relationships.","A father and daughter relax beneath colorful beach umbrellas near the shoreline. Sand, water, and bright weather create a pleasant coastal environment suited for recreation and family outings. The pair appear comfortable as they spend time together enjoying the outdoors. The image highlights family relationships.",/Users/yixiaoz/Desktop/cs348k_proj/outputs/controlNetScale/controlnet_canny/cfg_7p5_control_1p5/000000066038/target.png,/Users/yixiaoz/Desktop/cs348k_proj/outputs/controlNetScale/controlnet_canny/cfg_7p5_control_1p5/000000066038/canny.png,/Users/yixiaoz/Desktop/cs348k_proj/outputs/controlNetScale/controlnet_canny/cfg_7p5_control_1p5/000000066038/generated.png,dense_text_plus_canny,5,7.5,1.5,20,0.4882,0.2462,31.4455
86582,A person watering plants with a computer in the foreground.,"A laptop computer sits prominently in the foreground while a person tends plants in the background. Potted plants, gardening supplies, and outdoor views create a peaceful setting that combines technology with nature. The scene suggests remote work, personal projects, or a lifestyle that balances digital.","A laptop computer sits prominently in the foreground while a person tends plants in the background. Potted plants, gardening supplies, and outdoor views create a peaceful setting that combines technology with nature. The scene suggests remote work, personal projects, or a lifestyle that balances digital.",/Users/yixiaoz/Desktop/cs348k_proj/outputs/controlNetScale/controlnet_canny/cfg_7p5_control_1p5/000000086582/target.png,/Users/yixiaoz/Desktop/cs348k_proj/outputs/controlNetScale/controlnet_canny/cfg_7p5_control_1p5/000000086582/canny.png,/Users/yixiaoz/Desktop/cs348k_proj/outputs/controlNetScale/controlnet_canny/cfg_7p5_control_1p5/000000086582/generated.png,dense_text_plus_canny,5,7.5,1.5,20,0.5416,0.4275,36.4473
32610,Assortment of laptop computers displayed on table with backpacks full of electronic cords.,"Multiple laptop computers, backpacks, cables, and electronic accessories are displayed across a table. The collection of equipment suggests a workshop, conference, classroom, or technology-focused event. Devices are arranged side by side, emphasizing preparation and connectivity. The image highlights digital tools used for communication, learning, and.","Multiple laptop computers, backpacks, cables, and electronic accessories are displayed across a table. The collection of equipment suggests a workshop, conference, classroom, or technology-focused event. Devices are arranged side by side, emphasizing preparation and connectivity. The image highlights digital tools used for communication, learning, and.",/Users/yixiaoz/Desktop/cs348k_proj/outputs/controlNetScale/controlnet_canny/cfg_7p5_control_1p5/000000032610/target.png,/Users/yixiaoz/Desktop/cs348k_proj/outputs/controlNetScale/controlnet_canny/cfg_7p5_control_1p5/000000032610/canny.png,/Users/yixiaoz/Desktop/cs348k_proj/outputs/controlNetScale/controlnet_canny/cfg_7p5_control_1p5/000000032610/generated.png,dense_text_plus_canny,5,7.5,1.5,20,0.5031,0.3481,36.8021
8021,An audience is looking at an film of a man taking that is projected onto a wall.,"A speaker stands in front of a large projected image while addressing an audience seated in a darkened room. The presentation appears to be part of a conference, lecture, or public event. Audience members focus on the stage while the presenter gestures toward visual material.","A speaker stands in front of a large projected image while addressing an audience seated in a darkened room. The presentation appears to be part of a conference, lecture, or public event. Audience members focus on the stage while the presenter gestures toward visual material.",/Users/yixiaoz/Desktop/cs348k_proj/outputs/controlNetScale/controlnet_canny/cfg_7p5_control_1p5/000000008021/target.png,/Users/yixiaoz/Desktop/cs348k_proj/outputs/controlNetScale/controlnet_canny/cfg_7p5_control_1p5/000000008021/canny.png,/Users/yixiaoz/Desktop/cs348k_proj/outputs/controlNetScale/controlnet_canny/cfg_7p5_control_1p5/000000008021/generated.png,dense_text_plus_canny,5,7.5,1.5,20,0.5518,0.3608,33.6032
81738,Someone about to cut and birthday cake with blue and yellow frosting.,"A rectangular birthday cake decorated with blue and yellow frosting sits on a kitchen counter while a person uses a knife to cut into it. The cake appears homemade or specially prepared for a celebration, with decorative writing and icing patterns spread across the surface.","A rectangular birthday cake decorated with blue and yellow frosting sits on a kitchen counter while a person uses a knife to cut into it. The cake appears homemade or specially prepared for a celebration, with decorative writing and icing patterns spread across the surface.",/Users/yixiaoz/Desktop/cs348k_proj/outputs/controlNetScale/controlnet_canny/cfg_7p5_control_1p5/000000081738/target.png,/Users/yixiaoz/Desktop/cs348k_proj/outputs/controlNetScale/controlnet_canny/cfg_7p5_control_1p5/000000081738/canny.png,/Users/yixiaoz/Desktop/cs348k_proj/outputs/controlNetScale/controlnet_canny/cfg_7p5_control_1p5/000000081738/generated.png,dense_text_plus_canny,5,7.5,1.5,20,0.5525,0.3954,35.6926
94944,A skier on skies and a snowboarder carrying a snowboard on a mountain slope.,"Several people are gathered on a snowy mountain slope surrounded by dramatic alpine scenery and distant snow-covered peaks. One individual carries a snowboard while others prepare equipment or rest nearby. The expansive landscape dominates the background, emphasizing the scale of the mountainous environment. The image.","Several people are gathered on a snowy mountain slope surrounded by dramatic alpine scenery and distant snow-covered peaks. One individual carries a snowboard while others prepare equipment or rest nearby. The expansive landscape dominates the background, emphasizing the scale of the mountainous environment. The image.",/Users/yixiaoz/Desktop/cs348k_proj/outputs/controlNetScale/controlnet_canny/cfg_7p5_control_1p5/000000094944/target.png,/Users/yixiaoz/Desktop/cs348k_proj/outputs/controlNetScale/controlnet_canny/cfg_7p5_control_1p5/000000094944/canny.png,/Users/yixiaoz/Desktop/cs348k_proj/outputs/controlNetScale/controlnet_canny/cfg_7p5_control_1p5/000000094944/generated.png,dense_text_plus_canny,5,7.5,1.5,20,0.484,0.4143,32.4007
48504,A brown and a gray elephant are in a circus ring and the brown elephant is walking behind the gray elephant as well as two people training them are standing nearby.,Two elephants stand inside a large indoor training or exhibition space while handlers supervise them nearby. One elephant follows behind the other as they move across the floor beneath overhead lighting and structural beams. Equipment and barriers suggest a controlled environment designed for animal care.,Two elephants stand inside a large indoor training or exhibition space while handlers supervise them nearby. One elephant follows behind the other as they move across the floor beneath overhead lighting and structural beams. Equipment and barriers suggest a controlled environment designed for animal care.,/Users/yixiaoz/Desktop/cs348k_proj/outputs/controlNetScale/controlnet_canny/cfg_7p5_control_1p5/000000048504/target.png,/Users/yixiaoz/Desktop/cs348k_proj/outputs/controlNetScale/controlnet_canny/cfg_7p5_control_1p5/000000048504/canny.png,/Users/yixiaoz/Desktop/cs348k_proj/outputs/controlNetScale/controlnet_canny/cfg_7p5_control_1p5/000000048504/generated.png,dense_text_plus_canny,5,7.5,1.5,20,0.4109,0.2995,38.9643
69213,Two men who are wearing suits and hats standing next to each other.,"Two men wearing dark suits and matching hats stand side by side outdoors while looking toward the camera. Their formal attire contrasts with the busy background, where people and vehicles are visible. The pair appear composed and confident, suggesting they may be attending a formal.","Two men wearing dark suits and matching hats stand side by side outdoors while looking toward the camera. Their formal attire contrasts with the busy background, where people and vehicles are visible. The pair appear composed and confident, suggesting they may be attending a formal.",/Users/yixiaoz/Desktop/cs348k_proj/outputs/controlNetScale/controlnet_canny/cfg_7p5_control_1p5/000000069213/target.png,/Users/yixiaoz/Desktop/cs348k_proj/outputs/controlNetScale/controlnet_canny/cfg_7p5_control_1p5/000000069213/canny.png,/Users/yixiaoz/Desktop/cs348k_proj/outputs/controlNetScale/controlnet_canny/cfg_7p5_control_1p5/000000069213/generated.png,dense_text_plus_canny,5,7.5,1.5,20,0.4569,0.3282,31.1703
44877,Two people are in a wheelchair and only one of them is holding a racket.,"Two people are positioned on a tennis court, one seated in a wheelchair while holding a tennis racket. The scene highlights adaptive sports and athletic participation regardless of physical ability. Both individuals focus on the activity taking place on the court, surrounded by fencing and.","Two people are positioned on a tennis court, one seated in a wheelchair while holding a tennis racket. The scene highlights adaptive sports and athletic participation regardless of physical ability. Both individuals focus on the activity taking place on the court, surrounded by fencing and.",/Users/yixiaoz/Desktop/cs348k_proj/outputs/controlNetScale/controlnet_canny/cfg_7p5_control_1p5/000000044877/target.png,/Users/yixiaoz/Desktop/cs348k_proj/outputs/controlNetScale/controlnet_canny/cfg_7p5_control_1p5/000000044877/canny.png,/Users/yixiaoz/Desktop/cs348k_proj/outputs/controlNetScale/controlnet_canny/cfg_7p5_control_1p5/000000044877/generated.png,dense_text_plus_canny,5,7.5,1.5,20,0.5565,0.3221,32.7929
74058,A sidewalk next to the outdoor sitting area of a restaurant.,"A black-and-white street scene shows a sidewalk café or restaurant with outdoor seating positioned beside a busy road. Bicycles are parked nearby while tables and chairs extend beneath awnings. Cars line the street and pedestrians move through the area. The monochrome presentation emphasizes geometry, shadows.","A black-and-white street scene shows a sidewalk café or restaurant with outdoor seating positioned beside a busy road. Bicycles are parked nearby while tables and chairs extend beneath awnings. Cars line the street and pedestrians move through the area. The monochrome presentation emphasizes geometry, shadows.",/Users/yixiaoz/Desktop/cs348k_proj/outputs/controlNetScale/controlnet_canny/cfg_7p5_control_1p5/000000074058/target.png,/Users/yixiaoz/Desktop/cs348k_proj/outputs/controlNetScale/controlnet_canny/cfg_7p5_control_1p5/000000074058/canny.png,/Users/yixiaoz/Desktop/cs348k_proj/outputs/controlNetScale/controlnet_canny/cfg_7p5_control_1p5/000000074058/generated.png,dense_text_plus_canny,5,7.5,1.5,20,0.4023,0.2123,29.7991
69356,An Indian woman stands in front of a man selling his fruit,"A fruit vendor stands beside a colorful outdoor market stall filled with oranges, bananas, and other produce. A woman stands nearby while additional people move through the area. Trees and buildings line the background, suggesting a neighborhood street market. The image highlights small-scale commerce, local.","A fruit vendor stands beside a colorful outdoor market stall filled with oranges, bananas, and other produce. A woman stands nearby while additional people move through the area. Trees and buildings line the background, suggesting a neighborhood street market. The image highlights small-scale commerce, local.",/Users/yixiaoz/Desktop/cs348k_proj/outputs/controlNetScale/controlnet_canny/cfg_7p5_control_1p5/000000069356/target.png,/Users/yixiaoz/Desktop/cs348k_proj/outputs/controlNetScale/controlnet_canny/cfg_7p5_control_1p5/000000069356/canny.png,/Users/yixiaoz/Desktop/cs348k_proj/outputs/controlNetScale/controlnet_canny/cfg_7p5_control_1p5/000000069356/generated.png,dense_text_plus_canny,5,7.5,1.5,20,0.4919,0.2655,33.8197
57232,A chair is fashioned from baseball bats and two cushions.,"A chair has been creatively constructed from baseball bats and cushioned seating materials, transforming sporting equipment into functional furniture. Additional decorative items, including a globe and various objects, surround the unusual piece. The craftsmanship demonstrates artistic repurposing and design innovation. The image highlights the intersection.","A chair has been creatively constructed from baseball bats and cushioned seating materials, transforming sporting equipment into functional furniture. Additional decorative items, including a globe and various objects, surround the unusual piece. The craftsmanship demonstrates artistic repurposing and design innovation. The image highlights the intersection.",/Users/yixiaoz/Desktop/cs348k_proj/outputs/controlNetScale/controlnet_canny/cfg_7p5_control_1p5/000000057232/target.png,/Users/yixiaoz/Desktop/cs348k_proj/outputs/controlNetScale/controlnet_canny/cfg_7p5_control_1p5/000000057232/canny.png,/Users/yixiaoz/Desktop/cs348k_proj/outputs/controlNetScale/controlnet_canny/cfg_7p5_control_1p5/000000057232/generated.png,dense_text_plus_canny,5,7.5,1.5,20,0.4413,0.2534,34.0502
5193,A group of people pose for a picture while a man holds two surfboards.,"A group of people gathers indoors for a photograph while one individual holds two colorful surfboards upright. Several children and adults pose together, smiling toward the camera. The surfboards act as focal points, suggesting a beach, surfing, or recreational theme. The image captures a celebratory.","A group of people gathers indoors for a photograph while one individual holds two colorful surfboards upright. Several children and adults pose together, smiling toward the camera. The surfboards act as focal points, suggesting a beach, surfing, or recreational theme. The image captures a celebratory.",/Users/yixiaoz/Desktop/cs348k_proj/outputs/controlNetScale/controlnet_canny/cfg_7p5_control_1p5/000000005193/target.png,/Users/yixiaoz/Desktop/cs348k_proj/outputs/controlNetScale/controlnet_canny/cfg_7p5_control_1p5/000000005193/canny.png,/Users/yixiaoz/Desktop/cs348k_proj/outputs/controlNetScale/controlnet_canny/cfg_7p5_control_1p5/000000005193/generated.png,dense_text_plus_canny,5,7.5,1.5,20,0.5593,0.3576,37.9859
94751,A traffic light and a signpost at a crossroads intersection near a waterway.,"Traffic lights and road signs stand at an intersection near a waterfront area. Fences, streets, and utility structures define the urban landscape while water and distant infrastructure appear in the background. The scene focuses on transportation systems and traffic management rather than people. The image.","Traffic lights and road signs stand at an intersection near a waterfront area. Fences, streets, and utility structures define the urban landscape while water and distant infrastructure appear in the background. The scene focuses on transportation systems and traffic management rather than people. The image.",/Users/yixiaoz/Desktop/cs348k_proj/outputs/controlNetScale/controlnet_canny/cfg_7p5_control_1p5/000000094751/target.png,/Users/yixiaoz/Desktop/cs348k_proj/outputs/controlNetScale/controlnet_canny/cfg_7p5_control_1p5/000000094751/canny.png,/Users/yixiaoz/Desktop/cs348k_proj/outputs/controlNetScale/controlnet_canny/cfg_7p5_control_1p5/000000094751/generated.png,dense_text_plus_canny,5,7.5,1.5,20,0.6068,0.456,30.6023
13546,Young man on skate board balancing on concrete barrier near sidewalk with small park area near by.,"A skateboarder balances on a concrete structure within a small park while performing a trick. The rider’s posture demonstrates concentration and control as wheels contact the edge of the obstacle. Grass, pathways, and recreational facilities surround the scene. The image captures motion and athletic skill.","A skateboarder balances on a concrete structure within a small park while performing a trick. The rider’s posture demonstrates concentration and control as wheels contact the edge of the obstacle. Grass, pathways, and recreational facilities surround the scene. The image captures motion and athletic skill.",/Users/yixiaoz/Desktop/cs348k_proj/outputs/controlNetScale/controlnet_canny/cfg_7p5_control_1p5/000000013546/target.png,/Users/yixiaoz/Desktop/cs348k_proj/outputs/controlNetScale/controlnet_canny/cfg_7p5_control_1p5/000000013546/canny.png,/Users/yixiaoz/Desktop/cs348k_proj/outputs/controlNetScale/controlnet_canny/cfg_7p5_control_1p5/000000013546/generated.png,dense_text_plus_canny,5,7.5,1.5,20,0.4429,0.2914,30.1028
112378,A bunch of bananas on a wooden bench with hammocks in the background.,"A bunch of bananas rests on a wooden bench in an outdoor setting where hammocks and tropical vegetation appear in the background. The fruit is arranged casually, creating a simple still-life composition. Natural lighting and greenery contribute to a relaxed atmosphere. The image highlights everyday.","A bunch of bananas rests on a wooden bench in an outdoor setting where hammocks and tropical vegetation appear in the background. The fruit is arranged casually, creating a simple still-life composition. Natural lighting and greenery contribute to a relaxed atmosphere. The image highlights everyday.",/Users/yixiaoz/Desktop/cs348k_proj/outputs/controlNetScale/controlnet_canny/cfg_7p5_control_1p5/000000112378/target.png,/Users/yixiaoz/Desktop/cs348k_proj/outputs/controlNetScale/controlnet_canny/cfg_7p5_control_1p5/000000112378/canny.png,/Users/yixiaoz/Desktop/cs348k_proj/outputs/controlNetScale/controlnet_canny/cfg_7p5_control_1p5/000000112378/generated.png,dense_text_plus_canny,5,7.5,1.5,20,0.5017,0.3416,36.4558
57672,a river.A group of people with life jacket rowing a long boat in,"A long rowing boat moves across a calm river while a coordinated team of rowers wearing life jackets paddles together. Their synchronized effort propels the vessel through the water as spectators and shoreline features remain visible in the distance. The image highlights teamwork, endurance, and.","A long rowing boat moves across a calm river while a coordinated team of rowers wearing life jackets paddles together. Their synchronized effort propels the vessel through the water as spectators and shoreline features remain visible in the distance. The image highlights teamwork, endurance, and.",/Users/yixiaoz/Desktop/cs348k_proj/outputs/controlNetScale/controlnet_canny/cfg_7p5_control_1p5/000000057672/target.png,/Users/yixiaoz/Desktop/cs348k_proj/outputs/controlNetScale/controlnet_canny/cfg_7p5_control_1p5/000000057672/canny.png,/Users/yixiaoz/Desktop/cs348k_proj/outputs/controlNetScale/controlnet_canny/cfg_7p5_control_1p5/000000057672/generated.png,dense_text_plus_canny,5,7.5,1.5,20,0.4645,0.3965,32.4113
19432,He's almost got this tennis ball at the end of his racket.,"A tennis player focuses intensely on a ball approaching the racket during a match on a professional court. Stadium seating and fencing create the backdrop while the athlete prepares to make contact. The composition freezes a precise moment that requires timing, concentration, and technical skill.","A tennis player focuses intensely on a ball approaching the racket during a match on a professional court. Stadium seating and fencing create the backdrop while the athlete prepares to make contact. The composition freezes a precise moment that requires timing, concentration, and technical skill.",/Users/yixiaoz/Desktop/cs348k_proj/outputs/controlNetScale/controlnet_canny/cfg_7p5_control_1p5/000000019432/target.png,/Users/yixiaoz/Desktop/cs348k_proj/outputs/controlNetScale/controlnet_canny/cfg_7p5_control_1p5/000000019432/canny.png,/Users/yixiaoz/Desktop/cs348k_proj/outputs/controlNetScale/controlnet_canny/cfg_7p5_control_1p5/000000019432/generated.png,dense_text_plus_canny,5,7.5,1.5,20,0.4427,0.2571,32.6949
73702,A couple of guys standingoutside in the sun talking to each other.,"Several people stand together outdoors near a transportation or public-service area while engaged in conversation. Some individuals carry bags or wear protective clothing, suggesting travel, work, or transit-related activities. The scene appears candid and documentary in nature, focusing on social interaction rather than posed photography.","Several people stand together outdoors near a transportation or public-service area while engaged in conversation. Some individuals carry bags or wear protective clothing, suggesting travel, work, or transit-related activities. The scene appears candid and documentary in nature, focusing on social interaction rather than posed photography.",/Users/yixiaoz/Desktop/cs348k_proj/outputs/controlNetScale/controlnet_canny/cfg_7p5_control_1p5/000000073702/target.png,/Users/yixiaoz/Desktop/cs348k_proj/outputs/controlNetScale/controlnet_canny/cfg_7p5_control_1p5/000000073702/canny.png,/Users/yixiaoz/Desktop/cs348k_proj/outputs/controlNetScale/controlnet_canny/cfg_7p5_control_1p5/000000073702/generated.png,dense_text_plus_canny,5,7.5,1.5,20,0.4245,0.3979,29.6675
84241,Three women cooking in a professional kitchen together.,"Three women work together inside a professional kitchen while preparing food. Large bowls of vegetables, cookware, and stainless-steel surfaces surround them as they coordinate meal preparation. The environment suggests a restaurant, catering operation, or culinary training setting. The image highlights teamwork, food service, and culinary.","Three women work together inside a professional kitchen while preparing food. Large bowls of vegetables, cookware, and stainless-steel surfaces surround them as they coordinate meal preparation. The environment suggests a restaurant, catering operation, or culinary training setting. The image highlights teamwork, food service, and culinary.",/Users/yixiaoz/Desktop/cs348k_proj/outputs/controlNetScale/controlnet_canny/cfg_7p5_control_1p5/000000084241/target.png,/Users/yixiaoz/Desktop/cs348k_proj/outputs/controlNetScale/controlnet_canny/cfg_7p5_control_1p5/000000084241/canny.png,/Users/yixiaoz/Desktop/cs348k_proj/outputs/controlNetScale/controlnet_canny/cfg_7p5_control_1p5/000000084241/generated.png,dense_text_plus_canny,5,7.5,1.5,20,0.5108,0.3614,36.5078
34417,Donuts traveling down an assembly line in a factory while people work behind it.,"Donuts move along a production line inside a bakery or food-processing facility while workers supervise operations in the background. Conveyors, trays, and industrial equipment are visible throughout the workspace. The image illustrates large-scale food production and the systems used to manufacture baked goods efficiently. It.","Donuts move along a production line inside a bakery or food-processing facility while workers supervise operations in the background. Conveyors, trays, and industrial equipment are visible throughout the workspace. The image illustrates large-scale food production and the systems used to manufacture baked goods efficiently. It.",/Users/yixiaoz/Desktop/cs348k_proj/outputs/controlNetScale/controlnet_canny/cfg_7p5_control_1p5/000000034417/target.png,/Users/yixiaoz/Desktop/cs348k_proj/outputs/controlNetScale/controlnet_canny/cfg_7p5_control_1p5/000000034417/canny.png,/Users/yixiaoz/Desktop/cs348k_proj/outputs/controlNetScale/controlnet_canny/cfg_7p5_control_1p5/000000034417/generated.png,dense_text_plus_canny,5,7.5,1.5,20,0.4732,0.3236,36.4082
25181,A train station with an awning is depicted with a train on the right platform.,"A train station platform extends into the distance beneath a large canopy, creating strong lines and symmetry throughout the composition. A train sits along one side of the platform while signs and architectural details reinforce the sense of order. The black-and-white presentation emphasizes structure and.","A train station platform extends into the distance beneath a large canopy, creating strong lines and symmetry throughout the composition. A train sits along one side of the platform while signs and architectural details reinforce the sense of order. The black-and-white presentation emphasizes structure and.",/Users/yixiaoz/Desktop/cs348k_proj/outputs/controlNetScale/controlnet_canny/cfg_7p5_control_1p5/000000025181/target.png,/Users/yixiaoz/Desktop/cs348k_proj/outputs/controlNetScale/controlnet_canny/cfg_7p5_control_1p5/000000025181/canny.png,/Users/yixiaoz/Desktop/cs348k_proj/outputs/controlNetScale/controlnet_canny/cfg_7p5_control_1p5/000000025181/generated.png,dense_text_plus_canny,5,7.5,1.5,20,0.3644,0.229,34.762
67213,"A dog jumping through the air above a pool of water that has been marked for distance, with people watching in the distance.","A dog leaps high above a pool during a dock-diving competition while spectators watch from behind barriers. The animal is captured midair, demonstrating athletic ability, speed, and confidence. Water, measuring equipment, and event organizers suggest a structured sporting competition. The image highlights the bond between.","A dog leaps high above a pool during a dock-diving competition while spectators watch from behind barriers. The animal is captured midair, demonstrating athletic ability, speed, and confidence. Water, measuring equipment, and event organizers suggest a structured sporting competition. The image highlights the bond between.",/Users/yixiaoz/Desktop/cs348k_proj/outputs/controlNetScale/controlnet_canny/cfg_7p5_control_1p5/000000067213/target.png,/Users/yixiaoz/Desktop/cs348k_proj/outputs/controlNetScale/controlnet_canny/cfg_7p5_control_1p5/000000067213/canny.png,/Users/yixiaoz/Desktop/cs348k_proj/outputs/controlNetScale/controlnet_canny/cfg_7p5_control_1p5/000000067213/generated.png,dense_text_plus_canny,5,7.5,1.5,20,0.5378,0.4502,37.5696
94871,A group of people standing around sheep on a field.,"Several sheep stand together in a field while people gather nearby. Different breeds and wool colors create visual variety across the scene. The setting resembles an agricultural fair, livestock exhibition, or rural community event where animals are displayed and evaluated. The image highlights farming culture.","Several sheep stand together in a field while people gather nearby. Different breeds and wool colors create visual variety across the scene. The setting resembles an agricultural fair, livestock exhibition, or rural community event where animals are displayed and evaluated. The image highlights farming culture.",/Users/yixiaoz/Desktop/cs348k_proj/outputs/controlNetScale/controlnet_canny/cfg_7p5_control_1p5/000000094871/target.png,/Users/yixiaoz/Desktop/cs348k_proj/outputs/controlNetScale/controlnet_canny/cfg_7p5_control_1p5/000000094871/canny.png,/Users/yixiaoz/Desktop/cs348k_proj/outputs/controlNetScale/controlnet_canny/cfg_7p5_control_1p5/000000094871/generated.png,dense_text_plus_canny,5,7.5,1.5,20,0.5084,0.3477,31.5779
2685,A crowd of people stand near a man behind a bar with wine bottles on it.,"Several people are gathered around a wooden bar counter inside a restaurant, tasting room, or social event space. A man stands behind the counter near shelves filled with wine bottles while customers stand close together and talk in small groups. The room appears warmly lit.","Several people are gathered around a wooden bar counter inside a restaurant, tasting room, or social event space. A man stands behind the counter near shelves filled with wine bottles while customers stand close together and talk in small groups. The room appears warmly lit.",/Users/yixiaoz/Desktop/cs348k_proj/outputs/controlNetScale/controlnet_canny/cfg_7p5_control_2p0/000000002685/target.png,/Users/yixiaoz/Desktop/cs348k_proj/outputs/controlNetScale/controlnet_canny/cfg_7p5_control_2p0/000000002685/canny.png,/Users/yixiaoz/Desktop/cs348k_proj/outputs/controlNetScale/controlnet_canny/cfg_7p5_control_2p0/000000002685/generated.png,dense_text_plus_canny,5,7.5,2.0,20,0.5047,0.3369,29.0155
6763,A man and a women posing next to one another in front of a table.,"A man and a woman sit close together at a table inside a dimly lit restaurant or bar. The man wears a dress shirt and tie and has his arm around the smiling woman beside him. Plates, utensils, and drinks are visible on the table.","A man and a woman sit close together at a table inside a dimly lit restaurant or bar. The man wears a dress shirt and tie and has his arm around the smiling woman beside him. Plates, utensils, and drinks are visible on the table.",/Users/yixiaoz/Desktop/cs348k_proj/outputs/controlNetScale/controlnet_canny/cfg_7p5_control_2p0/000000006763/target.png,/Users/yixiaoz/Desktop/cs348k_proj/outputs/controlNetScale/controlnet_canny/cfg_7p5_control_2p0/000000006763/canny.png,/Users/yixiaoz/Desktop/cs348k_proj/outputs/controlNetScale/controlnet_canny/cfg_7p5_control_2p0/000000006763/generated.png,dense_text_plus_canny,5,7.5,2.0,20,0.599,0.5981,29.8699
87144,A baby sitting between a lady and a man on a bench under a tree.,"A woman, a young child, and an elderly man sit on a park bench beneath the shade of a tree. The woman sits on the left wearing a patterned dress, the child sits near the center, and the older man sits on the right wearing.","A woman, a young child, and an elderly man sit on a park bench beneath the shade of a tree. The woman sits on the left wearing a patterned dress, the child sits near the center, and the older man sits on the right wearing.",/Users/yixiaoz/Desktop/cs348k_proj/outputs/controlNetScale/controlnet_canny/cfg_7p5_control_2p0/000000087144/target.png,/Users/yixiaoz/Desktop/cs348k_proj/outputs/controlNetScale/controlnet_canny/cfg_7p5_control_2p0/000000087144/canny.png,/Users/yixiaoz/Desktop/cs348k_proj/outputs/controlNetScale/controlnet_canny/cfg_7p5_control_2p0/000000087144/generated.png,dense_text_plus_canny,5,7.5,2.0,20,0.4895,0.4494,33.8708
2157,A table topped with a cake covered in berries next to a plate of sandwiches.,"A table covered with a red tablecloth is arranged with desserts and party food in an outdoor or bright dining setting. A large cake topped with blueberries and raspberries sits near the front beside plates of sandwiches, bread, grapes, wine glasses, napkins, and stacked dishes.","A table covered with a red tablecloth is arranged with desserts and party food in an outdoor or bright dining setting. A large cake topped with blueberries and raspberries sits near the front beside plates of sandwiches, bread, grapes, wine glasses, napkins, and stacked dishes.",/Users/yixiaoz/Desktop/cs348k_proj/outputs/controlNetScale/controlnet_canny/cfg_7p5_control_2p0/000000002157/target.png,/Users/yixiaoz/Desktop/cs348k_proj/outputs/controlNetScale/controlnet_canny/cfg_7p5_control_2p0/000000002157/canny.png,/Users/yixiaoz/Desktop/cs348k_proj/outputs/controlNetScale/controlnet_canny/cfg_7p5_control_2p0/000000002157/generated.png,dense_text_plus_canny,5,7.5,2.0,20,0.5638,0.3892,32.5107
14226,A person is sitting in a chair at a table with a laptop computer.,A man sits alone in a passenger train or railcar while using a laptop computer on a fold-out table in front of him. He wears a jacket and looks downward toward the screen with a focused expression. A large window beside him shows blurred scenery.,A man sits alone in a passenger train or railcar while using a laptop computer on a fold-out table in front of him. He wears a jacket and looks downward toward the screen with a focused expression. A large window beside him shows blurred scenery.,/Users/yixiaoz/Desktop/cs348k_proj/outputs/controlNetScale/controlnet_canny/cfg_7p5_control_2p0/000000014226/target.png,/Users/yixiaoz/Desktop/cs348k_proj/outputs/controlNetScale/controlnet_canny/cfg_7p5_control_2p0/000000014226/canny.png,/Users/yixiaoz/Desktop/cs348k_proj/outputs/controlNetScale/controlnet_canny/cfg_7p5_control_2p0/000000014226/generated.png,dense_text_plus_canny,5,7.5,2.0,20,0.4502,0.3397,35.423
35279,"A man laying his head down next to electronics, a butterfly, and a book.","A cluttered workspace or floor area contains several electronic devices and accessories arranged close together. A laptop displays a simple image on its screen, while a smartphone, cables, speakers, papers, a bottle, and other gadgets sit nearby. Part of a person’s face appears near the.","A cluttered workspace or floor area contains several electronic devices and accessories arranged close together. A laptop displays a simple image on its screen, while a smartphone, cables, speakers, papers, a bottle, and other gadgets sit nearby. Part of a person’s face appears near the.",/Users/yixiaoz/Desktop/cs348k_proj/outputs/controlNetScale/controlnet_canny/cfg_7p5_control_2p0/000000035279/target.png,/Users/yixiaoz/Desktop/cs348k_proj/outputs/controlNetScale/controlnet_canny/cfg_7p5_control_2p0/000000035279/canny.png,/Users/yixiaoz/Desktop/cs348k_proj/outputs/controlNetScale/controlnet_canny/cfg_7p5_control_2p0/000000035279/generated.png,dense_text_plus_canny,5,7.5,2.0,20,0.5013,0.3662,34.1605
31620,A woman in a white dress and a man in gray stand near a cake on a white table under a white canopy.,"Inside a large white event tent, a woman in a white dress and a man in a gray suit stand near a decorated table. The table is covered with a white cloth and appears to hold a cake or centerpiece. Soft light filters through the.","Inside a large white event tent, a woman in a white dress and a man in a gray suit stand near a decorated table. The table is covered with a white cloth and appears to hold a cake or centerpiece. Soft light filters through the.",/Users/yixiaoz/Desktop/cs348k_proj/outputs/controlNetScale/controlnet_canny/cfg_7p5_control_2p0/000000031620/target.png,/Users/yixiaoz/Desktop/cs348k_proj/outputs/controlNetScale/controlnet_canny/cfg_7p5_control_2p0/000000031620/canny.png,/Users/yixiaoz/Desktop/cs348k_proj/outputs/controlNetScale/controlnet_canny/cfg_7p5_control_2p0/000000031620/generated.png,dense_text_plus_canny,5,7.5,2.0,20,0.5578,0.4858,36.3605
95707,Several pastries sitting on aluminum foil next to a bowl with a knife and spatula in it.,"Several pastries and baked goods are arranged on aluminum foil on a table, with a bowl, knife, and spatula placed nearby for serving. The food includes rectangular pieces and a pale frosted or light-colored dessert item, suggesting a dessert spread or homemade baked selection. The.","Several pastries and baked goods are arranged on aluminum foil on a table, with a bowl, knife, and spatula placed nearby for serving. The food includes rectangular pieces and a pale frosted or light-colored dessert item, suggesting a dessert spread or homemade baked selection. The.",/Users/yixiaoz/Desktop/cs348k_proj/outputs/controlNetScale/controlnet_canny/cfg_7p5_control_2p0/000000095707/target.png,/Users/yixiaoz/Desktop/cs348k_proj/outputs/controlNetScale/controlnet_canny/cfg_7p5_control_2p0/000000095707/canny.png,/Users/yixiaoz/Desktop/cs348k_proj/outputs/controlNetScale/controlnet_canny/cfg_7p5_control_2p0/000000095707/generated.png,dense_text_plus_canny,5,7.5,2.0,20,0.542,0.478,32.4785
54605,Milkshake in tall glass and piece of cake on plate near forks.,"A tall milkshake in a glass is topped with whipped cream and placed on a restaurant table beside a slice of layered cake on a white plate. A fork, napkins, and other table items sit nearby, while the background is dim and softly blurred. The.","A tall milkshake in a glass is topped with whipped cream and placed on a restaurant table beside a slice of layered cake on a white plate. A fork, napkins, and other table items sit nearby, while the background is dim and softly blurred. The.",/Users/yixiaoz/Desktop/cs348k_proj/outputs/controlNetScale/controlnet_canny/cfg_7p5_control_2p0/000000054605/target.png,/Users/yixiaoz/Desktop/cs348k_proj/outputs/controlNetScale/controlnet_canny/cfg_7p5_control_2p0/000000054605/canny.png,/Users/yixiaoz/Desktop/cs348k_proj/outputs/controlNetScale/controlnet_canny/cfg_7p5_control_2p0/000000054605/generated.png,dense_text_plus_canny,5,7.5,2.0,20,0.4827,0.2834,33.4062
27620,A laptop sitting on a desk next to a chair and another computer.,"A small home office or study area contains a glass-top desk, a laptop computer, a chair, and additional electronic equipment. The desk is positioned near a wall with windows and blinds, and another chair sits in front of the workspace. Cables, accessories, and a cup.","A small home office or study area contains a glass-top desk, a laptop computer, a chair, and additional electronic equipment. The desk is positioned near a wall with windows and blinds, and another chair sits in front of the workspace. Cables, accessories, and a cup.",/Users/yixiaoz/Desktop/cs348k_proj/outputs/controlNetScale/controlnet_canny/cfg_7p5_control_2p0/000000027620/target.png,/Users/yixiaoz/Desktop/cs348k_proj/outputs/controlNetScale/controlnet_canny/cfg_7p5_control_2p0/000000027620/canny.png,/Users/yixiaoz/Desktop/cs348k_proj/outputs/controlNetScale/controlnet_canny/cfg_7p5_control_2p0/000000027620/generated.png,dense_text_plus_canny,5,7.5,2.0,20,0.384,0.3107,32.5107
66771,Two people sitting at a table with beverages on it and the woman holding her phone.,"Two people sit together at a restaurant table with beverages, cups, and small dishes in front of them. The man smiles while looking toward the woman, and the woman looks down at a smartphone in her hand. The table includes a drink with a straw.","Two people sit together at a restaurant table with beverages, cups, and small dishes in front of them. The man smiles while looking toward the woman, and the woman looks down at a smartphone in her hand. The table includes a drink with a straw.",/Users/yixiaoz/Desktop/cs348k_proj/outputs/controlNetScale/controlnet_canny/cfg_7p5_control_2p0/000000066771/target.png,/Users/yixiaoz/Desktop/cs348k_proj/outputs/controlNetScale/controlnet_canny/cfg_7p5_control_2p0/000000066771/canny.png,/Users/yixiaoz/Desktop/cs348k_proj/outputs/controlNetScale/controlnet_canny/cfg_7p5_control_2p0/000000066771/generated.png,dense_text_plus_canny,5,7.5,2.0,20,0.5239,0.416,34.5405
18575,"Two plates, one with a sandwich and fries, the other with just a sandwich and a pickle.","Two plates of food are served on a restaurant table. One plate contains a sandwich with French fries, while the other plate includes a sandwich and a pickle with sliced vegetables and condiments nearby. Drinks, small containers, and utensils surround the plates, suggesting a casual.","Two plates of food are served on a restaurant table. One plate contains a sandwich with French fries, while the other plate includes a sandwich and a pickle with sliced vegetables and condiments nearby. Drinks, small containers, and utensils surround the plates, suggesting a casual.",/Users/yixiaoz/Desktop/cs348k_proj/outputs/controlNetScale/controlnet_canny/cfg_7p5_control_2p0/000000018575/target.png,/Users/yixiaoz/Desktop/cs348k_proj/outputs/controlNetScale/controlnet_canny/cfg_7p5_control_2p0/000000018575/canny.png,/Users/yixiaoz/Desktop/cs348k_proj/outputs/controlNetScale/controlnet_canny/cfg_7p5_control_2p0/000000018575/generated.png,dense_text_plus_canny,5,7.5,2.0,20,0.4753,0.4132,33.8973
66817,This plate consists of rice with sauce and peas and meat patties on the side.,"A plate of food is photographed from above on a table, containing rice covered with sauce, peas, and several browned meat patties on the side. A cup of yogurt or creamy dessert and a small bowl of fruit sit near the plate, creating a complete.","A plate of food is photographed from above on a table, containing rice covered with sauce, peas, and several browned meat patties on the side. A cup of yogurt or creamy dessert and a small bowl of fruit sit near the plate, creating a complete.",/Users/yixiaoz/Desktop/cs348k_proj/outputs/controlNetScale/controlnet_canny/cfg_7p5_control_2p0/000000066817/target.png,/Users/yixiaoz/Desktop/cs348k_proj/outputs/controlNetScale/controlnet_canny/cfg_7p5_control_2p0/000000066817/canny.png,/Users/yixiaoz/Desktop/cs348k_proj/outputs/controlNetScale/controlnet_canny/cfg_7p5_control_2p0/000000066817/generated.png,dense_text_plus_canny,5,7.5,2.0,20,0.5763,0.4178,28.2893
84674,a girl holds a baby eating a bagel with a boy standing next to them,"A woman sits indoors holding a small child who is eating a bagel or bread roll, while a young boy stands next to them facing the camera. The group appears to be in a restaurant, event space, or public indoor setting, with people and warm.","A woman sits indoors holding a small child who is eating a bagel or bread roll, while a young boy stands next to them facing the camera. The group appears to be in a restaurant, event space, or public indoor setting, with people and warm.",/Users/yixiaoz/Desktop/cs348k_proj/outputs/controlNetScale/controlnet_canny/cfg_7p5_control_2p0/000000084674/target.png,/Users/yixiaoz/Desktop/cs348k_proj/outputs/controlNetScale/controlnet_canny/cfg_7p5_control_2p0/000000084674/canny.png,/Users/yixiaoz/Desktop/cs348k_proj/outputs/controlNetScale/controlnet_canny/cfg_7p5_control_2p0/000000084674/generated.png,dense_text_plus_canny,5,7.5,2.0,20,0.5522,0.3931,30.4575
47112,A pizza served on a white plate next to empty wine glass and beer.,"A freshly baked pizza sits on a white plate on a restaurant table, with a glass of beer and an empty wine glass positioned behind it. The pizza has visible cheese and toppings, and the background contains tables, chairs, and restaurant décor. The low angle.","A freshly baked pizza sits on a white plate on a restaurant table, with a glass of beer and an empty wine glass positioned behind it. The pizza has visible cheese and toppings, and the background contains tables, chairs, and restaurant décor. The low angle.",/Users/yixiaoz/Desktop/cs348k_proj/outputs/controlNetScale/controlnet_canny/cfg_7p5_control_2p0/000000047112/target.png,/Users/yixiaoz/Desktop/cs348k_proj/outputs/controlNetScale/controlnet_canny/cfg_7p5_control_2p0/000000047112/canny.png,/Users/yixiaoz/Desktop/cs348k_proj/outputs/controlNetScale/controlnet_canny/cfg_7p5_control_2p0/000000047112/generated.png,dense_text_plus_canny,5,7.5,2.0,20,0.5358,0.3259,33.6218
59598,"A table with a laptop a plate with a muffin and a banana, a can and a cellphone.","An open laptop sits on a table in a classroom, meeting room, or conference setting. Nearby are a plate with a muffin and banana, a soda can, a mobile phone, and other small items. In the background, a presentation screen or projector area is visible.","An open laptop sits on a table in a classroom, meeting room, or conference setting. Nearby are a plate with a muffin and banana, a soda can, a mobile phone, and other small items. In the background, a presentation screen or projector area is visible.",/Users/yixiaoz/Desktop/cs348k_proj/outputs/controlNetScale/controlnet_canny/cfg_7p5_control_2p0/000000059598/target.png,/Users/yixiaoz/Desktop/cs348k_proj/outputs/controlNetScale/controlnet_canny/cfg_7p5_control_2p0/000000059598/canny.png,/Users/yixiaoz/Desktop/cs348k_proj/outputs/controlNetScale/controlnet_canny/cfg_7p5_control_2p0/000000059598/generated.png,dense_text_plus_canny,5,7.5,2.0,20,0.4114,0.3424,32.0566
91779,Three hot dogs with different toppings lined up on a tabletop.,"Three hot dogs with different toppings are arranged side by side on a tray or tabletop. One appears topped with sauce or chili, another with bright red peppers, and the surrounding area contains side dishes, cups, and food wrappers. The close-up composition highlights the variety.","Three hot dogs with different toppings are arranged side by side on a tray or tabletop. One appears topped with sauce or chili, another with bright red peppers, and the surrounding area contains side dishes, cups, and food wrappers. The close-up composition highlights the variety.",/Users/yixiaoz/Desktop/cs348k_proj/outputs/controlNetScale/controlnet_canny/cfg_7p5_control_2p0/000000091779/target.png,/Users/yixiaoz/Desktop/cs348k_proj/outputs/controlNetScale/controlnet_canny/cfg_7p5_control_2p0/000000091779/canny.png,/Users/yixiaoz/Desktop/cs348k_proj/outputs/controlNetScale/controlnet_canny/cfg_7p5_control_2p0/000000091779/generated.png,dense_text_plus_canny,5,7.5,2.0,20,0.5561,0.4335,34.4304
22892,"A cat sitting on a table next to plants and a dog outside of a sliding glass door, looking in.","A gray cat sits indoors on a table beside potted plants near a sliding glass door, while a dog stands outside looking in through the glass. The cat faces downward toward the plants, and the dog is visible beyond the door on a balcony or.","A gray cat sits indoors on a table beside potted plants near a sliding glass door, while a dog stands outside looking in through the glass. The cat faces downward toward the plants, and the dog is visible beyond the door on a balcony or.",/Users/yixiaoz/Desktop/cs348k_proj/outputs/controlNetScale/controlnet_canny/cfg_7p5_control_2p0/000000022892/target.png,/Users/yixiaoz/Desktop/cs348k_proj/outputs/controlNetScale/controlnet_canny/cfg_7p5_control_2p0/000000022892/canny.png,/Users/yixiaoz/Desktop/cs348k_proj/outputs/controlNetScale/controlnet_canny/cfg_7p5_control_2p0/000000022892/generated.png,dense_text_plus_canny,5,7.5,2.0,20,0.5188,0.4094,33.3739
97337,This is a nice living room set up with two couches and a television.,"A cozy living room contains two couches arranged around a coffee table facing a television. The television displays a map or graphic image, while lamps, curtains, and decorative furniture create a warm indoor atmosphere. The room appears tidy and comfortable, with soft lighting and a.","A cozy living room contains two couches arranged around a coffee table facing a television. The television displays a map or graphic image, while lamps, curtains, and decorative furniture create a warm indoor atmosphere. The room appears tidy and comfortable, with soft lighting and a.",/Users/yixiaoz/Desktop/cs348k_proj/outputs/controlNetScale/controlnet_canny/cfg_7p5_control_2p0/000000097337/target.png,/Users/yixiaoz/Desktop/cs348k_proj/outputs/controlNetScale/controlnet_canny/cfg_7p5_control_2p0/000000097337/canny.png,/Users/yixiaoz/Desktop/cs348k_proj/outputs/controlNetScale/controlnet_canny/cfg_7p5_control_2p0/000000097337/generated.png,dense_text_plus_canny,5,7.5,2.0,20,0.4951,0.3856,28.6046
10707,Man with video game controller in living room with onlooker seated nearby.,"Several people gather in a living room around a coffee table covered with drinks, snacks, and small items. One man stands holding a video game controller, while others sit nearby watching or participating. Sofas, warm lighting, and casual clothing create the feeling of a relaxed.","Several people gather in a living room around a coffee table covered with drinks, snacks, and small items. One man stands holding a video game controller, while others sit nearby watching or participating. Sofas, warm lighting, and casual clothing create the feeling of a relaxed.",/Users/yixiaoz/Desktop/cs348k_proj/outputs/controlNetScale/controlnet_canny/cfg_7p5_control_2p0/000000010707/target.png,/Users/yixiaoz/Desktop/cs348k_proj/outputs/controlNetScale/controlnet_canny/cfg_7p5_control_2p0/000000010707/canny.png,/Users/yixiaoz/Desktop/cs348k_proj/outputs/controlNetScale/controlnet_canny/cfg_7p5_control_2p0/000000010707/generated.png,dense_text_plus_canny,5,7.5,2.0,20,0.5609,0.4103,27.8279
65288,A yellow and green object with a brown bird perched on top of it.,"An ornate yellow and green decorative structure sits in the foreground, with a small brown bird perched on its top edge. Behind it, a crowd of people gathers outdoors near tables, chairs, plants, and shaded areas, suggesting a plaza, café, or public gathering space. The.","An ornate yellow and green decorative structure sits in the foreground, with a small brown bird perched on its top edge. Behind it, a crowd of people gathers outdoors near tables, chairs, plants, and shaded areas, suggesting a plaza, café, or public gathering space. The.",/Users/yixiaoz/Desktop/cs348k_proj/outputs/controlNetScale/controlnet_canny/cfg_7p5_control_2p0/000000065288/target.png,/Users/yixiaoz/Desktop/cs348k_proj/outputs/controlNetScale/controlnet_canny/cfg_7p5_control_2p0/000000065288/canny.png,/Users/yixiaoz/Desktop/cs348k_proj/outputs/controlNetScale/controlnet_canny/cfg_7p5_control_2p0/000000065288/generated.png,dense_text_plus_canny,5,7.5,2.0,20,0.54,0.4349,27.6744
116208,"A large pizza is shown on a table, with bottles and glasses of wine.","A large pizza topped with cheese, mushrooms, and other ingredients is placed on a raised stand at the center of a restaurant table. Wine bottles, glasses, plates, utensils, and small dishes surround it, suggesting a shared meal among several diners. The pizza is viewed from.","A large pizza topped with cheese, mushrooms, and other ingredients is placed on a raised stand at the center of a restaurant table. Wine bottles, glasses, plates, utensils, and small dishes surround it, suggesting a shared meal among several diners. The pizza is viewed from.",/Users/yixiaoz/Desktop/cs348k_proj/outputs/controlNetScale/controlnet_canny/cfg_7p5_control_2p0/000000116208/target.png,/Users/yixiaoz/Desktop/cs348k_proj/outputs/controlNetScale/controlnet_canny/cfg_7p5_control_2p0/000000116208/canny.png,/Users/yixiaoz/Desktop/cs348k_proj/outputs/controlNetScale/controlnet_canny/cfg_7p5_control_2p0/000000116208/generated.png,dense_text_plus_canny,5,7.5,2.0,20,0.4944,0.3431,35.6983
74733,two flatbread pieces covered with different ingredients in between a flight of beers,"Two rectangular flatbread dishes topped with different ingredients are served on a wooden board beside a flight of beers. Several small glasses of beer, dipping containers, and additional drinkware are arranged around the food. The warm indoor lighting and tabletop presentation suggest a restaurant, pub.","Two rectangular flatbread dishes topped with different ingredients are served on a wooden board beside a flight of beers. Several small glasses of beer, dipping containers, and additional drinkware are arranged around the food. The warm indoor lighting and tabletop presentation suggest a restaurant, pub.",/Users/yixiaoz/Desktop/cs348k_proj/outputs/controlNetScale/controlnet_canny/cfg_7p5_control_2p0/000000074733/target.png,/Users/yixiaoz/Desktop/cs348k_proj/outputs/controlNetScale/controlnet_canny/cfg_7p5_control_2p0/000000074733/canny.png,/Users/yixiaoz/Desktop/cs348k_proj/outputs/controlNetScale/controlnet_canny/cfg_7p5_control_2p0/000000074733/generated.png,dense_text_plus_canny,5,7.5,2.0,20,0.4806,0.2864,34.2405
114907,"A woman holding a milking attachment and standing in front of a cow, with a group of people in the audience.","A woman stands beside a large dairy cow while demonstrating or holding a milking attachment in front of a seated audience. The cow is positioned behind a metal barrier, and many people watch attentively from the foreground. The scene appears to be part of an.","A woman stands beside a large dairy cow while demonstrating or holding a milking attachment in front of a seated audience. The cow is positioned behind a metal barrier, and many people watch attentively from the foreground. The scene appears to be part of an.",/Users/yixiaoz/Desktop/cs348k_proj/outputs/controlNetScale/controlnet_canny/cfg_7p5_control_2p0/000000114907/target.png,/Users/yixiaoz/Desktop/cs348k_proj/outputs/controlNetScale/controlnet_canny/cfg_7p5_control_2p0/000000114907/canny.png,/Users/yixiaoz/Desktop/cs348k_proj/outputs/controlNetScale/controlnet_canny/cfg_7p5_control_2p0/000000114907/generated.png,dense_text_plus_canny,5,7.5,2.0,20,0.5069,0.526,27.0471
61333,The caramel-colored kitten is  lying on the small blanket on top of the unmade bed.,"An orange tabby kitten lies curled up on a small blanket placed on top of an unmade bed. The cat appears relaxed and sleepy, with its body tucked close and its head resting near the blanket. A bookshelf filled with books lines the background, adding.","An orange tabby kitten lies curled up on a small blanket placed on top of an unmade bed. The cat appears relaxed and sleepy, with its body tucked close and its head resting near the blanket. A bookshelf filled with books lines the background, adding.",/Users/yixiaoz/Desktop/cs348k_proj/outputs/controlNetScale/controlnet_canny/cfg_7p5_control_2p0/000000061333/target.png,/Users/yixiaoz/Desktop/cs348k_proj/outputs/controlNetScale/controlnet_canny/cfg_7p5_control_2p0/000000061333/canny.png,/Users/yixiaoz/Desktop/cs348k_proj/outputs/controlNetScale/controlnet_canny/cfg_7p5_control_2p0/000000061333/generated.png,dense_text_plus_canny,5,7.5,2.0,20,0.5553,0.3323,37.1342
18837,A large truck on a city street with two works sitting on top and one worker climbing in through door.,"A large green utility truck is parked on a city street while workers perform maintenance tasks around it. One worker appears to be on top of the vehicle, and another is climbing into or standing near the door. Cars, buildings, traffic signs, and urban infrastructure.","A large green utility truck is parked on a city street while workers perform maintenance tasks around it. One worker appears to be on top of the vehicle, and another is climbing into or standing near the door. Cars, buildings, traffic signs, and urban infrastructure.",/Users/yixiaoz/Desktop/cs348k_proj/outputs/controlNetScale/controlnet_canny/cfg_7p5_control_2p0/000000018837/target.png,/Users/yixiaoz/Desktop/cs348k_proj/outputs/controlNetScale/controlnet_canny/cfg_7p5_control_2p0/000000018837/canny.png,/Users/yixiaoz/Desktop/cs348k_proj/outputs/controlNetScale/controlnet_canny/cfg_7p5_control_2p0/000000018837/generated.png,dense_text_plus_canny,5,7.5,2.0,20,0.456,0.2824,36.5132
9914,"A sandwich, french fries, bowl of ketchup, onion slice, lettuce slice, tomato slice, and knife sit on the white plate.","A sandwich meal is served on a white plate with French fries, a small bowl of ketchup, sliced onion, tomato, lettuce, and a knife. The sandwich bun is topped with sesame seeds, and the fries are piled beside it. The close-up view focuses on the.","A sandwich meal is served on a white plate with French fries, a small bowl of ketchup, sliced onion, tomato, lettuce, and a knife. The sandwich bun is topped with sesame seeds, and the fries are piled beside it. The close-up view focuses on the.",/Users/yixiaoz/Desktop/cs348k_proj/outputs/controlNetScale/controlnet_canny/cfg_7p5_control_2p0/000000009914/target.png,/Users/yixiaoz/Desktop/cs348k_proj/outputs/controlNetScale/controlnet_canny/cfg_7p5_control_2p0/000000009914/canny.png,/Users/yixiaoz/Desktop/cs348k_proj/outputs/controlNetScale/controlnet_canny/cfg_7p5_control_2p0/000000009914/generated.png,dense_text_plus_canny,5,7.5,2.0,20,0.5583,0.4353,22.7696
39477,A beach towel covers a TV across from plants on the wall and in front of the window.,"A compact living room features a couch facing a television, with several plants placed near the window and on the wall. Natural light enters through a large curtained window, brightening the small room. A low table, rug, wall decorations, and shelving create a tidy residential.","A compact living room features a couch facing a television, with several plants placed near the window and on the wall. Natural light enters through a large curtained window, brightening the small room. A low table, rug, wall decorations, and shelving create a tidy residential.",/Users/yixiaoz/Desktop/cs348k_proj/outputs/controlNetScale/controlnet_canny/cfg_7p5_control_2p0/000000039477/target.png,/Users/yixiaoz/Desktop/cs348k_proj/outputs/controlNetScale/controlnet_canny/cfg_7p5_control_2p0/000000039477/canny.png,/Users/yixiaoz/Desktop/cs348k_proj/outputs/controlNetScale/controlnet_canny/cfg_7p5_control_2p0/000000039477/generated.png,dense_text_plus_canny,5,7.5,2.0,20,0.4469,0.3511,28.1393
61108,A blue bicycle with a puppy in its basket is parked next to the bleacher steps.,"A blue bicycle is parked beside outdoor bleacher steps, with a small puppy sitting inside a basket attached to the front. The bicycle rests near concrete steps and railings, suggesting a sports field, park, or recreational area. The puppy sits securely in the basket and.","A blue bicycle is parked beside outdoor bleacher steps, with a small puppy sitting inside a basket attached to the front. The bicycle rests near concrete steps and railings, suggesting a sports field, park, or recreational area. The puppy sits securely in the basket and.",/Users/yixiaoz/Desktop/cs348k_proj/outputs/controlNetScale/controlnet_canny/cfg_7p5_control_2p0/000000061108/target.png,/Users/yixiaoz/Desktop/cs348k_proj/outputs/controlNetScale/controlnet_canny/cfg_7p5_control_2p0/000000061108/canny.png,/Users/yixiaoz/Desktop/cs348k_proj/outputs/controlNetScale/controlnet_canny/cfg_7p5_control_2p0/000000061108/generated.png,dense_text_plus_canny,5,7.5,2.0,20,0.4282,0.377,36.303
91615,"A kitchen has light wooden colored cabinetry, beige countertops, and stainless steel appliances in an open concept house.","A clean modern kitchen features light wooden cabinets, beige countertops, stainless steel appliances, and a sink built into a central counter area. A microwave, oven, refrigerator, dishwasher, and decorative flowers are visible throughout the room. The space appears bright, organized, and open, with neutral colors.","A clean modern kitchen features light wooden cabinets, beige countertops, stainless steel appliances, and a sink built into a central counter area. A microwave, oven, refrigerator, dishwasher, and decorative flowers are visible throughout the room. The space appears bright, organized, and open, with neutral colors.",/Users/yixiaoz/Desktop/cs348k_proj/outputs/controlNetScale/controlnet_canny/cfg_7p5_control_2p0/000000091615/target.png,/Users/yixiaoz/Desktop/cs348k_proj/outputs/controlNetScale/controlnet_canny/cfg_7p5_control_2p0/000000091615/canny.png,/Users/yixiaoz/Desktop/cs348k_proj/outputs/controlNetScale/controlnet_canny/cfg_7p5_control_2p0/000000091615/generated.png,dense_text_plus_canny,5,7.5,2.0,20,0.4513,0.3063,30.8239
77396,A cat being lazy and a cat being nozy in a living room with tv and a laptop displaying the same things.,"Two cats are in a living room facing a television and a laptop displaying similar imagery. One cat stands upright near the television, appearing curious about the screen, while another cat lies on the floor nearby. The room contains a TV stand, small table, and.","Two cats are in a living room facing a television and a laptop displaying similar imagery. One cat stands upright near the television, appearing curious about the screen, while another cat lies on the floor nearby. The room contains a TV stand, small table, and.",/Users/yixiaoz/Desktop/cs348k_proj/outputs/controlNetScale/controlnet_canny/cfg_7p5_control_2p0/000000077396/target.png,/Users/yixiaoz/Desktop/cs348k_proj/outputs/controlNetScale/controlnet_canny/cfg_7p5_control_2p0/000000077396/canny.png,/Users/yixiaoz/Desktop/cs348k_proj/outputs/controlNetScale/controlnet_canny/cfg_7p5_control_2p0/000000077396/generated.png,dense_text_plus_canny,5,7.5,2.0,20,0.3831,0.2371,35.3371
119233,A cat sprawled out over the top of a laptop computer keyboard.,"A black-and-white cat sprawls across the keyboard area of an open laptop on a wooden desk or counter. The cat lies comfortably with its body stretched over the computer, partially blocking the screen and keyboard. Various household objects, office supplies, and plants are visible around.","A black-and-white cat sprawls across the keyboard area of an open laptop on a wooden desk or counter. The cat lies comfortably with its body stretched over the computer, partially blocking the screen and keyboard. Various household objects, office supplies, and plants are visible around.",/Users/yixiaoz/Desktop/cs348k_proj/outputs/controlNetScale/controlnet_canny/cfg_7p5_control_2p0/000000119233/target.png,/Users/yixiaoz/Desktop/cs348k_proj/outputs/controlNetScale/controlnet_canny/cfg_7p5_control_2p0/000000119233/canny.png,/Users/yixiaoz/Desktop/cs348k_proj/outputs/controlNetScale/controlnet_canny/cfg_7p5_control_2p0/000000119233/generated.png,dense_text_plus_canny,5,7.5,2.0,20,0.5262,0.2391,34.6925
2431,"A table with a plate, wine-filled glass, and bread, among other items","A restaurant table is set with a plate, a wine-filled glass, bread, napkins, utensils, and other dining items. The objects are arranged closely together on a wooden surface, suggesting an ongoing or prepared meal. The image is framed from above and at a slight angle.","A restaurant table is set with a plate, a wine-filled glass, bread, napkins, utensils, and other dining items. The objects are arranged closely together on a wooden surface, suggesting an ongoing or prepared meal. The image is framed from above and at a slight angle.",/Users/yixiaoz/Desktop/cs348k_proj/outputs/controlNetScale/controlnet_canny/cfg_7p5_control_2p0/000000002431/target.png,/Users/yixiaoz/Desktop/cs348k_proj/outputs/controlNetScale/controlnet_canny/cfg_7p5_control_2p0/000000002431/canny.png,/Users/yixiaoz/Desktop/cs348k_proj/outputs/controlNetScale/controlnet_canny/cfg_7p5_control_2p0/000000002431/generated.png,dense_text_plus_canny,5,7.5,2.0,20,0.4554,0.4513,30.7238
56344,"Looking down at a desktop with two monitors, a key board, mouse and cell phones on it.","A desk workstation contains two large computer monitors positioned side by side, along with a keyboard, mouse, mobile phones, and several electronic accessories. The screens display different windows or web pages, and cables and devices are spread across the desktop. The space appears dimly lit.","A desk workstation contains two large computer monitors positioned side by side, along with a keyboard, mouse, mobile phones, and several electronic accessories. The screens display different windows or web pages, and cables and devices are spread across the desktop. The space appears dimly lit.",/Users/yixiaoz/Desktop/cs348k_proj/outputs/controlNetScale/controlnet_canny/cfg_7p5_control_2p0/000000056344/target.png,/Users/yixiaoz/Desktop/cs348k_proj/outputs/controlNetScale/controlnet_canny/cfg_7p5_control_2p0/000000056344/canny.png,/Users/yixiaoz/Desktop/cs348k_proj/outputs/controlNetScale/controlnet_canny/cfg_7p5_control_2p0/000000056344/generated.png,dense_text_plus_canny,5,7.5,2.0,20,0.5424,0.4047,33.5959
54628,A tall multi layer cake sitting on top of a blue table cloth.,"A tall multi-layered decorative cake stands on a table covered with a blue tablecloth inside an elegant event venue. The cake is decorated with detailed patterns, flowers, and multiple tiers, making it the centerpiece of the room. Guests, tables, chairs, and chandeliers are visible in.","A tall multi-layered decorative cake stands on a table covered with a blue tablecloth inside an elegant event venue. The cake is decorated with detailed patterns, flowers, and multiple tiers, making it the centerpiece of the room. Guests, tables, chairs, and chandeliers are visible in.",/Users/yixiaoz/Desktop/cs348k_proj/outputs/controlNetScale/controlnet_canny/cfg_7p5_control_2p0/000000054628/target.png,/Users/yixiaoz/Desktop/cs348k_proj/outputs/controlNetScale/controlnet_canny/cfg_7p5_control_2p0/000000054628/canny.png,/Users/yixiaoz/Desktop/cs348k_proj/outputs/controlNetScale/controlnet_canny/cfg_7p5_control_2p0/000000054628/generated.png,dense_text_plus_canny,5,7.5,2.0,20,0.5313,0.3323,30.1348
110999,"A painting of a bowl of fruit sitting in front of another painting,","A framed painting of a bowl of fruit hangs above a table where a real bowl of fruit and decorative objects are arranged below it. The dark background and warm lighting create a still-life atmosphere, connecting the artwork to the physical objects in front of.","A framed painting of a bowl of fruit hangs above a table where a real bowl of fruit and decorative objects are arranged below it. The dark background and warm lighting create a still-life atmosphere, connecting the artwork to the physical objects in front of.",/Users/yixiaoz/Desktop/cs348k_proj/outputs/controlNetScale/controlnet_canny/cfg_7p5_control_2p0/000000110999/target.png,/Users/yixiaoz/Desktop/cs348k_proj/outputs/controlNetScale/controlnet_canny/cfg_7p5_control_2p0/000000110999/canny.png,/Users/yixiaoz/Desktop/cs348k_proj/outputs/controlNetScale/controlnet_canny/cfg_7p5_control_2p0/000000110999/generated.png,dense_text_plus_canny,5,7.5,2.0,20,0.5425,0.4136,38.0205
72795,a group of ball players playing on a field in front of an audience,"Baseball players are positioned on a field during a game while a large audience watches from the stadium seats. The batter stands near home plate, with the catcher and umpire crouched behind him and other players visible on the field. The scene is viewed from.","Baseball players are positioned on a field during a game while a large audience watches from the stadium seats. The batter stands near home plate, with the catcher and umpire crouched behind him and other players visible on the field. The scene is viewed from.",/Users/yixiaoz/Desktop/cs348k_proj/outputs/controlNetScale/controlnet_canny/cfg_7p5_control_2p0/000000072795/target.png,/Users/yixiaoz/Desktop/cs348k_proj/outputs/controlNetScale/controlnet_canny/cfg_7p5_control_2p0/000000072795/canny.png,/Users/yixiaoz/Desktop/cs348k_proj/outputs/controlNetScale/controlnet_canny/cfg_7p5_control_2p0/000000072795/generated.png,dense_text_plus_canny,5,7.5,2.0,20,0.5625,0.3521,30.5237
92091,A little girl is using the toy brush for a chew toy rather than brushing the teddy.,"A young girl wearing a bright pink dress stands inside a cozy room while holding a toy brush near a stuffed teddy bear. The room includes wooden walls, chairs, a television, artwork, and home furnishings. The child appears to be playing pretend, possibly brushing the.","A young girl wearing a bright pink dress stands inside a cozy room while holding a toy brush near a stuffed teddy bear. The room includes wooden walls, chairs, a television, artwork, and home furnishings. The child appears to be playing pretend, possibly brushing the.",/Users/yixiaoz/Desktop/cs348k_proj/outputs/controlNetScale/controlnet_canny/cfg_7p5_control_2p0/000000092091/target.png,/Users/yixiaoz/Desktop/cs348k_proj/outputs/controlNetScale/controlnet_canny/cfg_7p5_control_2p0/000000092091/canny.png,/Users/yixiaoz/Desktop/cs348k_proj/outputs/controlNetScale/controlnet_canny/cfg_7p5_control_2p0/000000092091/generated.png,dense_text_plus_canny,5,7.5,2.0,20,0.4563,0.2974,33.5481
108253,there are two plates of food and a beer in the middle of the table,"Two plates of food and a beer bottle are arranged on a restaurant table. The plates contain sandwiches, fries, and other side dishes, while condiments and utensils sit nearby. The bottle of beer stands prominently near the center of the table, suggesting a casual meal.","Two plates of food and a beer bottle are arranged on a restaurant table. The plates contain sandwiches, fries, and other side dishes, while condiments and utensils sit nearby. The bottle of beer stands prominently near the center of the table, suggesting a casual meal.",/Users/yixiaoz/Desktop/cs348k_proj/outputs/controlNetScale/controlnet_canny/cfg_7p5_control_2p0/000000108253/target.png,/Users/yixiaoz/Desktop/cs348k_proj/outputs/controlNetScale/controlnet_canny/cfg_7p5_control_2p0/000000108253/canny.png,/Users/yixiaoz/Desktop/cs348k_proj/outputs/controlNetScale/controlnet_canny/cfg_7p5_control_2p0/000000108253/generated.png,dense_text_plus_canny,5,7.5,2.0,20,0.6136,0.4823,32.9468
80932,A little boy sits at a table in a restaurant eating a slice of pizza.,"A young boy sits at a restaurant table eating a large slice of pizza. He holds the pizza close to his mouth while leaning over a white plate, concentrating on the meal. Other diners and wooden booth seating are visible in the background, creating a.","A young boy sits at a restaurant table eating a large slice of pizza. He holds the pizza close to his mouth while leaning over a white plate, concentrating on the meal. Other diners and wooden booth seating are visible in the background, creating a.",/Users/yixiaoz/Desktop/cs348k_proj/outputs/controlNetScale/controlnet_canny/cfg_7p5_control_2p0/000000080932/target.png,/Users/yixiaoz/Desktop/cs348k_proj/outputs/controlNetScale/controlnet_canny/cfg_7p5_control_2p0/000000080932/canny.png,/Users/yixiaoz/Desktop/cs348k_proj/outputs/controlNetScale/controlnet_canny/cfg_7p5_control_2p0/000000080932/generated.png,dense_text_plus_canny,5,7.5,2.0,20,0.5788,0.3223,34.9723
50811,A man in a suit sitting a table with an empty bowl and empty beer bottles.,A man wearing a gray suit jacket sits alone at a wooden dining table with an empty bowl and several empty beer bottles placed in front of him. He smiles toward the camera in a simple indoor setting with a plain light-colored background. The table.,A man wearing a gray suit jacket sits alone at a wooden dining table with an empty bowl and several empty beer bottles placed in front of him. He smiles toward the camera in a simple indoor setting with a plain light-colored background. The table.,/Users/yixiaoz/Desktop/cs348k_proj/outputs/controlNetScale/controlnet_canny/cfg_7p5_control_2p0/000000050811/target.png,/Users/yixiaoz/Desktop/cs348k_proj/outputs/controlNetScale/controlnet_canny/cfg_7p5_control_2p0/000000050811/canny.png,/Users/yixiaoz/Desktop/cs348k_proj/outputs/controlNetScale/controlnet_canny/cfg_7p5_control_2p0/000000050811/generated.png,dense_text_plus_canny,5,7.5,2.0,20,0.5453,0.3103,35.275
13659,A man typing on a laptop keyboard in a cluttered work environment.,"Several people work in a busy, cluttered office environment filled with desks, laptops, papers, cardboard boxes, and electronic equipment. A man in the foreground sits at a desk typing on a laptop while wearing headphones, and other people work in the background. The room looks.","Several people work in a busy, cluttered office environment filled with desks, laptops, papers, cardboard boxes, and electronic equipment. A man in the foreground sits at a desk typing on a laptop while wearing headphones, and other people work in the background. The room looks.",/Users/yixiaoz/Desktop/cs348k_proj/outputs/controlNetScale/controlnet_canny/cfg_7p5_control_2p0/000000013659/target.png,/Users/yixiaoz/Desktop/cs348k_proj/outputs/controlNetScale/controlnet_canny/cfg_7p5_control_2p0/000000013659/canny.png,/Users/yixiaoz/Desktop/cs348k_proj/outputs/controlNetScale/controlnet_canny/cfg_7p5_control_2p0/000000013659/generated.png,dense_text_plus_canny,5,7.5,2.0,20,0.4696,0.3885,33.2513
26465,The opened  laptop is sitting on the table along with other technological tools.,"An open laptop sits on a white tabletop surrounded by small technological tools and accessories, including a smartphone, a pen, and a compact electronic device. The laptop screen shows a dark desktop with a bright reflection near the center. The arrangement is simple and sparse.","An open laptop sits on a white tabletop surrounded by small technological tools and accessories, including a smartphone, a pen, and a compact electronic device. The laptop screen shows a dark desktop with a bright reflection near the center. The arrangement is simple and sparse.",/Users/yixiaoz/Desktop/cs348k_proj/outputs/controlNetScale/controlnet_canny/cfg_7p5_control_2p0/000000026465/target.png,/Users/yixiaoz/Desktop/cs348k_proj/outputs/controlNetScale/controlnet_canny/cfg_7p5_control_2p0/000000026465/canny.png,/Users/yixiaoz/Desktop/cs348k_proj/outputs/controlNetScale/controlnet_canny/cfg_7p5_control_2p0/000000026465/generated.png,dense_text_plus_canny,5,7.5,2.0,20,0.5023,0.3803,33.5581
25096,A boy sitting in front of cake fashioned to look like a skateboard.,"A young boy wearing a blue sports jersey sits at a table looking down at a cake designed to resemble a skateboard. The cake is decorated with bright colors and small details, and the boy appears focused on it as if preparing to cut or.","A young boy wearing a blue sports jersey sits at a table looking down at a cake designed to resemble a skateboard. The cake is decorated with bright colors and small details, and the boy appears focused on it as if preparing to cut or.",/Users/yixiaoz/Desktop/cs348k_proj/outputs/controlNetScale/controlnet_canny/cfg_7p5_control_2p0/000000025096/target.png,/Users/yixiaoz/Desktop/cs348k_proj/outputs/controlNetScale/controlnet_canny/cfg_7p5_control_2p0/000000025096/canny.png,/Users/yixiaoz/Desktop/cs348k_proj/outputs/controlNetScale/controlnet_canny/cfg_7p5_control_2p0/000000025096/generated.png,dense_text_plus_canny,5,7.5,2.0,20,0.5372,0.4132,31.4576
26564,An office desk with a row of books and a desktop computer and laptop computer on the desk.,"An office desk is arranged with a desktop computer, laptop, keyboard, mouse, books, papers, and a row of binders or reference materials. The monitor displays a document or screen of text, and large windows brighten the workspace. The corner desk is compact but well equipped.","An office desk is arranged with a desktop computer, laptop, keyboard, mouse, books, papers, and a row of binders or reference materials. The monitor displays a document or screen of text, and large windows brighten the workspace. The corner desk is compact but well equipped.",/Users/yixiaoz/Desktop/cs348k_proj/outputs/controlNetScale/controlnet_canny/cfg_7p5_control_2p0/000000026564/target.png,/Users/yixiaoz/Desktop/cs348k_proj/outputs/controlNetScale/controlnet_canny/cfg_7p5_control_2p0/000000026564/canny.png,/Users/yixiaoz/Desktop/cs348k_proj/outputs/controlNetScale/controlnet_canny/cfg_7p5_control_2p0/000000026564/generated.png,dense_text_plus_canny,5,7.5,2.0,20,0.4765,0.3794,32.2359
12670,A large crowd of people walking around while one owns a teddy bear.,"A large crowd of people walks and gathers in a busy outdoor public space, possibly a street, plaza, or festival area. The scene contains many individuals of different ages wearing colorful clothing, and one person appears to carry or hold a teddy bear among the.","A large crowd of people walks and gathers in a busy outdoor public space, possibly a street, plaza, or festival area. The scene contains many individuals of different ages wearing colorful clothing, and one person appears to carry or hold a teddy bear among the.",/Users/yixiaoz/Desktop/cs348k_proj/outputs/controlNetScale/controlnet_canny/cfg_7p5_control_2p0/000000012670/target.png,/Users/yixiaoz/Desktop/cs348k_proj/outputs/controlNetScale/controlnet_canny/cfg_7p5_control_2p0/000000012670/canny.png,/Users/yixiaoz/Desktop/cs348k_proj/outputs/controlNetScale/controlnet_canny/cfg_7p5_control_2p0/000000012670/generated.png,dense_text_plus_canny,5,7.5,2.0,20,0.5672,0.3926,28.2069
9400,Sever people are sitting next to each other while using laptops.,"Several people sit close together around a table while using laptop computers in a dimly lit indoor environment. Multiple screens glow in front of them, and drinks, cables, and computer accessories are spread across the table. The group appears to be collaborating, studying, or working.","Several people sit close together around a table while using laptop computers in a dimly lit indoor environment. Multiple screens glow in front of them, and drinks, cables, and computer accessories are spread across the table. The group appears to be collaborating, studying, or working.",/Users/yixiaoz/Desktop/cs348k_proj/outputs/controlNetScale/controlnet_canny/cfg_7p5_control_2p0/000000009400/target.png,/Users/yixiaoz/Desktop/cs348k_proj/outputs/controlNetScale/controlnet_canny/cfg_7p5_control_2p0/000000009400/canny.png,/Users/yixiaoz/Desktop/cs348k_proj/outputs/controlNetScale/controlnet_canny/cfg_7p5_control_2p0/000000009400/generated.png,dense_text_plus_canny,5,7.5,2.0,20,0.5647,0.434,31.3995
92053,Three white dishes with three different sorts of food on them.,"Three white plates with different dishes are arranged on a restaurant table under warm, dim lighting. The food includes various items with sauces, sides, and garnishes, and a drink sits nearby. Utensils are placed on or beside the plates, suggesting the meal is in progress.","Three white plates with different dishes are arranged on a restaurant table under warm, dim lighting. The food includes various items with sauces, sides, and garnishes, and a drink sits nearby. Utensils are placed on or beside the plates, suggesting the meal is in progress.",/Users/yixiaoz/Desktop/cs348k_proj/outputs/controlNetScale/controlnet_canny/cfg_7p5_control_2p0/000000092053/target.png,/Users/yixiaoz/Desktop/cs348k_proj/outputs/controlNetScale/controlnet_canny/cfg_7p5_control_2p0/000000092053/canny.png,/Users/yixiaoz/Desktop/cs348k_proj/outputs/controlNetScale/controlnet_canny/cfg_7p5_control_2p0/000000092053/generated.png,dense_text_plus_canny,5,7.5,2.0,20,0.5946,0.5392,31.6905
74256,Two women standing in a train station looking at their phones.,"Two women stand together at an outdoor train station platform while looking down at their mobile phones. One woman wears a green scarf and dark clothing, while the other wears a patterned jacket. Train station signs, tracks, buildings, and platform structures appear in the background.","Two women stand together at an outdoor train station platform while looking down at their mobile phones. One woman wears a green scarf and dark clothing, while the other wears a patterned jacket. Train station signs, tracks, buildings, and platform structures appear in the background.",/Users/yixiaoz/Desktop/cs348k_proj/outputs/controlNetScale/controlnet_canny/cfg_7p5_control_2p0/000000074256/target.png,/Users/yixiaoz/Desktop/cs348k_proj/outputs/controlNetScale/controlnet_canny/cfg_7p5_control_2p0/000000074256/canny.png,/Users/yixiaoz/Desktop/cs348k_proj/outputs/controlNetScale/controlnet_canny/cfg_7p5_control_2p0/000000074256/generated.png,dense_text_plus_canny,5,7.5,2.0,20,0.4594,0.3887,31.4641
7818,An illuminated floral display forms the centerpiece of the arrangement in this close up of a dining room table setting.,"A small illuminated floral display sits at the center of a dining table arranged with plates, napkins, glasses, and formal place settings. The image is softly focused with the centerpiece and table surface highlighted against a darker background. The scene appears elegant and quiet, possibly.","A small illuminated floral display sits at the center of a dining table arranged with plates, napkins, glasses, and formal place settings. The image is softly focused with the centerpiece and table surface highlighted against a darker background. The scene appears elegant and quiet, possibly.",/Users/yixiaoz/Desktop/cs348k_proj/outputs/controlNetScale/controlnet_canny/cfg_7p5_control_2p0/000000007818/target.png,/Users/yixiaoz/Desktop/cs348k_proj/outputs/controlNetScale/controlnet_canny/cfg_7p5_control_2p0/000000007818/canny.png,/Users/yixiaoz/Desktop/cs348k_proj/outputs/controlNetScale/controlnet_canny/cfg_7p5_control_2p0/000000007818/generated.png,dense_text_plus_canny,5,7.5,2.0,20,0.6062,0.3704,30.6502
109313,A man holding a Wii game controller while standing in a living room.,"A man stands in a living room holding a Wii game controller while facing a television outside the frame. He wears casual clothes and stands among household items, toys, furniture, and a colorful floor mat. The room appears lived-in and informal, with a kitchen or.","A man stands in a living room holding a Wii game controller while facing a television outside the frame. He wears casual clothes and stands among household items, toys, furniture, and a colorful floor mat. The room appears lived-in and informal, with a kitchen or.",/Users/yixiaoz/Desktop/cs348k_proj/outputs/controlNetScale/controlnet_canny/cfg_7p5_control_2p0/000000109313/target.png,/Users/yixiaoz/Desktop/cs348k_proj/outputs/controlNetScale/controlnet_canny/cfg_7p5_control_2p0/000000109313/canny.png,/Users/yixiaoz/Desktop/cs348k_proj/outputs/controlNetScale/controlnet_canny/cfg_7p5_control_2p0/000000109313/generated.png,dense_text_plus_canny,5,7.5,2.0,20,0.5278,0.4005,34.1859
116439,A woman with a straw style hat sitting on a small row boat in the water and accessory items hanging behind her on the land area.,"A woman wearing a straw-style hat sits in a small wooden boat floating on water, surrounded by colorful fabrics and hanging accessories near the shoreline. The scene appears to take place in a riverside or floating market environment, with reflections on the water and goods.","A woman wearing a straw-style hat sits in a small wooden boat floating on water, surrounded by colorful fabrics and hanging accessories near the shoreline. The scene appears to take place in a riverside or floating market environment, with reflections on the water and goods.",/Users/yixiaoz/Desktop/cs348k_proj/outputs/controlNetScale/controlnet_canny/cfg_7p5_control_2p0/000000116439/target.png,/Users/yixiaoz/Desktop/cs348k_proj/outputs/controlNetScale/controlnet_canny/cfg_7p5_control_2p0/000000116439/canny.png,/Users/yixiaoz/Desktop/cs348k_proj/outputs/controlNetScale/controlnet_canny/cfg_7p5_control_2p0/000000116439/generated.png,dense_text_plus_canny,5,7.5,2.0,20,0.5352,0.2934,35.1835
11511,A sculpture of two women stting on a bench with their purses on the ground while people standing in a line behind them.,"A bronze sculpture of two women seated together on a bench is displayed in an outdoor public area. The figures sit close together with handbags or purses placed near their feet, and pedestrians stand or walk in the background. Strong light highlights the sculpture against.","A bronze sculpture of two women seated together on a bench is displayed in an outdoor public area. The figures sit close together with handbags or purses placed near their feet, and pedestrians stand or walk in the background. Strong light highlights the sculpture against.",/Users/yixiaoz/Desktop/cs348k_proj/outputs/controlNetScale/controlnet_canny/cfg_7p5_control_2p0/000000011511/target.png,/Users/yixiaoz/Desktop/cs348k_proj/outputs/controlNetScale/controlnet_canny/cfg_7p5_control_2p0/000000011511/canny.png,/Users/yixiaoz/Desktop/cs348k_proj/outputs/controlNetScale/controlnet_canny/cfg_7p5_control_2p0/000000011511/generated.png,dense_text_plus_canny,5,7.5,2.0,20,0.52,0.4007,29.5862
17714,A banana frittata next to a plate of decoratively cut fruit and a cup of coffee.,"A breakfast or brunch meal is arranged on a wooden table, including a banana frittata, a plate of decorative cut fruit, and a cup of coffee. Sunlight falls across the tabletop, casting shadows and giving the meal a bright morning feel. The dishes are neatly.","A breakfast or brunch meal is arranged on a wooden table, including a banana frittata, a plate of decorative cut fruit, and a cup of coffee. Sunlight falls across the tabletop, casting shadows and giving the meal a bright morning feel. The dishes are neatly.",/Users/yixiaoz/Desktop/cs348k_proj/outputs/controlNetScale/controlnet_canny/cfg_7p5_control_2p0/000000017714/target.png,/Users/yixiaoz/Desktop/cs348k_proj/outputs/controlNetScale/controlnet_canny/cfg_7p5_control_2p0/000000017714/canny.png,/Users/yixiaoz/Desktop/cs348k_proj/outputs/controlNetScale/controlnet_canny/cfg_7p5_control_2p0/000000017714/generated.png,dense_text_plus_canny,5,7.5,2.0,20,0.5373,0.4541,30.2233
15335,"a young child, lady , and man sitting in a booth at a table","A young child sits in a restaurant booth between adults at a table, with plates, drinks, and food items visible in the dim interior. The child appears to be eating or touching their mouth, while the adults sit close on either side. Warm lighting and.","A young child sits in a restaurant booth between adults at a table, with plates, drinks, and food items visible in the dim interior. The child appears to be eating or touching their mouth, while the adults sit close on either side. Warm lighting and.",/Users/yixiaoz/Desktop/cs348k_proj/outputs/controlNetScale/controlnet_canny/cfg_7p5_control_2p0/000000015335/target.png,/Users/yixiaoz/Desktop/cs348k_proj/outputs/controlNetScale/controlnet_canny/cfg_7p5_control_2p0/000000015335/canny.png,/Users/yixiaoz/Desktop/cs348k_proj/outputs/controlNetScale/controlnet_canny/cfg_7p5_control_2p0/000000015335/generated.png,dense_text_plus_canny,5,7.5,2.0,20,0.5817,0.5632,28.5539
113589,"Two containers containing quiche, a salad, apples and a banana on the side.","A healthy prepared meal is arranged in two clear food containers and a small side area, including a slice of quiche, green salad, apple slices, and a banana. The food is neatly separated and photographed from above against a plain background. The composition emphasizes balanced.","A healthy prepared meal is arranged in two clear food containers and a small side area, including a slice of quiche, green salad, apple slices, and a banana. The food is neatly separated and photographed from above against a plain background. The composition emphasizes balanced.",/Users/yixiaoz/Desktop/cs348k_proj/outputs/controlNetScale/controlnet_canny/cfg_7p5_control_2p0/000000113589/target.png,/Users/yixiaoz/Desktop/cs348k_proj/outputs/controlNetScale/controlnet_canny/cfg_7p5_control_2p0/000000113589/canny.png,/Users/yixiaoz/Desktop/cs348k_proj/outputs/controlNetScale/controlnet_canny/cfg_7p5_control_2p0/000000113589/generated.png,dense_text_plus_canny,5,7.5,2.0,20,0.5786,0.4235,33.3415
1503,A picture of an iMac desktop next to a Mac laptop on a desk.,"An older Apple iMac desktop computer sits on a desk beside a Mac laptop and several computer accessories. A keyboard, mouse, speakers, and monitor are arranged across the workspace, creating a technology-focused setup. The desk is positioned near a window with blinds, and the white.","An older Apple iMac desktop computer sits on a desk beside a Mac laptop and several computer accessories. A keyboard, mouse, speakers, and monitor are arranged across the workspace, creating a technology-focused setup. The desk is positioned near a window with blinds, and the white.",/Users/yixiaoz/Desktop/cs348k_proj/outputs/controlNetScale/controlnet_canny/cfg_7p5_control_2p0/000000001503/target.png,/Users/yixiaoz/Desktop/cs348k_proj/outputs/controlNetScale/controlnet_canny/cfg_7p5_control_2p0/000000001503/canny.png,/Users/yixiaoz/Desktop/cs348k_proj/outputs/controlNetScale/controlnet_canny/cfg_7p5_control_2p0/000000001503/generated.png,dense_text_plus_canny,5,7.5,2.0,20,0.4454,0.3438,34.1406
88848,"Multiple pictures of fire hydrants, a woman standing near a tree, and people posing in front of a boat.","A collage of multiple photographs shows several yellow fire hydrants, a woman standing near a tree, and people posing in front of a boat or outdoor landmark. The images are arranged together in a grid-like layout, combining different scenes into one visual composition. The subject.","A collage of multiple photographs shows several yellow fire hydrants, a woman standing near a tree, and people posing in front of a boat or outdoor landmark. The images are arranged together in a grid-like layout, combining different scenes into one visual composition. The subject.",/Users/yixiaoz/Desktop/cs348k_proj/outputs/controlNetScale/controlnet_canny/cfg_7p5_control_2p0/000000088848/target.png,/Users/yixiaoz/Desktop/cs348k_proj/outputs/controlNetScale/controlnet_canny/cfg_7p5_control_2p0/000000088848/canny.png,/Users/yixiaoz/Desktop/cs348k_proj/outputs/controlNetScale/controlnet_canny/cfg_7p5_control_2p0/000000088848/generated.png,dense_text_plus_canny,5,7.5,2.0,20,0.5483,0.4383,40.0892
6471,A man at bat waiting for a pitch with a catcher and umpire behind him and players from the opposing team in the dugout.,"A baseball player in a white uniform stands at home plate holding a bat while waiting for a pitch. A catcher and umpire crouch behind him, and members of the opposing team sit in the dugout watching the play. The green field and stadium seating.","A baseball player in a white uniform stands at home plate holding a bat while waiting for a pitch. A catcher and umpire crouch behind him, and members of the opposing team sit in the dugout watching the play. The green field and stadium seating.",/Users/yixiaoz/Desktop/cs348k_proj/outputs/controlNetScale/controlnet_canny/cfg_7p5_control_2p0/000000006471/target.png,/Users/yixiaoz/Desktop/cs348k_proj/outputs/controlNetScale/controlnet_canny/cfg_7p5_control_2p0/000000006471/canny.png,/Users/yixiaoz/Desktop/cs348k_proj/outputs/controlNetScale/controlnet_canny/cfg_7p5_control_2p0/000000006471/generated.png,dense_text_plus_canny,5,7.5,2.0,20,0.501,0.4619,26.9589
92660,An unbaked pizza with cheese and herbs on one half and broccoli on the second.,"An uncooked pizza topped with cheese, herbs, and broccoli sits on a round baking tray or pan. One half of the pizza appears more heavily covered with broccoli, while the other has more cheese and herbs exposed. The crust and toppings are clearly visible from.","An uncooked pizza topped with cheese, herbs, and broccoli sits on a round baking tray or pan. One half of the pizza appears more heavily covered with broccoli, while the other has more cheese and herbs exposed. The crust and toppings are clearly visible from.",/Users/yixiaoz/Desktop/cs348k_proj/outputs/controlNetScale/controlnet_canny/cfg_7p5_control_2p0/000000092660/target.png,/Users/yixiaoz/Desktop/cs348k_proj/outputs/controlNetScale/controlnet_canny/cfg_7p5_control_2p0/000000092660/canny.png,/Users/yixiaoz/Desktop/cs348k_proj/outputs/controlNetScale/controlnet_canny/cfg_7p5_control_2p0/000000092660/generated.png,dense_text_plus_canny,5,7.5,2.0,20,0.5154,0.3079,34.5128
105335,"A bowl of stew in a white bowl, being held by a person.","A bowl of stew in a white dish is being held by a person, with pieces of vegetables and meat visible in a warm broth. The stew contains colorful ingredients such as carrots, potatoes, and chunks of protein. The close-up framing focuses on the food.","A bowl of stew in a white dish is being held by a person, with pieces of vegetables and meat visible in a warm broth. The stew contains colorful ingredients such as carrots, potatoes, and chunks of protein. The close-up framing focuses on the food.",/Users/yixiaoz/Desktop/cs348k_proj/outputs/controlNetScale/controlnet_canny/cfg_7p5_control_2p0/000000105335/target.png,/Users/yixiaoz/Desktop/cs348k_proj/outputs/controlNetScale/controlnet_canny/cfg_7p5_control_2p0/000000105335/canny.png,/Users/yixiaoz/Desktop/cs348k_proj/outputs/controlNetScale/controlnet_canny/cfg_7p5_control_2p0/000000105335/generated.png,dense_text_plus_canny,5,7.5,2.0,20,0.6002,0.3405,33.9817
117719,A man sits at a bar in front of dozens of bottles of alcohol.,"A man stands behind a warmly lit bar surrounded by dozens of bottles of alcohol arranged on shelves. The bar interior features dark wood, glowing lights, glassware, and a cozy pub-like atmosphere. The bartender or customer is partly silhouetted against the illuminated bottles, creating a.","A man stands behind a warmly lit bar surrounded by dozens of bottles of alcohol arranged on shelves. The bar interior features dark wood, glowing lights, glassware, and a cozy pub-like atmosphere. The bartender or customer is partly silhouetted against the illuminated bottles, creating a.",/Users/yixiaoz/Desktop/cs348k_proj/outputs/controlNetScale/controlnet_canny/cfg_7p5_control_2p0/000000117719/target.png,/Users/yixiaoz/Desktop/cs348k_proj/outputs/controlNetScale/controlnet_canny/cfg_7p5_control_2p0/000000117719/canny.png,/Users/yixiaoz/Desktop/cs348k_proj/outputs/controlNetScale/controlnet_canny/cfg_7p5_control_2p0/000000117719/generated.png,dense_text_plus_canny,5,7.5,2.0,20,0.4887,0.2371,33.2314
82085,A brightly colored train is stopped on the tracks to let passengers on.,"A brightly colored passenger train is stopped on railway tracks beside a platform, allowing passengers to board or exit. The train has yellow, blue, and red sections, and people stand nearby along the track area. Buildings, vegetation, and station infrastructure surround the scene. The image.","A brightly colored passenger train is stopped on railway tracks beside a platform, allowing passengers to board or exit. The train has yellow, blue, and red sections, and people stand nearby along the track area. Buildings, vegetation, and station infrastructure surround the scene. The image.",/Users/yixiaoz/Desktop/cs348k_proj/outputs/controlNetScale/controlnet_canny/cfg_7p5_control_2p0/000000082085/target.png,/Users/yixiaoz/Desktop/cs348k_proj/outputs/controlNetScale/controlnet_canny/cfg_7p5_control_2p0/000000082085/canny.png,/Users/yixiaoz/Desktop/cs348k_proj/outputs/controlNetScale/controlnet_canny/cfg_7p5_control_2p0/000000082085/generated.png,dense_text_plus_canny,5,7.5,2.0,20,0.5105,0.3372,28.7081
70048,"A glass of wine sits next to a bowl of soup, salad, and a plate with a sandwich.","A restaurant meal is arranged on a table, including a glass of wine, a bowl of soup, a green salad, and a sandwich served on a round bread roll. Condiments, utensils, napkins, and additional dining items sit nearby. The overhead view emphasizes the variety and.","A restaurant meal is arranged on a table, including a glass of wine, a bowl of soup, a green salad, and a sandwich served on a round bread roll. Condiments, utensils, napkins, and additional dining items sit nearby. The overhead view emphasizes the variety and.",/Users/yixiaoz/Desktop/cs348k_proj/outputs/controlNetScale/controlnet_canny/cfg_7p5_control_2p0/000000070048/target.png,/Users/yixiaoz/Desktop/cs348k_proj/outputs/controlNetScale/controlnet_canny/cfg_7p5_control_2p0/000000070048/canny.png,/Users/yixiaoz/Desktop/cs348k_proj/outputs/controlNetScale/controlnet_canny/cfg_7p5_control_2p0/000000070048/generated.png,dense_text_plus_canny,5,7.5,2.0,20,0.5137,0.4144,27.5377
3845,A dinner plate that has white steamed rice with stir fry vegetables and chicken.,A large dinner plate holds a mound of white steamed rice next to stir-fried vegetables and pieces of chicken in a colorful sauce. The food is arranged on a patterned plate and viewed from above on a wooden table. The bright vegetables and sauce contrast.,A large dinner plate holds a mound of white steamed rice next to stir-fried vegetables and pieces of chicken in a colorful sauce. The food is arranged on a patterned plate and viewed from above on a wooden table. The bright vegetables and sauce contrast.,/Users/yixiaoz/Desktop/cs348k_proj/outputs/controlNetScale/controlnet_canny/cfg_7p5_control_2p0/000000003845/target.png,/Users/yixiaoz/Desktop/cs348k_proj/outputs/controlNetScale/controlnet_canny/cfg_7p5_control_2p0/000000003845/canny.png,/Users/yixiaoz/Desktop/cs348k_proj/outputs/controlNetScale/controlnet_canny/cfg_7p5_control_2p0/000000003845/generated.png,dense_text_plus_canny,5,7.5,2.0,20,0.6551,0.4882,27.7899
92939,a man and female standing side by side with a cake cutter in their hand,"A smiling man and woman stand side by side beside a small decorated cake, holding a cake knife together. The woman wears a light-colored strapless dress and the man wears a white shirt, suggesting a wedding, anniversary, or celebratory event. Palm trees and outdoor lighting.","A smiling man and woman stand side by side beside a small decorated cake, holding a cake knife together. The woman wears a light-colored strapless dress and the man wears a white shirt, suggesting a wedding, anniversary, or celebratory event. Palm trees and outdoor lighting.",/Users/yixiaoz/Desktop/cs348k_proj/outputs/controlNetScale/controlnet_canny/cfg_7p5_control_2p0/000000092939/target.png,/Users/yixiaoz/Desktop/cs348k_proj/outputs/controlNetScale/controlnet_canny/cfg_7p5_control_2p0/000000092939/canny.png,/Users/yixiaoz/Desktop/cs348k_proj/outputs/controlNetScale/controlnet_canny/cfg_7p5_control_2p0/000000092939/generated.png,dense_text_plus_canny,5,7.5,2.0,20,0.4728,0.3774,35.6814
1268,A waterway under a bridge with people sitting down and a woman taking a photo.,"People sit and relax under a large bridge beside a waterfront, with sunlight reflecting brightly off the water. A woman stands in the foreground taking a photograph, while several people sit along the edge facing the river. The bridge structure forms a strong curved frame.","People sit and relax under a large bridge beside a waterfront, with sunlight reflecting brightly off the water. A woman stands in the foreground taking a photograph, while several people sit along the edge facing the river. The bridge structure forms a strong curved frame.",/Users/yixiaoz/Desktop/cs348k_proj/outputs/controlNetScale/controlnet_canny/cfg_7p5_control_2p0/000000001268/target.png,/Users/yixiaoz/Desktop/cs348k_proj/outputs/controlNetScale/controlnet_canny/cfg_7p5_control_2p0/000000001268/canny.png,/Users/yixiaoz/Desktop/cs348k_proj/outputs/controlNetScale/controlnet_canny/cfg_7p5_control_2p0/000000001268/generated.png,dense_text_plus_canny,5,7.5,2.0,20,0.468,0.3974,33.2692
33221,Two women at a beach with tennis rackets in their hands and one girl looking very excited with her tennis racket in the air.,"Two women stand on a sandy beach holding tennis rackets while people walk nearby in the background. One woman raises her racket enthusiastically above her head, while the other stands beside her wearing a hood or scarf. The beach, distant hills, flags, and open sky.","Two women stand on a sandy beach holding tennis rackets while people walk nearby in the background. One woman raises her racket enthusiastically above her head, while the other stands beside her wearing a hood or scarf. The beach, distant hills, flags, and open sky.",/Users/yixiaoz/Desktop/cs348k_proj/outputs/controlNetScale/controlnet_canny/cfg_7p5_control_2p0/000000033221/target.png,/Users/yixiaoz/Desktop/cs348k_proj/outputs/controlNetScale/controlnet_canny/cfg_7p5_control_2p0/000000033221/canny.png,/Users/yixiaoz/Desktop/cs348k_proj/outputs/controlNetScale/controlnet_canny/cfg_7p5_control_2p0/000000033221/generated.png,dense_text_plus_canny,5,7.5,2.0,20,0.5184,0.4759,31.2768
68409,School boys sit cross legged in front of a chalkboard sign in a vintage black and white photo.,A vintage black-and-white photograph shows a group of schoolboys sitting cross-legged in a row in front of a chalkboard sign. The boys wear similar school uniforms and pose formally for the camera outdoors. Trees and a simple background are visible behind them. The image has.,A vintage black-and-white photograph shows a group of schoolboys sitting cross-legged in a row in front of a chalkboard sign. The boys wear similar school uniforms and pose formally for the camera outdoors. Trees and a simple background are visible behind them. The image has.,/Users/yixiaoz/Desktop/cs348k_proj/outputs/controlNetScale/controlnet_canny/cfg_7p5_control_2p0/000000068409/target.png,/Users/yixiaoz/Desktop/cs348k_proj/outputs/controlNetScale/controlnet_canny/cfg_7p5_control_2p0/000000068409/canny.png,/Users/yixiaoz/Desktop/cs348k_proj/outputs/controlNetScale/controlnet_canny/cfg_7p5_control_2p0/000000068409/generated.png,dense_text_plus_canny,5,7.5,2.0,20,0.4336,0.3002,29.6414
78170,"PASSENGER TRAIN IN THE NIGHT HOURS WITH NO SMOKING SIGN, AND TWO WOMEN","A black-and-white nighttime image shows passengers visible through the windows of a train car. A no-smoking sign and interior lights can be seen inside, while reflections and shadows create a dramatic atmosphere. Two women or passengers are visible near separate windows, framed by the train.","A black-and-white nighttime image shows passengers visible through the windows of a train car. A no-smoking sign and interior lights can be seen inside, while reflections and shadows create a dramatic atmosphere. Two women or passengers are visible near separate windows, framed by the train.",/Users/yixiaoz/Desktop/cs348k_proj/outputs/controlNetScale/controlnet_canny/cfg_7p5_control_2p0/000000078170/target.png,/Users/yixiaoz/Desktop/cs348k_proj/outputs/controlNetScale/controlnet_canny/cfg_7p5_control_2p0/000000078170/canny.png,/Users/yixiaoz/Desktop/cs348k_proj/outputs/controlNetScale/controlnet_canny/cfg_7p5_control_2p0/000000078170/generated.png,dense_text_plus_canny,5,7.5,2.0,20,0.3959,0.2884,33.389
62554,a plate of broccoli on a table next to some other plates of food,"A plate or bowl of broccoli sits on a table next to other plates of food, including pasta or noodles and additional dishes in the background. The broccoli is bright green and placed prominently in the foreground, while the other foods are slightly out of.","A plate or bowl of broccoli sits on a table next to other plates of food, including pasta or noodles and additional dishes in the background. The broccoli is bright green and placed prominently in the foreground, while the other foods are slightly out of.",/Users/yixiaoz/Desktop/cs348k_proj/outputs/controlNetScale/controlnet_canny/cfg_7p5_control_2p0/000000062554/target.png,/Users/yixiaoz/Desktop/cs348k_proj/outputs/controlNetScale/controlnet_canny/cfg_7p5_control_2p0/000000062554/canny.png,/Users/yixiaoz/Desktop/cs348k_proj/outputs/controlNetScale/controlnet_canny/cfg_7p5_control_2p0/000000062554/generated.png,dense_text_plus_canny,5,7.5,2.0,20,0.5633,0.3559,33.5177
58539,"A man in a red hat, suit, and blue striped tie walks past two other men on a street.","A man wearing a bright red hat, dark suit, and blue striped tie walks along a city street while other men and pedestrians stand nearby. Cars, buildings, and urban activity fill the background. The red hat makes the man stand out clearly from the crowd.","A man wearing a bright red hat, dark suit, and blue striped tie walks along a city street while other men and pedestrians stand nearby. Cars, buildings, and urban activity fill the background. The red hat makes the man stand out clearly from the crowd.",/Users/yixiaoz/Desktop/cs348k_proj/outputs/controlNetScale/controlnet_canny/cfg_7p5_control_2p0/000000058539/target.png,/Users/yixiaoz/Desktop/cs348k_proj/outputs/controlNetScale/controlnet_canny/cfg_7p5_control_2p0/000000058539/canny.png,/Users/yixiaoz/Desktop/cs348k_proj/outputs/controlNetScale/controlnet_canny/cfg_7p5_control_2p0/000000058539/generated.png,dense_text_plus_canny,5,7.5,2.0,20,0.4805,0.3063,32.737
46031,A small tablet computer next to a larger monitor and keyboard.,"A laptop computer sits on a small desk beside a larger external monitor, keyboard, mouse, speakers, and other electronic devices. The laptop and monitor display green leaf or plant imagery, creating a matching visual theme across the screens. The desk is placed near a window.","A laptop computer sits on a small desk beside a larger external monitor, keyboard, mouse, speakers, and other electronic devices. The laptop and monitor display green leaf or plant imagery, creating a matching visual theme across the screens. The desk is placed near a window.",/Users/yixiaoz/Desktop/cs348k_proj/outputs/controlNetScale/controlnet_canny/cfg_7p5_control_2p0/000000046031/target.png,/Users/yixiaoz/Desktop/cs348k_proj/outputs/controlNetScale/controlnet_canny/cfg_7p5_control_2p0/000000046031/canny.png,/Users/yixiaoz/Desktop/cs348k_proj/outputs/controlNetScale/controlnet_canny/cfg_7p5_control_2p0/000000046031/generated.png,dense_text_plus_canny,5,7.5,2.0,20,0.4637,0.261,35.3807
9891,The man is loading luggage suitcases onto the cart in the parking lot.,"A man loads luggage and suitcases onto a metal cart in a parking lot filled with vehicles. He bends over while handling the bags beside a parked car, suggesting travel, airport transport, or hotel arrival. Other cars and a parking garage or covered structure are.","A man loads luggage and suitcases onto a metal cart in a parking lot filled with vehicles. He bends over while handling the bags beside a parked car, suggesting travel, airport transport, or hotel arrival. Other cars and a parking garage or covered structure are.",/Users/yixiaoz/Desktop/cs348k_proj/outputs/controlNetScale/controlnet_canny/cfg_7p5_control_2p0/000000009891/target.png,/Users/yixiaoz/Desktop/cs348k_proj/outputs/controlNetScale/controlnet_canny/cfg_7p5_control_2p0/000000009891/canny.png,/Users/yixiaoz/Desktop/cs348k_proj/outputs/controlNetScale/controlnet_canny/cfg_7p5_control_2p0/000000009891/generated.png,dense_text_plus_canny,5,7.5,2.0,20,0.4225,0.3153,32.2978
37777,The dining table near the kitchen has a bowl of fruit on it.,"A bright open kitchen and dining area features wooden cabinets, white appliances, tiled flooring, and a small table with a bowl of fruit on top. Sunlight enters through windows and illuminates the clean interior. The kitchen includes counters, a refrigerator, stove, and cabinets arranged along.","A bright open kitchen and dining area features wooden cabinets, white appliances, tiled flooring, and a small table with a bowl of fruit on top. Sunlight enters through windows and illuminates the clean interior. The kitchen includes counters, a refrigerator, stove, and cabinets arranged along.",/Users/yixiaoz/Desktop/cs348k_proj/outputs/controlNetScale/controlnet_canny/cfg_7p5_control_2p0/000000037777/target.png,/Users/yixiaoz/Desktop/cs348k_proj/outputs/controlNetScale/controlnet_canny/cfg_7p5_control_2p0/000000037777/canny.png,/Users/yixiaoz/Desktop/cs348k_proj/outputs/controlNetScale/controlnet_canny/cfg_7p5_control_2p0/000000037777/generated.png,dense_text_plus_canny,5,7.5,2.0,20,0.4702,0.3254,30.1853
65350,"Two young people are skateboarding on the ramp, trying to pull off tricks.","Two young people are skateboarding on a skate park ramp while attempting tricks. One skater lies or slides on the ramp with a skateboard nearby, while another stands or moves close by. Other people and bicycles are visible in the background near concrete walls. The.","Two young people are skateboarding on a skate park ramp while attempting tricks. One skater lies or slides on the ramp with a skateboard nearby, while another stands or moves close by. Other people and bicycles are visible in the background near concrete walls. The.",/Users/yixiaoz/Desktop/cs348k_proj/outputs/controlNetScale/controlnet_canny/cfg_7p5_control_2p0/000000065350/target.png,/Users/yixiaoz/Desktop/cs348k_proj/outputs/controlNetScale/controlnet_canny/cfg_7p5_control_2p0/000000065350/canny.png,/Users/yixiaoz/Desktop/cs348k_proj/outputs/controlNetScale/controlnet_canny/cfg_7p5_control_2p0/000000065350/generated.png,dense_text_plus_canny,5,7.5,2.0,20,0.4901,0.4336,32.9479
48396,A woman in a tan sweater holding a knife by a young boy in a plaid shirt.,"A woman wearing a tan or light-colored sweater stands beside a young boy in a plaid shirt near a table with cups and food items. The woman holds a knife, possibly preparing to cut or serve something. Both subjects face the camera in an indoor.","A woman wearing a tan or light-colored sweater stands beside a young boy in a plaid shirt near a table with cups and food items. The woman holds a knife, possibly preparing to cut or serve something. Both subjects face the camera in an indoor.",/Users/yixiaoz/Desktop/cs348k_proj/outputs/controlNetScale/controlnet_canny/cfg_7p5_control_2p0/000000048396/target.png,/Users/yixiaoz/Desktop/cs348k_proj/outputs/controlNetScale/controlnet_canny/cfg_7p5_control_2p0/000000048396/canny.png,/Users/yixiaoz/Desktop/cs348k_proj/outputs/controlNetScale/controlnet_canny/cfg_7p5_control_2p0/000000048396/generated.png,dense_text_plus_canny,5,7.5,2.0,20,0.5721,0.3613,33.7618
117908,A man looking in the refrigerator with a cat also looking inside,"A man bends over and looks inside an open refrigerator while a cat stands nearby also peering into the fridge. Food, bottles, and containers are visible on the refrigerator shelves, and the cat appears curious about the contents. The warm indoor lighting and humorous interaction.","A man bends over and looks inside an open refrigerator while a cat stands nearby also peering into the fridge. Food, bottles, and containers are visible on the refrigerator shelves, and the cat appears curious about the contents. The warm indoor lighting and humorous interaction.",/Users/yixiaoz/Desktop/cs348k_proj/outputs/controlNetScale/controlnet_canny/cfg_7p5_control_2p0/000000117908/target.png,/Users/yixiaoz/Desktop/cs348k_proj/outputs/controlNetScale/controlnet_canny/cfg_7p5_control_2p0/000000117908/canny.png,/Users/yixiaoz/Desktop/cs348k_proj/outputs/controlNetScale/controlnet_canny/cfg_7p5_control_2p0/000000117908/generated.png,dense_text_plus_canny,5,7.5,2.0,20,0.5069,0.4937,31.8824
97994,Three laptop computers and a desktop computer sit next to each other.,"Three laptop computers and a desktop workstation are arranged together on a desk in a compact home office or technical workspace. Several screens, keyboards, cables, and electronic accessories fill the tabletop, suggesting multitasking or computer-intensive work. A microphone or lamp stands near the setup, and.","Three laptop computers and a desktop workstation are arranged together on a desk in a compact home office or technical workspace. Several screens, keyboards, cables, and electronic accessories fill the tabletop, suggesting multitasking or computer-intensive work. A microphone or lamp stands near the setup, and.",/Users/yixiaoz/Desktop/cs348k_proj/outputs/controlNetScale/controlnet_canny/cfg_7p5_control_2p0/000000097994/target.png,/Users/yixiaoz/Desktop/cs348k_proj/outputs/controlNetScale/controlnet_canny/cfg_7p5_control_2p0/000000097994/canny.png,/Users/yixiaoz/Desktop/cs348k_proj/outputs/controlNetScale/controlnet_canny/cfg_7p5_control_2p0/000000097994/generated.png,dense_text_plus_canny,5,7.5,2.0,20,0.4398,0.2704,33.4212
30785,A plate filled with a bowl of vegetables and two slices of bread with a spread on them.,"A plate holds a healthy meal consisting of a bowl of green vegetables, slices of bread topped with a spread, and additional fresh ingredients. The food is arranged neatly on a wooden table, with the bowl and bread sharing the plate. The overhead view emphasizes.","A plate holds a healthy meal consisting of a bowl of green vegetables, slices of bread topped with a spread, and additional fresh ingredients. The food is arranged neatly on a wooden table, with the bowl and bread sharing the plate. The overhead view emphasizes.",/Users/yixiaoz/Desktop/cs348k_proj/outputs/controlNetScale/controlnet_canny/cfg_7p5_control_2p0/000000030785/target.png,/Users/yixiaoz/Desktop/cs348k_proj/outputs/controlNetScale/controlnet_canny/cfg_7p5_control_2p0/000000030785/canny.png,/Users/yixiaoz/Desktop/cs348k_proj/outputs/controlNetScale/controlnet_canny/cfg_7p5_control_2p0/000000030785/generated.png,dense_text_plus_canny,5,7.5,2.0,20,0.4714,0.3673,28.3519
76547,a male in a white shirt a bicycle and an orange and white train,"A man wearing a light-colored shirt sits at a table on a railway station platform near a parked bicycle. An orange and white passenger train is stopped alongside the platform, while overhead signs, metal beams, and station infrastructure extend into the background. The scene captures.","A man wearing a light-colored shirt sits at a table on a railway station platform near a parked bicycle. An orange and white passenger train is stopped alongside the platform, while overhead signs, metal beams, and station infrastructure extend into the background. The scene captures.",/Users/yixiaoz/Desktop/cs348k_proj/outputs/controlNetScale/controlnet_canny/cfg_7p5_control_2p0/000000076547/target.png,/Users/yixiaoz/Desktop/cs348k_proj/outputs/controlNetScale/controlnet_canny/cfg_7p5_control_2p0/000000076547/canny.png,/Users/yixiaoz/Desktop/cs348k_proj/outputs/controlNetScale/controlnet_canny/cfg_7p5_control_2p0/000000076547/generated.png,dense_text_plus_canny,5,7.5,2.0,20,0.4492,0.4253,26.012
116362,A small bowl filled with chopped vegetables and spoon,"A bowl filled with chopped fruit pieces sits on a wooden table with a spoon resting inside. The food appears freshly prepared, with colorful slices arranged casually in the bowl. The photograph is taken from above, focusing closely on the meal while leaving the surrounding.","A bowl filled with chopped fruit pieces sits on a wooden table with a spoon resting inside. The food appears freshly prepared, with colorful slices arranged casually in the bowl. The photograph is taken from above, focusing closely on the meal while leaving the surrounding.",/Users/yixiaoz/Desktop/cs348k_proj/outputs/controlNetScale/controlnet_canny/cfg_7p5_control_2p0/000000116362/target.png,/Users/yixiaoz/Desktop/cs348k_proj/outputs/controlNetScale/controlnet_canny/cfg_7p5_control_2p0/000000116362/canny.png,/Users/yixiaoz/Desktop/cs348k_proj/outputs/controlNetScale/controlnet_canny/cfg_7p5_control_2p0/000000116362/generated.png,dense_text_plus_canny,5,7.5,2.0,20,0.5542,0.5217,29.8335
22371,A man in thought sitting in front of a laptop with a pen in his hand.,"A businessman sits at a desk in front of an open laptop computer while holding a pen and resting his head on one hand. He appears thoughtful and focused, possibly reviewing information or planning a project. The clean office setting includes a desk surface and.","A businessman sits at a desk in front of an open laptop computer while holding a pen and resting his head on one hand. He appears thoughtful and focused, possibly reviewing information or planning a project. The clean office setting includes a desk surface and.",/Users/yixiaoz/Desktop/cs348k_proj/outputs/controlNetScale/controlnet_canny/cfg_7p5_control_2p0/000000022371/target.png,/Users/yixiaoz/Desktop/cs348k_proj/outputs/controlNetScale/controlnet_canny/cfg_7p5_control_2p0/000000022371/canny.png,/Users/yixiaoz/Desktop/cs348k_proj/outputs/controlNetScale/controlnet_canny/cfg_7p5_control_2p0/000000022371/generated.png,dense_text_plus_canny,5,7.5,2.0,20,0.5549,0.481,32.1865
69224,A man and woman eating doughnuts out of a box at a coffee shop.,"A man and woman sit together at a table inside a café or coffee shop while sharing food from a box. Drinks, containers, and personal belongings are spread across the table. The pair appear engaged in conversation as they eat, creating a friendly and relaxed.","A man and woman sit together at a table inside a café or coffee shop while sharing food from a box. Drinks, containers, and personal belongings are spread across the table. The pair appear engaged in conversation as they eat, creating a friendly and relaxed.",/Users/yixiaoz/Desktop/cs348k_proj/outputs/controlNetScale/controlnet_canny/cfg_7p5_control_2p0/000000069224/target.png,/Users/yixiaoz/Desktop/cs348k_proj/outputs/controlNetScale/controlnet_canny/cfg_7p5_control_2p0/000000069224/canny.png,/Users/yixiaoz/Desktop/cs348k_proj/outputs/controlNetScale/controlnet_canny/cfg_7p5_control_2p0/000000069224/generated.png,dense_text_plus_canny,5,7.5,2.0,20,0.5598,0.5507,33.4223
16249,It sure is a beautiful day to sit outside and read the paper.,"An older man sits outdoors on a bench reading a newspaper while enjoying a pleasant day in a public area. Several other people sit or stand nearby, creating a relaxed community setting. Sunlight illuminates the scene, and the man appears absorbed in reading while the.","An older man sits outdoors on a bench reading a newspaper while enjoying a pleasant day in a public area. Several other people sit or stand nearby, creating a relaxed community setting. Sunlight illuminates the scene, and the man appears absorbed in reading while the.",/Users/yixiaoz/Desktop/cs348k_proj/outputs/controlNetScale/controlnet_canny/cfg_7p5_control_2p0/000000016249/target.png,/Users/yixiaoz/Desktop/cs348k_proj/outputs/controlNetScale/controlnet_canny/cfg_7p5_control_2p0/000000016249/canny.png,/Users/yixiaoz/Desktop/cs348k_proj/outputs/controlNetScale/controlnet_canny/cfg_7p5_control_2p0/000000016249/generated.png,dense_text_plus_canny,5,7.5,2.0,20,0.4253,0.3979,30.3584
85157,A group of people sitting around a table have a meal and a drink.,"A group of people sit around a restaurant table sharing food and drinks. Plates, glasses, and table settings fill the dining area while the diners converse with one another. The gathering appears social and informal, with participants enjoying a meal together in a warm indoor.","A group of people sit around a restaurant table sharing food and drinks. Plates, glasses, and table settings fill the dining area while the diners converse with one another. The gathering appears social and informal, with participants enjoying a meal together in a warm indoor.",/Users/yixiaoz/Desktop/cs348k_proj/outputs/controlNetScale/controlnet_canny/cfg_7p5_control_2p0/000000085157/target.png,/Users/yixiaoz/Desktop/cs348k_proj/outputs/controlNetScale/controlnet_canny/cfg_7p5_control_2p0/000000085157/canny.png,/Users/yixiaoz/Desktop/cs348k_proj/outputs/controlNetScale/controlnet_canny/cfg_7p5_control_2p0/000000085157/generated.png,dense_text_plus_canny,5,7.5,2.0,20,0.4875,0.4994,31.157
20571,A tugboat sits beside a ferry on placid water with a mountain in the distance.,"Several fishing boats are docked beside a harbor on calm water, with hills or mountains visible in the distance. Ropes, masts, and harbor equipment line the waterfront while the boats rest quietly along the dock. The scene reflects a working maritime environment and highlights the.","Several fishing boats are docked beside a harbor on calm water, with hills or mountains visible in the distance. Ropes, masts, and harbor equipment line the waterfront while the boats rest quietly along the dock. The scene reflects a working maritime environment and highlights the.",/Users/yixiaoz/Desktop/cs348k_proj/outputs/controlNetScale/controlnet_canny/cfg_7p5_control_2p0/000000020571/target.png,/Users/yixiaoz/Desktop/cs348k_proj/outputs/controlNetScale/controlnet_canny/cfg_7p5_control_2p0/000000020571/canny.png,/Users/yixiaoz/Desktop/cs348k_proj/outputs/controlNetScale/controlnet_canny/cfg_7p5_control_2p0/000000020571/generated.png,dense_text_plus_canny,5,7.5,2.0,20,0.4908,0.4858,29.1177
84362,A toddler and cat are in a living room with open curtains.,"A toddler and a cat occupy a cozy living room illuminated by daylight coming through large windows with open curtains. Sofas and chairs surround the room, while the child sits or plays near the center of the space. The cat relaxes nearby, contributing to the.","A toddler and a cat occupy a cozy living room illuminated by daylight coming through large windows with open curtains. Sofas and chairs surround the room, while the child sits or plays near the center of the space. The cat relaxes nearby, contributing to the.",/Users/yixiaoz/Desktop/cs348k_proj/outputs/controlNetScale/controlnet_canny/cfg_7p5_control_2p0/000000084362/target.png,/Users/yixiaoz/Desktop/cs348k_proj/outputs/controlNetScale/controlnet_canny/cfg_7p5_control_2p0/000000084362/canny.png,/Users/yixiaoz/Desktop/cs348k_proj/outputs/controlNetScale/controlnet_canny/cfg_7p5_control_2p0/000000084362/generated.png,dense_text_plus_canny,5,7.5,2.0,20,0.51,0.5686,32.446
62808,Man photographing a fresh pizza his tired buddy just wants to eat,"A freshly baked pizza sits on a table in a restaurant while one man photographs it with a camera or phone. Another man sits nearby waiting to eat, looking toward the meal. Plates and dining items surround the pizza, suggesting the meal is about to.","A freshly baked pizza sits on a table in a restaurant while one man photographs it with a camera or phone. Another man sits nearby waiting to eat, looking toward the meal. Plates and dining items surround the pizza, suggesting the meal is about to.",/Users/yixiaoz/Desktop/cs348k_proj/outputs/controlNetScale/controlnet_canny/cfg_7p5_control_2p0/000000062808/target.png,/Users/yixiaoz/Desktop/cs348k_proj/outputs/controlNetScale/controlnet_canny/cfg_7p5_control_2p0/000000062808/canny.png,/Users/yixiaoz/Desktop/cs348k_proj/outputs/controlNetScale/controlnet_canny/cfg_7p5_control_2p0/000000062808/generated.png,dense_text_plus_canny,5,7.5,2.0,20,0.4811,0.4067,33.4297
106235,A living room featuring a comfortable seating arrangement of chairs and tables.,"A comfortable living room features sofas, armchairs, lamps, and a coffee table arranged around a central seating area. Warm lighting and decorative furnishings create a welcoming atmosphere. The room appears carefully organized for relaxation and conversation, with furniture positioned to encourage social interaction. Soft colors.","A comfortable living room features sofas, armchairs, lamps, and a coffee table arranged around a central seating area. Warm lighting and decorative furnishings create a welcoming atmosphere. The room appears carefully organized for relaxation and conversation, with furniture positioned to encourage social interaction. Soft colors.",/Users/yixiaoz/Desktop/cs348k_proj/outputs/controlNetScale/controlnet_canny/cfg_7p5_control_2p0/000000106235/target.png,/Users/yixiaoz/Desktop/cs348k_proj/outputs/controlNetScale/controlnet_canny/cfg_7p5_control_2p0/000000106235/canny.png,/Users/yixiaoz/Desktop/cs348k_proj/outputs/controlNetScale/controlnet_canny/cfg_7p5_control_2p0/000000106235/generated.png,dense_text_plus_canny,5,7.5,2.0,20,0.5583,0.3883,27.3387
117425,A young boy with a spoon looking at a birthday cupcake.,"A young child sits at a wooden table while looking closely at a small birthday cupcake decorated with a candle. The toddler appears curious and fascinated by the treat positioned directly in front of them. An adult stands nearby, partially visible, supervising the moment. Warm.","A young child sits at a wooden table while looking closely at a small birthday cupcake decorated with a candle. The toddler appears curious and fascinated by the treat positioned directly in front of them. An adult stands nearby, partially visible, supervising the moment. Warm.",/Users/yixiaoz/Desktop/cs348k_proj/outputs/controlNetScale/controlnet_canny/cfg_7p5_control_2p0/000000117425/target.png,/Users/yixiaoz/Desktop/cs348k_proj/outputs/controlNetScale/controlnet_canny/cfg_7p5_control_2p0/000000117425/canny.png,/Users/yixiaoz/Desktop/cs348k_proj/outputs/controlNetScale/controlnet_canny/cfg_7p5_control_2p0/000000117425/generated.png,dense_text_plus_canny,5,7.5,2.0,20,0.4835,0.274,37.0745
100624,A girl is standing by a storefront while talking on her phone.,"A young woman stands on a city sidewalk at night while talking on her mobile phone. Storefront windows, streetlights, and blurred city lights illuminate the background, creating an urban evening atmosphere. She appears focused on her conversation while standing near a shop entrance. The image.","A young woman stands on a city sidewalk at night while talking on her mobile phone. Storefront windows, streetlights, and blurred city lights illuminate the background, creating an urban evening atmosphere. She appears focused on her conversation while standing near a shop entrance. The image.",/Users/yixiaoz/Desktop/cs348k_proj/outputs/controlNetScale/controlnet_canny/cfg_7p5_control_2p0/000000100624/target.png,/Users/yixiaoz/Desktop/cs348k_proj/outputs/controlNetScale/controlnet_canny/cfg_7p5_control_2p0/000000100624/canny.png,/Users/yixiaoz/Desktop/cs348k_proj/outputs/controlNetScale/controlnet_canny/cfg_7p5_control_2p0/000000100624/generated.png,dense_text_plus_canny,5,7.5,2.0,20,0.5513,0.4082,33.9296
24243,"Two ladies seated with cups of drinks, one smoking while the other seated inside a fridge",Two women sit near a storefront or street-side seating area while holding drinks. One woman smokes a cigarette while the other sits inside a display-like enclosure resembling a refrigerator or booth. The unusual arrangement creates an eye-catching urban scene. Pedestrians and city elements appear in.,Two women sit near a storefront or street-side seating area while holding drinks. One woman smokes a cigarette while the other sits inside a display-like enclosure resembling a refrigerator or booth. The unusual arrangement creates an eye-catching urban scene. Pedestrians and city elements appear in.,/Users/yixiaoz/Desktop/cs348k_proj/outputs/controlNetScale/controlnet_canny/cfg_7p5_control_2p0/000000024243/target.png,/Users/yixiaoz/Desktop/cs348k_proj/outputs/controlNetScale/controlnet_canny/cfg_7p5_control_2p0/000000024243/canny.png,/Users/yixiaoz/Desktop/cs348k_proj/outputs/controlNetScale/controlnet_canny/cfg_7p5_control_2p0/000000024243/generated.png,dense_text_plus_canny,5,7.5,2.0,20,0.4127,0.3755,36.7798
31296,"A group of people, some in leftover US army clothing, sit at tables in a large dining room.","A large group of people gather around tables inside a spacious dining room decorated with military memorabilia and clothing. The diners appear engaged in conversation while sharing food and drinks. Wooden floors, warm lighting, and the arrangement of tables create a communal atmosphere. The image.","A large group of people gather around tables inside a spacious dining room decorated with military memorabilia and clothing. The diners appear engaged in conversation while sharing food and drinks. Wooden floors, warm lighting, and the arrangement of tables create a communal atmosphere. The image.",/Users/yixiaoz/Desktop/cs348k_proj/outputs/controlNetScale/controlnet_canny/cfg_7p5_control_2p0/000000031296/target.png,/Users/yixiaoz/Desktop/cs348k_proj/outputs/controlNetScale/controlnet_canny/cfg_7p5_control_2p0/000000031296/canny.png,/Users/yixiaoz/Desktop/cs348k_proj/outputs/controlNetScale/controlnet_canny/cfg_7p5_control_2p0/000000031296/generated.png,dense_text_plus_canny,5,7.5,2.0,20,0.4589,0.4186,29.7506
40083,a vintage photo of some people sitting under an umbrella,"This black-and-white photograph shows several people seated beneath a large umbrella beside a street or outdoor market area. Tables, chairs, and nearby structures suggest a casual public gathering place. The monochrome presentation gives the image a vintage appearance, emphasizing everyday social activity and street life.","This black-and-white photograph shows several people seated beneath a large umbrella beside a street or outdoor market area. Tables, chairs, and nearby structures suggest a casual public gathering place. The monochrome presentation gives the image a vintage appearance, emphasizing everyday social activity and street life.",/Users/yixiaoz/Desktop/cs348k_proj/outputs/controlNetScale/controlnet_canny/cfg_7p5_control_2p0/000000040083/target.png,/Users/yixiaoz/Desktop/cs348k_proj/outputs/controlNetScale/controlnet_canny/cfg_7p5_control_2p0/000000040083/canny.png,/Users/yixiaoz/Desktop/cs348k_proj/outputs/controlNetScale/controlnet_canny/cfg_7p5_control_2p0/000000040083/generated.png,dense_text_plus_canny,5,7.5,2.0,20,0.3962,0.3092,30.2185
36936,A man and woman sitting on a couch playing a video game.,"A man and woman sit together on a couch in a living room while playing a video game. A television displays the game in front of them, and snacks or drinks are visible on nearby tables. The indoor setting feels comfortable and informal, with warm.","A man and woman sit together on a couch in a living room while playing a video game. A television displays the game in front of them, and snacks or drinks are visible on nearby tables. The indoor setting feels comfortable and informal, with warm.",/Users/yixiaoz/Desktop/cs348k_proj/outputs/controlNetScale/controlnet_canny/cfg_7p5_control_2p0/000000036936/target.png,/Users/yixiaoz/Desktop/cs348k_proj/outputs/controlNetScale/controlnet_canny/cfg_7p5_control_2p0/000000036936/canny.png,/Users/yixiaoz/Desktop/cs348k_proj/outputs/controlNetScale/controlnet_canny/cfg_7p5_control_2p0/000000036936/generated.png,dense_text_plus_canny,5,7.5,2.0,20,0.5801,0.4759,28.7497
18150,A man with a receding hairline offers a slice of pizza to a toddler.,"A man with a receding hairline offers a slice of pizza to a young child seated nearby. The pair appear engaged in a friendly interaction, with the child focusing on the food being presented. The indoor setting suggests a casual family meal or gathering. The.","A man with a receding hairline offers a slice of pizza to a young child seated nearby. The pair appear engaged in a friendly interaction, with the child focusing on the food being presented. The indoor setting suggests a casual family meal or gathering. The.",/Users/yixiaoz/Desktop/cs348k_proj/outputs/controlNetScale/controlnet_canny/cfg_7p5_control_2p0/000000018150/target.png,/Users/yixiaoz/Desktop/cs348k_proj/outputs/controlNetScale/controlnet_canny/cfg_7p5_control_2p0/000000018150/canny.png,/Users/yixiaoz/Desktop/cs348k_proj/outputs/controlNetScale/controlnet_canny/cfg_7p5_control_2p0/000000018150/generated.png,dense_text_plus_canny,5,7.5,2.0,20,0.49,0.3288,34.7603
115870,Some people hanging around in a living room with a big couch.,Several people relax in a spacious living room centered around a large couch and coffee table. Some sit while others stand and converse near large windows that bring natural light into the room. Household decorations and comfortable furniture create a welcoming atmosphere. The scene captures.,Several people relax in a spacious living room centered around a large couch and coffee table. Some sit while others stand and converse near large windows that bring natural light into the room. Household decorations and comfortable furniture create a welcoming atmosphere. The scene captures.,/Users/yixiaoz/Desktop/cs348k_proj/outputs/controlNetScale/controlnet_canny/cfg_7p5_control_2p0/000000115870/target.png,/Users/yixiaoz/Desktop/cs348k_proj/outputs/controlNetScale/controlnet_canny/cfg_7p5_control_2p0/000000115870/canny.png,/Users/yixiaoz/Desktop/cs348k_proj/outputs/controlNetScale/controlnet_canny/cfg_7p5_control_2p0/000000115870/generated.png,dense_text_plus_canny,5,7.5,2.0,20,0.4053,0.3887,31.7973
32901,Four men are standing together behind a group of red chairs.,"Four men stand together behind a row of red chairs in an indoor event or meeting room. They smile toward the camera and appear dressed in semi-formal attire, suggesting a gathering, celebration, or professional occasion. The composition resembles a group portrait, with the individuals positioned.","Four men stand together behind a row of red chairs in an indoor event or meeting room. They smile toward the camera and appear dressed in semi-formal attire, suggesting a gathering, celebration, or professional occasion. The composition resembles a group portrait, with the individuals positioned.",/Users/yixiaoz/Desktop/cs348k_proj/outputs/controlNetScale/controlnet_canny/cfg_7p5_control_2p0/000000032901/target.png,/Users/yixiaoz/Desktop/cs348k_proj/outputs/controlNetScale/controlnet_canny/cfg_7p5_control_2p0/000000032901/canny.png,/Users/yixiaoz/Desktop/cs348k_proj/outputs/controlNetScale/controlnet_canny/cfg_7p5_control_2p0/000000032901/generated.png,dense_text_plus_canny,5,7.5,2.0,20,0.4995,0.4266,27.6683
25560,A cat perches on top of an entertainment center in front of a TV.,"A cat perches on top of an entertainment center directly in front of a television screen. The television displays a person on screen, while the cat appears more interested in the elevated resting spot than the program itself. Household electronics and furniture surround the scene.","A cat perches on top of an entertainment center directly in front of a television screen. The television displays a person on screen, while the cat appears more interested in the elevated resting spot than the program itself. Household electronics and furniture surround the scene.",/Users/yixiaoz/Desktop/cs348k_proj/outputs/controlNetScale/controlnet_canny/cfg_7p5_control_2p0/000000025560/target.png,/Users/yixiaoz/Desktop/cs348k_proj/outputs/controlNetScale/controlnet_canny/cfg_7p5_control_2p0/000000025560/canny.png,/Users/yixiaoz/Desktop/cs348k_proj/outputs/controlNetScale/controlnet_canny/cfg_7p5_control_2p0/000000025560/generated.png,dense_text_plus_canny,5,7.5,2.0,20,0.4761,0.41,34.8459
115245,Several suitcases on wheels leaning up against one long table with chairs.,"Several suitcases of different sizes stand upright beside a long table and a row of chairs in what appears to be a waiting area or meeting room. The luggage is grouped together on a polished wooden floor, suggesting recent travel, arrival, or preparation for departure.","Several suitcases of different sizes stand upright beside a long table and a row of chairs in what appears to be a waiting area or meeting room. The luggage is grouped together on a polished wooden floor, suggesting recent travel, arrival, or preparation for departure.",/Users/yixiaoz/Desktop/cs348k_proj/outputs/controlNetScale/controlnet_canny/cfg_7p5_control_2p0/000000115245/target.png,/Users/yixiaoz/Desktop/cs348k_proj/outputs/controlNetScale/controlnet_canny/cfg_7p5_control_2p0/000000115245/canny.png,/Users/yixiaoz/Desktop/cs348k_proj/outputs/controlNetScale/controlnet_canny/cfg_7p5_control_2p0/000000115245/generated.png,dense_text_plus_canny,5,7.5,2.0,20,0.4926,0.4973,32.0084
5001,A group of people holding a large pair of scissors to a ribbon.,"A crowd of adults and children gather around a ceremonial ribbon-cutting event. Several people smile and pose while a large pair of scissors is used to cut a ribbon stretched across the foreground. Balloons, cameras, and excited expressions contribute to the celebratory atmosphere. The gathering.","A crowd of adults and children gather around a ceremonial ribbon-cutting event. Several people smile and pose while a large pair of scissors is used to cut a ribbon stretched across the foreground. Balloons, cameras, and excited expressions contribute to the celebratory atmosphere. The gathering.",/Users/yixiaoz/Desktop/cs348k_proj/outputs/controlNetScale/controlnet_canny/cfg_7p5_control_2p0/000000005001/target.png,/Users/yixiaoz/Desktop/cs348k_proj/outputs/controlNetScale/controlnet_canny/cfg_7p5_control_2p0/000000005001/canny.png,/Users/yixiaoz/Desktop/cs348k_proj/outputs/controlNetScale/controlnet_canny/cfg_7p5_control_2p0/000000005001/generated.png,dense_text_plus_canny,5,7.5,2.0,20,0.492,0.4558,27.8078
3934,A young girl in the foreground and a woman in a bridal dress and other adults in the background.,"A young girl wearing a light-colored dress stands in the foreground of a living room while adults gather in the background. Motion blur gives the impression of movement and activity throughout the room. Furniture, decorations, and warm indoor lighting create a family-oriented atmosphere. The scene.","A young girl wearing a light-colored dress stands in the foreground of a living room while adults gather in the background. Motion blur gives the impression of movement and activity throughout the room. Furniture, decorations, and warm indoor lighting create a family-oriented atmosphere. The scene.",/Users/yixiaoz/Desktop/cs348k_proj/outputs/controlNetScale/controlnet_canny/cfg_7p5_control_2p0/000000003934/target.png,/Users/yixiaoz/Desktop/cs348k_proj/outputs/controlNetScale/controlnet_canny/cfg_7p5_control_2p0/000000003934/canny.png,/Users/yixiaoz/Desktop/cs348k_proj/outputs/controlNetScale/controlnet_canny/cfg_7p5_control_2p0/000000003934/generated.png,dense_text_plus_canny,5,7.5,2.0,20,0.5131,0.4697,31.8936
91500,Two kids hanging out playing video games on folding chairs.,"Two young men sit on folding chairs while playing a video game together indoors. Each player holds a game controller and focuses on an off-camera television or display. The room contains tables, chairs, and household furnishings that suggest a casual social gathering. Their relaxed posture.","Two young men sit on folding chairs while playing a video game together indoors. Each player holds a game controller and focuses on an off-camera television or display. The room contains tables, chairs, and household furnishings that suggest a casual social gathering. Their relaxed posture.",/Users/yixiaoz/Desktop/cs348k_proj/outputs/controlNetScale/controlnet_canny/cfg_7p5_control_2p0/000000091500/target.png,/Users/yixiaoz/Desktop/cs348k_proj/outputs/controlNetScale/controlnet_canny/cfg_7p5_control_2p0/000000091500/canny.png,/Users/yixiaoz/Desktop/cs348k_proj/outputs/controlNetScale/controlnet_canny/cfg_7p5_control_2p0/000000091500/generated.png,dense_text_plus_canny,5,7.5,2.0,20,0.486,0.4007,31.0001
82696,a white and black bird is walking by a table and some chairs,"A white and black bird walks across the floor of an indoor dining area filled with tables and chairs. The bird moves freely between the furniture, creating an unusual contrast between wildlife and a human-designed environment. Empty chairs and table arrangements suggest a cafeteria, restaurant.","A white and black bird walks across the floor of an indoor dining area filled with tables and chairs. The bird moves freely between the furniture, creating an unusual contrast between wildlife and a human-designed environment. Empty chairs and table arrangements suggest a cafeteria, restaurant.",/Users/yixiaoz/Desktop/cs348k_proj/outputs/controlNetScale/controlnet_canny/cfg_7p5_control_2p0/000000082696/target.png,/Users/yixiaoz/Desktop/cs348k_proj/outputs/controlNetScale/controlnet_canny/cfg_7p5_control_2p0/000000082696/canny.png,/Users/yixiaoz/Desktop/cs348k_proj/outputs/controlNetScale/controlnet_canny/cfg_7p5_control_2p0/000000082696/generated.png,dense_text_plus_canny,5,7.5,2.0,20,0.5537,0.4067,33.7095
25986,"Food is on the counter including a glass of water, rice, vegetables, and more","Several plates of food are arranged on a kitchen counter, including vegetables, rice, and prepared dishes ready to be served. Bowls, utensils, and drinking glasses surround the meal preparation area. The countertop is busy with ingredients and completed dishes, suggesting an active cooking session or.","Several plates of food are arranged on a kitchen counter, including vegetables, rice, and prepared dishes ready to be served. Bowls, utensils, and drinking glasses surround the meal preparation area. The countertop is busy with ingredients and completed dishes, suggesting an active cooking session or.",/Users/yixiaoz/Desktop/cs348k_proj/outputs/controlNetScale/controlnet_canny/cfg_7p5_control_2p0/000000025986/target.png,/Users/yixiaoz/Desktop/cs348k_proj/outputs/controlNetScale/controlnet_canny/cfg_7p5_control_2p0/000000025986/canny.png,/Users/yixiaoz/Desktop/cs348k_proj/outputs/controlNetScale/controlnet_canny/cfg_7p5_control_2p0/000000025986/generated.png,dense_text_plus_canny,5,7.5,2.0,20,0.5112,0.3449,34.9682
17899,Woman working with large assortment of baked goods at kitchen table.,An older woman works at a kitchen table covered with baking supplies and a large assortment of cookies or pastries. Trays of baked goods are arranged across the tabletop while ingredients and utensils remain nearby. The woman appears focused on decorating or organizing the treats.,An older woman works at a kitchen table covered with baking supplies and a large assortment of cookies or pastries. Trays of baked goods are arranged across the tabletop while ingredients and utensils remain nearby. The woman appears focused on decorating or organizing the treats.,/Users/yixiaoz/Desktop/cs348k_proj/outputs/controlNetScale/controlnet_canny/cfg_7p5_control_2p0/000000017899/target.png,/Users/yixiaoz/Desktop/cs348k_proj/outputs/controlNetScale/controlnet_canny/cfg_7p5_control_2p0/000000017899/canny.png,/Users/yixiaoz/Desktop/cs348k_proj/outputs/controlNetScale/controlnet_canny/cfg_7p5_control_2p0/000000017899/generated.png,dense_text_plus_canny,5,7.5,2.0,20,0.4998,0.2985,36.9259
36494,"A crowd of people sitting in a room, with a clock tower in front.","A large crowd gathers inside a spacious hall featuring an enormous illuminated clock structure mounted on the wall. People sit and stand around tables while enjoying food, drinks, and conversation. The architecture, lighting, and oversized clock create a dramatic focal point within the room. The.","A large crowd gathers inside a spacious hall featuring an enormous illuminated clock structure mounted on the wall. People sit and stand around tables while enjoying food, drinks, and conversation. The architecture, lighting, and oversized clock create a dramatic focal point within the room. The.",/Users/yixiaoz/Desktop/cs348k_proj/outputs/controlNetScale/controlnet_canny/cfg_7p5_control_2p0/000000036494/target.png,/Users/yixiaoz/Desktop/cs348k_proj/outputs/controlNetScale/controlnet_canny/cfg_7p5_control_2p0/000000036494/canny.png,/Users/yixiaoz/Desktop/cs348k_proj/outputs/controlNetScale/controlnet_canny/cfg_7p5_control_2p0/000000036494/generated.png,dense_text_plus_canny,5,7.5,2.0,20,0.4182,0.2211,32.5828
24610,There is a laptop computer in a room with a couch and a bookcase.,"A quiet room contains a desk with a laptop computer, bookshelves filled with books, and a couch positioned along one wall. Warm lighting and simple furnishings create a calm, comfortable environment suitable for reading, studying, or working. The arrangement suggests a personal living space or.","A quiet room contains a desk with a laptop computer, bookshelves filled with books, and a couch positioned along one wall. Warm lighting and simple furnishings create a calm, comfortable environment suitable for reading, studying, or working. The arrangement suggests a personal living space or.",/Users/yixiaoz/Desktop/cs348k_proj/outputs/controlNetScale/controlnet_canny/cfg_7p5_control_2p0/000000024610/target.png,/Users/yixiaoz/Desktop/cs348k_proj/outputs/controlNetScale/controlnet_canny/cfg_7p5_control_2p0/000000024610/canny.png,/Users/yixiaoz/Desktop/cs348k_proj/outputs/controlNetScale/controlnet_canny/cfg_7p5_control_2p0/000000024610/generated.png,dense_text_plus_canny,5,7.5,2.0,20,0.616,0.4253,27.6138
18380,a family sitting around a long table filled with a lot of food,"A large family gathers around a long dining table filled with food, drinks, and serving dishes. Adults and children smile toward the camera while seated closely together in a warm home environment. The table is crowded with meals prepared for sharing, creating a festive atmosphere.","A large family gathers around a long dining table filled with food, drinks, and serving dishes. Adults and children smile toward the camera while seated closely together in a warm home environment. The table is crowded with meals prepared for sharing, creating a festive atmosphere.",/Users/yixiaoz/Desktop/cs348k_proj/outputs/controlNetScale/controlnet_canny/cfg_7p5_control_2p0/000000018380/target.png,/Users/yixiaoz/Desktop/cs348k_proj/outputs/controlNetScale/controlnet_canny/cfg_7p5_control_2p0/000000018380/canny.png,/Users/yixiaoz/Desktop/cs348k_proj/outputs/controlNetScale/controlnet_canny/cfg_7p5_control_2p0/000000018380/generated.png,dense_text_plus_canny,5,7.5,2.0,20,0.5084,0.2912,32.6726
102411,Two people sitting on a motorcycle in the street next to a beach.,"Two people sit on a motorcycle parked beside a waterfront area near a beach. The ocean, shoreline, and distant scenery provide a scenic backdrop while the riders pause along the road. Nearby pedestrians and open coastal views contribute to the relaxed atmosphere. The image combines.","Two people sit on a motorcycle parked beside a waterfront area near a beach. The ocean, shoreline, and distant scenery provide a scenic backdrop while the riders pause along the road. Nearby pedestrians and open coastal views contribute to the relaxed atmosphere. The image combines.",/Users/yixiaoz/Desktop/cs348k_proj/outputs/controlNetScale/controlnet_canny/cfg_7p5_control_2p0/000000102411/target.png,/Users/yixiaoz/Desktop/cs348k_proj/outputs/controlNetScale/controlnet_canny/cfg_7p5_control_2p0/000000102411/canny.png,/Users/yixiaoz/Desktop/cs348k_proj/outputs/controlNetScale/controlnet_canny/cfg_7p5_control_2p0/000000102411/generated.png,dense_text_plus_canny,5,7.5,2.0,20,0.4744,0.3334,33.9814
99053,"A bowl of noodles, meat, broccoli and carrots in a sauce with a fork.","A bowl of noodles mixed with meat, broccoli, carrots, and vegetables sits on a table with a fork resting inside. The colorful ingredients are coated in sauce and arranged casually within the bowl. The close-up perspective focuses attention on the meal while minimizing background distractions.","A bowl of noodles mixed with meat, broccoli, carrots, and vegetables sits on a table with a fork resting inside. The colorful ingredients are coated in sauce and arranged casually within the bowl. The close-up perspective focuses attention on the meal while minimizing background distractions.",/Users/yixiaoz/Desktop/cs348k_proj/outputs/controlNetScale/controlnet_canny/cfg_7p5_control_2p0/000000099053/target.png,/Users/yixiaoz/Desktop/cs348k_proj/outputs/controlNetScale/controlnet_canny/cfg_7p5_control_2p0/000000099053/canny.png,/Users/yixiaoz/Desktop/cs348k_proj/outputs/controlNetScale/controlnet_canny/cfg_7p5_control_2p0/000000099053/generated.png,dense_text_plus_canny,5,7.5,2.0,20,0.6141,0.4614,29.0381
84650,THERE IS A CAT THAT IS SITTION ON TOP OF THE SUITCASE,A cat rests comfortably on top of a large suitcase surrounded by luggage and travel bags. The animal appears relaxed despite sitting among items associated with movement and transportation. The scene suggests preparation for a trip or recent arrival. The contrast between the cat’s calm.,A cat rests comfortably on top of a large suitcase surrounded by luggage and travel bags. The animal appears relaxed despite sitting among items associated with movement and transportation. The scene suggests preparation for a trip or recent arrival. The contrast between the cat’s calm.,/Users/yixiaoz/Desktop/cs348k_proj/outputs/controlNetScale/controlnet_canny/cfg_7p5_control_2p0/000000084650/target.png,/Users/yixiaoz/Desktop/cs348k_proj/outputs/controlNetScale/controlnet_canny/cfg_7p5_control_2p0/000000084650/canny.png,/Users/yixiaoz/Desktop/cs348k_proj/outputs/controlNetScale/controlnet_canny/cfg_7p5_control_2p0/000000084650/generated.png,dense_text_plus_canny,5,7.5,2.0,20,0.5236,0.47,36.7976
114049,"People inside a commuter train, with their luggage and bicycles.","Passengers stand inside a crowded train car surrounded by luggage, bicycles, and personal belongings. The narrow aisle is filled with travelers preparing for or continuing their journey. Bicycle wheels, suitcases, and overhead fixtures emphasize the transportation setting. The image captures the realities of public transit.","Passengers stand inside a crowded train car surrounded by luggage, bicycles, and personal belongings. The narrow aisle is filled with travelers preparing for or continuing their journey. Bicycle wheels, suitcases, and overhead fixtures emphasize the transportation setting. The image captures the realities of public transit.",/Users/yixiaoz/Desktop/cs348k_proj/outputs/controlNetScale/controlnet_canny/cfg_7p5_control_2p0/000000114049/target.png,/Users/yixiaoz/Desktop/cs348k_proj/outputs/controlNetScale/controlnet_canny/cfg_7p5_control_2p0/000000114049/canny.png,/Users/yixiaoz/Desktop/cs348k_proj/outputs/controlNetScale/controlnet_canny/cfg_7p5_control_2p0/000000114049/generated.png,dense_text_plus_canny,5,7.5,2.0,20,0.488,0.408,31.1582
100723,Crown marching in one direction in a lightly attended protest.,"A group of protesters march through a public street carrying signs and banners while moving together in the same direction. Participants of different ages fill the scene, creating a visible demonstration of collective action. The signs suggest support for a social or political cause, while.","A group of protesters march through a public street carrying signs and banners while moving together in the same direction. Participants of different ages fill the scene, creating a visible demonstration of collective action. The signs suggest support for a social or political cause, while.",/Users/yixiaoz/Desktop/cs348k_proj/outputs/controlNetScale/controlnet_canny/cfg_7p5_control_2p0/000000100723/target.png,/Users/yixiaoz/Desktop/cs348k_proj/outputs/controlNetScale/controlnet_canny/cfg_7p5_control_2p0/000000100723/canny.png,/Users/yixiaoz/Desktop/cs348k_proj/outputs/controlNetScale/controlnet_canny/cfg_7p5_control_2p0/000000100723/generated.png,dense_text_plus_canny,5,7.5,2.0,20,0.4948,0.3734,28.9509
40471,A painted white kitchen with a refrigerator and an automatic dish washer next to an oven stove.,"A clean white kitchen contains a refrigerator, oven, dishwasher, cabinets, and countertops arranged in a practical layout. Bright lighting reflects off the appliances and tiled surfaces, creating an organized and modern appearance. The room appears ready for cooking and daily household use. The image emphasizes.","A clean white kitchen contains a refrigerator, oven, dishwasher, cabinets, and countertops arranged in a practical layout. Bright lighting reflects off the appliances and tiled surfaces, creating an organized and modern appearance. The room appears ready for cooking and daily household use. The image emphasizes.",/Users/yixiaoz/Desktop/cs348k_proj/outputs/controlNetScale/controlnet_canny/cfg_7p5_control_2p0/000000040471/target.png,/Users/yixiaoz/Desktop/cs348k_proj/outputs/controlNetScale/controlnet_canny/cfg_7p5_control_2p0/000000040471/canny.png,/Users/yixiaoz/Desktop/cs348k_proj/outputs/controlNetScale/controlnet_canny/cfg_7p5_control_2p0/000000040471/generated.png,dense_text_plus_canny,5,7.5,2.0,20,0.507,0.3669,31.7533
100238,A family standing next to each other while holding frisbees.,"A family stands outdoors together while holding colorful frisbees. Adults and children pose side by side in a grassy area, appearing relaxed and cheerful. The open environment suggests a park, recreational field, or family gathering. Their casual clothing and outdoor setting contribute to a friendly.","A family stands outdoors together while holding colorful frisbees. Adults and children pose side by side in a grassy area, appearing relaxed and cheerful. The open environment suggests a park, recreational field, or family gathering. Their casual clothing and outdoor setting contribute to a friendly.",/Users/yixiaoz/Desktop/cs348k_proj/outputs/controlNetScale/controlnet_canny/cfg_7p5_control_2p0/000000100238/target.png,/Users/yixiaoz/Desktop/cs348k_proj/outputs/controlNetScale/controlnet_canny/cfg_7p5_control_2p0/000000100238/canny.png,/Users/yixiaoz/Desktop/cs348k_proj/outputs/controlNetScale/controlnet_canny/cfg_7p5_control_2p0/000000100238/generated.png,dense_text_plus_canny,5,7.5,2.0,20,0.4725,0.3433,32.1986
39484,A street full of cars that are driving and parked and a group of people sitting outside eating.,"Cars move along a city street lined with buildings, storefronts, and restaurants. Some people sit outside dining establishments while traffic passes through the urban area. Signs, parked vehicles, and commercial activity contribute to a lively downtown atmosphere. The image captures the interaction between transportation, business.","Cars move along a city street lined with buildings, storefronts, and restaurants. Some people sit outside dining establishments while traffic passes through the urban area. Signs, parked vehicles, and commercial activity contribute to a lively downtown atmosphere. The image captures the interaction between transportation, business.",/Users/yixiaoz/Desktop/cs348k_proj/outputs/controlNetScale/controlnet_canny/cfg_7p5_control_2p0/000000039484/target.png,/Users/yixiaoz/Desktop/cs348k_proj/outputs/controlNetScale/controlnet_canny/cfg_7p5_control_2p0/000000039484/canny.png,/Users/yixiaoz/Desktop/cs348k_proj/outputs/controlNetScale/controlnet_canny/cfg_7p5_control_2p0/000000039484/generated.png,dense_text_plus_canny,5,7.5,2.0,20,0.5067,0.3856,27.7455
13729,A group of people playing with a Wii in the living room.,"Several people stand in a living room while playing a Nintendo Wii video game. Participants face a television and appear engaged in the activity, moving their bodies as part of the gameplay. Household furniture, decorations, and open floor space provide room for interaction. The image.","Several people stand in a living room while playing a Nintendo Wii video game. Participants face a television and appear engaged in the activity, moving their bodies as part of the gameplay. Household furniture, decorations, and open floor space provide room for interaction. The image.",/Users/yixiaoz/Desktop/cs348k_proj/outputs/controlNetScale/controlnet_canny/cfg_7p5_control_2p0/000000013729/target.png,/Users/yixiaoz/Desktop/cs348k_proj/outputs/controlNetScale/controlnet_canny/cfg_7p5_control_2p0/000000013729/canny.png,/Users/yixiaoz/Desktop/cs348k_proj/outputs/controlNetScale/controlnet_canny/cfg_7p5_control_2p0/000000013729/generated.png,dense_text_plus_canny,5,7.5,2.0,20,0.46,0.405,34.753
80340,a small child wearing a tie and holding a suitcase with other people in the background,"A small child wearing a dress shirt, tie, and formal clothing stands on a sidewalk holding a rolling suitcase. Adults and other people gather nearby in the background, suggesting a family event, celebration, or travel occasion. The child’s serious posture contrasts with the oversized luggage.","A small child wearing a dress shirt, tie, and formal clothing stands on a sidewalk holding a rolling suitcase. Adults and other people gather nearby in the background, suggesting a family event, celebration, or travel occasion. The child’s serious posture contrasts with the oversized luggage.",/Users/yixiaoz/Desktop/cs348k_proj/outputs/controlNetScale/controlnet_canny/cfg_7p5_control_2p0/000000080340/target.png,/Users/yixiaoz/Desktop/cs348k_proj/outputs/controlNetScale/controlnet_canny/cfg_7p5_control_2p0/000000080340/canny.png,/Users/yixiaoz/Desktop/cs348k_proj/outputs/controlNetScale/controlnet_canny/cfg_7p5_control_2p0/000000080340/generated.png,dense_text_plus_canny,5,7.5,2.0,20,0.4148,0.3189,32.1214
38829,Two boys riding on a single bicycle on a city street,"Two people ride together through a busy city street on a single bicycle while surrounded by scooters, motorcycles, and other commuters. Urban storefronts, signs, and passing vehicles create a lively transportation scene. The riders appear relaxed as they navigate traffic alongside other travelers. The image.","Two people ride together through a busy city street on a single bicycle while surrounded by scooters, motorcycles, and other commuters. Urban storefronts, signs, and passing vehicles create a lively transportation scene. The riders appear relaxed as they navigate traffic alongside other travelers. The image.",/Users/yixiaoz/Desktop/cs348k_proj/outputs/controlNetScale/controlnet_canny/cfg_7p5_control_2p0/000000038829/target.png,/Users/yixiaoz/Desktop/cs348k_proj/outputs/controlNetScale/controlnet_canny/cfg_7p5_control_2p0/000000038829/canny.png,/Users/yixiaoz/Desktop/cs348k_proj/outputs/controlNetScale/controlnet_canny/cfg_7p5_control_2p0/000000038829/generated.png,dense_text_plus_canny,5,7.5,2.0,20,0.5499,0.4604,29.5816
66841,"A whimsical artistic toaster has eyes, a mouth, a nose, spoon feet, spoon ears, and a mixing beater tail.","A whimsical toaster has been creatively decorated with eyes, a nose, spoon-shaped ears, and other objects to resemble a human face. The appliance stands upright in a kitchen or dining area, transforming an ordinary household item into a playful character. Surrounding utensils and decorative elements.","A whimsical toaster has been creatively decorated with eyes, a nose, spoon-shaped ears, and other objects to resemble a human face. The appliance stands upright in a kitchen or dining area, transforming an ordinary household item into a playful character. Surrounding utensils and decorative elements.",/Users/yixiaoz/Desktop/cs348k_proj/outputs/controlNetScale/controlnet_canny/cfg_7p5_control_2p0/000000066841/target.png,/Users/yixiaoz/Desktop/cs348k_proj/outputs/controlNetScale/controlnet_canny/cfg_7p5_control_2p0/000000066841/canny.png,/Users/yixiaoz/Desktop/cs348k_proj/outputs/controlNetScale/controlnet_canny/cfg_7p5_control_2p0/000000066841/generated.png,dense_text_plus_canny,5,7.5,2.0,20,0.4761,0.3437,29.615
25386,A man and woman are sitting together while the man eats with chopsticks.,"A man and woman sit together at a restaurant table while sharing a meal. Plates of food, chopsticks, drinks, and condiments are arranged in front of them as they look toward the camera. The indoor dining environment appears casual and welcoming. Their expressions suggest a.","A man and woman sit together at a restaurant table while sharing a meal. Plates of food, chopsticks, drinks, and condiments are arranged in front of them as they look toward the camera. The indoor dining environment appears casual and welcoming. Their expressions suggest a.",/Users/yixiaoz/Desktop/cs348k_proj/outputs/controlNetScale/controlnet_canny/cfg_7p5_control_2p0/000000025386/target.png,/Users/yixiaoz/Desktop/cs348k_proj/outputs/controlNetScale/controlnet_canny/cfg_7p5_control_2p0/000000025386/canny.png,/Users/yixiaoz/Desktop/cs348k_proj/outputs/controlNetScale/controlnet_canny/cfg_7p5_control_2p0/000000025386/generated.png,dense_text_plus_canny,5,7.5,2.0,20,0.4822,0.3512,33.223
83531,A BBQ topped with lots of sausages sitting side by side.,"Several sausages cook on a barbecue grill above glowing heat while metal tongs rest nearby. The close-up perspective focuses on the food as it browns and develops grill marks. Smoke, cooking equipment, and the outdoor setting suggest a backyard gathering or cookout. The image emphasizes.","Several sausages cook on a barbecue grill above glowing heat while metal tongs rest nearby. The close-up perspective focuses on the food as it browns and develops grill marks. Smoke, cooking equipment, and the outdoor setting suggest a backyard gathering or cookout. The image emphasizes.",/Users/yixiaoz/Desktop/cs348k_proj/outputs/controlNetScale/controlnet_canny/cfg_7p5_control_2p0/000000083531/target.png,/Users/yixiaoz/Desktop/cs348k_proj/outputs/controlNetScale/controlnet_canny/cfg_7p5_control_2p0/000000083531/canny.png,/Users/yixiaoz/Desktop/cs348k_proj/outputs/controlNetScale/controlnet_canny/cfg_7p5_control_2p0/000000083531/generated.png,dense_text_plus_canny,5,7.5,2.0,20,0.5984,0.5282,33.3174
98392,"A photo of a busy intersection with a bus, several cars and a clock tower.","A busy city intersection contains multiple cars, a bus, and a prominent clock tower rising above nearby buildings. Traffic moves through the streets while pedestrians and commercial activity contribute to the urban atmosphere. Architectural details and transportation infrastructure create a recognizable downtown setting. The image.","A busy city intersection contains multiple cars, a bus, and a prominent clock tower rising above nearby buildings. Traffic moves through the streets while pedestrians and commercial activity contribute to the urban atmosphere. Architectural details and transportation infrastructure create a recognizable downtown setting. The image.",/Users/yixiaoz/Desktop/cs348k_proj/outputs/controlNetScale/controlnet_canny/cfg_7p5_control_2p0/000000098392/target.png,/Users/yixiaoz/Desktop/cs348k_proj/outputs/controlNetScale/controlnet_canny/cfg_7p5_control_2p0/000000098392/canny.png,/Users/yixiaoz/Desktop/cs348k_proj/outputs/controlNetScale/controlnet_canny/cfg_7p5_control_2p0/000000098392/generated.png,dense_text_plus_canny,5,7.5,2.0,20,0.5706,0.342,30.5881
12576,An elderly woman seated at a table holding three pizzas.,"An elderly woman sits at a dining table with several pizzas placed in front of her. Glasses, dishes, and table settings suggest a meal shared with others outside the frame. The warm indoor environment creates a comfortable and social atmosphere. The image highlights casual dining.","An elderly woman sits at a dining table with several pizzas placed in front of her. Glasses, dishes, and table settings suggest a meal shared with others outside the frame. The warm indoor environment creates a comfortable and social atmosphere. The image highlights casual dining.",/Users/yixiaoz/Desktop/cs348k_proj/outputs/controlNetScale/controlnet_canny/cfg_7p5_control_2p0/000000012576/target.png,/Users/yixiaoz/Desktop/cs348k_proj/outputs/controlNetScale/controlnet_canny/cfg_7p5_control_2p0/000000012576/canny.png,/Users/yixiaoz/Desktop/cs348k_proj/outputs/controlNetScale/controlnet_canny/cfg_7p5_control_2p0/000000012576/generated.png,dense_text_plus_canny,5,7.5,2.0,20,0.5376,0.3232,32.5141
22705,A woman in a short black dress is holding a champagne flute and standing in front of a refrigerator.,"A woman wearing a black dress stands confidently in a kitchen while holding a champagne flute. Stainless steel appliances, wooden cabinets, and household furnishings form the background. Her posture and expression suggest she may be attending a celebration, gathering, or special occasion. The image combines.","A woman wearing a black dress stands confidently in a kitchen while holding a champagne flute. Stainless steel appliances, wooden cabinets, and household furnishings form the background. Her posture and expression suggest she may be attending a celebration, gathering, or special occasion. The image combines.",/Users/yixiaoz/Desktop/cs348k_proj/outputs/controlNetScale/controlnet_canny/cfg_7p5_control_2p0/000000022705/target.png,/Users/yixiaoz/Desktop/cs348k_proj/outputs/controlNetScale/controlnet_canny/cfg_7p5_control_2p0/000000022705/canny.png,/Users/yixiaoz/Desktop/cs348k_proj/outputs/controlNetScale/controlnet_canny/cfg_7p5_control_2p0/000000022705/generated.png,dense_text_plus_canny,5,7.5,2.0,20,0.4913,0.317,33.5664
26204,A group of cars waiting at an intersection for the light to change,"Cars wait at an urban intersection lined with buildings, trees, and traffic infrastructure. Vehicles occupy multiple lanes as they pause for a traffic signal before continuing through the city. Sidewalks, storefronts, and street signs contribute to the metropolitan atmosphere. The image emphasizes transportation systems, traffic.","Cars wait at an urban intersection lined with buildings, trees, and traffic infrastructure. Vehicles occupy multiple lanes as they pause for a traffic signal before continuing through the city. Sidewalks, storefronts, and street signs contribute to the metropolitan atmosphere. The image emphasizes transportation systems, traffic.",/Users/yixiaoz/Desktop/cs348k_proj/outputs/controlNetScale/controlnet_canny/cfg_7p5_control_2p0/000000026204/target.png,/Users/yixiaoz/Desktop/cs348k_proj/outputs/controlNetScale/controlnet_canny/cfg_7p5_control_2p0/000000026204/canny.png,/Users/yixiaoz/Desktop/cs348k_proj/outputs/controlNetScale/controlnet_canny/cfg_7p5_control_2p0/000000026204/generated.png,dense_text_plus_canny,5,7.5,2.0,20,0.4211,0.3756,27.7067
31248,"Living room with white chairs and couches, fireplace and books on bookshelves.","A bright living room features white chairs, comfortable couches, bookshelves, and a fireplace serving as the central focal point. Decorative lamps, framed artwork, and neatly arranged furniture create an elegant and inviting atmosphere. Natural light and balanced interior design contribute to the room’s spacious appearance.","A bright living room features white chairs, comfortable couches, bookshelves, and a fireplace serving as the central focal point. Decorative lamps, framed artwork, and neatly arranged furniture create an elegant and inviting atmosphere. Natural light and balanced interior design contribute to the room’s spacious appearance.",/Users/yixiaoz/Desktop/cs348k_proj/outputs/controlNetScale/controlnet_canny/cfg_7p5_control_2p0/000000031248/target.png,/Users/yixiaoz/Desktop/cs348k_proj/outputs/controlNetScale/controlnet_canny/cfg_7p5_control_2p0/000000031248/canny.png,/Users/yixiaoz/Desktop/cs348k_proj/outputs/controlNetScale/controlnet_canny/cfg_7p5_control_2p0/000000031248/generated.png,dense_text_plus_canny,5,7.5,2.0,20,0.3897,0.2347,29.8256
107339,A pretty young lady standing in front of a couch behind a wooden table.,"A woman stands in a modern room near a couch and low wooden tables while another person sits nearby. Bright walls, large windows, and contemporary furniture create a clean and open interior space. The standing woman appears to be speaking, presenting, or interacting with the.","A woman stands in a modern room near a couch and low wooden tables while another person sits nearby. Bright walls, large windows, and contemporary furniture create a clean and open interior space. The standing woman appears to be speaking, presenting, or interacting with the.",/Users/yixiaoz/Desktop/cs348k_proj/outputs/controlNetScale/controlnet_canny/cfg_7p5_control_2p0/000000107339/target.png,/Users/yixiaoz/Desktop/cs348k_proj/outputs/controlNetScale/controlnet_canny/cfg_7p5_control_2p0/000000107339/canny.png,/Users/yixiaoz/Desktop/cs348k_proj/outputs/controlNetScale/controlnet_canny/cfg_7p5_control_2p0/000000107339/generated.png,dense_text_plus_canny,5,7.5,2.0,20,0.6457,0.491,31.0237
87476,two people standing on the same skateboard and holding each other up.,"Two young people stand together at a public event while holding skateboards and interacting with one another. One person wears a helmet while colorful vehicles and event displays appear in the background. Their posture suggests friendship, instruction, or support during a skateboarding activity. The image.","Two young people stand together at a public event while holding skateboards and interacting with one another. One person wears a helmet while colorful vehicles and event displays appear in the background. Their posture suggests friendship, instruction, or support during a skateboarding activity. The image.",/Users/yixiaoz/Desktop/cs348k_proj/outputs/controlNetScale/controlnet_canny/cfg_7p5_control_2p0/000000087476/target.png,/Users/yixiaoz/Desktop/cs348k_proj/outputs/controlNetScale/controlnet_canny/cfg_7p5_control_2p0/000000087476/canny.png,/Users/yixiaoz/Desktop/cs348k_proj/outputs/controlNetScale/controlnet_canny/cfg_7p5_control_2p0/000000087476/generated.png,dense_text_plus_canny,5,7.5,2.0,20,0.4641,0.3835,33.46
78748,"A couple of motorcycles in front of sign, with people standing around.","Several motorcycles are parked in front of a display area featuring brand signage while people gather nearby. The polished bikes are arranged for viewing, suggesting a motorcycle show, dealership event, or public exhibition. Spectators walk around the display, examining the vehicles and socializing. The image.","Several motorcycles are parked in front of a display area featuring brand signage while people gather nearby. The polished bikes are arranged for viewing, suggesting a motorcycle show, dealership event, or public exhibition. Spectators walk around the display, examining the vehicles and socializing. The image.",/Users/yixiaoz/Desktop/cs348k_proj/outputs/controlNetScale/controlnet_canny/cfg_7p5_control_2p0/000000078748/target.png,/Users/yixiaoz/Desktop/cs348k_proj/outputs/controlNetScale/controlnet_canny/cfg_7p5_control_2p0/000000078748/canny.png,/Users/yixiaoz/Desktop/cs348k_proj/outputs/controlNetScale/controlnet_canny/cfg_7p5_control_2p0/000000078748/generated.png,dense_text_plus_canny,5,7.5,2.0,20,0.517,0.4793,34.6556
29596,"A room with a couch, table set with dinnerware and a television.","A hotel-style room contains a couch, television, dining table, and neatly arranged place settings. Warm lighting, curtains, and decorative furnishings create a comfortable and welcoming atmosphere. The table is prepared for a meal, suggesting hospitality or room service. The image highlights interior design, temporary accommodations.","A hotel-style room contains a couch, television, dining table, and neatly arranged place settings. Warm lighting, curtains, and decorative furnishings create a comfortable and welcoming atmosphere. The table is prepared for a meal, suggesting hospitality or room service. The image highlights interior design, temporary accommodations.",/Users/yixiaoz/Desktop/cs348k_proj/outputs/controlNetScale/controlnet_canny/cfg_7p5_control_2p0/000000029596/target.png,/Users/yixiaoz/Desktop/cs348k_proj/outputs/controlNetScale/controlnet_canny/cfg_7p5_control_2p0/000000029596/canny.png,/Users/yixiaoz/Desktop/cs348k_proj/outputs/controlNetScale/controlnet_canny/cfg_7p5_control_2p0/000000029596/generated.png,dense_text_plus_canny,5,7.5,2.0,20,0.4457,0.3017,31.5394
33854,"parked cars, motorcycles and buses on a cobblestone parking lot next to a street.","Cars, buses, and motorcycles occupy a cobblestone parking area near a city street lined with buildings. The scene contains multiple forms of transportation gathered within a shared urban space. Pedestrians move through the area while parked vehicles await their drivers. The image captures urban infrastructure.","Cars, buses, and motorcycles occupy a cobblestone parking area near a city street lined with buildings. The scene contains multiple forms of transportation gathered within a shared urban space. Pedestrians move through the area while parked vehicles await their drivers. The image captures urban infrastructure.",/Users/yixiaoz/Desktop/cs348k_proj/outputs/controlNetScale/controlnet_canny/cfg_7p5_control_2p0/000000033854/target.png,/Users/yixiaoz/Desktop/cs348k_proj/outputs/controlNetScale/controlnet_canny/cfg_7p5_control_2p0/000000033854/canny.png,/Users/yixiaoz/Desktop/cs348k_proj/outputs/controlNetScale/controlnet_canny/cfg_7p5_control_2p0/000000033854/generated.png,dense_text_plus_canny,5,7.5,2.0,20,0.5045,0.4297,28.4907
36844,a black couch a green chair a red chair a mirror and a ceiling fan,"A living room contains a black couch, colorful chairs, a ceiling fan, and large windows that allow natural light into the space. Various pieces of furniture and decorative items are arranged throughout the room, creating a comfortable residential environment. The layout suggests an area designed.","A living room contains a black couch, colorful chairs, a ceiling fan, and large windows that allow natural light into the space. Various pieces of furniture and decorative items are arranged throughout the room, creating a comfortable residential environment. The layout suggests an area designed.",/Users/yixiaoz/Desktop/cs348k_proj/outputs/controlNetScale/controlnet_canny/cfg_7p5_control_2p0/000000036844/target.png,/Users/yixiaoz/Desktop/cs348k_proj/outputs/controlNetScale/controlnet_canny/cfg_7p5_control_2p0/000000036844/canny.png,/Users/yixiaoz/Desktop/cs348k_proj/outputs/controlNetScale/controlnet_canny/cfg_7p5_control_2p0/000000036844/generated.png,dense_text_plus_canny,5,7.5,2.0,20,0.4165,0.2823,31.5624
1000,A group of kids posing for a picture on a tennis court.,A large group of children gather together on a tennis court while posing for a photograph. Some hold tennis equipment while others stand closely beside teammates and friends. The outdoor sports facility provides a bright and energetic setting. Smiles and casual poses suggest a team.,A large group of children gather together on a tennis court while posing for a photograph. Some hold tennis equipment while others stand closely beside teammates and friends. The outdoor sports facility provides a bright and energetic setting. Smiles and casual poses suggest a team.,/Users/yixiaoz/Desktop/cs348k_proj/outputs/controlNetScale/controlnet_canny/cfg_7p5_control_2p0/000000001000/target.png,/Users/yixiaoz/Desktop/cs348k_proj/outputs/controlNetScale/controlnet_canny/cfg_7p5_control_2p0/000000001000/canny.png,/Users/yixiaoz/Desktop/cs348k_proj/outputs/controlNetScale/controlnet_canny/cfg_7p5_control_2p0/000000001000/generated.png,dense_text_plus_canny,5,7.5,2.0,20,0.5247,0.3236,33.0897
55528,A man holding a paper bag while showing the camera a toothbrush.,"A man sits in a chair while holding a paper bag and displaying a toothbrush toward the camera. His expression suggests humor or casual conversation as he presents the object. The indoor environment appears relaxed and informal, with household furnishings visible around him. The image.","A man sits in a chair while holding a paper bag and displaying a toothbrush toward the camera. His expression suggests humor or casual conversation as he presents the object. The indoor environment appears relaxed and informal, with household furnishings visible around him. The image.",/Users/yixiaoz/Desktop/cs348k_proj/outputs/controlNetScale/controlnet_canny/cfg_7p5_control_2p0/000000055528/target.png,/Users/yixiaoz/Desktop/cs348k_proj/outputs/controlNetScale/controlnet_canny/cfg_7p5_control_2p0/000000055528/canny.png,/Users/yixiaoz/Desktop/cs348k_proj/outputs/controlNetScale/controlnet_canny/cfg_7p5_control_2p0/000000055528/generated.png,dense_text_plus_canny,5,7.5,2.0,20,0.4613,0.3885,30.5299
2006,City bus driving through pedestrian saturated area near crosswalk.,"A city bus travels through a busy urban area near a crosswalk while pedestrians and vehicles move through the surrounding streets. Buildings, signs, and transportation infrastructure create a dynamic city environment. The bus serves as the focal point, illustrating the role of public transit in.","A city bus travels through a busy urban area near a crosswalk while pedestrians and vehicles move through the surrounding streets. Buildings, signs, and transportation infrastructure create a dynamic city environment. The bus serves as the focal point, illustrating the role of public transit in.",/Users/yixiaoz/Desktop/cs348k_proj/outputs/controlNetScale/controlnet_canny/cfg_7p5_control_2p0/000000002006/target.png,/Users/yixiaoz/Desktop/cs348k_proj/outputs/controlNetScale/controlnet_canny/cfg_7p5_control_2p0/000000002006/canny.png,/Users/yixiaoz/Desktop/cs348k_proj/outputs/controlNetScale/controlnet_canny/cfg_7p5_control_2p0/000000002006/generated.png,dense_text_plus_canny,5,7.5,2.0,20,0.4107,0.3827,30.7845
113720,A couple are enjoying pizza and drinks at the restaurant,"A smiling couple sits together at a restaurant table enjoying pizza, drinks, and conversation. Plates of food and beverages are arranged neatly while the pair look toward the camera. The atmosphere appears relaxed and friendly, suggesting a casual meal shared between friends or partners. The.","A smiling couple sits together at a restaurant table enjoying pizza, drinks, and conversation. Plates of food and beverages are arranged neatly while the pair look toward the camera. The atmosphere appears relaxed and friendly, suggesting a casual meal shared between friends or partners. The.",/Users/yixiaoz/Desktop/cs348k_proj/outputs/controlNetScale/controlnet_canny/cfg_7p5_control_2p0/000000113720/target.png,/Users/yixiaoz/Desktop/cs348k_proj/outputs/controlNetScale/controlnet_canny/cfg_7p5_control_2p0/000000113720/canny.png,/Users/yixiaoz/Desktop/cs348k_proj/outputs/controlNetScale/controlnet_canny/cfg_7p5_control_2p0/000000113720/generated.png,dense_text_plus_canny,5,7.5,2.0,20,0.4531,0.3725,32.8314
52413,"A child holding a pink toy cell phone with ""Princess Aurora"" inside it.",A child holds a pink toy flip phone decorated with imagery inspired by a princess character. The toy is displayed prominently in the foreground while other people and objects appear nearby. Bright colors and playful design elements emphasize childhood interests and imaginative play. The image.,A child holds a pink toy flip phone decorated with imagery inspired by a princess character. The toy is displayed prominently in the foreground while other people and objects appear nearby. Bright colors and playful design elements emphasize childhood interests and imaginative play. The image.,/Users/yixiaoz/Desktop/cs348k_proj/outputs/controlNetScale/controlnet_canny/cfg_7p5_control_2p0/000000052413/target.png,/Users/yixiaoz/Desktop/cs348k_proj/outputs/controlNetScale/controlnet_canny/cfg_7p5_control_2p0/000000052413/canny.png,/Users/yixiaoz/Desktop/cs348k_proj/outputs/controlNetScale/controlnet_canny/cfg_7p5_control_2p0/000000052413/generated.png,dense_text_plus_canny,5,7.5,2.0,20,0.615,0.3719,36.2186
60932,A man in a suit that is standing in front of a group of people.,"A man dressed in a formal suit stands confidently in front of a group of people at what appears to be a celebration or reception. The black-and-white image captures him smiling and raising a hand while guests gather in the background. Tables, decorations, and formally.","A man dressed in a formal suit stands confidently in front of a group of people at what appears to be a celebration or reception. The black-and-white image captures him smiling and raising a hand while guests gather in the background. Tables, decorations, and formally.",/Users/yixiaoz/Desktop/cs348k_proj/outputs/controlNetScale/controlnet_canny/cfg_7p5_control_2p0/000000060932/target.png,/Users/yixiaoz/Desktop/cs348k_proj/outputs/controlNetScale/controlnet_canny/cfg_7p5_control_2p0/000000060932/canny.png,/Users/yixiaoz/Desktop/cs348k_proj/outputs/controlNetScale/controlnet_canny/cfg_7p5_control_2p0/000000060932/generated.png,dense_text_plus_canny,5,7.5,2.0,20,0.3827,0.2265,35.9755
102805,A man in holds a Frisbee in the parking lot by the river.,"A man wearing a hat stands near a riverside parking area while holding a Frisbee in his hand. Mountains and water stretch across the background, creating a scenic outdoor setting. Several parked vehicles and open space suggest a recreational destination where people gather for leisure.","A man wearing a hat stands near a riverside parking area while holding a Frisbee in his hand. Mountains and water stretch across the background, creating a scenic outdoor setting. Several parked vehicles and open space suggest a recreational destination where people gather for leisure.",/Users/yixiaoz/Desktop/cs348k_proj/outputs/controlNetScale/controlnet_canny/cfg_7p5_control_2p0/000000102805/target.png,/Users/yixiaoz/Desktop/cs348k_proj/outputs/controlNetScale/controlnet_canny/cfg_7p5_control_2p0/000000102805/canny.png,/Users/yixiaoz/Desktop/cs348k_proj/outputs/controlNetScale/controlnet_canny/cfg_7p5_control_2p0/000000102805/generated.png,dense_text_plus_canny,5,7.5,2.0,20,0.4315,0.3492,37.6176
15254,These platters display healthy food choices of two entrees with a side  vegetable and fruit,"A neatly organized lunch container displays a balanced meal consisting of rice, vegetables, fruit, and other healthy foods arranged in separate compartments. Grapes, carrots, and a colorful entrée contribute to the vibrant appearance. The close-up perspective emphasizes nutrition, portioning, and meal preparation. The image reflects.","A neatly organized lunch container displays a balanced meal consisting of rice, vegetables, fruit, and other healthy foods arranged in separate compartments. Grapes, carrots, and a colorful entrée contribute to the vibrant appearance. The close-up perspective emphasizes nutrition, portioning, and meal preparation. The image reflects.",/Users/yixiaoz/Desktop/cs348k_proj/outputs/controlNetScale/controlnet_canny/cfg_7p5_control_2p0/000000015254/target.png,/Users/yixiaoz/Desktop/cs348k_proj/outputs/controlNetScale/controlnet_canny/cfg_7p5_control_2p0/000000015254/canny.png,/Users/yixiaoz/Desktop/cs348k_proj/outputs/controlNetScale/controlnet_canny/cfg_7p5_control_2p0/000000015254/generated.png,dense_text_plus_canny,5,7.5,2.0,20,0.5324,0.37,36.7642
24567,There is a man looking at a lot if hot dogs in a bun in a pan,"A man wearing a hat looks down at a tray filled with hot dogs arranged in buns. The outdoor setting suggests a barbecue, picnic, or community gathering where food is being prepared and served. Bright colors from the toppings and buns create a festive appearance.","A man wearing a hat looks down at a tray filled with hot dogs arranged in buns. The outdoor setting suggests a barbecue, picnic, or community gathering where food is being prepared and served. Bright colors from the toppings and buns create a festive appearance.",/Users/yixiaoz/Desktop/cs348k_proj/outputs/controlNetScale/controlnet_canny/cfg_7p5_control_2p0/000000024567/target.png,/Users/yixiaoz/Desktop/cs348k_proj/outputs/controlNetScale/controlnet_canny/cfg_7p5_control_2p0/000000024567/canny.png,/Users/yixiaoz/Desktop/cs348k_proj/outputs/controlNetScale/controlnet_canny/cfg_7p5_control_2p0/000000024567/generated.png,dense_text_plus_canny,5,7.5,2.0,20,0.5161,0.3542,32.1166
25603,A girl sitting around a table in a restaurant eating a pizza.,"A young girl sits at a restaurant table with a pizza placed in front of her. Glasses, plates, and table settings surround the meal while the warm indoor lighting creates a cozy atmosphere. She looks toward the camera as if waiting to eat or enjoying.","A young girl sits at a restaurant table with a pizza placed in front of her. Glasses, plates, and table settings surround the meal while the warm indoor lighting creates a cozy atmosphere. She looks toward the camera as if waiting to eat or enjoying.",/Users/yixiaoz/Desktop/cs348k_proj/outputs/controlNetScale/controlnet_canny/cfg_7p5_control_2p0/000000025603/target.png,/Users/yixiaoz/Desktop/cs348k_proj/outputs/controlNetScale/controlnet_canny/cfg_7p5_control_2p0/000000025603/canny.png,/Users/yixiaoz/Desktop/cs348k_proj/outputs/controlNetScale/controlnet_canny/cfg_7p5_control_2p0/000000025603/generated.png,dense_text_plus_canny,5,7.5,2.0,20,0.5332,0.4608,30.6689
55150,Two children sit atop their parent's luggage in the parking lot.,"Two children sit atop luggage carts in a parking lot while surrounded by parked vehicles. The scene appears to capture a family trip, airport arrival, or vacation departure. The children seem comfortable and playful as they ride on the luggage. Cars, travel equipment, and open.","Two children sit atop luggage carts in a parking lot while surrounded by parked vehicles. The scene appears to capture a family trip, airport arrival, or vacation departure. The children seem comfortable and playful as they ride on the luggage. Cars, travel equipment, and open.",/Users/yixiaoz/Desktop/cs348k_proj/outputs/controlNetScale/controlnet_canny/cfg_7p5_control_2p0/000000055150/target.png,/Users/yixiaoz/Desktop/cs348k_proj/outputs/controlNetScale/controlnet_canny/cfg_7p5_control_2p0/000000055150/canny.png,/Users/yixiaoz/Desktop/cs348k_proj/outputs/controlNetScale/controlnet_canny/cfg_7p5_control_2p0/000000055150/generated.png,dense_text_plus_canny,5,7.5,2.0,20,0.4326,0.3697,34.593
30828,A person covered with an orange sleeping bag rests his head on a blue back pack as he sleeps on a park bench.,"A person sleeps on a park bench while covered by an orange sleeping bag and resting beside a backpack. The outdoor setting includes grass, trees, and surrounding park features. The image captures a quiet moment of rest in a public space, contrasting the bright colors.","A person sleeps on a park bench while covered by an orange sleeping bag and resting beside a backpack. The outdoor setting includes grass, trees, and surrounding park features. The image captures a quiet moment of rest in a public space, contrasting the bright colors.",/Users/yixiaoz/Desktop/cs348k_proj/outputs/controlNetScale/controlnet_canny/cfg_7p5_control_2p0/000000030828/target.png,/Users/yixiaoz/Desktop/cs348k_proj/outputs/controlNetScale/controlnet_canny/cfg_7p5_control_2p0/000000030828/canny.png,/Users/yixiaoz/Desktop/cs348k_proj/outputs/controlNetScale/controlnet_canny/cfg_7p5_control_2p0/000000030828/generated.png,dense_text_plus_canny,5,7.5,2.0,20,0.6021,0.4544,33.9149
32334,"Two people, a man and a woman, are toasting with wine glasses.","A smiling man and woman hold wine glasses while posing together indoors. The casual setting appears to be a social gathering, dinner, or celebration where friends enjoy food and drinks. Warm lighting and relaxed expressions create a welcoming atmosphere. The image emphasizes companionship, hospitality, and.","A smiling man and woman hold wine glasses while posing together indoors. The casual setting appears to be a social gathering, dinner, or celebration where friends enjoy food and drinks. Warm lighting and relaxed expressions create a welcoming atmosphere. The image emphasizes companionship, hospitality, and.",/Users/yixiaoz/Desktop/cs348k_proj/outputs/controlNetScale/controlnet_canny/cfg_7p5_control_2p0/000000032334/target.png,/Users/yixiaoz/Desktop/cs348k_proj/outputs/controlNetScale/controlnet_canny/cfg_7p5_control_2p0/000000032334/canny.png,/Users/yixiaoz/Desktop/cs348k_proj/outputs/controlNetScale/controlnet_canny/cfg_7p5_control_2p0/000000032334/generated.png,dense_text_plus_canny,5,7.5,2.0,20,0.4963,0.4733,27.8711
92416,A male with a bottled beverage wearing a flower in his lapel.,"A young man wearing formal attire stands outdoors holding a bottled beverage. A flower pinned to his lapel suggests participation in a wedding, graduation, or other ceremonial event. Water and distant scenery form a pleasant background. His posture and clothing indicate a special occasion, while.","A young man wearing formal attire stands outdoors holding a bottled beverage. A flower pinned to his lapel suggests participation in a wedding, graduation, or other ceremonial event. Water and distant scenery form a pleasant background. His posture and clothing indicate a special occasion, while.",/Users/yixiaoz/Desktop/cs348k_proj/outputs/controlNetScale/controlnet_canny/cfg_7p5_control_2p0/000000092416/target.png,/Users/yixiaoz/Desktop/cs348k_proj/outputs/controlNetScale/controlnet_canny/cfg_7p5_control_2p0/000000092416/canny.png,/Users/yixiaoz/Desktop/cs348k_proj/outputs/controlNetScale/controlnet_canny/cfg_7p5_control_2p0/000000092416/generated.png,dense_text_plus_canny,5,7.5,2.0,20,0.5462,0.5737,24.2704
20553,Large stuffed animal posed outdoors as if sitting in a chair with beverages on a table.,A large stuffed animal is arranged outdoors in a desert-like environment while seated in a chair beside beverages and decorative items placed on a small table. The unusual setup creates a humorous and imaginative scene. Open ground and sparse surroundings emphasize the contrast between the.,A large stuffed animal is arranged outdoors in a desert-like environment while seated in a chair beside beverages and decorative items placed on a small table. The unusual setup creates a humorous and imaginative scene. Open ground and sparse surroundings emphasize the contrast between the.,/Users/yixiaoz/Desktop/cs348k_proj/outputs/controlNetScale/controlnet_canny/cfg_7p5_control_2p0/000000020553/target.png,/Users/yixiaoz/Desktop/cs348k_proj/outputs/controlNetScale/controlnet_canny/cfg_7p5_control_2p0/000000020553/canny.png,/Users/yixiaoz/Desktop/cs348k_proj/outputs/controlNetScale/controlnet_canny/cfg_7p5_control_2p0/000000020553/generated.png,dense_text_plus_canny,5,7.5,2.0,20,0.4706,0.4254,30.6171
93437,An older man is wearing a funny hat in his dining room.,"An elderly man wearing a distinctive hat stands inside a dining area or kitchen while smiling toward the camera. Household furnishings and cabinets appear in the background, creating a comfortable domestic setting. His expression suggests warmth and friendliness, while the unusual hat adds character and.","An elderly man wearing a distinctive hat stands inside a dining area or kitchen while smiling toward the camera. Household furnishings and cabinets appear in the background, creating a comfortable domestic setting. His expression suggests warmth and friendliness, while the unusual hat adds character and.",/Users/yixiaoz/Desktop/cs348k_proj/outputs/controlNetScale/controlnet_canny/cfg_7p5_control_2p0/000000093437/target.png,/Users/yixiaoz/Desktop/cs348k_proj/outputs/controlNetScale/controlnet_canny/cfg_7p5_control_2p0/000000093437/canny.png,/Users/yixiaoz/Desktop/cs348k_proj/outputs/controlNetScale/controlnet_canny/cfg_7p5_control_2p0/000000093437/generated.png,dense_text_plus_canny,5,7.5,2.0,20,0.436,0.4262,26.2044
89648,People using electronic devises all facing in the same direction.,"Several people sit in rows while using laptops and other electronic devices. Viewed from above, the scene resembles a classroom, workshop, conference, or training session focused on technology. Participants face the same direction and appear engaged with their screens. The arrangement emphasizes learning, collaboration, and.","Several people sit in rows while using laptops and other electronic devices. Viewed from above, the scene resembles a classroom, workshop, conference, or training session focused on technology. Participants face the same direction and appear engaged with their screens. The arrangement emphasizes learning, collaboration, and.",/Users/yixiaoz/Desktop/cs348k_proj/outputs/controlNetScale/controlnet_canny/cfg_7p5_control_2p0/000000089648/target.png,/Users/yixiaoz/Desktop/cs348k_proj/outputs/controlNetScale/controlnet_canny/cfg_7p5_control_2p0/000000089648/canny.png,/Users/yixiaoz/Desktop/cs348k_proj/outputs/controlNetScale/controlnet_canny/cfg_7p5_control_2p0/000000089648/generated.png,dense_text_plus_canny,5,7.5,2.0,20,0.4197,0.3445,33.4699
7574,"A kitchen with two sinks, a counter, detergent, a stove and a refrigerator in it.","A kitchen interior contains wooden cabinets, a refrigerator, a stove, countertops, and cleaning supplies arranged around the room. Various household items are visible near the sink and work surfaces, creating a realistic lived-in appearance. The image emphasizes domestic functionality and organization while showcasing the appliances.","A kitchen interior contains wooden cabinets, a refrigerator, a stove, countertops, and cleaning supplies arranged around the room. Various household items are visible near the sink and work surfaces, creating a realistic lived-in appearance. The image emphasizes domestic functionality and organization while showcasing the appliances.",/Users/yixiaoz/Desktop/cs348k_proj/outputs/controlNetScale/controlnet_canny/cfg_7p5_control_2p0/000000007574/target.png,/Users/yixiaoz/Desktop/cs348k_proj/outputs/controlNetScale/controlnet_canny/cfg_7p5_control_2p0/000000007574/canny.png,/Users/yixiaoz/Desktop/cs348k_proj/outputs/controlNetScale/controlnet_canny/cfg_7p5_control_2p0/000000007574/generated.png,dense_text_plus_canny,5,7.5,2.0,20,0.4039,0.3437,32.5303
88040,"Plates of shrimp, vegetables, and noodles served with tea.","Several plates of food are arranged on a table viewed from above, including shrimp, vegetables, noodles, and accompanying beverages. Bowls, cups, and serving dishes contribute to the inviting dining presentation. The meal appears carefully prepared and shared among multiple people. The image highlights culinary variety.","Several plates of food are arranged on a table viewed from above, including shrimp, vegetables, noodles, and accompanying beverages. Bowls, cups, and serving dishes contribute to the inviting dining presentation. The meal appears carefully prepared and shared among multiple people. The image highlights culinary variety.",/Users/yixiaoz/Desktop/cs348k_proj/outputs/controlNetScale/controlnet_canny/cfg_7p5_control_2p0/000000088040/target.png,/Users/yixiaoz/Desktop/cs348k_proj/outputs/controlNetScale/controlnet_canny/cfg_7p5_control_2p0/000000088040/canny.png,/Users/yixiaoz/Desktop/cs348k_proj/outputs/controlNetScale/controlnet_canny/cfg_7p5_control_2p0/000000088040/generated.png,dense_text_plus_canny,5,7.5,2.0,20,0.5092,0.4147,32.2148
4134,Two men standing next to each other holding hands.,"Two men stand together at a formal event while greeting one another and shaking hands. Other attendees and banquet tables are visible in the background, suggesting a conference, reception, or celebration. Their professional attire and engaged expressions indicate a respectful social interaction. The image highlights.","Two men stand together at a formal event while greeting one another and shaking hands. Other attendees and banquet tables are visible in the background, suggesting a conference, reception, or celebration. Their professional attire and engaged expressions indicate a respectful social interaction. The image highlights.",/Users/yixiaoz/Desktop/cs348k_proj/outputs/controlNetScale/controlnet_canny/cfg_7p5_control_2p0/000000004134/target.png,/Users/yixiaoz/Desktop/cs348k_proj/outputs/controlNetScale/controlnet_canny/cfg_7p5_control_2p0/000000004134/canny.png,/Users/yixiaoz/Desktop/cs348k_proj/outputs/controlNetScale/controlnet_canny/cfg_7p5_control_2p0/000000004134/generated.png,dense_text_plus_canny,5,7.5,2.0,20,0.5384,0.4092,29.4797
39769,Two cats sleeping with a remote control near each of them.,Two cats sleep peacefully on a bright pink blanket with television remotes placed nearby. Their relaxed poses and stretched bodies create a calm and comfortable scene. The indoor setting suggests a living room or bedroom where the animals have chosen a soft resting place. The.,Two cats sleep peacefully on a bright pink blanket with television remotes placed nearby. Their relaxed poses and stretched bodies create a calm and comfortable scene. The indoor setting suggests a living room or bedroom where the animals have chosen a soft resting place. The.,/Users/yixiaoz/Desktop/cs348k_proj/outputs/controlNetScale/controlnet_canny/cfg_7p5_control_2p0/000000039769/target.png,/Users/yixiaoz/Desktop/cs348k_proj/outputs/controlNetScale/controlnet_canny/cfg_7p5_control_2p0/000000039769/canny.png,/Users/yixiaoz/Desktop/cs348k_proj/outputs/controlNetScale/controlnet_canny/cfg_7p5_control_2p0/000000039769/generated.png,dense_text_plus_canny,5,7.5,2.0,20,0.5593,0.4671,30.4463
14439,A group of people standing on a field flying a colorful kite.,"A group of people stand together in a grassy park while flying a large colorful kite. Open space, recreational equipment, and other visitors create a lively outdoor environment. Participants work together to manage the kite as it catches the wind above the field. The image.","A group of people stand together in a grassy park while flying a large colorful kite. Open space, recreational equipment, and other visitors create a lively outdoor environment. Participants work together to manage the kite as it catches the wind above the field. The image.",/Users/yixiaoz/Desktop/cs348k_proj/outputs/controlNetScale/controlnet_canny/cfg_7p5_control_2p0/000000014439/target.png,/Users/yixiaoz/Desktop/cs348k_proj/outputs/controlNetScale/controlnet_canny/cfg_7p5_control_2p0/000000014439/canny.png,/Users/yixiaoz/Desktop/cs348k_proj/outputs/controlNetScale/controlnet_canny/cfg_7p5_control_2p0/000000014439/generated.png,dense_text_plus_canny,5,7.5,2.0,20,0.5725,0.4039,35.0606
104669,"A plate with a meal of meat, potatoes, carrots, and broccoli.","A plate holds a complete meal featuring a piece of meat alongside potatoes, carrots, broccoli, and other vegetables. The arrangement is neatly presented, suggesting a restaurant dish or carefully prepared home-cooked dinner. Bright colors from the vegetables contrast with the darker entrée. The image emphasizes.","A plate holds a complete meal featuring a piece of meat alongside potatoes, carrots, broccoli, and other vegetables. The arrangement is neatly presented, suggesting a restaurant dish or carefully prepared home-cooked dinner. Bright colors from the vegetables contrast with the darker entrée. The image emphasizes.",/Users/yixiaoz/Desktop/cs348k_proj/outputs/controlNetScale/controlnet_canny/cfg_7p5_control_2p0/000000104669/target.png,/Users/yixiaoz/Desktop/cs348k_proj/outputs/controlNetScale/controlnet_canny/cfg_7p5_control_2p0/000000104669/canny.png,/Users/yixiaoz/Desktop/cs348k_proj/outputs/controlNetScale/controlnet_canny/cfg_7p5_control_2p0/000000104669/generated.png,dense_text_plus_canny,5,7.5,2.0,20,0.5182,0.3161,30.3199
11149,A man sitting on a motorcycle near several bicycles with a partially visible person standing nearby.,"A motorcycle is parked near several bicycles while people stand nearby in an outdoor setting. The collection of vehicles suggests a shared recreational or transportation area. Trees, pathways, and surrounding activity contribute to the public atmosphere. The image highlights different modes of personal transportation and.","A motorcycle is parked near several bicycles while people stand nearby in an outdoor setting. The collection of vehicles suggests a shared recreational or transportation area. Trees, pathways, and surrounding activity contribute to the public atmosphere. The image highlights different modes of personal transportation and.",/Users/yixiaoz/Desktop/cs348k_proj/outputs/controlNetScale/controlnet_canny/cfg_7p5_control_2p0/000000011149/target.png,/Users/yixiaoz/Desktop/cs348k_proj/outputs/controlNetScale/controlnet_canny/cfg_7p5_control_2p0/000000011149/canny.png,/Users/yixiaoz/Desktop/cs348k_proj/outputs/controlNetScale/controlnet_canny/cfg_7p5_control_2p0/000000011149/generated.png,dense_text_plus_canny,5,7.5,2.0,20,0.5078,0.4263,30.1138
52996,A group of women in military outfits helping other women in a kitchen.,"A group of women wearing military-style uniforms work together in a kitchen while preparing food. Large pots, utensils, and work surfaces indicate an organized cooking effort intended to serve many people. Their coordinated activity reflects teamwork and shared responsibility. The image highlights food preparation, community.","A group of women wearing military-style uniforms work together in a kitchen while preparing food. Large pots, utensils, and work surfaces indicate an organized cooking effort intended to serve many people. Their coordinated activity reflects teamwork and shared responsibility. The image highlights food preparation, community.",/Users/yixiaoz/Desktop/cs348k_proj/outputs/controlNetScale/controlnet_canny/cfg_7p5_control_2p0/000000052996/target.png,/Users/yixiaoz/Desktop/cs348k_proj/outputs/controlNetScale/controlnet_canny/cfg_7p5_control_2p0/000000052996/canny.png,/Users/yixiaoz/Desktop/cs348k_proj/outputs/controlNetScale/controlnet_canny/cfg_7p5_control_2p0/000000052996/generated.png,dense_text_plus_canny,5,7.5,2.0,20,0.4973,0.3798,29.4892
30213,"The picture shows the interior of a kitchen, with vintage refrigerator, stove, and other appliances.","The interior of a vintage-style kitchen is filled with retro appliances, patterned wallpaper, wooden cabinets, and decorative household items. A classic refrigerator, stove, sink, and dining furniture create a nostalgic atmosphere reminiscent of mid-century home design. Various utensils, containers, and decorations are arranged throughout the.","The interior of a vintage-style kitchen is filled with retro appliances, patterned wallpaper, wooden cabinets, and decorative household items. A classic refrigerator, stove, sink, and dining furniture create a nostalgic atmosphere reminiscent of mid-century home design. Various utensils, containers, and decorations are arranged throughout the.",/Users/yixiaoz/Desktop/cs348k_proj/outputs/controlNetScale/controlnet_canny/cfg_7p5_control_2p0/000000030213/target.png,/Users/yixiaoz/Desktop/cs348k_proj/outputs/controlNetScale/controlnet_canny/cfg_7p5_control_2p0/000000030213/canny.png,/Users/yixiaoz/Desktop/cs348k_proj/outputs/controlNetScale/controlnet_canny/cfg_7p5_control_2p0/000000030213/generated.png,dense_text_plus_canny,5,7.5,2.0,20,0.5031,0.3726,27.2149
56127,"A room with a fire extinguisher, mugs hanging from a shelf and several lights.","A narrow interior room contains shelves lined with mugs, a fire extinguisher, counters, hanging lights, and decorative details. Warm lighting and colorful walls create a welcoming atmosphere that resembles a small café, restaurant service area, or compact workspace. The room is carefully organized to maximize.","A narrow interior room contains shelves lined with mugs, a fire extinguisher, counters, hanging lights, and decorative details. Warm lighting and colorful walls create a welcoming atmosphere that resembles a small café, restaurant service area, or compact workspace. The room is carefully organized to maximize.",/Users/yixiaoz/Desktop/cs348k_proj/outputs/controlNetScale/controlnet_canny/cfg_7p5_control_2p0/000000056127/target.png,/Users/yixiaoz/Desktop/cs348k_proj/outputs/controlNetScale/controlnet_canny/cfg_7p5_control_2p0/000000056127/canny.png,/Users/yixiaoz/Desktop/cs348k_proj/outputs/controlNetScale/controlnet_canny/cfg_7p5_control_2p0/000000056127/generated.png,dense_text_plus_canny,5,7.5,2.0,20,0.5368,0.3754,26.3673
84031,A batter swinging a bat at a baseball with the catcher and umpire behind him.,A baseball player swings at a pitch while the catcher and umpire closely follow the action behind home plate. The game takes place on a well-maintained field surrounded by spectators and stadium structures. The batter’s posture captures the intensity and timing required in competitive baseball.,A baseball player swings at a pitch while the catcher and umpire closely follow the action behind home plate. The game takes place on a well-maintained field surrounded by spectators and stadium structures. The batter’s posture captures the intensity and timing required in competitive baseball.,/Users/yixiaoz/Desktop/cs348k_proj/outputs/controlNetScale/controlnet_canny/cfg_7p5_control_2p0/000000084031/target.png,/Users/yixiaoz/Desktop/cs348k_proj/outputs/controlNetScale/controlnet_canny/cfg_7p5_control_2p0/000000084031/canny.png,/Users/yixiaoz/Desktop/cs348k_proj/outputs/controlNetScale/controlnet_canny/cfg_7p5_control_2p0/000000084031/generated.png,dense_text_plus_canny,5,7.5,2.0,20,0.5014,0.4328,28.6195
74209,A black and stainless steel kitchen with a snack bar and bar stools.,"A modern kitchen features stainless steel appliances, polished countertops, pendant lighting, and a snack bar lined with stools. The clean design emphasizes contemporary architecture and efficient use of space. Cabinets, sinks, and work surfaces are neatly arranged to support cooking and dining activities. The room.","A modern kitchen features stainless steel appliances, polished countertops, pendant lighting, and a snack bar lined with stools. The clean design emphasizes contemporary architecture and efficient use of space. Cabinets, sinks, and work surfaces are neatly arranged to support cooking and dining activities. The room.",/Users/yixiaoz/Desktop/cs348k_proj/outputs/controlNetScale/controlnet_canny/cfg_7p5_control_2p0/000000074209/target.png,/Users/yixiaoz/Desktop/cs348k_proj/outputs/controlNetScale/controlnet_canny/cfg_7p5_control_2p0/000000074209/canny.png,/Users/yixiaoz/Desktop/cs348k_proj/outputs/controlNetScale/controlnet_canny/cfg_7p5_control_2p0/000000074209/generated.png,dense_text_plus_canny,5,7.5,2.0,20,0.4378,0.2844,31.178
52891,A dog walking on the beach with a frizzbe in his month.,"A dog stands on a sandy beach while carrying a bright yellow frisbee in its mouth. Ocean water, waves, and distant shoreline scenery create a scenic coastal backdrop. The animal appears alert and energetic, as if engaged in a game of fetch with its owner.","A dog stands on a sandy beach while carrying a bright yellow frisbee in its mouth. Ocean water, waves, and distant shoreline scenery create a scenic coastal backdrop. The animal appears alert and energetic, as if engaged in a game of fetch with its owner.",/Users/yixiaoz/Desktop/cs348k_proj/outputs/controlNetScale/controlnet_canny/cfg_7p5_control_2p0/000000052891/target.png,/Users/yixiaoz/Desktop/cs348k_proj/outputs/controlNetScale/controlnet_canny/cfg_7p5_control_2p0/000000052891/canny.png,/Users/yixiaoz/Desktop/cs348k_proj/outputs/controlNetScale/controlnet_canny/cfg_7p5_control_2p0/000000052891/generated.png,dense_text_plus_canny,5,7.5,2.0,20,0.6326,0.5704,33.7596
99039,Plates of food and two glasses of red wine are on a table.,Several plates of food and two glasses of red wine are arranged on a table beside a large window overlooking greenery and nearby buildings. The setting appears to be a restaurant or dining area where people are enjoying a meal together. Soft natural light enters.,Several plates of food and two glasses of red wine are arranged on a table beside a large window overlooking greenery and nearby buildings. The setting appears to be a restaurant or dining area where people are enjoying a meal together. Soft natural light enters.,/Users/yixiaoz/Desktop/cs348k_proj/outputs/controlNetScale/controlnet_canny/cfg_7p5_control_2p0/000000099039/target.png,/Users/yixiaoz/Desktop/cs348k_proj/outputs/controlNetScale/controlnet_canny/cfg_7p5_control_2p0/000000099039/canny.png,/Users/yixiaoz/Desktop/cs348k_proj/outputs/controlNetScale/controlnet_canny/cfg_7p5_control_2p0/000000099039/generated.png,dense_text_plus_canny,5,7.5,2.0,20,0.4646,0.4717,30.3178
66635,"An apple computer monitor, keyboard and mouse sits on top of a clean wooden desk.","An Apple desktop computer sits on a clean wooden desk alongside a keyboard and mouse. The workspace is simple, organized, and free from clutter, emphasizing productivity and focus. The monitor occupies the center of the arrangement while the surrounding furniture provides ample working space. The.","An Apple desktop computer sits on a clean wooden desk alongside a keyboard and mouse. The workspace is simple, organized, and free from clutter, emphasizing productivity and focus. The monitor occupies the center of the arrangement while the surrounding furniture provides ample working space. The.",/Users/yixiaoz/Desktop/cs348k_proj/outputs/controlNetScale/controlnet_canny/cfg_7p5_control_2p0/000000066635/target.png,/Users/yixiaoz/Desktop/cs348k_proj/outputs/controlNetScale/controlnet_canny/cfg_7p5_control_2p0/000000066635/canny.png,/Users/yixiaoz/Desktop/cs348k_proj/outputs/controlNetScale/controlnet_canny/cfg_7p5_control_2p0/000000066635/generated.png,dense_text_plus_canny,5,7.5,2.0,20,0.4437,0.2785,33.2807
107226,Men race on wheeled vehicles towed by a group of husky dogs.,Competitors participate in a dog-powered racing event where huskies pull wheeled vehicles through an outdoor course. Spectators gather nearby to watch the action while handlers guide the dogs. The animals appear strong and energetic as they work together as a team. The image highlights sporting.,Competitors participate in a dog-powered racing event where huskies pull wheeled vehicles through an outdoor course. Spectators gather nearby to watch the action while handlers guide the dogs. The animals appear strong and energetic as they work together as a team. The image highlights sporting.,/Users/yixiaoz/Desktop/cs348k_proj/outputs/controlNetScale/controlnet_canny/cfg_7p5_control_2p0/000000107226/target.png,/Users/yixiaoz/Desktop/cs348k_proj/outputs/controlNetScale/controlnet_canny/cfg_7p5_control_2p0/000000107226/canny.png,/Users/yixiaoz/Desktop/cs348k_proj/outputs/controlNetScale/controlnet_canny/cfg_7p5_control_2p0/000000107226/generated.png,dense_text_plus_canny,5,7.5,2.0,20,0.5946,0.4874,37.0293
14038,A kitchen with hard wood floors and a yellow smiley face balloon.,"A living room decorated for a celebration contains colorful balloons, furniture, and a large yellow smiley-face balloon suspended near the ceiling. The room features wooden flooring, entertainment equipment, and decorative touches that create a festive atmosphere. The arrangement suggests a birthday party or social gathering.","A living room decorated for a celebration contains colorful balloons, furniture, and a large yellow smiley-face balloon suspended near the ceiling. The room features wooden flooring, entertainment equipment, and decorative touches that create a festive atmosphere. The arrangement suggests a birthday party or social gathering.",/Users/yixiaoz/Desktop/cs348k_proj/outputs/controlNetScale/controlnet_canny/cfg_7p5_control_2p0/000000014038/target.png,/Users/yixiaoz/Desktop/cs348k_proj/outputs/controlNetScale/controlnet_canny/cfg_7p5_control_2p0/000000014038/canny.png,/Users/yixiaoz/Desktop/cs348k_proj/outputs/controlNetScale/controlnet_canny/cfg_7p5_control_2p0/000000014038/generated.png,dense_text_plus_canny,5,7.5,2.0,20,0.4746,0.2305,35.5348
114884,"A woman with a cigarette standing, while a group of people with luggage walk towards a bus.","A woman stands inside a transportation terminal while travelers carrying luggage move through the background toward buses or other transit services. The spacious facility contains seating areas, structural supports, and signs associated with public transportation. People appear focused on their journeys as they navigate the.","A woman stands inside a transportation terminal while travelers carrying luggage move through the background toward buses or other transit services. The spacious facility contains seating areas, structural supports, and signs associated with public transportation. People appear focused on their journeys as they navigate the.",/Users/yixiaoz/Desktop/cs348k_proj/outputs/controlNetScale/controlnet_canny/cfg_7p5_control_2p0/000000114884/target.png,/Users/yixiaoz/Desktop/cs348k_proj/outputs/controlNetScale/controlnet_canny/cfg_7p5_control_2p0/000000114884/canny.png,/Users/yixiaoz/Desktop/cs348k_proj/outputs/controlNetScale/controlnet_canny/cfg_7p5_control_2p0/000000114884/generated.png,dense_text_plus_canny,5,7.5,2.0,20,0.4802,0.338,29.0182
12120,A couple of women playing a game of tennis on a tennis court.,"Two women compete in a tennis match on a professional court surrounded by spectators and stadium seating. Both athletes focus intensely on the ball as they move across the blue playing surface. The sporting venue includes advertising displays, officials, and fans observing the competition. The.","Two women compete in a tennis match on a professional court surrounded by spectators and stadium seating. Both athletes focus intensely on the ball as they move across the blue playing surface. The sporting venue includes advertising displays, officials, and fans observing the competition. The.",/Users/yixiaoz/Desktop/cs348k_proj/outputs/controlNetScale/controlnet_canny/cfg_7p5_control_2p0/000000012120/target.png,/Users/yixiaoz/Desktop/cs348k_proj/outputs/controlNetScale/controlnet_canny/cfg_7p5_control_2p0/000000012120/canny.png,/Users/yixiaoz/Desktop/cs348k_proj/outputs/controlNetScale/controlnet_canny/cfg_7p5_control_2p0/000000012120/generated.png,dense_text_plus_canny,5,7.5,2.0,20,0.5221,0.2752,37.5433
87470,a big heard of cows walking down a road in a row with green tags on their ears,A large herd of cattle walks together along a rural road bordered by open countryside. The animals move in an organized line while green ear tags help identify members of the herd. Rolling terrain and natural vegetation create an agricultural landscape in the background. The.,A large herd of cattle walks together along a rural road bordered by open countryside. The animals move in an organized line while green ear tags help identify members of the herd. Rolling terrain and natural vegetation create an agricultural landscape in the background. The.,/Users/yixiaoz/Desktop/cs348k_proj/outputs/controlNetScale/controlnet_canny/cfg_7p5_control_2p0/000000087470/target.png,/Users/yixiaoz/Desktop/cs348k_proj/outputs/controlNetScale/controlnet_canny/cfg_7p5_control_2p0/000000087470/canny.png,/Users/yixiaoz/Desktop/cs348k_proj/outputs/controlNetScale/controlnet_canny/cfg_7p5_control_2p0/000000087470/generated.png,dense_text_plus_canny,5,7.5,2.0,20,0.4507,0.3593,31.5896
41872,"A bedroom with  a large bed facing a fireplace that has a television over the top of it, in a shelf space.","A comfortable bedroom contains a large bed, fireplace, television, built-in shelving, and warm lighting. Soft furnishings and decorative details create a relaxing atmosphere designed for rest and comfort. The layout resembles a hotel suite or upscale residential bedroom where entertainment and relaxation are combined in.","A comfortable bedroom contains a large bed, fireplace, television, built-in shelving, and warm lighting. Soft furnishings and decorative details create a relaxing atmosphere designed for rest and comfort. The layout resembles a hotel suite or upscale residential bedroom where entertainment and relaxation are combined in.",/Users/yixiaoz/Desktop/cs348k_proj/outputs/controlNetScale/controlnet_canny/cfg_7p5_control_2p0/000000041872/target.png,/Users/yixiaoz/Desktop/cs348k_proj/outputs/controlNetScale/controlnet_canny/cfg_7p5_control_2p0/000000041872/canny.png,/Users/yixiaoz/Desktop/cs348k_proj/outputs/controlNetScale/controlnet_canny/cfg_7p5_control_2p0/000000041872/generated.png,dense_text_plus_canny,5,7.5,2.0,20,0.6518,0.4592,28.0326
60899,The young boy is playing in the living room of his house.,"A young boy plays in a living room while raising an object above his head. Household furniture, rugs, and natural light create a comfortable domestic setting. The child appears energetic and engaged in imaginative play. The image captures a candid family moment that reflects childhood.","A young boy plays in a living room while raising an object above his head. Household furniture, rugs, and natural light create a comfortable domestic setting. The child appears energetic and engaged in imaginative play. The image captures a candid family moment that reflects childhood.",/Users/yixiaoz/Desktop/cs348k_proj/outputs/controlNetScale/controlnet_canny/cfg_7p5_control_2p0/000000060899/target.png,/Users/yixiaoz/Desktop/cs348k_proj/outputs/controlNetScale/controlnet_canny/cfg_7p5_control_2p0/000000060899/canny.png,/Users/yixiaoz/Desktop/cs348k_proj/outputs/controlNetScale/controlnet_canny/cfg_7p5_control_2p0/000000060899/generated.png,dense_text_plus_canny,5,7.5,2.0,20,0.4916,0.5187,33.6719
46872,a man standing next to a truck with some stuff on it,"A man stands beside a flatbed truck loaded with large industrial materials and equipment. The outdoor setting suggests a construction, transportation, or delivery operation. The truck occupies most of the scene while the worker appears to inspect or supervise the cargo. The image highlights logistics.","A man stands beside a flatbed truck loaded with large industrial materials and equipment. The outdoor setting suggests a construction, transportation, or delivery operation. The truck occupies most of the scene while the worker appears to inspect or supervise the cargo. The image highlights logistics.",/Users/yixiaoz/Desktop/cs348k_proj/outputs/controlNetScale/controlnet_canny/cfg_7p5_control_2p0/000000046872/target.png,/Users/yixiaoz/Desktop/cs348k_proj/outputs/controlNetScale/controlnet_canny/cfg_7p5_control_2p0/000000046872/canny.png,/Users/yixiaoz/Desktop/cs348k_proj/outputs/controlNetScale/controlnet_canny/cfg_7p5_control_2p0/000000046872/generated.png,dense_text_plus_canny,5,7.5,2.0,20,0.4501,0.4369,30.0904
33638,A woman wearing shorts bends over a frying pan on a stove.,"A woman bends over a stove while preparing food in a traditional kitchen. Pots, utensils, and cooking equipment surround her as she works on a meal. The room contains functional appliances and furnishings that support everyday household cooking. The image emphasizes domestic life, food preparation.","A woman bends over a stove while preparing food in a traditional kitchen. Pots, utensils, and cooking equipment surround her as she works on a meal. The room contains functional appliances and furnishings that support everyday household cooking. The image emphasizes domestic life, food preparation.",/Users/yixiaoz/Desktop/cs348k_proj/outputs/controlNetScale/controlnet_canny/cfg_7p5_control_2p0/000000033638/target.png,/Users/yixiaoz/Desktop/cs348k_proj/outputs/controlNetScale/controlnet_canny/cfg_7p5_control_2p0/000000033638/canny.png,/Users/yixiaoz/Desktop/cs348k_proj/outputs/controlNetScale/controlnet_canny/cfg_7p5_control_2p0/000000033638/generated.png,dense_text_plus_canny,5,7.5,2.0,20,0.5644,0.4566,34.4402
66038,The father and daughter are under an umbrella on the beach.,"A father and daughter relax beneath colorful beach umbrellas near the shoreline. Sand, water, and bright weather create a pleasant coastal environment suited for recreation and family outings. The pair appear comfortable as they spend time together enjoying the outdoors. The image highlights family relationships.","A father and daughter relax beneath colorful beach umbrellas near the shoreline. Sand, water, and bright weather create a pleasant coastal environment suited for recreation and family outings. The pair appear comfortable as they spend time together enjoying the outdoors. The image highlights family relationships.",/Users/yixiaoz/Desktop/cs348k_proj/outputs/controlNetScale/controlnet_canny/cfg_7p5_control_2p0/000000066038/target.png,/Users/yixiaoz/Desktop/cs348k_proj/outputs/controlNetScale/controlnet_canny/cfg_7p5_control_2p0/000000066038/canny.png,/Users/yixiaoz/Desktop/cs348k_proj/outputs/controlNetScale/controlnet_canny/cfg_7p5_control_2p0/000000066038/generated.png,dense_text_plus_canny,5,7.5,2.0,20,0.4732,0.309,32.0605
86582,A person watering plants with a computer in the foreground.,"A laptop computer sits prominently in the foreground while a person tends plants in the background. Potted plants, gardening supplies, and outdoor views create a peaceful setting that combines technology with nature. The scene suggests remote work, personal projects, or a lifestyle that balances digital.","A laptop computer sits prominently in the foreground while a person tends plants in the background. Potted plants, gardening supplies, and outdoor views create a peaceful setting that combines technology with nature. The scene suggests remote work, personal projects, or a lifestyle that balances digital.",/Users/yixiaoz/Desktop/cs348k_proj/outputs/controlNetScale/controlnet_canny/cfg_7p5_control_2p0/000000086582/target.png,/Users/yixiaoz/Desktop/cs348k_proj/outputs/controlNetScale/controlnet_canny/cfg_7p5_control_2p0/000000086582/canny.png,/Users/yixiaoz/Desktop/cs348k_proj/outputs/controlNetScale/controlnet_canny/cfg_7p5_control_2p0/000000086582/generated.png,dense_text_plus_canny,5,7.5,2.0,20,0.5545,0.4176,37.2197
32610,Assortment of laptop computers displayed on table with backpacks full of electronic cords.,"Multiple laptop computers, backpacks, cables, and electronic accessories are displayed across a table. The collection of equipment suggests a workshop, conference, classroom, or technology-focused event. Devices are arranged side by side, emphasizing preparation and connectivity. The image highlights digital tools used for communication, learning, and.","Multiple laptop computers, backpacks, cables, and electronic accessories are displayed across a table. The collection of equipment suggests a workshop, conference, classroom, or technology-focused event. Devices are arranged side by side, emphasizing preparation and connectivity. The image highlights digital tools used for communication, learning, and.",/Users/yixiaoz/Desktop/cs348k_proj/outputs/controlNetScale/controlnet_canny/cfg_7p5_control_2p0/000000032610/target.png,/Users/yixiaoz/Desktop/cs348k_proj/outputs/controlNetScale/controlnet_canny/cfg_7p5_control_2p0/000000032610/canny.png,/Users/yixiaoz/Desktop/cs348k_proj/outputs/controlNetScale/controlnet_canny/cfg_7p5_control_2p0/000000032610/generated.png,dense_text_plus_canny,5,7.5,2.0,20,0.5246,0.3755,35.2662
8021,An audience is looking at an film of a man taking that is projected onto a wall.,"A speaker stands in front of a large projected image while addressing an audience seated in a darkened room. The presentation appears to be part of a conference, lecture, or public event. Audience members focus on the stage while the presenter gestures toward visual material.","A speaker stands in front of a large projected image while addressing an audience seated in a darkened room. The presentation appears to be part of a conference, lecture, or public event. Audience members focus on the stage while the presenter gestures toward visual material.",/Users/yixiaoz/Desktop/cs348k_proj/outputs/controlNetScale/controlnet_canny/cfg_7p5_control_2p0/000000008021/target.png,/Users/yixiaoz/Desktop/cs348k_proj/outputs/controlNetScale/controlnet_canny/cfg_7p5_control_2p0/000000008021/canny.png,/Users/yixiaoz/Desktop/cs348k_proj/outputs/controlNetScale/controlnet_canny/cfg_7p5_control_2p0/000000008021/generated.png,dense_text_plus_canny,5,7.5,2.0,20,0.5559,0.3979,34.2158
81738,Someone about to cut and birthday cake with blue and yellow frosting.,"A rectangular birthday cake decorated with blue and yellow frosting sits on a kitchen counter while a person uses a knife to cut into it. The cake appears homemade or specially prepared for a celebration, with decorative writing and icing patterns spread across the surface.","A rectangular birthday cake decorated with blue and yellow frosting sits on a kitchen counter while a person uses a knife to cut into it. The cake appears homemade or specially prepared for a celebration, with decorative writing and icing patterns spread across the surface.",/Users/yixiaoz/Desktop/cs348k_proj/outputs/controlNetScale/controlnet_canny/cfg_7p5_control_2p0/000000081738/target.png,/Users/yixiaoz/Desktop/cs348k_proj/outputs/controlNetScale/controlnet_canny/cfg_7p5_control_2p0/000000081738/canny.png,/Users/yixiaoz/Desktop/cs348k_proj/outputs/controlNetScale/controlnet_canny/cfg_7p5_control_2p0/000000081738/generated.png,dense_text_plus_canny,5,7.5,2.0,20,0.5299,0.3305,35.7178
94944,A skier on skies and a snowboarder carrying a snowboard on a mountain slope.,"Several people are gathered on a snowy mountain slope surrounded by dramatic alpine scenery and distant snow-covered peaks. One individual carries a snowboard while others prepare equipment or rest nearby. The expansive landscape dominates the background, emphasizing the scale of the mountainous environment. The image.","Several people are gathered on a snowy mountain slope surrounded by dramatic alpine scenery and distant snow-covered peaks. One individual carries a snowboard while others prepare equipment or rest nearby. The expansive landscape dominates the background, emphasizing the scale of the mountainous environment. The image.",/Users/yixiaoz/Desktop/cs348k_proj/outputs/controlNetScale/controlnet_canny/cfg_7p5_control_2p0/000000094944/target.png,/Users/yixiaoz/Desktop/cs348k_proj/outputs/controlNetScale/controlnet_canny/cfg_7p5_control_2p0/000000094944/canny.png,/Users/yixiaoz/Desktop/cs348k_proj/outputs/controlNetScale/controlnet_canny/cfg_7p5_control_2p0/000000094944/generated.png,dense_text_plus_canny,5,7.5,2.0,20,0.5049,0.4373,32.1114
48504,A brown and a gray elephant are in a circus ring and the brown elephant is walking behind the gray elephant as well as two people training them are standing nearby.,Two elephants stand inside a large indoor training or exhibition space while handlers supervise them nearby. One elephant follows behind the other as they move across the floor beneath overhead lighting and structural beams. Equipment and barriers suggest a controlled environment designed for animal care.,Two elephants stand inside a large indoor training or exhibition space while handlers supervise them nearby. One elephant follows behind the other as they move across the floor beneath overhead lighting and structural beams. Equipment and barriers suggest a controlled environment designed for animal care.,/Users/yixiaoz/Desktop/cs348k_proj/outputs/controlNetScale/controlnet_canny/cfg_7p5_control_2p0/000000048504/target.png,/Users/yixiaoz/Desktop/cs348k_proj/outputs/controlNetScale/controlnet_canny/cfg_7p5_control_2p0/000000048504/canny.png,/Users/yixiaoz/Desktop/cs348k_proj/outputs/controlNetScale/controlnet_canny/cfg_7p5_control_2p0/000000048504/generated.png,dense_text_plus_canny,5,7.5,2.0,20,0.3899,0.3087,38.0764
69213,Two men who are wearing suits and hats standing next to each other.,"Two men wearing dark suits and matching hats stand side by side outdoors while looking toward the camera. Their formal attire contrasts with the busy background, where people and vehicles are visible. The pair appear composed and confident, suggesting they may be attending a formal.","Two men wearing dark suits and matching hats stand side by side outdoors while looking toward the camera. Their formal attire contrasts with the busy background, where people and vehicles are visible. The pair appear composed and confident, suggesting they may be attending a formal.",/Users/yixiaoz/Desktop/cs348k_proj/outputs/controlNetScale/controlnet_canny/cfg_7p5_control_2p0/000000069213/target.png,/Users/yixiaoz/Desktop/cs348k_proj/outputs/controlNetScale/controlnet_canny/cfg_7p5_control_2p0/000000069213/canny.png,/Users/yixiaoz/Desktop/cs348k_proj/outputs/controlNetScale/controlnet_canny/cfg_7p5_control_2p0/000000069213/generated.png,dense_text_plus_canny,5,7.5,2.0,20,0.4599,0.3373,29.4241
44877,Two people are in a wheelchair and only one of them is holding a racket.,"Two people are positioned on a tennis court, one seated in a wheelchair while holding a tennis racket. The scene highlights adaptive sports and athletic participation regardless of physical ability. Both individuals focus on the activity taking place on the court, surrounded by fencing and.","Two people are positioned on a tennis court, one seated in a wheelchair while holding a tennis racket. The scene highlights adaptive sports and athletic participation regardless of physical ability. Both individuals focus on the activity taking place on the court, surrounded by fencing and.",/Users/yixiaoz/Desktop/cs348k_proj/outputs/controlNetScale/controlnet_canny/cfg_7p5_control_2p0/000000044877/target.png,/Users/yixiaoz/Desktop/cs348k_proj/outputs/controlNetScale/controlnet_canny/cfg_7p5_control_2p0/000000044877/canny.png,/Users/yixiaoz/Desktop/cs348k_proj/outputs/controlNetScale/controlnet_canny/cfg_7p5_control_2p0/000000044877/generated.png,dense_text_plus_canny,5,7.5,2.0,20,0.4563,0.3479,33.4866
74058,A sidewalk next to the outdoor sitting area of a restaurant.,"A black-and-white street scene shows a sidewalk café or restaurant with outdoor seating positioned beside a busy road. Bicycles are parked nearby while tables and chairs extend beneath awnings. Cars line the street and pedestrians move through the area. The monochrome presentation emphasizes geometry, shadows.","A black-and-white street scene shows a sidewalk café or restaurant with outdoor seating positioned beside a busy road. Bicycles are parked nearby while tables and chairs extend beneath awnings. Cars line the street and pedestrians move through the area. The monochrome presentation emphasizes geometry, shadows.",/Users/yixiaoz/Desktop/cs348k_proj/outputs/controlNetScale/controlnet_canny/cfg_7p5_control_2p0/000000074058/target.png,/Users/yixiaoz/Desktop/cs348k_proj/outputs/controlNetScale/controlnet_canny/cfg_7p5_control_2p0/000000074058/canny.png,/Users/yixiaoz/Desktop/cs348k_proj/outputs/controlNetScale/controlnet_canny/cfg_7p5_control_2p0/000000074058/generated.png,dense_text_plus_canny,5,7.5,2.0,20,0.4526,0.368,28.3759
69356,An Indian woman stands in front of a man selling his fruit,"A fruit vendor stands beside a colorful outdoor market stall filled with oranges, bananas, and other produce. A woman stands nearby while additional people move through the area. Trees and buildings line the background, suggesting a neighborhood street market. The image highlights small-scale commerce, local.","A fruit vendor stands beside a colorful outdoor market stall filled with oranges, bananas, and other produce. A woman stands nearby while additional people move through the area. Trees and buildings line the background, suggesting a neighborhood street market. The image highlights small-scale commerce, local.",/Users/yixiaoz/Desktop/cs348k_proj/outputs/controlNetScale/controlnet_canny/cfg_7p5_control_2p0/000000069356/target.png,/Users/yixiaoz/Desktop/cs348k_proj/outputs/controlNetScale/controlnet_canny/cfg_7p5_control_2p0/000000069356/canny.png,/Users/yixiaoz/Desktop/cs348k_proj/outputs/controlNetScale/controlnet_canny/cfg_7p5_control_2p0/000000069356/generated.png,dense_text_plus_canny,5,7.5,2.0,20,0.5509,0.4315,30.6461
57232,A chair is fashioned from baseball bats and two cushions.,"A chair has been creatively constructed from baseball bats and cushioned seating materials, transforming sporting equipment into functional furniture. Additional decorative items, including a globe and various objects, surround the unusual piece. The craftsmanship demonstrates artistic repurposing and design innovation. The image highlights the intersection.","A chair has been creatively constructed from baseball bats and cushioned seating materials, transforming sporting equipment into functional furniture. Additional decorative items, including a globe and various objects, surround the unusual piece. The craftsmanship demonstrates artistic repurposing and design innovation. The image highlights the intersection.",/Users/yixiaoz/Desktop/cs348k_proj/outputs/controlNetScale/controlnet_canny/cfg_7p5_control_2p0/000000057232/target.png,/Users/yixiaoz/Desktop/cs348k_proj/outputs/controlNetScale/controlnet_canny/cfg_7p5_control_2p0/000000057232/canny.png,/Users/yixiaoz/Desktop/cs348k_proj/outputs/controlNetScale/controlnet_canny/cfg_7p5_control_2p0/000000057232/generated.png,dense_text_plus_canny,5,7.5,2.0,20,0.4452,0.268,32.2141
5193,A group of people pose for a picture while a man holds two surfboards.,"A group of people gathers indoors for a photograph while one individual holds two colorful surfboards upright. Several children and adults pose together, smiling toward the camera. The surfboards act as focal points, suggesting a beach, surfing, or recreational theme. The image captures a celebratory.","A group of people gathers indoors for a photograph while one individual holds two colorful surfboards upright. Several children and adults pose together, smiling toward the camera. The surfboards act as focal points, suggesting a beach, surfing, or recreational theme. The image captures a celebratory.",/Users/yixiaoz/Desktop/cs348k_proj/outputs/controlNetScale/controlnet_canny/cfg_7p5_control_2p0/000000005193/target.png,/Users/yixiaoz/Desktop/cs348k_proj/outputs/controlNetScale/controlnet_canny/cfg_7p5_control_2p0/000000005193/canny.png,/Users/yixiaoz/Desktop/cs348k_proj/outputs/controlNetScale/controlnet_canny/cfg_7p5_control_2p0/000000005193/generated.png,dense_text_plus_canny,5,7.5,2.0,20,0.5355,0.49,26.5146
94751,A traffic light and a signpost at a crossroads intersection near a waterway.,"Traffic lights and road signs stand at an intersection near a waterfront area. Fences, streets, and utility structures define the urban landscape while water and distant infrastructure appear in the background. The scene focuses on transportation systems and traffic management rather than people. The image.","Traffic lights and road signs stand at an intersection near a waterfront area. Fences, streets, and utility structures define the urban landscape while water and distant infrastructure appear in the background. The scene focuses on transportation systems and traffic management rather than people. The image.",/Users/yixiaoz/Desktop/cs348k_proj/outputs/controlNetScale/controlnet_canny/cfg_7p5_control_2p0/000000094751/target.png,/Users/yixiaoz/Desktop/cs348k_proj/outputs/controlNetScale/controlnet_canny/cfg_7p5_control_2p0/000000094751/canny.png,/Users/yixiaoz/Desktop/cs348k_proj/outputs/controlNetScale/controlnet_canny/cfg_7p5_control_2p0/000000094751/generated.png,dense_text_plus_canny,5,7.5,2.0,20,0.5667,0.3972,30.3154
13546,Young man on skate board balancing on concrete barrier near sidewalk with small park area near by.,"A skateboarder balances on a concrete structure within a small park while performing a trick. The rider’s posture demonstrates concentration and control as wheels contact the edge of the obstacle. Grass, pathways, and recreational facilities surround the scene. The image captures motion and athletic skill.","A skateboarder balances on a concrete structure within a small park while performing a trick. The rider’s posture demonstrates concentration and control as wheels contact the edge of the obstacle. Grass, pathways, and recreational facilities surround the scene. The image captures motion and athletic skill.",/Users/yixiaoz/Desktop/cs348k_proj/outputs/controlNetScale/controlnet_canny/cfg_7p5_control_2p0/000000013546/target.png,/Users/yixiaoz/Desktop/cs348k_proj/outputs/controlNetScale/controlnet_canny/cfg_7p5_control_2p0/000000013546/canny.png,/Users/yixiaoz/Desktop/cs348k_proj/outputs/controlNetScale/controlnet_canny/cfg_7p5_control_2p0/000000013546/generated.png,dense_text_plus_canny,5,7.5,2.0,20,0.4595,0.4053,36.265
112378,A bunch of bananas on a wooden bench with hammocks in the background.,"A bunch of bananas rests on a wooden bench in an outdoor setting where hammocks and tropical vegetation appear in the background. The fruit is arranged casually, creating a simple still-life composition. Natural lighting and greenery contribute to a relaxed atmosphere. The image highlights everyday.","A bunch of bananas rests on a wooden bench in an outdoor setting where hammocks and tropical vegetation appear in the background. The fruit is arranged casually, creating a simple still-life composition. Natural lighting and greenery contribute to a relaxed atmosphere. The image highlights everyday.",/Users/yixiaoz/Desktop/cs348k_proj/outputs/controlNetScale/controlnet_canny/cfg_7p5_control_2p0/000000112378/target.png,/Users/yixiaoz/Desktop/cs348k_proj/outputs/controlNetScale/controlnet_canny/cfg_7p5_control_2p0/000000112378/canny.png,/Users/yixiaoz/Desktop/cs348k_proj/outputs/controlNetScale/controlnet_canny/cfg_7p5_control_2p0/000000112378/generated.png,dense_text_plus_canny,5,7.5,2.0,20,0.5395,0.4382,30.6562
57672,a river.A group of people with life jacket rowing a long boat in,"A long rowing boat moves across a calm river while a coordinated team of rowers wearing life jackets paddles together. Their synchronized effort propels the vessel through the water as spectators and shoreline features remain visible in the distance. The image highlights teamwork, endurance, and.","A long rowing boat moves across a calm river while a coordinated team of rowers wearing life jackets paddles together. Their synchronized effort propels the vessel through the water as spectators and shoreline features remain visible in the distance. The image highlights teamwork, endurance, and.",/Users/yixiaoz/Desktop/cs348k_proj/outputs/controlNetScale/controlnet_canny/cfg_7p5_control_2p0/000000057672/target.png,/Users/yixiaoz/Desktop/cs348k_proj/outputs/controlNetScale/controlnet_canny/cfg_7p5_control_2p0/000000057672/canny.png,/Users/yixiaoz/Desktop/cs348k_proj/outputs/controlNetScale/controlnet_canny/cfg_7p5_control_2p0/000000057672/generated.png,dense_text_plus_canny,5,7.5,2.0,20,0.5159,0.4553,33.7766
19432,He's almost got this tennis ball at the end of his racket.,"A tennis player focuses intensely on a ball approaching the racket during a match on a professional court. Stadium seating and fencing create the backdrop while the athlete prepares to make contact. The composition freezes a precise moment that requires timing, concentration, and technical skill.","A tennis player focuses intensely on a ball approaching the racket during a match on a professional court. Stadium seating and fencing create the backdrop while the athlete prepares to make contact. The composition freezes a precise moment that requires timing, concentration, and technical skill.",/Users/yixiaoz/Desktop/cs348k_proj/outputs/controlNetScale/controlnet_canny/cfg_7p5_control_2p0/000000019432/target.png,/Users/yixiaoz/Desktop/cs348k_proj/outputs/controlNetScale/controlnet_canny/cfg_7p5_control_2p0/000000019432/canny.png,/Users/yixiaoz/Desktop/cs348k_proj/outputs/controlNetScale/controlnet_canny/cfg_7p5_control_2p0/000000019432/generated.png,dense_text_plus_canny,5,7.5,2.0,20,0.5293,0.4033,31.3839
73702,A couple of guys standingoutside in the sun talking to each other.,"Several people stand together outdoors near a transportation or public-service area while engaged in conversation. Some individuals carry bags or wear protective clothing, suggesting travel, work, or transit-related activities. The scene appears candid and documentary in nature, focusing on social interaction rather than posed photography.","Several people stand together outdoors near a transportation or public-service area while engaged in conversation. Some individuals carry bags or wear protective clothing, suggesting travel, work, or transit-related activities. The scene appears candid and documentary in nature, focusing on social interaction rather than posed photography.",/Users/yixiaoz/Desktop/cs348k_proj/outputs/controlNetScale/controlnet_canny/cfg_7p5_control_2p0/000000073702/target.png,/Users/yixiaoz/Desktop/cs348k_proj/outputs/controlNetScale/controlnet_canny/cfg_7p5_control_2p0/000000073702/canny.png,/Users/yixiaoz/Desktop/cs348k_proj/outputs/controlNetScale/controlnet_canny/cfg_7p5_control_2p0/000000073702/generated.png,dense_text_plus_canny,5,7.5,2.0,20,0.4615,0.5201,25.3881
84241,Three women cooking in a professional kitchen together.,"Three women work together inside a professional kitchen while preparing food. Large bowls of vegetables, cookware, and stainless-steel surfaces surround them as they coordinate meal preparation. The environment suggests a restaurant, catering operation, or culinary training setting. The image highlights teamwork, food service, and culinary.","Three women work together inside a professional kitchen while preparing food. Large bowls of vegetables, cookware, and stainless-steel surfaces surround them as they coordinate meal preparation. The environment suggests a restaurant, catering operation, or culinary training setting. The image highlights teamwork, food service, and culinary.",/Users/yixiaoz/Desktop/cs348k_proj/outputs/controlNetScale/controlnet_canny/cfg_7p5_control_2p0/000000084241/target.png,/Users/yixiaoz/Desktop/cs348k_proj/outputs/controlNetScale/controlnet_canny/cfg_7p5_control_2p0/000000084241/canny.png,/Users/yixiaoz/Desktop/cs348k_proj/outputs/controlNetScale/controlnet_canny/cfg_7p5_control_2p0/000000084241/generated.png,dense_text_plus_canny,5,7.5,2.0,20,0.532,0.3827,36.902
34417,Donuts traveling down an assembly line in a factory while people work behind it.,"Donuts move along a production line inside a bakery or food-processing facility while workers supervise operations in the background. Conveyors, trays, and industrial equipment are visible throughout the workspace. The image illustrates large-scale food production and the systems used to manufacture baked goods efficiently. It.","Donuts move along a production line inside a bakery or food-processing facility while workers supervise operations in the background. Conveyors, trays, and industrial equipment are visible throughout the workspace. The image illustrates large-scale food production and the systems used to manufacture baked goods efficiently. It.",/Users/yixiaoz/Desktop/cs348k_proj/outputs/controlNetScale/controlnet_canny/cfg_7p5_control_2p0/000000034417/target.png,/Users/yixiaoz/Desktop/cs348k_proj/outputs/controlNetScale/controlnet_canny/cfg_7p5_control_2p0/000000034417/canny.png,/Users/yixiaoz/Desktop/cs348k_proj/outputs/controlNetScale/controlnet_canny/cfg_7p5_control_2p0/000000034417/generated.png,dense_text_plus_canny,5,7.5,2.0,20,0.4983,0.3395,32.5231
25181,A train station with an awning is depicted with a train on the right platform.,"A train station platform extends into the distance beneath a large canopy, creating strong lines and symmetry throughout the composition. A train sits along one side of the platform while signs and architectural details reinforce the sense of order. The black-and-white presentation emphasizes structure and.","A train station platform extends into the distance beneath a large canopy, creating strong lines and symmetry throughout the composition. A train sits along one side of the platform while signs and architectural details reinforce the sense of order. The black-and-white presentation emphasizes structure and.",/Users/yixiaoz/Desktop/cs348k_proj/outputs/controlNetScale/controlnet_canny/cfg_7p5_control_2p0/000000025181/target.png,/Users/yixiaoz/Desktop/cs348k_proj/outputs/controlNetScale/controlnet_canny/cfg_7p5_control_2p0/000000025181/canny.png,/Users/yixiaoz/Desktop/cs348k_proj/outputs/controlNetScale/controlnet_canny/cfg_7p5_control_2p0/000000025181/generated.png,dense_text_plus_canny,5,7.5,2.0,20,0.3701,0.235,33.7815
67213,"A dog jumping through the air above a pool of water that has been marked for distance, with people watching in the distance.","A dog leaps high above a pool during a dock-diving competition while spectators watch from behind barriers. The animal is captured midair, demonstrating athletic ability, speed, and confidence. Water, measuring equipment, and event organizers suggest a structured sporting competition. The image highlights the bond between.","A dog leaps high above a pool during a dock-diving competition while spectators watch from behind barriers. The animal is captured midair, demonstrating athletic ability, speed, and confidence. Water, measuring equipment, and event organizers suggest a structured sporting competition. The image highlights the bond between.",/Users/yixiaoz/Desktop/cs348k_proj/outputs/controlNetScale/controlnet_canny/cfg_7p5_control_2p0/000000067213/target.png,/Users/yixiaoz/Desktop/cs348k_proj/outputs/controlNetScale/controlnet_canny/cfg_7p5_control_2p0/000000067213/canny.png,/Users/yixiaoz/Desktop/cs348k_proj/outputs/controlNetScale/controlnet_canny/cfg_7p5_control_2p0/000000067213/generated.png,dense_text_plus_canny,5,7.5,2.0,20,0.5338,0.4771,30.1381
94871,A group of people standing around sheep on a field.,"Several sheep stand together in a field while people gather nearby. Different breeds and wool colors create visual variety across the scene. The setting resembles an agricultural fair, livestock exhibition, or rural community event where animals are displayed and evaluated. The image highlights farming culture.","Several sheep stand together in a field while people gather nearby. Different breeds and wool colors create visual variety across the scene. The setting resembles an agricultural fair, livestock exhibition, or rural community event where animals are displayed and evaluated. The image highlights farming culture.",/Users/yixiaoz/Desktop/cs348k_proj/outputs/controlNetScale/controlnet_canny/cfg_7p5_control_2p0/000000094871/target.png,/Users/yixiaoz/Desktop/cs348k_proj/outputs/controlNetScale/controlnet_canny/cfg_7p5_control_2p0/000000094871/canny.png,/Users/yixiaoz/Desktop/cs348k_proj/outputs/controlNetScale/controlnet_canny/cfg_7p5_control_2p0/000000094871/generated.png,dense_text_plus_canny,5,7.5,2.0,20,0.5106,0.4728,31.7238
