coco_id,caption,dense_caption,prompt,target_path,canny_path,seg_path,generated_path,modality,experiment_id,guidance_scale,controlnet_conditioning_scale,canny_controlnet_scale,seg_controlnet_scale,num_inference_steps,LPIPS_Distance,DreamSim_Distance,CLIP_Score
2685,A crowd of people stand near a man behind a bar with wine bottles on it.,"Several people are gathered around a wooden bar counter inside a restaurant, tasting room, or social event space. A man stands behind the counter near shelves filled with wine bottles while customers stand close together and talk in small groups. The room appears warmly lit.","Several people are gathered around a wooden bar counter inside a restaurant, tasting room, or social event space. A man stands behind the counter near shelves filled with wine bottles while customers stand close together and talk in small groups. The room appears warmly lit.",/Users/yixiaoz/Desktop/cs348k_proj/outputs/controlnet_multimodal/cfg_5p0_control_1p5/000000002685/target.png,/Users/yixiaoz/Desktop/cs348k_proj/outputs/controlnet_multimodal/cfg_5p0_control_1p5/000000002685/canny.png,/Users/yixiaoz/Desktop/cs348k_proj/outputs/controlnet_multimodal/cfg_5p0_control_1p5/000000002685/seg.png,/Users/yixiaoz/Desktop/cs348k_proj/outputs/controlnet_multimodal/cfg_5p0_control_1p5/000000002685/generated.png,dense_text_plus_canny_plus_seg,7,5.0,1.5,1.5,1.5,20,0.5032,0.3665,28.2423
6763,A man and a women posing next to one another in front of a table.,"A man and a woman sit close together at a table inside a dimly lit restaurant or bar. The man wears a dress shirt and tie and has his arm around the smiling woman beside him. Plates, utensils, and drinks are visible on the table.","A man and a woman sit close together at a table inside a dimly lit restaurant or bar. The man wears a dress shirt and tie and has his arm around the smiling woman beside him. Plates, utensils, and drinks are visible on the table.",/Users/yixiaoz/Desktop/cs348k_proj/outputs/controlnet_multimodal/cfg_5p0_control_1p5/000000006763/target.png,/Users/yixiaoz/Desktop/cs348k_proj/outputs/controlnet_multimodal/cfg_5p0_control_1p5/000000006763/canny.png,/Users/yixiaoz/Desktop/cs348k_proj/outputs/controlnet_multimodal/cfg_5p0_control_1p5/000000006763/seg.png,/Users/yixiaoz/Desktop/cs348k_proj/outputs/controlnet_multimodal/cfg_5p0_control_1p5/000000006763/generated.png,dense_text_plus_canny_plus_seg,7,5.0,1.5,1.5,1.5,20,0.5563,0.5016,32.6483
87144,A baby sitting between a lady and a man on a bench under a tree.,"A woman, a young child, and an elderly man sit on a park bench beneath the shade of a tree. The woman sits on the left wearing a patterned dress, the child sits near the center, and the older man sits on the right wearing.","A woman, a young child, and an elderly man sit on a park bench beneath the shade of a tree. The woman sits on the left wearing a patterned dress, the child sits near the center, and the older man sits on the right wearing.",/Users/yixiaoz/Desktop/cs348k_proj/outputs/controlnet_multimodal/cfg_5p0_control_1p5/000000087144/target.png,/Users/yixiaoz/Desktop/cs348k_proj/outputs/controlnet_multimodal/cfg_5p0_control_1p5/000000087144/canny.png,/Users/yixiaoz/Desktop/cs348k_proj/outputs/controlnet_multimodal/cfg_5p0_control_1p5/000000087144/seg.png,/Users/yixiaoz/Desktop/cs348k_proj/outputs/controlnet_multimodal/cfg_5p0_control_1p5/000000087144/generated.png,dense_text_plus_canny_plus_seg,7,5.0,1.5,1.5,1.5,20,0.4545,0.4404,31.1775
2157,A table topped with a cake covered in berries next to a plate of sandwiches.,"A table covered with a red tablecloth is arranged with desserts and party food in an outdoor or bright dining setting. A large cake topped with blueberries and raspberries sits near the front beside plates of sandwiches, bread, grapes, wine glasses, napkins, and stacked dishes.","A table covered with a red tablecloth is arranged with desserts and party food in an outdoor or bright dining setting. A large cake topped with blueberries and raspberries sits near the front beside plates of sandwiches, bread, grapes, wine glasses, napkins, and stacked dishes.",/Users/yixiaoz/Desktop/cs348k_proj/outputs/controlnet_multimodal/cfg_5p0_control_1p5/000000002157/target.png,/Users/yixiaoz/Desktop/cs348k_proj/outputs/controlnet_multimodal/cfg_5p0_control_1p5/000000002157/canny.png,/Users/yixiaoz/Desktop/cs348k_proj/outputs/controlnet_multimodal/cfg_5p0_control_1p5/000000002157/seg.png,/Users/yixiaoz/Desktop/cs348k_proj/outputs/controlnet_multimodal/cfg_5p0_control_1p5/000000002157/generated.png,dense_text_plus_canny_plus_seg,7,5.0,1.5,1.5,1.5,20,0.5154,0.3324,33.4318
14226,A person is sitting in a chair at a table with a laptop computer.,A man sits alone in a passenger train or railcar while using a laptop computer on a fold-out table in front of him. He wears a jacket and looks downward toward the screen with a focused expression. A large window beside him shows blurred scenery.,A man sits alone in a passenger train or railcar while using a laptop computer on a fold-out table in front of him. He wears a jacket and looks downward toward the screen with a focused expression. A large window beside him shows blurred scenery.,/Users/yixiaoz/Desktop/cs348k_proj/outputs/controlnet_multimodal/cfg_5p0_control_1p5/000000014226/target.png,/Users/yixiaoz/Desktop/cs348k_proj/outputs/controlnet_multimodal/cfg_5p0_control_1p5/000000014226/canny.png,/Users/yixiaoz/Desktop/cs348k_proj/outputs/controlnet_multimodal/cfg_5p0_control_1p5/000000014226/seg.png,/Users/yixiaoz/Desktop/cs348k_proj/outputs/controlnet_multimodal/cfg_5p0_control_1p5/000000014226/generated.png,dense_text_plus_canny_plus_seg,7,5.0,1.5,1.5,1.5,20,0.4609,0.3077,37.7972
35279,"A man laying his head down next to electronics, a butterfly, and a book.","A cluttered workspace or floor area contains several electronic devices and accessories arranged close together. A laptop displays a simple image on its screen, while a smartphone, cables, speakers, papers, a bottle, and other gadgets sit nearby. Part of a person’s face appears near the.","A cluttered workspace or floor area contains several electronic devices and accessories arranged close together. A laptop displays a simple image on its screen, while a smartphone, cables, speakers, papers, a bottle, and other gadgets sit nearby. Part of a person’s face appears near the.",/Users/yixiaoz/Desktop/cs348k_proj/outputs/controlnet_multimodal/cfg_5p0_control_1p5/000000035279/target.png,/Users/yixiaoz/Desktop/cs348k_proj/outputs/controlnet_multimodal/cfg_5p0_control_1p5/000000035279/canny.png,/Users/yixiaoz/Desktop/cs348k_proj/outputs/controlnet_multimodal/cfg_5p0_control_1p5/000000035279/seg.png,/Users/yixiaoz/Desktop/cs348k_proj/outputs/controlnet_multimodal/cfg_5p0_control_1p5/000000035279/generated.png,dense_text_plus_canny_plus_seg,7,5.0,1.5,1.5,1.5,20,0.4913,0.3697,33.2238
31620,A woman in a white dress and a man in gray stand near a cake on a white table under a white canopy.,"Inside a large white event tent, a woman in a white dress and a man in a gray suit stand near a decorated table. The table is covered with a white cloth and appears to hold a cake or centerpiece. Soft light filters through the.","Inside a large white event tent, a woman in a white dress and a man in a gray suit stand near a decorated table. The table is covered with a white cloth and appears to hold a cake or centerpiece. Soft light filters through the.",/Users/yixiaoz/Desktop/cs348k_proj/outputs/controlnet_multimodal/cfg_5p0_control_1p5/000000031620/target.png,/Users/yixiaoz/Desktop/cs348k_proj/outputs/controlnet_multimodal/cfg_5p0_control_1p5/000000031620/canny.png,/Users/yixiaoz/Desktop/cs348k_proj/outputs/controlnet_multimodal/cfg_5p0_control_1p5/000000031620/seg.png,/Users/yixiaoz/Desktop/cs348k_proj/outputs/controlnet_multimodal/cfg_5p0_control_1p5/000000031620/generated.png,dense_text_plus_canny_plus_seg,7,5.0,1.5,1.5,1.5,20,0.5392,0.4436,35.8177
95707,Several pastries sitting on aluminum foil next to a bowl with a knife and spatula in it.,"Several pastries and baked goods are arranged on aluminum foil on a table, with a bowl, knife, and spatula placed nearby for serving. The food includes rectangular pieces and a pale frosted or light-colored dessert item, suggesting a dessert spread or homemade baked selection. The.","Several pastries and baked goods are arranged on aluminum foil on a table, with a bowl, knife, and spatula placed nearby for serving. The food includes rectangular pieces and a pale frosted or light-colored dessert item, suggesting a dessert spread or homemade baked selection. The.",/Users/yixiaoz/Desktop/cs348k_proj/outputs/controlnet_multimodal/cfg_5p0_control_1p5/000000095707/target.png,/Users/yixiaoz/Desktop/cs348k_proj/outputs/controlnet_multimodal/cfg_5p0_control_1p5/000000095707/canny.png,/Users/yixiaoz/Desktop/cs348k_proj/outputs/controlnet_multimodal/cfg_5p0_control_1p5/000000095707/seg.png,/Users/yixiaoz/Desktop/cs348k_proj/outputs/controlnet_multimodal/cfg_5p0_control_1p5/000000095707/generated.png,dense_text_plus_canny_plus_seg,7,5.0,1.5,1.5,1.5,20,0.5518,0.5002,26.4748
54605,Milkshake in tall glass and piece of cake on plate near forks.,"A tall milkshake in a glass is topped with whipped cream and placed on a restaurant table beside a slice of layered cake on a white plate. A fork, napkins, and other table items sit nearby, while the background is dim and softly blurred. The.","A tall milkshake in a glass is topped with whipped cream and placed on a restaurant table beside a slice of layered cake on a white plate. A fork, napkins, and other table items sit nearby, while the background is dim and softly blurred. The.",/Users/yixiaoz/Desktop/cs348k_proj/outputs/controlnet_multimodal/cfg_5p0_control_1p5/000000054605/target.png,/Users/yixiaoz/Desktop/cs348k_proj/outputs/controlnet_multimodal/cfg_5p0_control_1p5/000000054605/canny.png,/Users/yixiaoz/Desktop/cs348k_proj/outputs/controlnet_multimodal/cfg_5p0_control_1p5/000000054605/seg.png,/Users/yixiaoz/Desktop/cs348k_proj/outputs/controlnet_multimodal/cfg_5p0_control_1p5/000000054605/generated.png,dense_text_plus_canny_plus_seg,7,5.0,1.5,1.5,1.5,20,0.4754,0.297,35.4675
27620,A laptop sitting on a desk next to a chair and another computer.,"A small home office or study area contains a glass-top desk, a laptop computer, a chair, and additional electronic equipment. The desk is positioned near a wall with windows and blinds, and another chair sits in front of the workspace. Cables, accessories, and a cup.","A small home office or study area contains a glass-top desk, a laptop computer, a chair, and additional electronic equipment. The desk is positioned near a wall with windows and blinds, and another chair sits in front of the workspace. Cables, accessories, and a cup.",/Users/yixiaoz/Desktop/cs348k_proj/outputs/controlnet_multimodal/cfg_5p0_control_1p5/000000027620/target.png,/Users/yixiaoz/Desktop/cs348k_proj/outputs/controlnet_multimodal/cfg_5p0_control_1p5/000000027620/canny.png,/Users/yixiaoz/Desktop/cs348k_proj/outputs/controlnet_multimodal/cfg_5p0_control_1p5/000000027620/seg.png,/Users/yixiaoz/Desktop/cs348k_proj/outputs/controlnet_multimodal/cfg_5p0_control_1p5/000000027620/generated.png,dense_text_plus_canny_plus_seg,7,5.0,1.5,1.5,1.5,20,0.3769,0.2596,33.194
66771,Two people sitting at a table with beverages on it and the woman holding her phone.,"Two people sit together at a restaurant table with beverages, cups, and small dishes in front of them. The man smiles while looking toward the woman, and the woman looks down at a smartphone in her hand. The table includes a drink with a straw.","Two people sit together at a restaurant table with beverages, cups, and small dishes in front of them. The man smiles while looking toward the woman, and the woman looks down at a smartphone in her hand. The table includes a drink with a straw.",/Users/yixiaoz/Desktop/cs348k_proj/outputs/controlnet_multimodal/cfg_5p0_control_1p5/000000066771/target.png,/Users/yixiaoz/Desktop/cs348k_proj/outputs/controlnet_multimodal/cfg_5p0_control_1p5/000000066771/canny.png,/Users/yixiaoz/Desktop/cs348k_proj/outputs/controlnet_multimodal/cfg_5p0_control_1p5/000000066771/seg.png,/Users/yixiaoz/Desktop/cs348k_proj/outputs/controlnet_multimodal/cfg_5p0_control_1p5/000000066771/generated.png,dense_text_plus_canny_plus_seg,7,5.0,1.5,1.5,1.5,20,0.5342,0.4739,32.5961
18575,"Two plates, one with a sandwich and fries, the other with just a sandwich and a pickle.","Two plates of food are served on a restaurant table. One plate contains a sandwich with French fries, while the other plate includes a sandwich and a pickle with sliced vegetables and condiments nearby. Drinks, small containers, and utensils surround the plates, suggesting a casual.","Two plates of food are served on a restaurant table. One plate contains a sandwich with French fries, while the other plate includes a sandwich and a pickle with sliced vegetables and condiments nearby. Drinks, small containers, and utensils surround the plates, suggesting a casual.",/Users/yixiaoz/Desktop/cs348k_proj/outputs/controlnet_multimodal/cfg_5p0_control_1p5/000000018575/target.png,/Users/yixiaoz/Desktop/cs348k_proj/outputs/controlnet_multimodal/cfg_5p0_control_1p5/000000018575/canny.png,/Users/yixiaoz/Desktop/cs348k_proj/outputs/controlnet_multimodal/cfg_5p0_control_1p5/000000018575/seg.png,/Users/yixiaoz/Desktop/cs348k_proj/outputs/controlnet_multimodal/cfg_5p0_control_1p5/000000018575/generated.png,dense_text_plus_canny_plus_seg,7,5.0,1.5,1.5,1.5,20,0.4765,0.3831,32.808
66817,This plate consists of rice with sauce and peas and meat patties on the side.,"A plate of food is photographed from above on a table, containing rice covered with sauce, peas, and several browned meat patties on the side. A cup of yogurt or creamy dessert and a small bowl of fruit sit near the plate, creating a complete.","A plate of food is photographed from above on a table, containing rice covered with sauce, peas, and several browned meat patties on the side. A cup of yogurt or creamy dessert and a small bowl of fruit sit near the plate, creating a complete.",/Users/yixiaoz/Desktop/cs348k_proj/outputs/controlnet_multimodal/cfg_5p0_control_1p5/000000066817/target.png,/Users/yixiaoz/Desktop/cs348k_proj/outputs/controlnet_multimodal/cfg_5p0_control_1p5/000000066817/canny.png,/Users/yixiaoz/Desktop/cs348k_proj/outputs/controlnet_multimodal/cfg_5p0_control_1p5/000000066817/seg.png,/Users/yixiaoz/Desktop/cs348k_proj/outputs/controlnet_multimodal/cfg_5p0_control_1p5/000000066817/generated.png,dense_text_plus_canny_plus_seg,7,5.0,1.5,1.5,1.5,20,0.5837,0.4223,30.8033
84674,a girl holds a baby eating a bagel with a boy standing next to them,"A woman sits indoors holding a small child who is eating a bagel or bread roll, while a young boy stands next to them facing the camera. The group appears to be in a restaurant, event space, or public indoor setting, with people and warm.","A woman sits indoors holding a small child who is eating a bagel or bread roll, while a young boy stands next to them facing the camera. The group appears to be in a restaurant, event space, or public indoor setting, with people and warm.",/Users/yixiaoz/Desktop/cs348k_proj/outputs/controlnet_multimodal/cfg_5p0_control_1p5/000000084674/target.png,/Users/yixiaoz/Desktop/cs348k_proj/outputs/controlnet_multimodal/cfg_5p0_control_1p5/000000084674/canny.png,/Users/yixiaoz/Desktop/cs348k_proj/outputs/controlnet_multimodal/cfg_5p0_control_1p5/000000084674/seg.png,/Users/yixiaoz/Desktop/cs348k_proj/outputs/controlnet_multimodal/cfg_5p0_control_1p5/000000084674/generated.png,dense_text_plus_canny_plus_seg,7,5.0,1.5,1.5,1.5,20,0.532,0.3932,28.728
47112,A pizza served on a white plate next to empty wine glass and beer.,"A freshly baked pizza sits on a white plate on a restaurant table, with a glass of beer and an empty wine glass positioned behind it. The pizza has visible cheese and toppings, and the background contains tables, chairs, and restaurant décor. The low angle.","A freshly baked pizza sits on a white plate on a restaurant table, with a glass of beer and an empty wine glass positioned behind it. The pizza has visible cheese and toppings, and the background contains tables, chairs, and restaurant décor. The low angle.",/Users/yixiaoz/Desktop/cs348k_proj/outputs/controlnet_multimodal/cfg_5p0_control_1p5/000000047112/target.png,/Users/yixiaoz/Desktop/cs348k_proj/outputs/controlnet_multimodal/cfg_5p0_control_1p5/000000047112/canny.png,/Users/yixiaoz/Desktop/cs348k_proj/outputs/controlnet_multimodal/cfg_5p0_control_1p5/000000047112/seg.png,/Users/yixiaoz/Desktop/cs348k_proj/outputs/controlnet_multimodal/cfg_5p0_control_1p5/000000047112/generated.png,dense_text_plus_canny_plus_seg,7,5.0,1.5,1.5,1.5,20,0.5381,0.298,35.4836
59598,"A table with a laptop a plate with a muffin and a banana, a can and a cellphone.","An open laptop sits on a table in a classroom, meeting room, or conference setting. Nearby are a plate with a muffin and banana, a soda can, a mobile phone, and other small items. In the background, a presentation screen or projector area is visible.","An open laptop sits on a table in a classroom, meeting room, or conference setting. Nearby are a plate with a muffin and banana, a soda can, a mobile phone, and other small items. In the background, a presentation screen or projector area is visible.",/Users/yixiaoz/Desktop/cs348k_proj/outputs/controlnet_multimodal/cfg_5p0_control_1p5/000000059598/target.png,/Users/yixiaoz/Desktop/cs348k_proj/outputs/controlnet_multimodal/cfg_5p0_control_1p5/000000059598/canny.png,/Users/yixiaoz/Desktop/cs348k_proj/outputs/controlnet_multimodal/cfg_5p0_control_1p5/000000059598/seg.png,/Users/yixiaoz/Desktop/cs348k_proj/outputs/controlnet_multimodal/cfg_5p0_control_1p5/000000059598/generated.png,dense_text_plus_canny_plus_seg,7,5.0,1.5,1.5,1.5,20,0.4303,0.2723,34.2644
91779,Three hot dogs with different toppings lined up on a tabletop.,"Three hot dogs with different toppings are arranged side by side on a tray or tabletop. One appears topped with sauce or chili, another with bright red peppers, and the surrounding area contains side dishes, cups, and food wrappers. The close-up composition highlights the variety.","Three hot dogs with different toppings are arranged side by side on a tray or tabletop. One appears topped with sauce or chili, another with bright red peppers, and the surrounding area contains side dishes, cups, and food wrappers. The close-up composition highlights the variety.",/Users/yixiaoz/Desktop/cs348k_proj/outputs/controlnet_multimodal/cfg_5p0_control_1p5/000000091779/target.png,/Users/yixiaoz/Desktop/cs348k_proj/outputs/controlnet_multimodal/cfg_5p0_control_1p5/000000091779/canny.png,/Users/yixiaoz/Desktop/cs348k_proj/outputs/controlnet_multimodal/cfg_5p0_control_1p5/000000091779/seg.png,/Users/yixiaoz/Desktop/cs348k_proj/outputs/controlnet_multimodal/cfg_5p0_control_1p5/000000091779/generated.png,dense_text_plus_canny_plus_seg,7,5.0,1.5,1.5,1.5,20,0.491,0.2559,33.8591
22892,"A cat sitting on a table next to plants and a dog outside of a sliding glass door, looking in.","A gray cat sits indoors on a table beside potted plants near a sliding glass door, while a dog stands outside looking in through the glass. The cat faces downward toward the plants, and the dog is visible beyond the door on a balcony or.","A gray cat sits indoors on a table beside potted plants near a sliding glass door, while a dog stands outside looking in through the glass. The cat faces downward toward the plants, and the dog is visible beyond the door on a balcony or.",/Users/yixiaoz/Desktop/cs348k_proj/outputs/controlnet_multimodal/cfg_5p0_control_1p5/000000022892/target.png,/Users/yixiaoz/Desktop/cs348k_proj/outputs/controlnet_multimodal/cfg_5p0_control_1p5/000000022892/canny.png,/Users/yixiaoz/Desktop/cs348k_proj/outputs/controlnet_multimodal/cfg_5p0_control_1p5/000000022892/seg.png,/Users/yixiaoz/Desktop/cs348k_proj/outputs/controlnet_multimodal/cfg_5p0_control_1p5/000000022892/generated.png,dense_text_plus_canny_plus_seg,7,5.0,1.5,1.5,1.5,20,0.5317,0.3687,29.84
97337,This is a nice living room set up with two couches and a television.,"A cozy living room contains two couches arranged around a coffee table facing a television. The television displays a map or graphic image, while lamps, curtains, and decorative furniture create a warm indoor atmosphere. The room appears tidy and comfortable, with soft lighting and a.","A cozy living room contains two couches arranged around a coffee table facing a television. The television displays a map or graphic image, while lamps, curtains, and decorative furniture create a warm indoor atmosphere. The room appears tidy and comfortable, with soft lighting and a.",/Users/yixiaoz/Desktop/cs348k_proj/outputs/controlnet_multimodal/cfg_5p0_control_1p5/000000097337/target.png,/Users/yixiaoz/Desktop/cs348k_proj/outputs/controlnet_multimodal/cfg_5p0_control_1p5/000000097337/canny.png,/Users/yixiaoz/Desktop/cs348k_proj/outputs/controlnet_multimodal/cfg_5p0_control_1p5/000000097337/seg.png,/Users/yixiaoz/Desktop/cs348k_proj/outputs/controlnet_multimodal/cfg_5p0_control_1p5/000000097337/generated.png,dense_text_plus_canny_plus_seg,7,5.0,1.5,1.5,1.5,20,0.4742,0.3649,28.9571
10707,Man with video game controller in living room with onlooker seated nearby.,"Several people gather in a living room around a coffee table covered with drinks, snacks, and small items. One man stands holding a video game controller, while others sit nearby watching or participating. Sofas, warm lighting, and casual clothing create the feeling of a relaxed.","Several people gather in a living room around a coffee table covered with drinks, snacks, and small items. One man stands holding a video game controller, while others sit nearby watching or participating. Sofas, warm lighting, and casual clothing create the feeling of a relaxed.",/Users/yixiaoz/Desktop/cs348k_proj/outputs/controlnet_multimodal/cfg_5p0_control_1p5/000000010707/target.png,/Users/yixiaoz/Desktop/cs348k_proj/outputs/controlnet_multimodal/cfg_5p0_control_1p5/000000010707/canny.png,/Users/yixiaoz/Desktop/cs348k_proj/outputs/controlnet_multimodal/cfg_5p0_control_1p5/000000010707/seg.png,/Users/yixiaoz/Desktop/cs348k_proj/outputs/controlnet_multimodal/cfg_5p0_control_1p5/000000010707/generated.png,dense_text_plus_canny_plus_seg,7,5.0,1.5,1.5,1.5,20,0.5379,0.3247,31.2453
65288,A yellow and green object with a brown bird perched on top of it.,"An ornate yellow and green decorative structure sits in the foreground, with a small brown bird perched on its top edge. Behind it, a crowd of people gathers outdoors near tables, chairs, plants, and shaded areas, suggesting a plaza, café, or public gathering space. The.","An ornate yellow and green decorative structure sits in the foreground, with a small brown bird perched on its top edge. Behind it, a crowd of people gathers outdoors near tables, chairs, plants, and shaded areas, suggesting a plaza, café, or public gathering space. The.",/Users/yixiaoz/Desktop/cs348k_proj/outputs/controlnet_multimodal/cfg_5p0_control_1p5/000000065288/target.png,/Users/yixiaoz/Desktop/cs348k_proj/outputs/controlnet_multimodal/cfg_5p0_control_1p5/000000065288/canny.png,/Users/yixiaoz/Desktop/cs348k_proj/outputs/controlnet_multimodal/cfg_5p0_control_1p5/000000065288/seg.png,/Users/yixiaoz/Desktop/cs348k_proj/outputs/controlnet_multimodal/cfg_5p0_control_1p5/000000065288/generated.png,dense_text_plus_canny_plus_seg,7,5.0,1.5,1.5,1.5,20,0.566,0.3823,29.4376
116208,"A large pizza is shown on a table, with bottles and glasses of wine.","A large pizza topped with cheese, mushrooms, and other ingredients is placed on a raised stand at the center of a restaurant table. Wine bottles, glasses, plates, utensils, and small dishes surround it, suggesting a shared meal among several diners. The pizza is viewed from.","A large pizza topped with cheese, mushrooms, and other ingredients is placed on a raised stand at the center of a restaurant table. Wine bottles, glasses, plates, utensils, and small dishes surround it, suggesting a shared meal among several diners. The pizza is viewed from.",/Users/yixiaoz/Desktop/cs348k_proj/outputs/controlnet_multimodal/cfg_5p0_control_1p5/000000116208/target.png,/Users/yixiaoz/Desktop/cs348k_proj/outputs/controlnet_multimodal/cfg_5p0_control_1p5/000000116208/canny.png,/Users/yixiaoz/Desktop/cs348k_proj/outputs/controlnet_multimodal/cfg_5p0_control_1p5/000000116208/seg.png,/Users/yixiaoz/Desktop/cs348k_proj/outputs/controlnet_multimodal/cfg_5p0_control_1p5/000000116208/generated.png,dense_text_plus_canny_plus_seg,7,5.0,1.5,1.5,1.5,20,0.4887,0.2862,35.6603
74733,two flatbread pieces covered with different ingredients in between a flight of beers,"Two rectangular flatbread dishes topped with different ingredients are served on a wooden board beside a flight of beers. Several small glasses of beer, dipping containers, and additional drinkware are arranged around the food. The warm indoor lighting and tabletop presentation suggest a restaurant, pub.","Two rectangular flatbread dishes topped with different ingredients are served on a wooden board beside a flight of beers. Several small glasses of beer, dipping containers, and additional drinkware are arranged around the food. The warm indoor lighting and tabletop presentation suggest a restaurant, pub.",/Users/yixiaoz/Desktop/cs348k_proj/outputs/controlnet_multimodal/cfg_5p0_control_1p5/000000074733/target.png,/Users/yixiaoz/Desktop/cs348k_proj/outputs/controlnet_multimodal/cfg_5p0_control_1p5/000000074733/canny.png,/Users/yixiaoz/Desktop/cs348k_proj/outputs/controlnet_multimodal/cfg_5p0_control_1p5/000000074733/seg.png,/Users/yixiaoz/Desktop/cs348k_proj/outputs/controlnet_multimodal/cfg_5p0_control_1p5/000000074733/generated.png,dense_text_plus_canny_plus_seg,7,5.0,1.5,1.5,1.5,20,0.515,0.2792,34.6349
114907,"A woman holding a milking attachment and standing in front of a cow, with a group of people in the audience.","A woman stands beside a large dairy cow while demonstrating or holding a milking attachment in front of a seated audience. The cow is positioned behind a metal barrier, and many people watch attentively from the foreground. The scene appears to be part of an.","A woman stands beside a large dairy cow while demonstrating or holding a milking attachment in front of a seated audience. The cow is positioned behind a metal barrier, and many people watch attentively from the foreground. The scene appears to be part of an.",/Users/yixiaoz/Desktop/cs348k_proj/outputs/controlnet_multimodal/cfg_5p0_control_1p5/000000114907/target.png,/Users/yixiaoz/Desktop/cs348k_proj/outputs/controlnet_multimodal/cfg_5p0_control_1p5/000000114907/canny.png,/Users/yixiaoz/Desktop/cs348k_proj/outputs/controlnet_multimodal/cfg_5p0_control_1p5/000000114907/seg.png,/Users/yixiaoz/Desktop/cs348k_proj/outputs/controlnet_multimodal/cfg_5p0_control_1p5/000000114907/generated.png,dense_text_plus_canny_plus_seg,7,5.0,1.5,1.5,1.5,20,0.4999,0.3866,32.9756
61333,The caramel-colored kitten is  lying on the small blanket on top of the unmade bed.,"An orange tabby kitten lies curled up on a small blanket placed on top of an unmade bed. The cat appears relaxed and sleepy, with its body tucked close and its head resting near the blanket. A bookshelf filled with books lines the background, adding.","An orange tabby kitten lies curled up on a small blanket placed on top of an unmade bed. The cat appears relaxed and sleepy, with its body tucked close and its head resting near the blanket. A bookshelf filled with books lines the background, adding.",/Users/yixiaoz/Desktop/cs348k_proj/outputs/controlnet_multimodal/cfg_5p0_control_1p5/000000061333/target.png,/Users/yixiaoz/Desktop/cs348k_proj/outputs/controlnet_multimodal/cfg_5p0_control_1p5/000000061333/canny.png,/Users/yixiaoz/Desktop/cs348k_proj/outputs/controlnet_multimodal/cfg_5p0_control_1p5/000000061333/seg.png,/Users/yixiaoz/Desktop/cs348k_proj/outputs/controlnet_multimodal/cfg_5p0_control_1p5/000000061333/generated.png,dense_text_plus_canny_plus_seg,7,5.0,1.5,1.5,1.5,20,0.5678,0.3452,35.075
18837,A large truck on a city street with two works sitting on top and one worker climbing in through door.,"A large green utility truck is parked on a city street while workers perform maintenance tasks around it. One worker appears to be on top of the vehicle, and another is climbing into or standing near the door. Cars, buildings, traffic signs, and urban infrastructure.","A large green utility truck is parked on a city street while workers perform maintenance tasks around it. One worker appears to be on top of the vehicle, and another is climbing into or standing near the door. Cars, buildings, traffic signs, and urban infrastructure.",/Users/yixiaoz/Desktop/cs348k_proj/outputs/controlnet_multimodal/cfg_5p0_control_1p5/000000018837/target.png,/Users/yixiaoz/Desktop/cs348k_proj/outputs/controlnet_multimodal/cfg_5p0_control_1p5/000000018837/canny.png,/Users/yixiaoz/Desktop/cs348k_proj/outputs/controlnet_multimodal/cfg_5p0_control_1p5/000000018837/seg.png,/Users/yixiaoz/Desktop/cs348k_proj/outputs/controlnet_multimodal/cfg_5p0_control_1p5/000000018837/generated.png,dense_text_plus_canny_plus_seg,7,5.0,1.5,1.5,1.5,20,0.4212,0.2618,33.1178
9914,"A sandwich, french fries, bowl of ketchup, onion slice, lettuce slice, tomato slice, and knife sit on the white plate.","A sandwich meal is served on a white plate with French fries, a small bowl of ketchup, sliced onion, tomato, lettuce, and a knife. The sandwich bun is topped with sesame seeds, and the fries are piled beside it. The close-up view focuses on the.","A sandwich meal is served on a white plate with French fries, a small bowl of ketchup, sliced onion, tomato, lettuce, and a knife. The sandwich bun is topped with sesame seeds, and the fries are piled beside it. The close-up view focuses on the.",/Users/yixiaoz/Desktop/cs348k_proj/outputs/controlnet_multimodal/cfg_5p0_control_1p5/000000009914/target.png,/Users/yixiaoz/Desktop/cs348k_proj/outputs/controlnet_multimodal/cfg_5p0_control_1p5/000000009914/canny.png,/Users/yixiaoz/Desktop/cs348k_proj/outputs/controlnet_multimodal/cfg_5p0_control_1p5/000000009914/seg.png,/Users/yixiaoz/Desktop/cs348k_proj/outputs/controlnet_multimodal/cfg_5p0_control_1p5/000000009914/generated.png,dense_text_plus_canny_plus_seg,7,5.0,1.5,1.5,1.5,20,0.5389,0.3438,27.824
39477,A beach towel covers a TV across from plants on the wall and in front of the window.,"A compact living room features a couch facing a television, with several plants placed near the window and on the wall. Natural light enters through a large curtained window, brightening the small room. A low table, rug, wall decorations, and shelving create a tidy residential.","A compact living room features a couch facing a television, with several plants placed near the window and on the wall. Natural light enters through a large curtained window, brightening the small room. A low table, rug, wall decorations, and shelving create a tidy residential.",/Users/yixiaoz/Desktop/cs348k_proj/outputs/controlnet_multimodal/cfg_5p0_control_1p5/000000039477/target.png,/Users/yixiaoz/Desktop/cs348k_proj/outputs/controlnet_multimodal/cfg_5p0_control_1p5/000000039477/canny.png,/Users/yixiaoz/Desktop/cs348k_proj/outputs/controlnet_multimodal/cfg_5p0_control_1p5/000000039477/seg.png,/Users/yixiaoz/Desktop/cs348k_proj/outputs/controlnet_multimodal/cfg_5p0_control_1p5/000000039477/generated.png,dense_text_plus_canny_plus_seg,7,5.0,1.5,1.5,1.5,20,0.4635,0.3854,30.0019
61108,A blue bicycle with a puppy in its basket is parked next to the bleacher steps.,"A blue bicycle is parked beside outdoor bleacher steps, with a small puppy sitting inside a basket attached to the front. The bicycle rests near concrete steps and railings, suggesting a sports field, park, or recreational area. The puppy sits securely in the basket and.","A blue bicycle is parked beside outdoor bleacher steps, with a small puppy sitting inside a basket attached to the front. The bicycle rests near concrete steps and railings, suggesting a sports field, park, or recreational area. The puppy sits securely in the basket and.",/Users/yixiaoz/Desktop/cs348k_proj/outputs/controlnet_multimodal/cfg_5p0_control_1p5/000000061108/target.png,/Users/yixiaoz/Desktop/cs348k_proj/outputs/controlnet_multimodal/cfg_5p0_control_1p5/000000061108/canny.png,/Users/yixiaoz/Desktop/cs348k_proj/outputs/controlnet_multimodal/cfg_5p0_control_1p5/000000061108/seg.png,/Users/yixiaoz/Desktop/cs348k_proj/outputs/controlnet_multimodal/cfg_5p0_control_1p5/000000061108/generated.png,dense_text_plus_canny_plus_seg,7,5.0,1.5,1.5,1.5,20,0.4303,0.3332,35.3994
91615,"A kitchen has light wooden colored cabinetry, beige countertops, and stainless steel appliances in an open concept house.","A clean modern kitchen features light wooden cabinets, beige countertops, stainless steel appliances, and a sink built into a central counter area. A microwave, oven, refrigerator, dishwasher, and decorative flowers are visible throughout the room. The space appears bright, organized, and open, with neutral colors.","A clean modern kitchen features light wooden cabinets, beige countertops, stainless steel appliances, and a sink built into a central counter area. A microwave, oven, refrigerator, dishwasher, and decorative flowers are visible throughout the room. The space appears bright, organized, and open, with neutral colors.",/Users/yixiaoz/Desktop/cs348k_proj/outputs/controlnet_multimodal/cfg_5p0_control_1p5/000000091615/target.png,/Users/yixiaoz/Desktop/cs348k_proj/outputs/controlnet_multimodal/cfg_5p0_control_1p5/000000091615/canny.png,/Users/yixiaoz/Desktop/cs348k_proj/outputs/controlnet_multimodal/cfg_5p0_control_1p5/000000091615/seg.png,/Users/yixiaoz/Desktop/cs348k_proj/outputs/controlnet_multimodal/cfg_5p0_control_1p5/000000091615/generated.png,dense_text_plus_canny_plus_seg,7,5.0,1.5,1.5,1.5,20,0.4361,0.2594,30.8337
77396,A cat being lazy and a cat being nozy in a living room with tv and a laptop displaying the same things.,"Two cats are in a living room facing a television and a laptop displaying similar imagery. One cat stands upright near the television, appearing curious about the screen, while another cat lies on the floor nearby. The room contains a TV stand, small table, and.","Two cats are in a living room facing a television and a laptop displaying similar imagery. One cat stands upright near the television, appearing curious about the screen, while another cat lies on the floor nearby. The room contains a TV stand, small table, and.",/Users/yixiaoz/Desktop/cs348k_proj/outputs/controlnet_multimodal/cfg_5p0_control_1p5/000000077396/target.png,/Users/yixiaoz/Desktop/cs348k_proj/outputs/controlnet_multimodal/cfg_5p0_control_1p5/000000077396/canny.png,/Users/yixiaoz/Desktop/cs348k_proj/outputs/controlnet_multimodal/cfg_5p0_control_1p5/000000077396/seg.png,/Users/yixiaoz/Desktop/cs348k_proj/outputs/controlnet_multimodal/cfg_5p0_control_1p5/000000077396/generated.png,dense_text_plus_canny_plus_seg,7,5.0,1.5,1.5,1.5,20,0.3904,0.2594,36.2728
119233,A cat sprawled out over the top of a laptop computer keyboard.,"A black-and-white cat sprawls across the keyboard area of an open laptop on a wooden desk or counter. The cat lies comfortably with its body stretched over the computer, partially blocking the screen and keyboard. Various household objects, office supplies, and plants are visible around.","A black-and-white cat sprawls across the keyboard area of an open laptop on a wooden desk or counter. The cat lies comfortably with its body stretched over the computer, partially blocking the screen and keyboard. Various household objects, office supplies, and plants are visible around.",/Users/yixiaoz/Desktop/cs348k_proj/outputs/controlnet_multimodal/cfg_5p0_control_1p5/000000119233/target.png,/Users/yixiaoz/Desktop/cs348k_proj/outputs/controlnet_multimodal/cfg_5p0_control_1p5/000000119233/canny.png,/Users/yixiaoz/Desktop/cs348k_proj/outputs/controlnet_multimodal/cfg_5p0_control_1p5/000000119233/seg.png,/Users/yixiaoz/Desktop/cs348k_proj/outputs/controlnet_multimodal/cfg_5p0_control_1p5/000000119233/generated.png,dense_text_plus_canny_plus_seg,7,5.0,1.5,1.5,1.5,20,0.5496,0.2948,35.6282
2431,"A table with a plate, wine-filled glass, and bread, among other items","A restaurant table is set with a plate, a wine-filled glass, bread, napkins, utensils, and other dining items. The objects are arranged closely together on a wooden surface, suggesting an ongoing or prepared meal. The image is framed from above and at a slight angle.","A restaurant table is set with a plate, a wine-filled glass, bread, napkins, utensils, and other dining items. The objects are arranged closely together on a wooden surface, suggesting an ongoing or prepared meal. The image is framed from above and at a slight angle.",/Users/yixiaoz/Desktop/cs348k_proj/outputs/controlnet_multimodal/cfg_5p0_control_1p5/000000002431/target.png,/Users/yixiaoz/Desktop/cs348k_proj/outputs/controlnet_multimodal/cfg_5p0_control_1p5/000000002431/canny.png,/Users/yixiaoz/Desktop/cs348k_proj/outputs/controlnet_multimodal/cfg_5p0_control_1p5/000000002431/seg.png,/Users/yixiaoz/Desktop/cs348k_proj/outputs/controlnet_multimodal/cfg_5p0_control_1p5/000000002431/generated.png,dense_text_plus_canny_plus_seg,7,5.0,1.5,1.5,1.5,20,0.4858,0.3487,30.7853
56344,"Looking down at a desktop with two monitors, a key board, mouse and cell phones on it.","A desk workstation contains two large computer monitors positioned side by side, along with a keyboard, mouse, mobile phones, and several electronic accessories. The screens display different windows or web pages, and cables and devices are spread across the desktop. The space appears dimly lit.","A desk workstation contains two large computer monitors positioned side by side, along with a keyboard, mouse, mobile phones, and several electronic accessories. The screens display different windows or web pages, and cables and devices are spread across the desktop. The space appears dimly lit.",/Users/yixiaoz/Desktop/cs348k_proj/outputs/controlnet_multimodal/cfg_5p0_control_1p5/000000056344/target.png,/Users/yixiaoz/Desktop/cs348k_proj/outputs/controlnet_multimodal/cfg_5p0_control_1p5/000000056344/canny.png,/Users/yixiaoz/Desktop/cs348k_proj/outputs/controlnet_multimodal/cfg_5p0_control_1p5/000000056344/seg.png,/Users/yixiaoz/Desktop/cs348k_proj/outputs/controlnet_multimodal/cfg_5p0_control_1p5/000000056344/generated.png,dense_text_plus_canny_plus_seg,7,5.0,1.5,1.5,1.5,20,0.5097,0.336,33.9116
54628,A tall multi layer cake sitting on top of a blue table cloth.,"A tall multi-layered decorative cake stands on a table covered with a blue tablecloth inside an elegant event venue. The cake is decorated with detailed patterns, flowers, and multiple tiers, making it the centerpiece of the room. Guests, tables, chairs, and chandeliers are visible in.","A tall multi-layered decorative cake stands on a table covered with a blue tablecloth inside an elegant event venue. The cake is decorated with detailed patterns, flowers, and multiple tiers, making it the centerpiece of the room. Guests, tables, chairs, and chandeliers are visible in.",/Users/yixiaoz/Desktop/cs348k_proj/outputs/controlnet_multimodal/cfg_5p0_control_1p5/000000054628/target.png,/Users/yixiaoz/Desktop/cs348k_proj/outputs/controlnet_multimodal/cfg_5p0_control_1p5/000000054628/canny.png,/Users/yixiaoz/Desktop/cs348k_proj/outputs/controlnet_multimodal/cfg_5p0_control_1p5/000000054628/seg.png,/Users/yixiaoz/Desktop/cs348k_proj/outputs/controlnet_multimodal/cfg_5p0_control_1p5/000000054628/generated.png,dense_text_plus_canny_plus_seg,7,5.0,1.5,1.5,1.5,20,0.4744,0.3076,32.0976
110999,"A painting of a bowl of fruit sitting in front of another painting,","A framed painting of a bowl of fruit hangs above a table where a real bowl of fruit and decorative objects are arranged below it. The dark background and warm lighting create a still-life atmosphere, connecting the artwork to the physical objects in front of.","A framed painting of a bowl of fruit hangs above a table where a real bowl of fruit and decorative objects are arranged below it. The dark background and warm lighting create a still-life atmosphere, connecting the artwork to the physical objects in front of.",/Users/yixiaoz/Desktop/cs348k_proj/outputs/controlnet_multimodal/cfg_5p0_control_1p5/000000110999/target.png,/Users/yixiaoz/Desktop/cs348k_proj/outputs/controlnet_multimodal/cfg_5p0_control_1p5/000000110999/canny.png,/Users/yixiaoz/Desktop/cs348k_proj/outputs/controlnet_multimodal/cfg_5p0_control_1p5/000000110999/seg.png,/Users/yixiaoz/Desktop/cs348k_proj/outputs/controlnet_multimodal/cfg_5p0_control_1p5/000000110999/generated.png,dense_text_plus_canny_plus_seg,7,5.0,1.5,1.5,1.5,20,0.5086,0.3469,39.3556
72795,a group of ball players playing on a field in front of an audience,"Baseball players are positioned on a field during a game while a large audience watches from the stadium seats. The batter stands near home plate, with the catcher and umpire crouched behind him and other players visible on the field. The scene is viewed from.","Baseball players are positioned on a field during a game while a large audience watches from the stadium seats. The batter stands near home plate, with the catcher and umpire crouched behind him and other players visible on the field. The scene is viewed from.",/Users/yixiaoz/Desktop/cs348k_proj/outputs/controlnet_multimodal/cfg_5p0_control_1p5/000000072795/target.png,/Users/yixiaoz/Desktop/cs348k_proj/outputs/controlnet_multimodal/cfg_5p0_control_1p5/000000072795/canny.png,/Users/yixiaoz/Desktop/cs348k_proj/outputs/controlnet_multimodal/cfg_5p0_control_1p5/000000072795/seg.png,/Users/yixiaoz/Desktop/cs348k_proj/outputs/controlnet_multimodal/cfg_5p0_control_1p5/000000072795/generated.png,dense_text_plus_canny_plus_seg,7,5.0,1.5,1.5,1.5,20,0.5372,0.4551,32.0844
92091,A little girl is using the toy brush for a chew toy rather than brushing the teddy.,"A young girl wearing a bright pink dress stands inside a cozy room while holding a toy brush near a stuffed teddy bear. The room includes wooden walls, chairs, a television, artwork, and home furnishings. The child appears to be playing pretend, possibly brushing the.","A young girl wearing a bright pink dress stands inside a cozy room while holding a toy brush near a stuffed teddy bear. The room includes wooden walls, chairs, a television, artwork, and home furnishings. The child appears to be playing pretend, possibly brushing the.",/Users/yixiaoz/Desktop/cs348k_proj/outputs/controlnet_multimodal/cfg_5p0_control_1p5/000000092091/target.png,/Users/yixiaoz/Desktop/cs348k_proj/outputs/controlnet_multimodal/cfg_5p0_control_1p5/000000092091/canny.png,/Users/yixiaoz/Desktop/cs348k_proj/outputs/controlnet_multimodal/cfg_5p0_control_1p5/000000092091/seg.png,/Users/yixiaoz/Desktop/cs348k_proj/outputs/controlnet_multimodal/cfg_5p0_control_1p5/000000092091/generated.png,dense_text_plus_canny_plus_seg,7,5.0,1.5,1.5,1.5,20,0.4751,0.3265,32.923
108253,there are two plates of food and a beer in the middle of the table,"Two plates of food and a beer bottle are arranged on a restaurant table. The plates contain sandwiches, fries, and other side dishes, while condiments and utensils sit nearby. The bottle of beer stands prominently near the center of the table, suggesting a casual meal.","Two plates of food and a beer bottle are arranged on a restaurant table. The plates contain sandwiches, fries, and other side dishes, while condiments and utensils sit nearby. The bottle of beer stands prominently near the center of the table, suggesting a casual meal.",/Users/yixiaoz/Desktop/cs348k_proj/outputs/controlnet_multimodal/cfg_5p0_control_1p5/000000108253/target.png,/Users/yixiaoz/Desktop/cs348k_proj/outputs/controlnet_multimodal/cfg_5p0_control_1p5/000000108253/canny.png,/Users/yixiaoz/Desktop/cs348k_proj/outputs/controlnet_multimodal/cfg_5p0_control_1p5/000000108253/seg.png,/Users/yixiaoz/Desktop/cs348k_proj/outputs/controlnet_multimodal/cfg_5p0_control_1p5/000000108253/generated.png,dense_text_plus_canny_plus_seg,7,5.0,1.5,1.5,1.5,20,0.5462,0.3938,32.3359
80932,A little boy sits at a table in a restaurant eating a slice of pizza.,"A young boy sits at a restaurant table eating a large slice of pizza. He holds the pizza close to his mouth while leaning over a white plate, concentrating on the meal. Other diners and wooden booth seating are visible in the background, creating a.","A young boy sits at a restaurant table eating a large slice of pizza. He holds the pizza close to his mouth while leaning over a white plate, concentrating on the meal. Other diners and wooden booth seating are visible in the background, creating a.",/Users/yixiaoz/Desktop/cs348k_proj/outputs/controlnet_multimodal/cfg_5p0_control_1p5/000000080932/target.png,/Users/yixiaoz/Desktop/cs348k_proj/outputs/controlnet_multimodal/cfg_5p0_control_1p5/000000080932/canny.png,/Users/yixiaoz/Desktop/cs348k_proj/outputs/controlnet_multimodal/cfg_5p0_control_1p5/000000080932/seg.png,/Users/yixiaoz/Desktop/cs348k_proj/outputs/controlnet_multimodal/cfg_5p0_control_1p5/000000080932/generated.png,dense_text_plus_canny_plus_seg,7,5.0,1.5,1.5,1.5,20,0.5535,0.458,32.1118
50811,A man in a suit sitting a table with an empty bowl and empty beer bottles.,A man wearing a gray suit jacket sits alone at a wooden dining table with an empty bowl and several empty beer bottles placed in front of him. He smiles toward the camera in a simple indoor setting with a plain light-colored background. The table.,A man wearing a gray suit jacket sits alone at a wooden dining table with an empty bowl and several empty beer bottles placed in front of him. He smiles toward the camera in a simple indoor setting with a plain light-colored background. The table.,/Users/yixiaoz/Desktop/cs348k_proj/outputs/controlnet_multimodal/cfg_5p0_control_1p5/000000050811/target.png,/Users/yixiaoz/Desktop/cs348k_proj/outputs/controlnet_multimodal/cfg_5p0_control_1p5/000000050811/canny.png,/Users/yixiaoz/Desktop/cs348k_proj/outputs/controlnet_multimodal/cfg_5p0_control_1p5/000000050811/seg.png,/Users/yixiaoz/Desktop/cs348k_proj/outputs/controlnet_multimodal/cfg_5p0_control_1p5/000000050811/generated.png,dense_text_plus_canny_plus_seg,7,5.0,1.5,1.5,1.5,20,0.4699,0.3156,35.3041
13659,A man typing on a laptop keyboard in a cluttered work environment.,"Several people work in a busy, cluttered office environment filled with desks, laptops, papers, cardboard boxes, and electronic equipment. A man in the foreground sits at a desk typing on a laptop while wearing headphones, and other people work in the background. The room looks.","Several people work in a busy, cluttered office environment filled with desks, laptops, papers, cardboard boxes, and electronic equipment. A man in the foreground sits at a desk typing on a laptop while wearing headphones, and other people work in the background. The room looks.",/Users/yixiaoz/Desktop/cs348k_proj/outputs/controlnet_multimodal/cfg_5p0_control_1p5/000000013659/target.png,/Users/yixiaoz/Desktop/cs348k_proj/outputs/controlnet_multimodal/cfg_5p0_control_1p5/000000013659/canny.png,/Users/yixiaoz/Desktop/cs348k_proj/outputs/controlnet_multimodal/cfg_5p0_control_1p5/000000013659/seg.png,/Users/yixiaoz/Desktop/cs348k_proj/outputs/controlnet_multimodal/cfg_5p0_control_1p5/000000013659/generated.png,dense_text_plus_canny_plus_seg,7,5.0,1.5,1.5,1.5,20,0.4002,0.2842,31.4636
26465,The opened  laptop is sitting on the table along with other technological tools.,"An open laptop sits on a white tabletop surrounded by small technological tools and accessories, including a smartphone, a pen, and a compact electronic device. The laptop screen shows a dark desktop with a bright reflection near the center. The arrangement is simple and sparse.","An open laptop sits on a white tabletop surrounded by small technological tools and accessories, including a smartphone, a pen, and a compact electronic device. The laptop screen shows a dark desktop with a bright reflection near the center. The arrangement is simple and sparse.",/Users/yixiaoz/Desktop/cs348k_proj/outputs/controlnet_multimodal/cfg_5p0_control_1p5/000000026465/target.png,/Users/yixiaoz/Desktop/cs348k_proj/outputs/controlnet_multimodal/cfg_5p0_control_1p5/000000026465/canny.png,/Users/yixiaoz/Desktop/cs348k_proj/outputs/controlnet_multimodal/cfg_5p0_control_1p5/000000026465/seg.png,/Users/yixiaoz/Desktop/cs348k_proj/outputs/controlnet_multimodal/cfg_5p0_control_1p5/000000026465/generated.png,dense_text_plus_canny_plus_seg,7,5.0,1.5,1.5,1.5,20,0.4631,0.3108,33.8625
25096,A boy sitting in front of cake fashioned to look like a skateboard.,"A young boy wearing a blue sports jersey sits at a table looking down at a cake designed to resemble a skateboard. The cake is decorated with bright colors and small details, and the boy appears focused on it as if preparing to cut or.","A young boy wearing a blue sports jersey sits at a table looking down at a cake designed to resemble a skateboard. The cake is decorated with bright colors and small details, and the boy appears focused on it as if preparing to cut or.",/Users/yixiaoz/Desktop/cs348k_proj/outputs/controlnet_multimodal/cfg_5p0_control_1p5/000000025096/target.png,/Users/yixiaoz/Desktop/cs348k_proj/outputs/controlnet_multimodal/cfg_5p0_control_1p5/000000025096/canny.png,/Users/yixiaoz/Desktop/cs348k_proj/outputs/controlnet_multimodal/cfg_5p0_control_1p5/000000025096/seg.png,/Users/yixiaoz/Desktop/cs348k_proj/outputs/controlnet_multimodal/cfg_5p0_control_1p5/000000025096/generated.png,dense_text_plus_canny_plus_seg,7,5.0,1.5,1.5,1.5,20,0.5129,0.3522,31.5162
26564,An office desk with a row of books and a desktop computer and laptop computer on the desk.,"An office desk is arranged with a desktop computer, laptop, keyboard, mouse, books, papers, and a row of binders or reference materials. The monitor displays a document or screen of text, and large windows brighten the workspace. The corner desk is compact but well equipped.","An office desk is arranged with a desktop computer, laptop, keyboard, mouse, books, papers, and a row of binders or reference materials. The monitor displays a document or screen of text, and large windows brighten the workspace. The corner desk is compact but well equipped.",/Users/yixiaoz/Desktop/cs348k_proj/outputs/controlnet_multimodal/cfg_5p0_control_1p5/000000026564/target.png,/Users/yixiaoz/Desktop/cs348k_proj/outputs/controlnet_multimodal/cfg_5p0_control_1p5/000000026564/canny.png,/Users/yixiaoz/Desktop/cs348k_proj/outputs/controlnet_multimodal/cfg_5p0_control_1p5/000000026564/seg.png,/Users/yixiaoz/Desktop/cs348k_proj/outputs/controlnet_multimodal/cfg_5p0_control_1p5/000000026564/generated.png,dense_text_plus_canny_plus_seg,7,5.0,1.5,1.5,1.5,20,0.3918,0.2528,33.519
12670,A large crowd of people walking around while one owns a teddy bear.,"A large crowd of people walks and gathers in a busy outdoor public space, possibly a street, plaza, or festival area. The scene contains many individuals of different ages wearing colorful clothing, and one person appears to carry or hold a teddy bear among the.","A large crowd of people walks and gathers in a busy outdoor public space, possibly a street, plaza, or festival area. The scene contains many individuals of different ages wearing colorful clothing, and one person appears to carry or hold a teddy bear among the.",/Users/yixiaoz/Desktop/cs348k_proj/outputs/controlnet_multimodal/cfg_5p0_control_1p5/000000012670/target.png,/Users/yixiaoz/Desktop/cs348k_proj/outputs/controlnet_multimodal/cfg_5p0_control_1p5/000000012670/canny.png,/Users/yixiaoz/Desktop/cs348k_proj/outputs/controlnet_multimodal/cfg_5p0_control_1p5/000000012670/seg.png,/Users/yixiaoz/Desktop/cs348k_proj/outputs/controlnet_multimodal/cfg_5p0_control_1p5/000000012670/generated.png,dense_text_plus_canny_plus_seg,7,5.0,1.5,1.5,1.5,20,0.5727,0.4006,28.9513
9400,Sever people are sitting next to each other while using laptops.,"Several people sit close together around a table while using laptop computers in a dimly lit indoor environment. Multiple screens glow in front of them, and drinks, cables, and computer accessories are spread across the table. The group appears to be collaborating, studying, or working.","Several people sit close together around a table while using laptop computers in a dimly lit indoor environment. Multiple screens glow in front of them, and drinks, cables, and computer accessories are spread across the table. The group appears to be collaborating, studying, or working.",/Users/yixiaoz/Desktop/cs348k_proj/outputs/controlnet_multimodal/cfg_5p0_control_1p5/000000009400/target.png,/Users/yixiaoz/Desktop/cs348k_proj/outputs/controlnet_multimodal/cfg_5p0_control_1p5/000000009400/canny.png,/Users/yixiaoz/Desktop/cs348k_proj/outputs/controlnet_multimodal/cfg_5p0_control_1p5/000000009400/seg.png,/Users/yixiaoz/Desktop/cs348k_proj/outputs/controlnet_multimodal/cfg_5p0_control_1p5/000000009400/generated.png,dense_text_plus_canny_plus_seg,7,5.0,1.5,1.5,1.5,20,0.5273,0.3714,31.9731
92053,Three white dishes with three different sorts of food on them.,"Three white plates with different dishes are arranged on a restaurant table under warm, dim lighting. The food includes various items with sauces, sides, and garnishes, and a drink sits nearby. Utensils are placed on or beside the plates, suggesting the meal is in progress.","Three white plates with different dishes are arranged on a restaurant table under warm, dim lighting. The food includes various items with sauces, sides, and garnishes, and a drink sits nearby. Utensils are placed on or beside the plates, suggesting the meal is in progress.",/Users/yixiaoz/Desktop/cs348k_proj/outputs/controlnet_multimodal/cfg_5p0_control_1p5/000000092053/target.png,/Users/yixiaoz/Desktop/cs348k_proj/outputs/controlnet_multimodal/cfg_5p0_control_1p5/000000092053/canny.png,/Users/yixiaoz/Desktop/cs348k_proj/outputs/controlnet_multimodal/cfg_5p0_control_1p5/000000092053/seg.png,/Users/yixiaoz/Desktop/cs348k_proj/outputs/controlnet_multimodal/cfg_5p0_control_1p5/000000092053/generated.png,dense_text_plus_canny_plus_seg,7,5.0,1.5,1.5,1.5,20,0.5666,0.3804,30.4843
74256,Two women standing in a train station looking at their phones.,"Two women stand together at an outdoor train station platform while looking down at their mobile phones. One woman wears a green scarf and dark clothing, while the other wears a patterned jacket. Train station signs, tracks, buildings, and platform structures appear in the background.","Two women stand together at an outdoor train station platform while looking down at their mobile phones. One woman wears a green scarf and dark clothing, while the other wears a patterned jacket. Train station signs, tracks, buildings, and platform structures appear in the background.",/Users/yixiaoz/Desktop/cs348k_proj/outputs/controlnet_multimodal/cfg_5p0_control_1p5/000000074256/target.png,/Users/yixiaoz/Desktop/cs348k_proj/outputs/controlnet_multimodal/cfg_5p0_control_1p5/000000074256/canny.png,/Users/yixiaoz/Desktop/cs348k_proj/outputs/controlnet_multimodal/cfg_5p0_control_1p5/000000074256/seg.png,/Users/yixiaoz/Desktop/cs348k_proj/outputs/controlnet_multimodal/cfg_5p0_control_1p5/000000074256/generated.png,dense_text_plus_canny_plus_seg,7,5.0,1.5,1.5,1.5,20,0.4614,0.34,32.3579
7818,An illuminated floral display forms the centerpiece of the arrangement in this close up of a dining room table setting.,"A small illuminated floral display sits at the center of a dining table arranged with plates, napkins, glasses, and formal place settings. The image is softly focused with the centerpiece and table surface highlighted against a darker background. The scene appears elegant and quiet, possibly.","A small illuminated floral display sits at the center of a dining table arranged with plates, napkins, glasses, and formal place settings. The image is softly focused with the centerpiece and table surface highlighted against a darker background. The scene appears elegant and quiet, possibly.",/Users/yixiaoz/Desktop/cs348k_proj/outputs/controlnet_multimodal/cfg_5p0_control_1p5/000000007818/target.png,/Users/yixiaoz/Desktop/cs348k_proj/outputs/controlnet_multimodal/cfg_5p0_control_1p5/000000007818/canny.png,/Users/yixiaoz/Desktop/cs348k_proj/outputs/controlnet_multimodal/cfg_5p0_control_1p5/000000007818/seg.png,/Users/yixiaoz/Desktop/cs348k_proj/outputs/controlnet_multimodal/cfg_5p0_control_1p5/000000007818/generated.png,dense_text_plus_canny_plus_seg,7,5.0,1.5,1.5,1.5,20,0.5714,0.3524,30.3661
109313,A man holding a Wii game controller while standing in a living room.,"A man stands in a living room holding a Wii game controller while facing a television outside the frame. He wears casual clothes and stands among household items, toys, furniture, and a colorful floor mat. The room appears lived-in and informal, with a kitchen or.","A man stands in a living room holding a Wii game controller while facing a television outside the frame. He wears casual clothes and stands among household items, toys, furniture, and a colorful floor mat. The room appears lived-in and informal, with a kitchen or.",/Users/yixiaoz/Desktop/cs348k_proj/outputs/controlnet_multimodal/cfg_5p0_control_1p5/000000109313/target.png,/Users/yixiaoz/Desktop/cs348k_proj/outputs/controlnet_multimodal/cfg_5p0_control_1p5/000000109313/canny.png,/Users/yixiaoz/Desktop/cs348k_proj/outputs/controlnet_multimodal/cfg_5p0_control_1p5/000000109313/seg.png,/Users/yixiaoz/Desktop/cs348k_proj/outputs/controlnet_multimodal/cfg_5p0_control_1p5/000000109313/generated.png,dense_text_plus_canny_plus_seg,7,5.0,1.5,1.5,1.5,20,0.4811,0.3039,33.0353
116439,A woman with a straw style hat sitting on a small row boat in the water and accessory items hanging behind her on the land area.,"A woman wearing a straw-style hat sits in a small wooden boat floating on water, surrounded by colorful fabrics and hanging accessories near the shoreline. The scene appears to take place in a riverside or floating market environment, with reflections on the water and goods.","A woman wearing a straw-style hat sits in a small wooden boat floating on water, surrounded by colorful fabrics and hanging accessories near the shoreline. The scene appears to take place in a riverside or floating market environment, with reflections on the water and goods.",/Users/yixiaoz/Desktop/cs348k_proj/outputs/controlnet_multimodal/cfg_5p0_control_1p5/000000116439/target.png,/Users/yixiaoz/Desktop/cs348k_proj/outputs/controlnet_multimodal/cfg_5p0_control_1p5/000000116439/canny.png,/Users/yixiaoz/Desktop/cs348k_proj/outputs/controlnet_multimodal/cfg_5p0_control_1p5/000000116439/seg.png,/Users/yixiaoz/Desktop/cs348k_proj/outputs/controlnet_multimodal/cfg_5p0_control_1p5/000000116439/generated.png,dense_text_plus_canny_plus_seg,7,5.0,1.5,1.5,1.5,20,0.515,0.3829,34.7392
11511,A sculpture of two women stting on a bench with their purses on the ground while people standing in a line behind them.,"A bronze sculpture of two women seated together on a bench is displayed in an outdoor public area. The figures sit close together with handbags or purses placed near their feet, and pedestrians stand or walk in the background. Strong light highlights the sculpture against.","A bronze sculpture of two women seated together on a bench is displayed in an outdoor public area. The figures sit close together with handbags or purses placed near their feet, and pedestrians stand or walk in the background. Strong light highlights the sculpture against.",/Users/yixiaoz/Desktop/cs348k_proj/outputs/controlnet_multimodal/cfg_5p0_control_1p5/000000011511/target.png,/Users/yixiaoz/Desktop/cs348k_proj/outputs/controlnet_multimodal/cfg_5p0_control_1p5/000000011511/canny.png,/Users/yixiaoz/Desktop/cs348k_proj/outputs/controlnet_multimodal/cfg_5p0_control_1p5/000000011511/seg.png,/Users/yixiaoz/Desktop/cs348k_proj/outputs/controlnet_multimodal/cfg_5p0_control_1p5/000000011511/generated.png,dense_text_plus_canny_plus_seg,7,5.0,1.5,1.5,1.5,20,0.4924,0.297,35.4305
17714,A banana frittata next to a plate of decoratively cut fruit and a cup of coffee.,"A breakfast or brunch meal is arranged on a wooden table, including a banana frittata, a plate of decorative cut fruit, and a cup of coffee. Sunlight falls across the tabletop, casting shadows and giving the meal a bright morning feel. The dishes are neatly.","A breakfast or brunch meal is arranged on a wooden table, including a banana frittata, a plate of decorative cut fruit, and a cup of coffee. Sunlight falls across the tabletop, casting shadows and giving the meal a bright morning feel. The dishes are neatly.",/Users/yixiaoz/Desktop/cs348k_proj/outputs/controlnet_multimodal/cfg_5p0_control_1p5/000000017714/target.png,/Users/yixiaoz/Desktop/cs348k_proj/outputs/controlnet_multimodal/cfg_5p0_control_1p5/000000017714/canny.png,/Users/yixiaoz/Desktop/cs348k_proj/outputs/controlnet_multimodal/cfg_5p0_control_1p5/000000017714/seg.png,/Users/yixiaoz/Desktop/cs348k_proj/outputs/controlnet_multimodal/cfg_5p0_control_1p5/000000017714/generated.png,dense_text_plus_canny_plus_seg,7,5.0,1.5,1.5,1.5,20,0.5033,0.35,30.3275
15335,"a young child, lady , and man sitting in a booth at a table","A young child sits in a restaurant booth between adults at a table, with plates, drinks, and food items visible in the dim interior. The child appears to be eating or touching their mouth, while the adults sit close on either side. Warm lighting and.","A young child sits in a restaurant booth between adults at a table, with plates, drinks, and food items visible in the dim interior. The child appears to be eating or touching their mouth, while the adults sit close on either side. Warm lighting and.",/Users/yixiaoz/Desktop/cs348k_proj/outputs/controlnet_multimodal/cfg_5p0_control_1p5/000000015335/target.png,/Users/yixiaoz/Desktop/cs348k_proj/outputs/controlnet_multimodal/cfg_5p0_control_1p5/000000015335/canny.png,/Users/yixiaoz/Desktop/cs348k_proj/outputs/controlnet_multimodal/cfg_5p0_control_1p5/000000015335/seg.png,/Users/yixiaoz/Desktop/cs348k_proj/outputs/controlnet_multimodal/cfg_5p0_control_1p5/000000015335/generated.png,dense_text_plus_canny_plus_seg,7,5.0,1.5,1.5,1.5,20,0.5796,0.4764,29.8055
113589,"Two containers containing quiche, a salad, apples and a banana on the side.","A healthy prepared meal is arranged in two clear food containers and a small side area, including a slice of quiche, green salad, apple slices, and a banana. The food is neatly separated and photographed from above against a plain background. The composition emphasizes balanced.","A healthy prepared meal is arranged in two clear food containers and a small side area, including a slice of quiche, green salad, apple slices, and a banana. The food is neatly separated and photographed from above against a plain background. The composition emphasizes balanced.",/Users/yixiaoz/Desktop/cs348k_proj/outputs/controlnet_multimodal/cfg_5p0_control_1p5/000000113589/target.png,/Users/yixiaoz/Desktop/cs348k_proj/outputs/controlnet_multimodal/cfg_5p0_control_1p5/000000113589/canny.png,/Users/yixiaoz/Desktop/cs348k_proj/outputs/controlnet_multimodal/cfg_5p0_control_1p5/000000113589/seg.png,/Users/yixiaoz/Desktop/cs348k_proj/outputs/controlnet_multimodal/cfg_5p0_control_1p5/000000113589/generated.png,dense_text_plus_canny_plus_seg,7,5.0,1.5,1.5,1.5,20,0.5253,0.3503,35.772
1503,A picture of an iMac desktop next to a Mac laptop on a desk.,"An older Apple iMac desktop computer sits on a desk beside a Mac laptop and several computer accessories. A keyboard, mouse, speakers, and monitor are arranged across the workspace, creating a technology-focused setup. The desk is positioned near a window with blinds, and the white.","An older Apple iMac desktop computer sits on a desk beside a Mac laptop and several computer accessories. A keyboard, mouse, speakers, and monitor are arranged across the workspace, creating a technology-focused setup. The desk is positioned near a window with blinds, and the white.",/Users/yixiaoz/Desktop/cs348k_proj/outputs/controlnet_multimodal/cfg_5p0_control_1p5/000000001503/target.png,/Users/yixiaoz/Desktop/cs348k_proj/outputs/controlnet_multimodal/cfg_5p0_control_1p5/000000001503/canny.png,/Users/yixiaoz/Desktop/cs348k_proj/outputs/controlnet_multimodal/cfg_5p0_control_1p5/000000001503/seg.png,/Users/yixiaoz/Desktop/cs348k_proj/outputs/controlnet_multimodal/cfg_5p0_control_1p5/000000001503/generated.png,dense_text_plus_canny_plus_seg,7,5.0,1.5,1.5,1.5,20,0.4327,0.269,36.2366
88848,"Multiple pictures of fire hydrants, a woman standing near a tree, and people posing in front of a boat.","A collage of multiple photographs shows several yellow fire hydrants, a woman standing near a tree, and people posing in front of a boat or outdoor landmark. The images are arranged together in a grid-like layout, combining different scenes into one visual composition. The subject.","A collage of multiple photographs shows several yellow fire hydrants, a woman standing near a tree, and people posing in front of a boat or outdoor landmark. The images are arranged together in a grid-like layout, combining different scenes into one visual composition. The subject.",/Users/yixiaoz/Desktop/cs348k_proj/outputs/controlnet_multimodal/cfg_5p0_control_1p5/000000088848/target.png,/Users/yixiaoz/Desktop/cs348k_proj/outputs/controlnet_multimodal/cfg_5p0_control_1p5/000000088848/canny.png,/Users/yixiaoz/Desktop/cs348k_proj/outputs/controlnet_multimodal/cfg_5p0_control_1p5/000000088848/seg.png,/Users/yixiaoz/Desktop/cs348k_proj/outputs/controlnet_multimodal/cfg_5p0_control_1p5/000000088848/generated.png,dense_text_plus_canny_plus_seg,7,5.0,1.5,1.5,1.5,20,0.4498,0.3159,42.2381
6471,A man at bat waiting for a pitch with a catcher and umpire behind him and players from the opposing team in the dugout.,"A baseball player in a white uniform stands at home plate holding a bat while waiting for a pitch. A catcher and umpire crouch behind him, and members of the opposing team sit in the dugout watching the play. The green field and stadium seating.","A baseball player in a white uniform stands at home plate holding a bat while waiting for a pitch. A catcher and umpire crouch behind him, and members of the opposing team sit in the dugout watching the play. The green field and stadium seating.",/Users/yixiaoz/Desktop/cs348k_proj/outputs/controlnet_multimodal/cfg_5p0_control_1p5/000000006471/target.png,/Users/yixiaoz/Desktop/cs348k_proj/outputs/controlnet_multimodal/cfg_5p0_control_1p5/000000006471/canny.png,/Users/yixiaoz/Desktop/cs348k_proj/outputs/controlnet_multimodal/cfg_5p0_control_1p5/000000006471/seg.png,/Users/yixiaoz/Desktop/cs348k_proj/outputs/controlnet_multimodal/cfg_5p0_control_1p5/000000006471/generated.png,dense_text_plus_canny_plus_seg,7,5.0,1.5,1.5,1.5,20,0.5107,0.4748,30.4196
92660,An unbaked pizza with cheese and herbs on one half and broccoli on the second.,"An uncooked pizza topped with cheese, herbs, and broccoli sits on a round baking tray or pan. One half of the pizza appears more heavily covered with broccoli, while the other has more cheese and herbs exposed. The crust and toppings are clearly visible from.","An uncooked pizza topped with cheese, herbs, and broccoli sits on a round baking tray or pan. One half of the pizza appears more heavily covered with broccoli, while the other has more cheese and herbs exposed. The crust and toppings are clearly visible from.",/Users/yixiaoz/Desktop/cs348k_proj/outputs/controlnet_multimodal/cfg_5p0_control_1p5/000000092660/target.png,/Users/yixiaoz/Desktop/cs348k_proj/outputs/controlnet_multimodal/cfg_5p0_control_1p5/000000092660/canny.png,/Users/yixiaoz/Desktop/cs348k_proj/outputs/controlnet_multimodal/cfg_5p0_control_1p5/000000092660/seg.png,/Users/yixiaoz/Desktop/cs348k_proj/outputs/controlnet_multimodal/cfg_5p0_control_1p5/000000092660/generated.png,dense_text_plus_canny_plus_seg,7,5.0,1.5,1.5,1.5,20,0.4867,0.2155,32.3945
105335,"A bowl of stew in a white bowl, being held by a person.","A bowl of stew in a white dish is being held by a person, with pieces of vegetables and meat visible in a warm broth. The stew contains colorful ingredients such as carrots, potatoes, and chunks of protein. The close-up framing focuses on the food.","A bowl of stew in a white dish is being held by a person, with pieces of vegetables and meat visible in a warm broth. The stew contains colorful ingredients such as carrots, potatoes, and chunks of protein. The close-up framing focuses on the food.",/Users/yixiaoz/Desktop/cs348k_proj/outputs/controlnet_multimodal/cfg_5p0_control_1p5/000000105335/target.png,/Users/yixiaoz/Desktop/cs348k_proj/outputs/controlnet_multimodal/cfg_5p0_control_1p5/000000105335/canny.png,/Users/yixiaoz/Desktop/cs348k_proj/outputs/controlnet_multimodal/cfg_5p0_control_1p5/000000105335/seg.png,/Users/yixiaoz/Desktop/cs348k_proj/outputs/controlnet_multimodal/cfg_5p0_control_1p5/000000105335/generated.png,dense_text_plus_canny_plus_seg,7,5.0,1.5,1.5,1.5,20,0.6083,0.3836,31.9067
117719,A man sits at a bar in front of dozens of bottles of alcohol.,"A man stands behind a warmly lit bar surrounded by dozens of bottles of alcohol arranged on shelves. The bar interior features dark wood, glowing lights, glassware, and a cozy pub-like atmosphere. The bartender or customer is partly silhouetted against the illuminated bottles, creating a.","A man stands behind a warmly lit bar surrounded by dozens of bottles of alcohol arranged on shelves. The bar interior features dark wood, glowing lights, glassware, and a cozy pub-like atmosphere. The bartender or customer is partly silhouetted against the illuminated bottles, creating a.",/Users/yixiaoz/Desktop/cs348k_proj/outputs/controlnet_multimodal/cfg_5p0_control_1p5/000000117719/target.png,/Users/yixiaoz/Desktop/cs348k_proj/outputs/controlnet_multimodal/cfg_5p0_control_1p5/000000117719/canny.png,/Users/yixiaoz/Desktop/cs348k_proj/outputs/controlnet_multimodal/cfg_5p0_control_1p5/000000117719/seg.png,/Users/yixiaoz/Desktop/cs348k_proj/outputs/controlnet_multimodal/cfg_5p0_control_1p5/000000117719/generated.png,dense_text_plus_canny_plus_seg,7,5.0,1.5,1.5,1.5,20,0.4908,0.3043,31.779
82085,A brightly colored train is stopped on the tracks to let passengers on.,"A brightly colored passenger train is stopped on railway tracks beside a platform, allowing passengers to board or exit. The train has yellow, blue, and red sections, and people stand nearby along the track area. Buildings, vegetation, and station infrastructure surround the scene. The image.","A brightly colored passenger train is stopped on railway tracks beside a platform, allowing passengers to board or exit. The train has yellow, blue, and red sections, and people stand nearby along the track area. Buildings, vegetation, and station infrastructure surround the scene. The image.",/Users/yixiaoz/Desktop/cs348k_proj/outputs/controlnet_multimodal/cfg_5p0_control_1p5/000000082085/target.png,/Users/yixiaoz/Desktop/cs348k_proj/outputs/controlnet_multimodal/cfg_5p0_control_1p5/000000082085/canny.png,/Users/yixiaoz/Desktop/cs348k_proj/outputs/controlnet_multimodal/cfg_5p0_control_1p5/000000082085/seg.png,/Users/yixiaoz/Desktop/cs348k_proj/outputs/controlnet_multimodal/cfg_5p0_control_1p5/000000082085/generated.png,dense_text_plus_canny_plus_seg,7,5.0,1.5,1.5,1.5,20,0.4757,0.2669,28.7086
70048,"A glass of wine sits next to a bowl of soup, salad, and a plate with a sandwich.","A restaurant meal is arranged on a table, including a glass of wine, a bowl of soup, a green salad, and a sandwich served on a round bread roll. Condiments, utensils, napkins, and additional dining items sit nearby. The overhead view emphasizes the variety and.","A restaurant meal is arranged on a table, including a glass of wine, a bowl of soup, a green salad, and a sandwich served on a round bread roll. Condiments, utensils, napkins, and additional dining items sit nearby. The overhead view emphasizes the variety and.",/Users/yixiaoz/Desktop/cs348k_proj/outputs/controlnet_multimodal/cfg_5p0_control_1p5/000000070048/target.png,/Users/yixiaoz/Desktop/cs348k_proj/outputs/controlnet_multimodal/cfg_5p0_control_1p5/000000070048/canny.png,/Users/yixiaoz/Desktop/cs348k_proj/outputs/controlnet_multimodal/cfg_5p0_control_1p5/000000070048/seg.png,/Users/yixiaoz/Desktop/cs348k_proj/outputs/controlnet_multimodal/cfg_5p0_control_1p5/000000070048/generated.png,dense_text_plus_canny_plus_seg,7,5.0,1.5,1.5,1.5,20,0.4318,0.3303,32.008
3845,A dinner plate that has white steamed rice with stir fry vegetables and chicken.,A large dinner plate holds a mound of white steamed rice next to stir-fried vegetables and pieces of chicken in a colorful sauce. The food is arranged on a patterned plate and viewed from above on a wooden table. The bright vegetables and sauce contrast.,A large dinner plate holds a mound of white steamed rice next to stir-fried vegetables and pieces of chicken in a colorful sauce. The food is arranged on a patterned plate and viewed from above on a wooden table. The bright vegetables and sauce contrast.,/Users/yixiaoz/Desktop/cs348k_proj/outputs/controlnet_multimodal/cfg_5p0_control_1p5/000000003845/target.png,/Users/yixiaoz/Desktop/cs348k_proj/outputs/controlnet_multimodal/cfg_5p0_control_1p5/000000003845/canny.png,/Users/yixiaoz/Desktop/cs348k_proj/outputs/controlnet_multimodal/cfg_5p0_control_1p5/000000003845/seg.png,/Users/yixiaoz/Desktop/cs348k_proj/outputs/controlnet_multimodal/cfg_5p0_control_1p5/000000003845/generated.png,dense_text_plus_canny_plus_seg,7,5.0,1.5,1.5,1.5,20,0.5615,0.417,25.2932
92939,a man and female standing side by side with a cake cutter in their hand,"A smiling man and woman stand side by side beside a small decorated cake, holding a cake knife together. The woman wears a light-colored strapless dress and the man wears a white shirt, suggesting a wedding, anniversary, or celebratory event. Palm trees and outdoor lighting.","A smiling man and woman stand side by side beside a small decorated cake, holding a cake knife together. The woman wears a light-colored strapless dress and the man wears a white shirt, suggesting a wedding, anniversary, or celebratory event. Palm trees and outdoor lighting.",/Users/yixiaoz/Desktop/cs348k_proj/outputs/controlnet_multimodal/cfg_5p0_control_1p5/000000092939/target.png,/Users/yixiaoz/Desktop/cs348k_proj/outputs/controlnet_multimodal/cfg_5p0_control_1p5/000000092939/canny.png,/Users/yixiaoz/Desktop/cs348k_proj/outputs/controlnet_multimodal/cfg_5p0_control_1p5/000000092939/seg.png,/Users/yixiaoz/Desktop/cs348k_proj/outputs/controlnet_multimodal/cfg_5p0_control_1p5/000000092939/generated.png,dense_text_plus_canny_plus_seg,7,5.0,1.5,1.5,1.5,20,0.3968,0.2241,32.6073
1268,A waterway under a bridge with people sitting down and a woman taking a photo.,"People sit and relax under a large bridge beside a waterfront, with sunlight reflecting brightly off the water. A woman stands in the foreground taking a photograph, while several people sit along the edge facing the river. The bridge structure forms a strong curved frame.","People sit and relax under a large bridge beside a waterfront, with sunlight reflecting brightly off the water. A woman stands in the foreground taking a photograph, while several people sit along the edge facing the river. The bridge structure forms a strong curved frame.",/Users/yixiaoz/Desktop/cs348k_proj/outputs/controlnet_multimodal/cfg_5p0_control_1p5/000000001268/target.png,/Users/yixiaoz/Desktop/cs348k_proj/outputs/controlnet_multimodal/cfg_5p0_control_1p5/000000001268/canny.png,/Users/yixiaoz/Desktop/cs348k_proj/outputs/controlnet_multimodal/cfg_5p0_control_1p5/000000001268/seg.png,/Users/yixiaoz/Desktop/cs348k_proj/outputs/controlnet_multimodal/cfg_5p0_control_1p5/000000001268/generated.png,dense_text_plus_canny_plus_seg,7,5.0,1.5,1.5,1.5,20,0.4997,0.2964,33.3613
33221,Two women at a beach with tennis rackets in their hands and one girl looking very excited with her tennis racket in the air.,"Two women stand on a sandy beach holding tennis rackets while people walk nearby in the background. One woman raises her racket enthusiastically above her head, while the other stands beside her wearing a hood or scarf. The beach, distant hills, flags, and open sky.","Two women stand on a sandy beach holding tennis rackets while people walk nearby in the background. One woman raises her racket enthusiastically above her head, while the other stands beside her wearing a hood or scarf. The beach, distant hills, flags, and open sky.",/Users/yixiaoz/Desktop/cs348k_proj/outputs/controlnet_multimodal/cfg_5p0_control_1p5/000000033221/target.png,/Users/yixiaoz/Desktop/cs348k_proj/outputs/controlnet_multimodal/cfg_5p0_control_1p5/000000033221/canny.png,/Users/yixiaoz/Desktop/cs348k_proj/outputs/controlnet_multimodal/cfg_5p0_control_1p5/000000033221/seg.png,/Users/yixiaoz/Desktop/cs348k_proj/outputs/controlnet_multimodal/cfg_5p0_control_1p5/000000033221/generated.png,dense_text_plus_canny_plus_seg,7,5.0,1.5,1.5,1.5,20,0.5107,0.4109,30.5895
68409,School boys sit cross legged in front of a chalkboard sign in a vintage black and white photo.,A vintage black-and-white photograph shows a group of schoolboys sitting cross-legged in a row in front of a chalkboard sign. The boys wear similar school uniforms and pose formally for the camera outdoors. Trees and a simple background are visible behind them. The image has.,A vintage black-and-white photograph shows a group of schoolboys sitting cross-legged in a row in front of a chalkboard sign. The boys wear similar school uniforms and pose formally for the camera outdoors. Trees and a simple background are visible behind them. The image has.,/Users/yixiaoz/Desktop/cs348k_proj/outputs/controlnet_multimodal/cfg_5p0_control_1p5/000000068409/target.png,/Users/yixiaoz/Desktop/cs348k_proj/outputs/controlnet_multimodal/cfg_5p0_control_1p5/000000068409/canny.png,/Users/yixiaoz/Desktop/cs348k_proj/outputs/controlnet_multimodal/cfg_5p0_control_1p5/000000068409/seg.png,/Users/yixiaoz/Desktop/cs348k_proj/outputs/controlnet_multimodal/cfg_5p0_control_1p5/000000068409/generated.png,dense_text_plus_canny_plus_seg,7,5.0,1.5,1.5,1.5,20,0.4599,0.2814,32.6063
78170,"PASSENGER TRAIN IN THE NIGHT HOURS WITH NO SMOKING SIGN, AND TWO WOMEN","A black-and-white nighttime image shows passengers visible through the windows of a train car. A no-smoking sign and interior lights can be seen inside, while reflections and shadows create a dramatic atmosphere. Two women or passengers are visible near separate windows, framed by the train.","A black-and-white nighttime image shows passengers visible through the windows of a train car. A no-smoking sign and interior lights can be seen inside, while reflections and shadows create a dramatic atmosphere. Two women or passengers are visible near separate windows, framed by the train.",/Users/yixiaoz/Desktop/cs348k_proj/outputs/controlnet_multimodal/cfg_5p0_control_1p5/000000078170/target.png,/Users/yixiaoz/Desktop/cs348k_proj/outputs/controlnet_multimodal/cfg_5p0_control_1p5/000000078170/canny.png,/Users/yixiaoz/Desktop/cs348k_proj/outputs/controlnet_multimodal/cfg_5p0_control_1p5/000000078170/seg.png,/Users/yixiaoz/Desktop/cs348k_proj/outputs/controlnet_multimodal/cfg_5p0_control_1p5/000000078170/generated.png,dense_text_plus_canny_plus_seg,7,5.0,1.5,1.5,1.5,20,0.4103,0.2488,36.9693
62554,a plate of broccoli on a table next to some other plates of food,"A plate or bowl of broccoli sits on a table next to other plates of food, including pasta or noodles and additional dishes in the background. The broccoli is bright green and placed prominently in the foreground, while the other foods are slightly out of.","A plate or bowl of broccoli sits on a table next to other plates of food, including pasta or noodles and additional dishes in the background. The broccoli is bright green and placed prominently in the foreground, while the other foods are slightly out of.",/Users/yixiaoz/Desktop/cs348k_proj/outputs/controlnet_multimodal/cfg_5p0_control_1p5/000000062554/target.png,/Users/yixiaoz/Desktop/cs348k_proj/outputs/controlnet_multimodal/cfg_5p0_control_1p5/000000062554/canny.png,/Users/yixiaoz/Desktop/cs348k_proj/outputs/controlnet_multimodal/cfg_5p0_control_1p5/000000062554/seg.png,/Users/yixiaoz/Desktop/cs348k_proj/outputs/controlnet_multimodal/cfg_5p0_control_1p5/000000062554/generated.png,dense_text_plus_canny_plus_seg,7,5.0,1.5,1.5,1.5,20,0.5256,0.2773,32.108
58539,"A man in a red hat, suit, and blue striped tie walks past two other men on a street.","A man wearing a bright red hat, dark suit, and blue striped tie walks along a city street while other men and pedestrians stand nearby. Cars, buildings, and urban activity fill the background. The red hat makes the man stand out clearly from the crowd.","A man wearing a bright red hat, dark suit, and blue striped tie walks along a city street while other men and pedestrians stand nearby. Cars, buildings, and urban activity fill the background. The red hat makes the man stand out clearly from the crowd.",/Users/yixiaoz/Desktop/cs348k_proj/outputs/controlnet_multimodal/cfg_5p0_control_1p5/000000058539/target.png,/Users/yixiaoz/Desktop/cs348k_proj/outputs/controlnet_multimodal/cfg_5p0_control_1p5/000000058539/canny.png,/Users/yixiaoz/Desktop/cs348k_proj/outputs/controlnet_multimodal/cfg_5p0_control_1p5/000000058539/seg.png,/Users/yixiaoz/Desktop/cs348k_proj/outputs/controlnet_multimodal/cfg_5p0_control_1p5/000000058539/generated.png,dense_text_plus_canny_plus_seg,7,5.0,1.5,1.5,1.5,20,0.4686,0.4068,28.5797
46031,A small tablet computer next to a larger monitor and keyboard.,"A laptop computer sits on a small desk beside a larger external monitor, keyboard, mouse, speakers, and other electronic devices. The laptop and monitor display green leaf or plant imagery, creating a matching visual theme across the screens. The desk is placed near a window.","A laptop computer sits on a small desk beside a larger external monitor, keyboard, mouse, speakers, and other electronic devices. The laptop and monitor display green leaf or plant imagery, creating a matching visual theme across the screens. The desk is placed near a window.",/Users/yixiaoz/Desktop/cs348k_proj/outputs/controlnet_multimodal/cfg_5p0_control_1p5/000000046031/target.png,/Users/yixiaoz/Desktop/cs348k_proj/outputs/controlnet_multimodal/cfg_5p0_control_1p5/000000046031/canny.png,/Users/yixiaoz/Desktop/cs348k_proj/outputs/controlnet_multimodal/cfg_5p0_control_1p5/000000046031/seg.png,/Users/yixiaoz/Desktop/cs348k_proj/outputs/controlnet_multimodal/cfg_5p0_control_1p5/000000046031/generated.png,dense_text_plus_canny_plus_seg,7,5.0,1.5,1.5,1.5,20,0.5189,0.2709,34.2011
9891,The man is loading luggage suitcases onto the cart in the parking lot.,"A man loads luggage and suitcases onto a metal cart in a parking lot filled with vehicles. He bends over while handling the bags beside a parked car, suggesting travel, airport transport, or hotel arrival. Other cars and a parking garage or covered structure are.","A man loads luggage and suitcases onto a metal cart in a parking lot filled with vehicles. He bends over while handling the bags beside a parked car, suggesting travel, airport transport, or hotel arrival. Other cars and a parking garage or covered structure are.",/Users/yixiaoz/Desktop/cs348k_proj/outputs/controlnet_multimodal/cfg_5p0_control_1p5/000000009891/target.png,/Users/yixiaoz/Desktop/cs348k_proj/outputs/controlnet_multimodal/cfg_5p0_control_1p5/000000009891/canny.png,/Users/yixiaoz/Desktop/cs348k_proj/outputs/controlnet_multimodal/cfg_5p0_control_1p5/000000009891/seg.png,/Users/yixiaoz/Desktop/cs348k_proj/outputs/controlnet_multimodal/cfg_5p0_control_1p5/000000009891/generated.png,dense_text_plus_canny_plus_seg,7,5.0,1.5,1.5,1.5,20,0.4366,0.2983,33.8166
37777,The dining table near the kitchen has a bowl of fruit on it.,"A bright open kitchen and dining area features wooden cabinets, white appliances, tiled flooring, and a small table with a bowl of fruit on top. Sunlight enters through windows and illuminates the clean interior. The kitchen includes counters, a refrigerator, stove, and cabinets arranged along.","A bright open kitchen and dining area features wooden cabinets, white appliances, tiled flooring, and a small table with a bowl of fruit on top. Sunlight enters through windows and illuminates the clean interior. The kitchen includes counters, a refrigerator, stove, and cabinets arranged along.",/Users/yixiaoz/Desktop/cs348k_proj/outputs/controlnet_multimodal/cfg_5p0_control_1p5/000000037777/target.png,/Users/yixiaoz/Desktop/cs348k_proj/outputs/controlnet_multimodal/cfg_5p0_control_1p5/000000037777/canny.png,/Users/yixiaoz/Desktop/cs348k_proj/outputs/controlnet_multimodal/cfg_5p0_control_1p5/000000037777/seg.png,/Users/yixiaoz/Desktop/cs348k_proj/outputs/controlnet_multimodal/cfg_5p0_control_1p5/000000037777/generated.png,dense_text_plus_canny_plus_seg,7,5.0,1.5,1.5,1.5,20,0.4839,0.2878,29.2857
65350,"Two young people are skateboarding on the ramp, trying to pull off tricks.","Two young people are skateboarding on a skate park ramp while attempting tricks. One skater lies or slides on the ramp with a skateboard nearby, while another stands or moves close by. Other people and bicycles are visible in the background near concrete walls. The.","Two young people are skateboarding on a skate park ramp while attempting tricks. One skater lies or slides on the ramp with a skateboard nearby, while another stands or moves close by. Other people and bicycles are visible in the background near concrete walls. The.",/Users/yixiaoz/Desktop/cs348k_proj/outputs/controlnet_multimodal/cfg_5p0_control_1p5/000000065350/target.png,/Users/yixiaoz/Desktop/cs348k_proj/outputs/controlnet_multimodal/cfg_5p0_control_1p5/000000065350/canny.png,/Users/yixiaoz/Desktop/cs348k_proj/outputs/controlnet_multimodal/cfg_5p0_control_1p5/000000065350/seg.png,/Users/yixiaoz/Desktop/cs348k_proj/outputs/controlnet_multimodal/cfg_5p0_control_1p5/000000065350/generated.png,dense_text_plus_canny_plus_seg,7,5.0,1.5,1.5,1.5,20,0.4634,0.3532,32.3682
48396,A woman in a tan sweater holding a knife by a young boy in a plaid shirt.,"A woman wearing a tan or light-colored sweater stands beside a young boy in a plaid shirt near a table with cups and food items. The woman holds a knife, possibly preparing to cut or serve something. Both subjects face the camera in an indoor.","A woman wearing a tan or light-colored sweater stands beside a young boy in a plaid shirt near a table with cups and food items. The woman holds a knife, possibly preparing to cut or serve something. Both subjects face the camera in an indoor.",/Users/yixiaoz/Desktop/cs348k_proj/outputs/controlnet_multimodal/cfg_5p0_control_1p5/000000048396/target.png,/Users/yixiaoz/Desktop/cs348k_proj/outputs/controlnet_multimodal/cfg_5p0_control_1p5/000000048396/canny.png,/Users/yixiaoz/Desktop/cs348k_proj/outputs/controlnet_multimodal/cfg_5p0_control_1p5/000000048396/seg.png,/Users/yixiaoz/Desktop/cs348k_proj/outputs/controlnet_multimodal/cfg_5p0_control_1p5/000000048396/generated.png,dense_text_plus_canny_plus_seg,7,5.0,1.5,1.5,1.5,20,0.5525,0.3036,30.6667
117908,A man looking in the refrigerator with a cat also looking inside,"A man bends over and looks inside an open refrigerator while a cat stands nearby also peering into the fridge. Food, bottles, and containers are visible on the refrigerator shelves, and the cat appears curious about the contents. The warm indoor lighting and humorous interaction.","A man bends over and looks inside an open refrigerator while a cat stands nearby also peering into the fridge. Food, bottles, and containers are visible on the refrigerator shelves, and the cat appears curious about the contents. The warm indoor lighting and humorous interaction.",/Users/yixiaoz/Desktop/cs348k_proj/outputs/controlnet_multimodal/cfg_5p0_control_1p5/000000117908/target.png,/Users/yixiaoz/Desktop/cs348k_proj/outputs/controlnet_multimodal/cfg_5p0_control_1p5/000000117908/canny.png,/Users/yixiaoz/Desktop/cs348k_proj/outputs/controlnet_multimodal/cfg_5p0_control_1p5/000000117908/seg.png,/Users/yixiaoz/Desktop/cs348k_proj/outputs/controlnet_multimodal/cfg_5p0_control_1p5/000000117908/generated.png,dense_text_plus_canny_plus_seg,7,5.0,1.5,1.5,1.5,20,0.5411,0.4259,30.3455
97994,Three laptop computers and a desktop computer sit next to each other.,"Three laptop computers and a desktop workstation are arranged together on a desk in a compact home office or technical workspace. Several screens, keyboards, cables, and electronic accessories fill the tabletop, suggesting multitasking or computer-intensive work. A microphone or lamp stands near the setup, and.","Three laptop computers and a desktop workstation are arranged together on a desk in a compact home office or technical workspace. Several screens, keyboards, cables, and electronic accessories fill the tabletop, suggesting multitasking or computer-intensive work. A microphone or lamp stands near the setup, and.",/Users/yixiaoz/Desktop/cs348k_proj/outputs/controlnet_multimodal/cfg_5p0_control_1p5/000000097994/target.png,/Users/yixiaoz/Desktop/cs348k_proj/outputs/controlnet_multimodal/cfg_5p0_control_1p5/000000097994/canny.png,/Users/yixiaoz/Desktop/cs348k_proj/outputs/controlnet_multimodal/cfg_5p0_control_1p5/000000097994/seg.png,/Users/yixiaoz/Desktop/cs348k_proj/outputs/controlnet_multimodal/cfg_5p0_control_1p5/000000097994/generated.png,dense_text_plus_canny_plus_seg,7,5.0,1.5,1.5,1.5,20,0.5284,0.3684,33.0487
30785,A plate filled with a bowl of vegetables and two slices of bread with a spread on them.,"A plate holds a healthy meal consisting of a bowl of green vegetables, slices of bread topped with a spread, and additional fresh ingredients. The food is arranged neatly on a wooden table, with the bowl and bread sharing the plate. The overhead view emphasizes.","A plate holds a healthy meal consisting of a bowl of green vegetables, slices of bread topped with a spread, and additional fresh ingredients. The food is arranged neatly on a wooden table, with the bowl and bread sharing the plate. The overhead view emphasizes.",/Users/yixiaoz/Desktop/cs348k_proj/outputs/controlnet_multimodal/cfg_5p0_control_1p5/000000030785/target.png,/Users/yixiaoz/Desktop/cs348k_proj/outputs/controlnet_multimodal/cfg_5p0_control_1p5/000000030785/canny.png,/Users/yixiaoz/Desktop/cs348k_proj/outputs/controlnet_multimodal/cfg_5p0_control_1p5/000000030785/seg.png,/Users/yixiaoz/Desktop/cs348k_proj/outputs/controlnet_multimodal/cfg_5p0_control_1p5/000000030785/generated.png,dense_text_plus_canny_plus_seg,7,5.0,1.5,1.5,1.5,20,0.4681,0.3693,33.1043
76547,a male in a white shirt a bicycle and an orange and white train,"A man wearing a light-colored shirt sits at a table on a railway station platform near a parked bicycle. An orange and white passenger train is stopped alongside the platform, while overhead signs, metal beams, and station infrastructure extend into the background. The scene captures.","A man wearing a light-colored shirt sits at a table on a railway station platform near a parked bicycle. An orange and white passenger train is stopped alongside the platform, while overhead signs, metal beams, and station infrastructure extend into the background. The scene captures.",/Users/yixiaoz/Desktop/cs348k_proj/outputs/controlnet_multimodal/cfg_5p0_control_1p5/000000076547/target.png,/Users/yixiaoz/Desktop/cs348k_proj/outputs/controlnet_multimodal/cfg_5p0_control_1p5/000000076547/canny.png,/Users/yixiaoz/Desktop/cs348k_proj/outputs/controlnet_multimodal/cfg_5p0_control_1p5/000000076547/seg.png,/Users/yixiaoz/Desktop/cs348k_proj/outputs/controlnet_multimodal/cfg_5p0_control_1p5/000000076547/generated.png,dense_text_plus_canny_plus_seg,7,5.0,1.5,1.5,1.5,20,0.4375,0.3948,25.8563
116362,A small bowl filled with chopped vegetables and spoon,"A bowl filled with chopped fruit pieces sits on a wooden table with a spoon resting inside. The food appears freshly prepared, with colorful slices arranged casually in the bowl. The photograph is taken from above, focusing closely on the meal while leaving the surrounding.","A bowl filled with chopped fruit pieces sits on a wooden table with a spoon resting inside. The food appears freshly prepared, with colorful slices arranged casually in the bowl. The photograph is taken from above, focusing closely on the meal while leaving the surrounding.",/Users/yixiaoz/Desktop/cs348k_proj/outputs/controlnet_multimodal/cfg_5p0_control_1p5/000000116362/target.png,/Users/yixiaoz/Desktop/cs348k_proj/outputs/controlnet_multimodal/cfg_5p0_control_1p5/000000116362/canny.png,/Users/yixiaoz/Desktop/cs348k_proj/outputs/controlnet_multimodal/cfg_5p0_control_1p5/000000116362/seg.png,/Users/yixiaoz/Desktop/cs348k_proj/outputs/controlnet_multimodal/cfg_5p0_control_1p5/000000116362/generated.png,dense_text_plus_canny_plus_seg,7,5.0,1.5,1.5,1.5,20,0.5987,0.5774,29.8341
22371,A man in thought sitting in front of a laptop with a pen in his hand.,"A businessman sits at a desk in front of an open laptop computer while holding a pen and resting his head on one hand. He appears thoughtful and focused, possibly reviewing information or planning a project. The clean office setting includes a desk surface and.","A businessman sits at a desk in front of an open laptop computer while holding a pen and resting his head on one hand. He appears thoughtful and focused, possibly reviewing information or planning a project. The clean office setting includes a desk surface and.",/Users/yixiaoz/Desktop/cs348k_proj/outputs/controlnet_multimodal/cfg_5p0_control_1p5/000000022371/target.png,/Users/yixiaoz/Desktop/cs348k_proj/outputs/controlnet_multimodal/cfg_5p0_control_1p5/000000022371/canny.png,/Users/yixiaoz/Desktop/cs348k_proj/outputs/controlnet_multimodal/cfg_5p0_control_1p5/000000022371/seg.png,/Users/yixiaoz/Desktop/cs348k_proj/outputs/controlnet_multimodal/cfg_5p0_control_1p5/000000022371/generated.png,dense_text_plus_canny_plus_seg,7,5.0,1.5,1.5,1.5,20,0.5125,0.4065,31.9365
69224,A man and woman eating doughnuts out of a box at a coffee shop.,"A man and woman sit together at a table inside a café or coffee shop while sharing food from a box. Drinks, containers, and personal belongings are spread across the table. The pair appear engaged in conversation as they eat, creating a friendly and relaxed.","A man and woman sit together at a table inside a café or coffee shop while sharing food from a box. Drinks, containers, and personal belongings are spread across the table. The pair appear engaged in conversation as they eat, creating a friendly and relaxed.",/Users/yixiaoz/Desktop/cs348k_proj/outputs/controlnet_multimodal/cfg_5p0_control_1p5/000000069224/target.png,/Users/yixiaoz/Desktop/cs348k_proj/outputs/controlnet_multimodal/cfg_5p0_control_1p5/000000069224/canny.png,/Users/yixiaoz/Desktop/cs348k_proj/outputs/controlnet_multimodal/cfg_5p0_control_1p5/000000069224/seg.png,/Users/yixiaoz/Desktop/cs348k_proj/outputs/controlnet_multimodal/cfg_5p0_control_1p5/000000069224/generated.png,dense_text_plus_canny_plus_seg,7,5.0,1.5,1.5,1.5,20,0.5057,0.414,34.9734
16249,It sure is a beautiful day to sit outside and read the paper.,"An older man sits outdoors on a bench reading a newspaper while enjoying a pleasant day in a public area. Several other people sit or stand nearby, creating a relaxed community setting. Sunlight illuminates the scene, and the man appears absorbed in reading while the.","An older man sits outdoors on a bench reading a newspaper while enjoying a pleasant day in a public area. Several other people sit or stand nearby, creating a relaxed community setting. Sunlight illuminates the scene, and the man appears absorbed in reading while the.",/Users/yixiaoz/Desktop/cs348k_proj/outputs/controlnet_multimodal/cfg_5p0_control_1p5/000000016249/target.png,/Users/yixiaoz/Desktop/cs348k_proj/outputs/controlnet_multimodal/cfg_5p0_control_1p5/000000016249/canny.png,/Users/yixiaoz/Desktop/cs348k_proj/outputs/controlnet_multimodal/cfg_5p0_control_1p5/000000016249/seg.png,/Users/yixiaoz/Desktop/cs348k_proj/outputs/controlnet_multimodal/cfg_5p0_control_1p5/000000016249/generated.png,dense_text_plus_canny_plus_seg,7,5.0,1.5,1.5,1.5,20,0.4113,0.3412,32.93
85157,A group of people sitting around a table have a meal and a drink.,"A group of people sit around a restaurant table sharing food and drinks. Plates, glasses, and table settings fill the dining area while the diners converse with one another. The gathering appears social and informal, with participants enjoying a meal together in a warm indoor.","A group of people sit around a restaurant table sharing food and drinks. Plates, glasses, and table settings fill the dining area while the diners converse with one another. The gathering appears social and informal, with participants enjoying a meal together in a warm indoor.",/Users/yixiaoz/Desktop/cs348k_proj/outputs/controlnet_multimodal/cfg_5p0_control_1p5/000000085157/target.png,/Users/yixiaoz/Desktop/cs348k_proj/outputs/controlnet_multimodal/cfg_5p0_control_1p5/000000085157/canny.png,/Users/yixiaoz/Desktop/cs348k_proj/outputs/controlnet_multimodal/cfg_5p0_control_1p5/000000085157/seg.png,/Users/yixiaoz/Desktop/cs348k_proj/outputs/controlnet_multimodal/cfg_5p0_control_1p5/000000085157/generated.png,dense_text_plus_canny_plus_seg,7,5.0,1.5,1.5,1.5,20,0.4776,0.3562,31.6858
20571,A tugboat sits beside a ferry on placid water with a mountain in the distance.,"Several fishing boats are docked beside a harbor on calm water, with hills or mountains visible in the distance. Ropes, masts, and harbor equipment line the waterfront while the boats rest quietly along the dock. The scene reflects a working maritime environment and highlights the.","Several fishing boats are docked beside a harbor on calm water, with hills or mountains visible in the distance. Ropes, masts, and harbor equipment line the waterfront while the boats rest quietly along the dock. The scene reflects a working maritime environment and highlights the.",/Users/yixiaoz/Desktop/cs348k_proj/outputs/controlnet_multimodal/cfg_5p0_control_1p5/000000020571/target.png,/Users/yixiaoz/Desktop/cs348k_proj/outputs/controlnet_multimodal/cfg_5p0_control_1p5/000000020571/canny.png,/Users/yixiaoz/Desktop/cs348k_proj/outputs/controlnet_multimodal/cfg_5p0_control_1p5/000000020571/seg.png,/Users/yixiaoz/Desktop/cs348k_proj/outputs/controlnet_multimodal/cfg_5p0_control_1p5/000000020571/generated.png,dense_text_plus_canny_plus_seg,7,5.0,1.5,1.5,1.5,20,0.5072,0.4127,29.34
84362,A toddler and cat are in a living room with open curtains.,"A toddler and a cat occupy a cozy living room illuminated by daylight coming through large windows with open curtains. Sofas and chairs surround the room, while the child sits or plays near the center of the space. The cat relaxes nearby, contributing to the.","A toddler and a cat occupy a cozy living room illuminated by daylight coming through large windows with open curtains. Sofas and chairs surround the room, while the child sits or plays near the center of the space. The cat relaxes nearby, contributing to the.",/Users/yixiaoz/Desktop/cs348k_proj/outputs/controlnet_multimodal/cfg_5p0_control_1p5/000000084362/target.png,/Users/yixiaoz/Desktop/cs348k_proj/outputs/controlnet_multimodal/cfg_5p0_control_1p5/000000084362/canny.png,/Users/yixiaoz/Desktop/cs348k_proj/outputs/controlnet_multimodal/cfg_5p0_control_1p5/000000084362/seg.png,/Users/yixiaoz/Desktop/cs348k_proj/outputs/controlnet_multimodal/cfg_5p0_control_1p5/000000084362/generated.png,dense_text_plus_canny_plus_seg,7,5.0,1.5,1.5,1.5,20,0.4592,0.4034,29.5514
62808,Man photographing a fresh pizza his tired buddy just wants to eat,"A freshly baked pizza sits on a table in a restaurant while one man photographs it with a camera or phone. Another man sits nearby waiting to eat, looking toward the meal. Plates and dining items surround the pizza, suggesting the meal is about to.","A freshly baked pizza sits on a table in a restaurant while one man photographs it with a camera or phone. Another man sits nearby waiting to eat, looking toward the meal. Plates and dining items surround the pizza, suggesting the meal is about to.",/Users/yixiaoz/Desktop/cs348k_proj/outputs/controlnet_multimodal/cfg_5p0_control_1p5/000000062808/target.png,/Users/yixiaoz/Desktop/cs348k_proj/outputs/controlnet_multimodal/cfg_5p0_control_1p5/000000062808/canny.png,/Users/yixiaoz/Desktop/cs348k_proj/outputs/controlnet_multimodal/cfg_5p0_control_1p5/000000062808/seg.png,/Users/yixiaoz/Desktop/cs348k_proj/outputs/controlnet_multimodal/cfg_5p0_control_1p5/000000062808/generated.png,dense_text_plus_canny_plus_seg,7,5.0,1.5,1.5,1.5,20,0.456,0.3838,34.6931
106235,A living room featuring a comfortable seating arrangement of chairs and tables.,"A comfortable living room features sofas, armchairs, lamps, and a coffee table arranged around a central seating area. Warm lighting and decorative furnishings create a welcoming atmosphere. The room appears carefully organized for relaxation and conversation, with furniture positioned to encourage social interaction. Soft colors.","A comfortable living room features sofas, armchairs, lamps, and a coffee table arranged around a central seating area. Warm lighting and decorative furnishings create a welcoming atmosphere. The room appears carefully organized for relaxation and conversation, with furniture positioned to encourage social interaction. Soft colors.",/Users/yixiaoz/Desktop/cs348k_proj/outputs/controlnet_multimodal/cfg_5p0_control_1p5/000000106235/target.png,/Users/yixiaoz/Desktop/cs348k_proj/outputs/controlnet_multimodal/cfg_5p0_control_1p5/000000106235/canny.png,/Users/yixiaoz/Desktop/cs348k_proj/outputs/controlnet_multimodal/cfg_5p0_control_1p5/000000106235/seg.png,/Users/yixiaoz/Desktop/cs348k_proj/outputs/controlnet_multimodal/cfg_5p0_control_1p5/000000106235/generated.png,dense_text_plus_canny_plus_seg,7,5.0,1.5,1.5,1.5,20,0.5049,0.3421,30.6262
117425,A young boy with a spoon looking at a birthday cupcake.,"A young child sits at a wooden table while looking closely at a small birthday cupcake decorated with a candle. The toddler appears curious and fascinated by the treat positioned directly in front of them. An adult stands nearby, partially visible, supervising the moment. Warm.","A young child sits at a wooden table while looking closely at a small birthday cupcake decorated with a candle. The toddler appears curious and fascinated by the treat positioned directly in front of them. An adult stands nearby, partially visible, supervising the moment. Warm.",/Users/yixiaoz/Desktop/cs348k_proj/outputs/controlnet_multimodal/cfg_5p0_control_1p5/000000117425/target.png,/Users/yixiaoz/Desktop/cs348k_proj/outputs/controlnet_multimodal/cfg_5p0_control_1p5/000000117425/canny.png,/Users/yixiaoz/Desktop/cs348k_proj/outputs/controlnet_multimodal/cfg_5p0_control_1p5/000000117425/seg.png,/Users/yixiaoz/Desktop/cs348k_proj/outputs/controlnet_multimodal/cfg_5p0_control_1p5/000000117425/generated.png,dense_text_plus_canny_plus_seg,7,5.0,1.5,1.5,1.5,20,0.5327,0.2634,39.033
100624,A girl is standing by a storefront while talking on her phone.,"A young woman stands on a city sidewalk at night while talking on her mobile phone. Storefront windows, streetlights, and blurred city lights illuminate the background, creating an urban evening atmosphere. She appears focused on her conversation while standing near a shop entrance. The image.","A young woman stands on a city sidewalk at night while talking on her mobile phone. Storefront windows, streetlights, and blurred city lights illuminate the background, creating an urban evening atmosphere. She appears focused on her conversation while standing near a shop entrance. The image.",/Users/yixiaoz/Desktop/cs348k_proj/outputs/controlnet_multimodal/cfg_5p0_control_1p5/000000100624/target.png,/Users/yixiaoz/Desktop/cs348k_proj/outputs/controlnet_multimodal/cfg_5p0_control_1p5/000000100624/canny.png,/Users/yixiaoz/Desktop/cs348k_proj/outputs/controlnet_multimodal/cfg_5p0_control_1p5/000000100624/seg.png,/Users/yixiaoz/Desktop/cs348k_proj/outputs/controlnet_multimodal/cfg_5p0_control_1p5/000000100624/generated.png,dense_text_plus_canny_plus_seg,7,5.0,1.5,1.5,1.5,20,0.5653,0.3,33.3153
24243,"Two ladies seated with cups of drinks, one smoking while the other seated inside a fridge",Two women sit near a storefront or street-side seating area while holding drinks. One woman smokes a cigarette while the other sits inside a display-like enclosure resembling a refrigerator or booth. The unusual arrangement creates an eye-catching urban scene. Pedestrians and city elements appear in.,Two women sit near a storefront or street-side seating area while holding drinks. One woman smokes a cigarette while the other sits inside a display-like enclosure resembling a refrigerator or booth. The unusual arrangement creates an eye-catching urban scene. Pedestrians and city elements appear in.,/Users/yixiaoz/Desktop/cs348k_proj/outputs/controlnet_multimodal/cfg_5p0_control_1p5/000000024243/target.png,/Users/yixiaoz/Desktop/cs348k_proj/outputs/controlnet_multimodal/cfg_5p0_control_1p5/000000024243/canny.png,/Users/yixiaoz/Desktop/cs348k_proj/outputs/controlnet_multimodal/cfg_5p0_control_1p5/000000024243/seg.png,/Users/yixiaoz/Desktop/cs348k_proj/outputs/controlnet_multimodal/cfg_5p0_control_1p5/000000024243/generated.png,dense_text_plus_canny_plus_seg,7,5.0,1.5,1.5,1.5,20,0.3891,0.319,37.4382
31296,"A group of people, some in leftover US army clothing, sit at tables in a large dining room.","A large group of people gather around tables inside a spacious dining room decorated with military memorabilia and clothing. The diners appear engaged in conversation while sharing food and drinks. Wooden floors, warm lighting, and the arrangement of tables create a communal atmosphere. The image.","A large group of people gather around tables inside a spacious dining room decorated with military memorabilia and clothing. The diners appear engaged in conversation while sharing food and drinks. Wooden floors, warm lighting, and the arrangement of tables create a communal atmosphere. The image.",/Users/yixiaoz/Desktop/cs348k_proj/outputs/controlnet_multimodal/cfg_5p0_control_1p5/000000031296/target.png,/Users/yixiaoz/Desktop/cs348k_proj/outputs/controlnet_multimodal/cfg_5p0_control_1p5/000000031296/canny.png,/Users/yixiaoz/Desktop/cs348k_proj/outputs/controlnet_multimodal/cfg_5p0_control_1p5/000000031296/seg.png,/Users/yixiaoz/Desktop/cs348k_proj/outputs/controlnet_multimodal/cfg_5p0_control_1p5/000000031296/generated.png,dense_text_plus_canny_plus_seg,7,5.0,1.5,1.5,1.5,20,0.5038,0.4239,31.8732
40083,a vintage photo of some people sitting under an umbrella,"This black-and-white photograph shows several people seated beneath a large umbrella beside a street or outdoor market area. Tables, chairs, and nearby structures suggest a casual public gathering place. The monochrome presentation gives the image a vintage appearance, emphasizing everyday social activity and street life.","This black-and-white photograph shows several people seated beneath a large umbrella beside a street or outdoor market area. Tables, chairs, and nearby structures suggest a casual public gathering place. The monochrome presentation gives the image a vintage appearance, emphasizing everyday social activity and street life.",/Users/yixiaoz/Desktop/cs348k_proj/outputs/controlnet_multimodal/cfg_5p0_control_1p5/000000040083/target.png,/Users/yixiaoz/Desktop/cs348k_proj/outputs/controlnet_multimodal/cfg_5p0_control_1p5/000000040083/canny.png,/Users/yixiaoz/Desktop/cs348k_proj/outputs/controlnet_multimodal/cfg_5p0_control_1p5/000000040083/seg.png,/Users/yixiaoz/Desktop/cs348k_proj/outputs/controlnet_multimodal/cfg_5p0_control_1p5/000000040083/generated.png,dense_text_plus_canny_plus_seg,7,5.0,1.5,1.5,1.5,20,0.3831,0.2309,32.793
36936,A man and woman sitting on a couch playing a video game.,"A man and woman sit together on a couch in a living room while playing a video game. A television displays the game in front of them, and snacks or drinks are visible on nearby tables. The indoor setting feels comfortable and informal, with warm.","A man and woman sit together on a couch in a living room while playing a video game. A television displays the game in front of them, and snacks or drinks are visible on nearby tables. The indoor setting feels comfortable and informal, with warm.",/Users/yixiaoz/Desktop/cs348k_proj/outputs/controlnet_multimodal/cfg_5p0_control_1p5/000000036936/target.png,/Users/yixiaoz/Desktop/cs348k_proj/outputs/controlnet_multimodal/cfg_5p0_control_1p5/000000036936/canny.png,/Users/yixiaoz/Desktop/cs348k_proj/outputs/controlnet_multimodal/cfg_5p0_control_1p5/000000036936/seg.png,/Users/yixiaoz/Desktop/cs348k_proj/outputs/controlnet_multimodal/cfg_5p0_control_1p5/000000036936/generated.png,dense_text_plus_canny_plus_seg,7,5.0,1.5,1.5,1.5,20,0.5077,0.4514,31.0441
18150,A man with a receding hairline offers a slice of pizza to a toddler.,"A man with a receding hairline offers a slice of pizza to a young child seated nearby. The pair appear engaged in a friendly interaction, with the child focusing on the food being presented. The indoor setting suggests a casual family meal or gathering. The.","A man with a receding hairline offers a slice of pizza to a young child seated nearby. The pair appear engaged in a friendly interaction, with the child focusing on the food being presented. The indoor setting suggests a casual family meal or gathering. The.",/Users/yixiaoz/Desktop/cs348k_proj/outputs/controlnet_multimodal/cfg_5p0_control_1p5/000000018150/target.png,/Users/yixiaoz/Desktop/cs348k_proj/outputs/controlnet_multimodal/cfg_5p0_control_1p5/000000018150/canny.png,/Users/yixiaoz/Desktop/cs348k_proj/outputs/controlnet_multimodal/cfg_5p0_control_1p5/000000018150/seg.png,/Users/yixiaoz/Desktop/cs348k_proj/outputs/controlnet_multimodal/cfg_5p0_control_1p5/000000018150/generated.png,dense_text_plus_canny_plus_seg,7,5.0,1.5,1.5,1.5,20,0.5455,0.3596,34.8148
115870,Some people hanging around in a living room with a big couch.,Several people relax in a spacious living room centered around a large couch and coffee table. Some sit while others stand and converse near large windows that bring natural light into the room. Household decorations and comfortable furniture create a welcoming atmosphere. The scene captures.,Several people relax in a spacious living room centered around a large couch and coffee table. Some sit while others stand and converse near large windows that bring natural light into the room. Household decorations and comfortable furniture create a welcoming atmosphere. The scene captures.,/Users/yixiaoz/Desktop/cs348k_proj/outputs/controlnet_multimodal/cfg_5p0_control_1p5/000000115870/target.png,/Users/yixiaoz/Desktop/cs348k_proj/outputs/controlnet_multimodal/cfg_5p0_control_1p5/000000115870/canny.png,/Users/yixiaoz/Desktop/cs348k_proj/outputs/controlnet_multimodal/cfg_5p0_control_1p5/000000115870/seg.png,/Users/yixiaoz/Desktop/cs348k_proj/outputs/controlnet_multimodal/cfg_5p0_control_1p5/000000115870/generated.png,dense_text_plus_canny_plus_seg,7,5.0,1.5,1.5,1.5,20,0.4012,0.2982,33.8159
32901,Four men are standing together behind a group of red chairs.,"Four men stand together behind a row of red chairs in an indoor event or meeting room. They smile toward the camera and appear dressed in semi-formal attire, suggesting a gathering, celebration, or professional occasion. The composition resembles a group portrait, with the individuals positioned.","Four men stand together behind a row of red chairs in an indoor event or meeting room. They smile toward the camera and appear dressed in semi-formal attire, suggesting a gathering, celebration, or professional occasion. The composition resembles a group portrait, with the individuals positioned.",/Users/yixiaoz/Desktop/cs348k_proj/outputs/controlnet_multimodal/cfg_5p0_control_1p5/000000032901/target.png,/Users/yixiaoz/Desktop/cs348k_proj/outputs/controlnet_multimodal/cfg_5p0_control_1p5/000000032901/canny.png,/Users/yixiaoz/Desktop/cs348k_proj/outputs/controlnet_multimodal/cfg_5p0_control_1p5/000000032901/seg.png,/Users/yixiaoz/Desktop/cs348k_proj/outputs/controlnet_multimodal/cfg_5p0_control_1p5/000000032901/generated.png,dense_text_plus_canny_plus_seg,7,5.0,1.5,1.5,1.5,20,0.4527,0.3506,27.2474
25560,A cat perches on top of an entertainment center in front of a TV.,"A cat perches on top of an entertainment center directly in front of a television screen. The television displays a person on screen, while the cat appears more interested in the elevated resting spot than the program itself. Household electronics and furniture surround the scene.","A cat perches on top of an entertainment center directly in front of a television screen. The television displays a person on screen, while the cat appears more interested in the elevated resting spot than the program itself. Household electronics and furniture surround the scene.",/Users/yixiaoz/Desktop/cs348k_proj/outputs/controlnet_multimodal/cfg_5p0_control_1p5/000000025560/target.png,/Users/yixiaoz/Desktop/cs348k_proj/outputs/controlnet_multimodal/cfg_5p0_control_1p5/000000025560/canny.png,/Users/yixiaoz/Desktop/cs348k_proj/outputs/controlnet_multimodal/cfg_5p0_control_1p5/000000025560/seg.png,/Users/yixiaoz/Desktop/cs348k_proj/outputs/controlnet_multimodal/cfg_5p0_control_1p5/000000025560/generated.png,dense_text_plus_canny_plus_seg,7,5.0,1.5,1.5,1.5,20,0.5043,0.4905,35.0202
115245,Several suitcases on wheels leaning up against one long table with chairs.,"Several suitcases of different sizes stand upright beside a long table and a row of chairs in what appears to be a waiting area or meeting room. The luggage is grouped together on a polished wooden floor, suggesting recent travel, arrival, or preparation for departure.","Several suitcases of different sizes stand upright beside a long table and a row of chairs in what appears to be a waiting area or meeting room. The luggage is grouped together on a polished wooden floor, suggesting recent travel, arrival, or preparation for departure.",/Users/yixiaoz/Desktop/cs348k_proj/outputs/controlnet_multimodal/cfg_5p0_control_1p5/000000115245/target.png,/Users/yixiaoz/Desktop/cs348k_proj/outputs/controlnet_multimodal/cfg_5p0_control_1p5/000000115245/canny.png,/Users/yixiaoz/Desktop/cs348k_proj/outputs/controlnet_multimodal/cfg_5p0_control_1p5/000000115245/seg.png,/Users/yixiaoz/Desktop/cs348k_proj/outputs/controlnet_multimodal/cfg_5p0_control_1p5/000000115245/generated.png,dense_text_plus_canny_plus_seg,7,5.0,1.5,1.5,1.5,20,0.505,0.4574,31.5778
5001,A group of people holding a large pair of scissors to a ribbon.,"A crowd of adults and children gather around a ceremonial ribbon-cutting event. Several people smile and pose while a large pair of scissors is used to cut a ribbon stretched across the foreground. Balloons, cameras, and excited expressions contribute to the celebratory atmosphere. The gathering.","A crowd of adults and children gather around a ceremonial ribbon-cutting event. Several people smile and pose while a large pair of scissors is used to cut a ribbon stretched across the foreground. Balloons, cameras, and excited expressions contribute to the celebratory atmosphere. The gathering.",/Users/yixiaoz/Desktop/cs348k_proj/outputs/controlnet_multimodal/cfg_5p0_control_1p5/000000005001/target.png,/Users/yixiaoz/Desktop/cs348k_proj/outputs/controlnet_multimodal/cfg_5p0_control_1p5/000000005001/canny.png,/Users/yixiaoz/Desktop/cs348k_proj/outputs/controlnet_multimodal/cfg_5p0_control_1p5/000000005001/seg.png,/Users/yixiaoz/Desktop/cs348k_proj/outputs/controlnet_multimodal/cfg_5p0_control_1p5/000000005001/generated.png,dense_text_plus_canny_plus_seg,7,5.0,1.5,1.5,1.5,20,0.4915,0.4185,26.1507
3934,A young girl in the foreground and a woman in a bridal dress and other adults in the background.,"A young girl wearing a light-colored dress stands in the foreground of a living room while adults gather in the background. Motion blur gives the impression of movement and activity throughout the room. Furniture, decorations, and warm indoor lighting create a family-oriented atmosphere. The scene.","A young girl wearing a light-colored dress stands in the foreground of a living room while adults gather in the background. Motion blur gives the impression of movement and activity throughout the room. Furniture, decorations, and warm indoor lighting create a family-oriented atmosphere. The scene.",/Users/yixiaoz/Desktop/cs348k_proj/outputs/controlnet_multimodal/cfg_5p0_control_1p5/000000003934/target.png,/Users/yixiaoz/Desktop/cs348k_proj/outputs/controlnet_multimodal/cfg_5p0_control_1p5/000000003934/canny.png,/Users/yixiaoz/Desktop/cs348k_proj/outputs/controlnet_multimodal/cfg_5p0_control_1p5/000000003934/seg.png,/Users/yixiaoz/Desktop/cs348k_proj/outputs/controlnet_multimodal/cfg_5p0_control_1p5/000000003934/generated.png,dense_text_plus_canny_plus_seg,7,5.0,1.5,1.5,1.5,20,0.4591,0.4221,33.1498
91500,Two kids hanging out playing video games on folding chairs.,"Two young men sit on folding chairs while playing a video game together indoors. Each player holds a game controller and focuses on an off-camera television or display. The room contains tables, chairs, and household furnishings that suggest a casual social gathering. Their relaxed posture.","Two young men sit on folding chairs while playing a video game together indoors. Each player holds a game controller and focuses on an off-camera television or display. The room contains tables, chairs, and household furnishings that suggest a casual social gathering. Their relaxed posture.",/Users/yixiaoz/Desktop/cs348k_proj/outputs/controlnet_multimodal/cfg_5p0_control_1p5/000000091500/target.png,/Users/yixiaoz/Desktop/cs348k_proj/outputs/controlnet_multimodal/cfg_5p0_control_1p5/000000091500/canny.png,/Users/yixiaoz/Desktop/cs348k_proj/outputs/controlnet_multimodal/cfg_5p0_control_1p5/000000091500/seg.png,/Users/yixiaoz/Desktop/cs348k_proj/outputs/controlnet_multimodal/cfg_5p0_control_1p5/000000091500/generated.png,dense_text_plus_canny_plus_seg,7,5.0,1.5,1.5,1.5,20,0.4366,0.4057,31.9803
82696,a white and black bird is walking by a table and some chairs,"A white and black bird walks across the floor of an indoor dining area filled with tables and chairs. The bird moves freely between the furniture, creating an unusual contrast between wildlife and a human-designed environment. Empty chairs and table arrangements suggest a cafeteria, restaurant.","A white and black bird walks across the floor of an indoor dining area filled with tables and chairs. The bird moves freely between the furniture, creating an unusual contrast between wildlife and a human-designed environment. Empty chairs and table arrangements suggest a cafeteria, restaurant.",/Users/yixiaoz/Desktop/cs348k_proj/outputs/controlnet_multimodal/cfg_5p0_control_1p5/000000082696/target.png,/Users/yixiaoz/Desktop/cs348k_proj/outputs/controlnet_multimodal/cfg_5p0_control_1p5/000000082696/canny.png,/Users/yixiaoz/Desktop/cs348k_proj/outputs/controlnet_multimodal/cfg_5p0_control_1p5/000000082696/seg.png,/Users/yixiaoz/Desktop/cs348k_proj/outputs/controlnet_multimodal/cfg_5p0_control_1p5/000000082696/generated.png,dense_text_plus_canny_plus_seg,7,5.0,1.5,1.5,1.5,20,0.4941,0.3559,36.3959
25986,"Food is on the counter including a glass of water, rice, vegetables, and more","Several plates of food are arranged on a kitchen counter, including vegetables, rice, and prepared dishes ready to be served. Bowls, utensils, and drinking glasses surround the meal preparation area. The countertop is busy with ingredients and completed dishes, suggesting an active cooking session or.","Several plates of food are arranged on a kitchen counter, including vegetables, rice, and prepared dishes ready to be served. Bowls, utensils, and drinking glasses surround the meal preparation area. The countertop is busy with ingredients and completed dishes, suggesting an active cooking session or.",/Users/yixiaoz/Desktop/cs348k_proj/outputs/controlnet_multimodal/cfg_5p0_control_1p5/000000025986/target.png,/Users/yixiaoz/Desktop/cs348k_proj/outputs/controlnet_multimodal/cfg_5p0_control_1p5/000000025986/canny.png,/Users/yixiaoz/Desktop/cs348k_proj/outputs/controlnet_multimodal/cfg_5p0_control_1p5/000000025986/seg.png,/Users/yixiaoz/Desktop/cs348k_proj/outputs/controlnet_multimodal/cfg_5p0_control_1p5/000000025986/generated.png,dense_text_plus_canny_plus_seg,7,5.0,1.5,1.5,1.5,20,0.5017,0.3244,32.4076
17899,Woman working with large assortment of baked goods at kitchen table.,An older woman works at a kitchen table covered with baking supplies and a large assortment of cookies or pastries. Trays of baked goods are arranged across the tabletop while ingredients and utensils remain nearby. The woman appears focused on decorating or organizing the treats.,An older woman works at a kitchen table covered with baking supplies and a large assortment of cookies or pastries. Trays of baked goods are arranged across the tabletop while ingredients and utensils remain nearby. The woman appears focused on decorating or organizing the treats.,/Users/yixiaoz/Desktop/cs348k_proj/outputs/controlnet_multimodal/cfg_5p0_control_1p5/000000017899/target.png,/Users/yixiaoz/Desktop/cs348k_proj/outputs/controlnet_multimodal/cfg_5p0_control_1p5/000000017899/canny.png,/Users/yixiaoz/Desktop/cs348k_proj/outputs/controlnet_multimodal/cfg_5p0_control_1p5/000000017899/seg.png,/Users/yixiaoz/Desktop/cs348k_proj/outputs/controlnet_multimodal/cfg_5p0_control_1p5/000000017899/generated.png,dense_text_plus_canny_plus_seg,7,5.0,1.5,1.5,1.5,20,0.4904,0.2965,37.2168
36494,"A crowd of people sitting in a room, with a clock tower in front.","A large crowd gathers inside a spacious hall featuring an enormous illuminated clock structure mounted on the wall. People sit and stand around tables while enjoying food, drinks, and conversation. The architecture, lighting, and oversized clock create a dramatic focal point within the room. The.","A large crowd gathers inside a spacious hall featuring an enormous illuminated clock structure mounted on the wall. People sit and stand around tables while enjoying food, drinks, and conversation. The architecture, lighting, and oversized clock create a dramatic focal point within the room. The.",/Users/yixiaoz/Desktop/cs348k_proj/outputs/controlnet_multimodal/cfg_5p0_control_1p5/000000036494/target.png,/Users/yixiaoz/Desktop/cs348k_proj/outputs/controlnet_multimodal/cfg_5p0_control_1p5/000000036494/canny.png,/Users/yixiaoz/Desktop/cs348k_proj/outputs/controlnet_multimodal/cfg_5p0_control_1p5/000000036494/seg.png,/Users/yixiaoz/Desktop/cs348k_proj/outputs/controlnet_multimodal/cfg_5p0_control_1p5/000000036494/generated.png,dense_text_plus_canny_plus_seg,7,5.0,1.5,1.5,1.5,20,0.4433,0.2103,31.4074
24610,There is a laptop computer in a room with a couch and a bookcase.,"A quiet room contains a desk with a laptop computer, bookshelves filled with books, and a couch positioned along one wall. Warm lighting and simple furnishings create a calm, comfortable environment suitable for reading, studying, or working. The arrangement suggests a personal living space or.","A quiet room contains a desk with a laptop computer, bookshelves filled with books, and a couch positioned along one wall. Warm lighting and simple furnishings create a calm, comfortable environment suitable for reading, studying, or working. The arrangement suggests a personal living space or.",/Users/yixiaoz/Desktop/cs348k_proj/outputs/controlnet_multimodal/cfg_5p0_control_1p5/000000024610/target.png,/Users/yixiaoz/Desktop/cs348k_proj/outputs/controlnet_multimodal/cfg_5p0_control_1p5/000000024610/canny.png,/Users/yixiaoz/Desktop/cs348k_proj/outputs/controlnet_multimodal/cfg_5p0_control_1p5/000000024610/seg.png,/Users/yixiaoz/Desktop/cs348k_proj/outputs/controlnet_multimodal/cfg_5p0_control_1p5/000000024610/generated.png,dense_text_plus_canny_plus_seg,7,5.0,1.5,1.5,1.5,20,0.539,0.3567,28.7169
18380,a family sitting around a long table filled with a lot of food,"A large family gathers around a long dining table filled with food, drinks, and serving dishes. Adults and children smile toward the camera while seated closely together in a warm home environment. The table is crowded with meals prepared for sharing, creating a festive atmosphere.","A large family gathers around a long dining table filled with food, drinks, and serving dishes. Adults and children smile toward the camera while seated closely together in a warm home environment. The table is crowded with meals prepared for sharing, creating a festive atmosphere.",/Users/yixiaoz/Desktop/cs348k_proj/outputs/controlnet_multimodal/cfg_5p0_control_1p5/000000018380/target.png,/Users/yixiaoz/Desktop/cs348k_proj/outputs/controlnet_multimodal/cfg_5p0_control_1p5/000000018380/canny.png,/Users/yixiaoz/Desktop/cs348k_proj/outputs/controlnet_multimodal/cfg_5p0_control_1p5/000000018380/seg.png,/Users/yixiaoz/Desktop/cs348k_proj/outputs/controlnet_multimodal/cfg_5p0_control_1p5/000000018380/generated.png,dense_text_plus_canny_plus_seg,7,5.0,1.5,1.5,1.5,20,0.4576,0.2743,31.887
102411,Two people sitting on a motorcycle in the street next to a beach.,"Two people sit on a motorcycle parked beside a waterfront area near a beach. The ocean, shoreline, and distant scenery provide a scenic backdrop while the riders pause along the road. Nearby pedestrians and open coastal views contribute to the relaxed atmosphere. The image combines.","Two people sit on a motorcycle parked beside a waterfront area near a beach. The ocean, shoreline, and distant scenery provide a scenic backdrop while the riders pause along the road. Nearby pedestrians and open coastal views contribute to the relaxed atmosphere. The image combines.",/Users/yixiaoz/Desktop/cs348k_proj/outputs/controlnet_multimodal/cfg_5p0_control_1p5/000000102411/target.png,/Users/yixiaoz/Desktop/cs348k_proj/outputs/controlnet_multimodal/cfg_5p0_control_1p5/000000102411/canny.png,/Users/yixiaoz/Desktop/cs348k_proj/outputs/controlnet_multimodal/cfg_5p0_control_1p5/000000102411/seg.png,/Users/yixiaoz/Desktop/cs348k_proj/outputs/controlnet_multimodal/cfg_5p0_control_1p5/000000102411/generated.png,dense_text_plus_canny_plus_seg,7,5.0,1.5,1.5,1.5,20,0.4045,0.296,34.2337
99053,"A bowl of noodles, meat, broccoli and carrots in a sauce with a fork.","A bowl of noodles mixed with meat, broccoli, carrots, and vegetables sits on a table with a fork resting inside. The colorful ingredients are coated in sauce and arranged casually within the bowl. The close-up perspective focuses attention on the meal while minimizing background distractions.","A bowl of noodles mixed with meat, broccoli, carrots, and vegetables sits on a table with a fork resting inside. The colorful ingredients are coated in sauce and arranged casually within the bowl. The close-up perspective focuses attention on the meal while minimizing background distractions.",/Users/yixiaoz/Desktop/cs348k_proj/outputs/controlnet_multimodal/cfg_5p0_control_1p5/000000099053/target.png,/Users/yixiaoz/Desktop/cs348k_proj/outputs/controlnet_multimodal/cfg_5p0_control_1p5/000000099053/canny.png,/Users/yixiaoz/Desktop/cs348k_proj/outputs/controlnet_multimodal/cfg_5p0_control_1p5/000000099053/seg.png,/Users/yixiaoz/Desktop/cs348k_proj/outputs/controlnet_multimodal/cfg_5p0_control_1p5/000000099053/generated.png,dense_text_plus_canny_plus_seg,7,5.0,1.5,1.5,1.5,20,0.5138,0.3366,29.1296
84650,THERE IS A CAT THAT IS SITTION ON TOP OF THE SUITCASE,A cat rests comfortably on top of a large suitcase surrounded by luggage and travel bags. The animal appears relaxed despite sitting among items associated with movement and transportation. The scene suggests preparation for a trip or recent arrival. The contrast between the cat’s calm.,A cat rests comfortably on top of a large suitcase surrounded by luggage and travel bags. The animal appears relaxed despite sitting among items associated with movement and transportation. The scene suggests preparation for a trip or recent arrival. The contrast between the cat’s calm.,/Users/yixiaoz/Desktop/cs348k_proj/outputs/controlnet_multimodal/cfg_5p0_control_1p5/000000084650/target.png,/Users/yixiaoz/Desktop/cs348k_proj/outputs/controlnet_multimodal/cfg_5p0_control_1p5/000000084650/canny.png,/Users/yixiaoz/Desktop/cs348k_proj/outputs/controlnet_multimodal/cfg_5p0_control_1p5/000000084650/seg.png,/Users/yixiaoz/Desktop/cs348k_proj/outputs/controlnet_multimodal/cfg_5p0_control_1p5/000000084650/generated.png,dense_text_plus_canny_plus_seg,7,5.0,1.5,1.5,1.5,20,0.5218,0.4149,35.097
114049,"People inside a commuter train, with their luggage and bicycles.","Passengers stand inside a crowded train car surrounded by luggage, bicycles, and personal belongings. The narrow aisle is filled with travelers preparing for or continuing their journey. Bicycle wheels, suitcases, and overhead fixtures emphasize the transportation setting. The image captures the realities of public transit.","Passengers stand inside a crowded train car surrounded by luggage, bicycles, and personal belongings. The narrow aisle is filled with travelers preparing for or continuing their journey. Bicycle wheels, suitcases, and overhead fixtures emphasize the transportation setting. The image captures the realities of public transit.",/Users/yixiaoz/Desktop/cs348k_proj/outputs/controlnet_multimodal/cfg_5p0_control_1p5/000000114049/target.png,/Users/yixiaoz/Desktop/cs348k_proj/outputs/controlnet_multimodal/cfg_5p0_control_1p5/000000114049/canny.png,/Users/yixiaoz/Desktop/cs348k_proj/outputs/controlnet_multimodal/cfg_5p0_control_1p5/000000114049/seg.png,/Users/yixiaoz/Desktop/cs348k_proj/outputs/controlnet_multimodal/cfg_5p0_control_1p5/000000114049/generated.png,dense_text_plus_canny_plus_seg,7,5.0,1.5,1.5,1.5,20,0.4846,0.3403,33.4751
100723,Crown marching in one direction in a lightly attended protest.,"A group of protesters march through a public street carrying signs and banners while moving together in the same direction. Participants of different ages fill the scene, creating a visible demonstration of collective action. The signs suggest support for a social or political cause, while.","A group of protesters march through a public street carrying signs and banners while moving together in the same direction. Participants of different ages fill the scene, creating a visible demonstration of collective action. The signs suggest support for a social or political cause, while.",/Users/yixiaoz/Desktop/cs348k_proj/outputs/controlnet_multimodal/cfg_5p0_control_1p5/000000100723/target.png,/Users/yixiaoz/Desktop/cs348k_proj/outputs/controlnet_multimodal/cfg_5p0_control_1p5/000000100723/canny.png,/Users/yixiaoz/Desktop/cs348k_proj/outputs/controlnet_multimodal/cfg_5p0_control_1p5/000000100723/seg.png,/Users/yixiaoz/Desktop/cs348k_proj/outputs/controlnet_multimodal/cfg_5p0_control_1p5/000000100723/generated.png,dense_text_plus_canny_plus_seg,7,5.0,1.5,1.5,1.5,20,0.4468,0.3168,30.5627
40471,A painted white kitchen with a refrigerator and an automatic dish washer next to an oven stove.,"A clean white kitchen contains a refrigerator, oven, dishwasher, cabinets, and countertops arranged in a practical layout. Bright lighting reflects off the appliances and tiled surfaces, creating an organized and modern appearance. The room appears ready for cooking and daily household use. The image emphasizes.","A clean white kitchen contains a refrigerator, oven, dishwasher, cabinets, and countertops arranged in a practical layout. Bright lighting reflects off the appliances and tiled surfaces, creating an organized and modern appearance. The room appears ready for cooking and daily household use. The image emphasizes.",/Users/yixiaoz/Desktop/cs348k_proj/outputs/controlnet_multimodal/cfg_5p0_control_1p5/000000040471/target.png,/Users/yixiaoz/Desktop/cs348k_proj/outputs/controlnet_multimodal/cfg_5p0_control_1p5/000000040471/canny.png,/Users/yixiaoz/Desktop/cs348k_proj/outputs/controlnet_multimodal/cfg_5p0_control_1p5/000000040471/seg.png,/Users/yixiaoz/Desktop/cs348k_proj/outputs/controlnet_multimodal/cfg_5p0_control_1p5/000000040471/generated.png,dense_text_plus_canny_plus_seg,7,5.0,1.5,1.5,1.5,20,0.5338,0.2908,33.3986
100238,A family standing next to each other while holding frisbees.,"A family stands outdoors together while holding colorful frisbees. Adults and children pose side by side in a grassy area, appearing relaxed and cheerful. The open environment suggests a park, recreational field, or family gathering. Their casual clothing and outdoor setting contribute to a friendly.","A family stands outdoors together while holding colorful frisbees. Adults and children pose side by side in a grassy area, appearing relaxed and cheerful. The open environment suggests a park, recreational field, or family gathering. Their casual clothing and outdoor setting contribute to a friendly.",/Users/yixiaoz/Desktop/cs348k_proj/outputs/controlnet_multimodal/cfg_5p0_control_1p5/000000100238/target.png,/Users/yixiaoz/Desktop/cs348k_proj/outputs/controlnet_multimodal/cfg_5p0_control_1p5/000000100238/canny.png,/Users/yixiaoz/Desktop/cs348k_proj/outputs/controlnet_multimodal/cfg_5p0_control_1p5/000000100238/seg.png,/Users/yixiaoz/Desktop/cs348k_proj/outputs/controlnet_multimodal/cfg_5p0_control_1p5/000000100238/generated.png,dense_text_plus_canny_plus_seg,7,5.0,1.5,1.5,1.5,20,0.412,0.2472,30.7395
39484,A street full of cars that are driving and parked and a group of people sitting outside eating.,"Cars move along a city street lined with buildings, storefronts, and restaurants. Some people sit outside dining establishments while traffic passes through the urban area. Signs, parked vehicles, and commercial activity contribute to a lively downtown atmosphere. The image captures the interaction between transportation, business.","Cars move along a city street lined with buildings, storefronts, and restaurants. Some people sit outside dining establishments while traffic passes through the urban area. Signs, parked vehicles, and commercial activity contribute to a lively downtown atmosphere. The image captures the interaction between transportation, business.",/Users/yixiaoz/Desktop/cs348k_proj/outputs/controlnet_multimodal/cfg_5p0_control_1p5/000000039484/target.png,/Users/yixiaoz/Desktop/cs348k_proj/outputs/controlnet_multimodal/cfg_5p0_control_1p5/000000039484/canny.png,/Users/yixiaoz/Desktop/cs348k_proj/outputs/controlnet_multimodal/cfg_5p0_control_1p5/000000039484/seg.png,/Users/yixiaoz/Desktop/cs348k_proj/outputs/controlnet_multimodal/cfg_5p0_control_1p5/000000039484/generated.png,dense_text_plus_canny_plus_seg,7,5.0,1.5,1.5,1.5,20,0.4674,0.3454,27.9126
13729,A group of people playing with a Wii in the living room.,"Several people stand in a living room while playing a Nintendo Wii video game. Participants face a television and appear engaged in the activity, moving their bodies as part of the gameplay. Household furniture, decorations, and open floor space provide room for interaction. The image.","Several people stand in a living room while playing a Nintendo Wii video game. Participants face a television and appear engaged in the activity, moving their bodies as part of the gameplay. Household furniture, decorations, and open floor space provide room for interaction. The image.",/Users/yixiaoz/Desktop/cs348k_proj/outputs/controlnet_multimodal/cfg_5p0_control_1p5/000000013729/target.png,/Users/yixiaoz/Desktop/cs348k_proj/outputs/controlnet_multimodal/cfg_5p0_control_1p5/000000013729/canny.png,/Users/yixiaoz/Desktop/cs348k_proj/outputs/controlnet_multimodal/cfg_5p0_control_1p5/000000013729/seg.png,/Users/yixiaoz/Desktop/cs348k_proj/outputs/controlnet_multimodal/cfg_5p0_control_1p5/000000013729/generated.png,dense_text_plus_canny_plus_seg,7,5.0,1.5,1.5,1.5,20,0.4602,0.3557,33.2796
80340,a small child wearing a tie and holding a suitcase with other people in the background,"A small child wearing a dress shirt, tie, and formal clothing stands on a sidewalk holding a rolling suitcase. Adults and other people gather nearby in the background, suggesting a family event, celebration, or travel occasion. The child’s serious posture contrasts with the oversized luggage.","A small child wearing a dress shirt, tie, and formal clothing stands on a sidewalk holding a rolling suitcase. Adults and other people gather nearby in the background, suggesting a family event, celebration, or travel occasion. The child’s serious posture contrasts with the oversized luggage.",/Users/yixiaoz/Desktop/cs348k_proj/outputs/controlnet_multimodal/cfg_5p0_control_1p5/000000080340/target.png,/Users/yixiaoz/Desktop/cs348k_proj/outputs/controlnet_multimodal/cfg_5p0_control_1p5/000000080340/canny.png,/Users/yixiaoz/Desktop/cs348k_proj/outputs/controlnet_multimodal/cfg_5p0_control_1p5/000000080340/seg.png,/Users/yixiaoz/Desktop/cs348k_proj/outputs/controlnet_multimodal/cfg_5p0_control_1p5/000000080340/generated.png,dense_text_plus_canny_plus_seg,7,5.0,1.5,1.5,1.5,20,0.3966,0.2914,34.148
38829,Two boys riding on a single bicycle on a city street,"Two people ride together through a busy city street on a single bicycle while surrounded by scooters, motorcycles, and other commuters. Urban storefronts, signs, and passing vehicles create a lively transportation scene. The riders appear relaxed as they navigate traffic alongside other travelers. The image.","Two people ride together through a busy city street on a single bicycle while surrounded by scooters, motorcycles, and other commuters. Urban storefronts, signs, and passing vehicles create a lively transportation scene. The riders appear relaxed as they navigate traffic alongside other travelers. The image.",/Users/yixiaoz/Desktop/cs348k_proj/outputs/controlnet_multimodal/cfg_5p0_control_1p5/000000038829/target.png,/Users/yixiaoz/Desktop/cs348k_proj/outputs/controlnet_multimodal/cfg_5p0_control_1p5/000000038829/canny.png,/Users/yixiaoz/Desktop/cs348k_proj/outputs/controlnet_multimodal/cfg_5p0_control_1p5/000000038829/seg.png,/Users/yixiaoz/Desktop/cs348k_proj/outputs/controlnet_multimodal/cfg_5p0_control_1p5/000000038829/generated.png,dense_text_plus_canny_plus_seg,7,5.0,1.5,1.5,1.5,20,0.5103,0.3764,32.0399
66841,"A whimsical artistic toaster has eyes, a mouth, a nose, spoon feet, spoon ears, and a mixing beater tail.","A whimsical toaster has been creatively decorated with eyes, a nose, spoon-shaped ears, and other objects to resemble a human face. The appliance stands upright in a kitchen or dining area, transforming an ordinary household item into a playful character. Surrounding utensils and decorative elements.","A whimsical toaster has been creatively decorated with eyes, a nose, spoon-shaped ears, and other objects to resemble a human face. The appliance stands upright in a kitchen or dining area, transforming an ordinary household item into a playful character. Surrounding utensils and decorative elements.",/Users/yixiaoz/Desktop/cs348k_proj/outputs/controlnet_multimodal/cfg_5p0_control_1p5/000000066841/target.png,/Users/yixiaoz/Desktop/cs348k_proj/outputs/controlnet_multimodal/cfg_5p0_control_1p5/000000066841/canny.png,/Users/yixiaoz/Desktop/cs348k_proj/outputs/controlnet_multimodal/cfg_5p0_control_1p5/000000066841/seg.png,/Users/yixiaoz/Desktop/cs348k_proj/outputs/controlnet_multimodal/cfg_5p0_control_1p5/000000066841/generated.png,dense_text_plus_canny_plus_seg,7,5.0,1.5,1.5,1.5,20,0.5293,0.4181,28.1518
25386,A man and woman are sitting together while the man eats with chopsticks.,"A man and woman sit together at a restaurant table while sharing a meal. Plates of food, chopsticks, drinks, and condiments are arranged in front of them as they look toward the camera. The indoor dining environment appears casual and welcoming. Their expressions suggest a.","A man and woman sit together at a restaurant table while sharing a meal. Plates of food, chopsticks, drinks, and condiments are arranged in front of them as they look toward the camera. The indoor dining environment appears casual and welcoming. Their expressions suggest a.",/Users/yixiaoz/Desktop/cs348k_proj/outputs/controlnet_multimodal/cfg_5p0_control_1p5/000000025386/target.png,/Users/yixiaoz/Desktop/cs348k_proj/outputs/controlnet_multimodal/cfg_5p0_control_1p5/000000025386/canny.png,/Users/yixiaoz/Desktop/cs348k_proj/outputs/controlnet_multimodal/cfg_5p0_control_1p5/000000025386/seg.png,/Users/yixiaoz/Desktop/cs348k_proj/outputs/controlnet_multimodal/cfg_5p0_control_1p5/000000025386/generated.png,dense_text_plus_canny_plus_seg,7,5.0,1.5,1.5,1.5,20,0.4636,0.3251,31.2732
83531,A BBQ topped with lots of sausages sitting side by side.,"Several sausages cook on a barbecue grill above glowing heat while metal tongs rest nearby. The close-up perspective focuses on the food as it browns and develops grill marks. Smoke, cooking equipment, and the outdoor setting suggest a backyard gathering or cookout. The image emphasizes.","Several sausages cook on a barbecue grill above glowing heat while metal tongs rest nearby. The close-up perspective focuses on the food as it browns and develops grill marks. Smoke, cooking equipment, and the outdoor setting suggest a backyard gathering or cookout. The image emphasizes.",/Users/yixiaoz/Desktop/cs348k_proj/outputs/controlnet_multimodal/cfg_5p0_control_1p5/000000083531/target.png,/Users/yixiaoz/Desktop/cs348k_proj/outputs/controlnet_multimodal/cfg_5p0_control_1p5/000000083531/canny.png,/Users/yixiaoz/Desktop/cs348k_proj/outputs/controlnet_multimodal/cfg_5p0_control_1p5/000000083531/seg.png,/Users/yixiaoz/Desktop/cs348k_proj/outputs/controlnet_multimodal/cfg_5p0_control_1p5/000000083531/generated.png,dense_text_plus_canny_plus_seg,7,5.0,1.5,1.5,1.5,20,0.5476,0.3861,33.4089
98392,"A photo of a busy intersection with a bus, several cars and a clock tower.","A busy city intersection contains multiple cars, a bus, and a prominent clock tower rising above nearby buildings. Traffic moves through the streets while pedestrians and commercial activity contribute to the urban atmosphere. Architectural details and transportation infrastructure create a recognizable downtown setting. The image.","A busy city intersection contains multiple cars, a bus, and a prominent clock tower rising above nearby buildings. Traffic moves through the streets while pedestrians and commercial activity contribute to the urban atmosphere. Architectural details and transportation infrastructure create a recognizable downtown setting. The image.",/Users/yixiaoz/Desktop/cs348k_proj/outputs/controlnet_multimodal/cfg_5p0_control_1p5/000000098392/target.png,/Users/yixiaoz/Desktop/cs348k_proj/outputs/controlnet_multimodal/cfg_5p0_control_1p5/000000098392/canny.png,/Users/yixiaoz/Desktop/cs348k_proj/outputs/controlnet_multimodal/cfg_5p0_control_1p5/000000098392/seg.png,/Users/yixiaoz/Desktop/cs348k_proj/outputs/controlnet_multimodal/cfg_5p0_control_1p5/000000098392/generated.png,dense_text_plus_canny_plus_seg,7,5.0,1.5,1.5,1.5,20,0.5394,0.3216,29.875
12576,An elderly woman seated at a table holding three pizzas.,"An elderly woman sits at a dining table with several pizzas placed in front of her. Glasses, dishes, and table settings suggest a meal shared with others outside the frame. The warm indoor environment creates a comfortable and social atmosphere. The image highlights casual dining.","An elderly woman sits at a dining table with several pizzas placed in front of her. Glasses, dishes, and table settings suggest a meal shared with others outside the frame. The warm indoor environment creates a comfortable and social atmosphere. The image highlights casual dining.",/Users/yixiaoz/Desktop/cs348k_proj/outputs/controlnet_multimodal/cfg_5p0_control_1p5/000000012576/target.png,/Users/yixiaoz/Desktop/cs348k_proj/outputs/controlnet_multimodal/cfg_5p0_control_1p5/000000012576/canny.png,/Users/yixiaoz/Desktop/cs348k_proj/outputs/controlnet_multimodal/cfg_5p0_control_1p5/000000012576/seg.png,/Users/yixiaoz/Desktop/cs348k_proj/outputs/controlnet_multimodal/cfg_5p0_control_1p5/000000012576/generated.png,dense_text_plus_canny_plus_seg,7,5.0,1.5,1.5,1.5,20,0.5443,0.4185,33.2471
22705,A woman in a short black dress is holding a champagne flute and standing in front of a refrigerator.,"A woman wearing a black dress stands confidently in a kitchen while holding a champagne flute. Stainless steel appliances, wooden cabinets, and household furnishings form the background. Her posture and expression suggest she may be attending a celebration, gathering, or special occasion. The image combines.","A woman wearing a black dress stands confidently in a kitchen while holding a champagne flute. Stainless steel appliances, wooden cabinets, and household furnishings form the background. Her posture and expression suggest she may be attending a celebration, gathering, or special occasion. The image combines.",/Users/yixiaoz/Desktop/cs348k_proj/outputs/controlnet_multimodal/cfg_5p0_control_1p5/000000022705/target.png,/Users/yixiaoz/Desktop/cs348k_proj/outputs/controlnet_multimodal/cfg_5p0_control_1p5/000000022705/canny.png,/Users/yixiaoz/Desktop/cs348k_proj/outputs/controlnet_multimodal/cfg_5p0_control_1p5/000000022705/seg.png,/Users/yixiaoz/Desktop/cs348k_proj/outputs/controlnet_multimodal/cfg_5p0_control_1p5/000000022705/generated.png,dense_text_plus_canny_plus_seg,7,5.0,1.5,1.5,1.5,20,0.5203,0.3257,32.4427
26204,A group of cars waiting at an intersection for the light to change,"Cars wait at an urban intersection lined with buildings, trees, and traffic infrastructure. Vehicles occupy multiple lanes as they pause for a traffic signal before continuing through the city. Sidewalks, storefronts, and street signs contribute to the metropolitan atmosphere. The image emphasizes transportation systems, traffic.","Cars wait at an urban intersection lined with buildings, trees, and traffic infrastructure. Vehicles occupy multiple lanes as they pause for a traffic signal before continuing through the city. Sidewalks, storefronts, and street signs contribute to the metropolitan atmosphere. The image emphasizes transportation systems, traffic.",/Users/yixiaoz/Desktop/cs348k_proj/outputs/controlnet_multimodal/cfg_5p0_control_1p5/000000026204/target.png,/Users/yixiaoz/Desktop/cs348k_proj/outputs/controlnet_multimodal/cfg_5p0_control_1p5/000000026204/canny.png,/Users/yixiaoz/Desktop/cs348k_proj/outputs/controlnet_multimodal/cfg_5p0_control_1p5/000000026204/seg.png,/Users/yixiaoz/Desktop/cs348k_proj/outputs/controlnet_multimodal/cfg_5p0_control_1p5/000000026204/generated.png,dense_text_plus_canny_plus_seg,7,5.0,1.5,1.5,1.5,20,0.3844,0.3203,29.4826
31248,"Living room with white chairs and couches, fireplace and books on bookshelves.","A bright living room features white chairs, comfortable couches, bookshelves, and a fireplace serving as the central focal point. Decorative lamps, framed artwork, and neatly arranged furniture create an elegant and inviting atmosphere. Natural light and balanced interior design contribute to the room’s spacious appearance.","A bright living room features white chairs, comfortable couches, bookshelves, and a fireplace serving as the central focal point. Decorative lamps, framed artwork, and neatly arranged furniture create an elegant and inviting atmosphere. Natural light and balanced interior design contribute to the room’s spacious appearance.",/Users/yixiaoz/Desktop/cs348k_proj/outputs/controlnet_multimodal/cfg_5p0_control_1p5/000000031248/target.png,/Users/yixiaoz/Desktop/cs348k_proj/outputs/controlnet_multimodal/cfg_5p0_control_1p5/000000031248/canny.png,/Users/yixiaoz/Desktop/cs348k_proj/outputs/controlnet_multimodal/cfg_5p0_control_1p5/000000031248/seg.png,/Users/yixiaoz/Desktop/cs348k_proj/outputs/controlnet_multimodal/cfg_5p0_control_1p5/000000031248/generated.png,dense_text_plus_canny_plus_seg,7,5.0,1.5,1.5,1.5,20,0.3378,0.2008,29.9317
107339,A pretty young lady standing in front of a couch behind a wooden table.,"A woman stands in a modern room near a couch and low wooden tables while another person sits nearby. Bright walls, large windows, and contemporary furniture create a clean and open interior space. The standing woman appears to be speaking, presenting, or interacting with the.","A woman stands in a modern room near a couch and low wooden tables while another person sits nearby. Bright walls, large windows, and contemporary furniture create a clean and open interior space. The standing woman appears to be speaking, presenting, or interacting with the.",/Users/yixiaoz/Desktop/cs348k_proj/outputs/controlnet_multimodal/cfg_5p0_control_1p5/000000107339/target.png,/Users/yixiaoz/Desktop/cs348k_proj/outputs/controlnet_multimodal/cfg_5p0_control_1p5/000000107339/canny.png,/Users/yixiaoz/Desktop/cs348k_proj/outputs/controlnet_multimodal/cfg_5p0_control_1p5/000000107339/seg.png,/Users/yixiaoz/Desktop/cs348k_proj/outputs/controlnet_multimodal/cfg_5p0_control_1p5/000000107339/generated.png,dense_text_plus_canny_plus_seg,7,5.0,1.5,1.5,1.5,20,0.5743,0.4786,31.9776
87476,two people standing on the same skateboard and holding each other up.,"Two young people stand together at a public event while holding skateboards and interacting with one another. One person wears a helmet while colorful vehicles and event displays appear in the background. Their posture suggests friendship, instruction, or support during a skateboarding activity. The image.","Two young people stand together at a public event while holding skateboards and interacting with one another. One person wears a helmet while colorful vehicles and event displays appear in the background. Their posture suggests friendship, instruction, or support during a skateboarding activity. The image.",/Users/yixiaoz/Desktop/cs348k_proj/outputs/controlnet_multimodal/cfg_5p0_control_1p5/000000087476/target.png,/Users/yixiaoz/Desktop/cs348k_proj/outputs/controlnet_multimodal/cfg_5p0_control_1p5/000000087476/canny.png,/Users/yixiaoz/Desktop/cs348k_proj/outputs/controlnet_multimodal/cfg_5p0_control_1p5/000000087476/seg.png,/Users/yixiaoz/Desktop/cs348k_proj/outputs/controlnet_multimodal/cfg_5p0_control_1p5/000000087476/generated.png,dense_text_plus_canny_plus_seg,7,5.0,1.5,1.5,1.5,20,0.4661,0.257,35.9866
78748,"A couple of motorcycles in front of sign, with people standing around.","Several motorcycles are parked in front of a display area featuring brand signage while people gather nearby. The polished bikes are arranged for viewing, suggesting a motorcycle show, dealership event, or public exhibition. Spectators walk around the display, examining the vehicles and socializing. The image.","Several motorcycles are parked in front of a display area featuring brand signage while people gather nearby. The polished bikes are arranged for viewing, suggesting a motorcycle show, dealership event, or public exhibition. Spectators walk around the display, examining the vehicles and socializing. The image.",/Users/yixiaoz/Desktop/cs348k_proj/outputs/controlnet_multimodal/cfg_5p0_control_1p5/000000078748/target.png,/Users/yixiaoz/Desktop/cs348k_proj/outputs/controlnet_multimodal/cfg_5p0_control_1p5/000000078748/canny.png,/Users/yixiaoz/Desktop/cs348k_proj/outputs/controlnet_multimodal/cfg_5p0_control_1p5/000000078748/seg.png,/Users/yixiaoz/Desktop/cs348k_proj/outputs/controlnet_multimodal/cfg_5p0_control_1p5/000000078748/generated.png,dense_text_plus_canny_plus_seg,7,5.0,1.5,1.5,1.5,20,0.5041,0.4298,34.6988
29596,"A room with a couch, table set with dinnerware and a television.","A hotel-style room contains a couch, television, dining table, and neatly arranged place settings. Warm lighting, curtains, and decorative furnishings create a comfortable and welcoming atmosphere. The table is prepared for a meal, suggesting hospitality or room service. The image highlights interior design, temporary accommodations.","A hotel-style room contains a couch, television, dining table, and neatly arranged place settings. Warm lighting, curtains, and decorative furnishings create a comfortable and welcoming atmosphere. The table is prepared for a meal, suggesting hospitality or room service. The image highlights interior design, temporary accommodations.",/Users/yixiaoz/Desktop/cs348k_proj/outputs/controlnet_multimodal/cfg_5p0_control_1p5/000000029596/target.png,/Users/yixiaoz/Desktop/cs348k_proj/outputs/controlnet_multimodal/cfg_5p0_control_1p5/000000029596/canny.png,/Users/yixiaoz/Desktop/cs348k_proj/outputs/controlnet_multimodal/cfg_5p0_control_1p5/000000029596/seg.png,/Users/yixiaoz/Desktop/cs348k_proj/outputs/controlnet_multimodal/cfg_5p0_control_1p5/000000029596/generated.png,dense_text_plus_canny_plus_seg,7,5.0,1.5,1.5,1.5,20,0.4893,0.3348,30.3971
33854,"parked cars, motorcycles and buses on a cobblestone parking lot next to a street.","Cars, buses, and motorcycles occupy a cobblestone parking area near a city street lined with buildings. The scene contains multiple forms of transportation gathered within a shared urban space. Pedestrians move through the area while parked vehicles await their drivers. The image captures urban infrastructure.","Cars, buses, and motorcycles occupy a cobblestone parking area near a city street lined with buildings. The scene contains multiple forms of transportation gathered within a shared urban space. Pedestrians move through the area while parked vehicles await their drivers. The image captures urban infrastructure.",/Users/yixiaoz/Desktop/cs348k_proj/outputs/controlnet_multimodal/cfg_5p0_control_1p5/000000033854/target.png,/Users/yixiaoz/Desktop/cs348k_proj/outputs/controlnet_multimodal/cfg_5p0_control_1p5/000000033854/canny.png,/Users/yixiaoz/Desktop/cs348k_proj/outputs/controlnet_multimodal/cfg_5p0_control_1p5/000000033854/seg.png,/Users/yixiaoz/Desktop/cs348k_proj/outputs/controlnet_multimodal/cfg_5p0_control_1p5/000000033854/generated.png,dense_text_plus_canny_plus_seg,7,5.0,1.5,1.5,1.5,20,0.4257,0.2456,31.9467
36844,a black couch a green chair a red chair a mirror and a ceiling fan,"A living room contains a black couch, colorful chairs, a ceiling fan, and large windows that allow natural light into the space. Various pieces of furniture and decorative items are arranged throughout the room, creating a comfortable residential environment. The layout suggests an area designed.","A living room contains a black couch, colorful chairs, a ceiling fan, and large windows that allow natural light into the space. Various pieces of furniture and decorative items are arranged throughout the room, creating a comfortable residential environment. The layout suggests an area designed.",/Users/yixiaoz/Desktop/cs348k_proj/outputs/controlnet_multimodal/cfg_5p0_control_1p5/000000036844/target.png,/Users/yixiaoz/Desktop/cs348k_proj/outputs/controlnet_multimodal/cfg_5p0_control_1p5/000000036844/canny.png,/Users/yixiaoz/Desktop/cs348k_proj/outputs/controlnet_multimodal/cfg_5p0_control_1p5/000000036844/seg.png,/Users/yixiaoz/Desktop/cs348k_proj/outputs/controlnet_multimodal/cfg_5p0_control_1p5/000000036844/generated.png,dense_text_plus_canny_plus_seg,7,5.0,1.5,1.5,1.5,20,0.4088,0.2551,30.1562
1000,A group of kids posing for a picture on a tennis court.,A large group of children gather together on a tennis court while posing for a photograph. Some hold tennis equipment while others stand closely beside teammates and friends. The outdoor sports facility provides a bright and energetic setting. Smiles and casual poses suggest a team.,A large group of children gather together on a tennis court while posing for a photograph. Some hold tennis equipment while others stand closely beside teammates and friends. The outdoor sports facility provides a bright and energetic setting. Smiles and casual poses suggest a team.,/Users/yixiaoz/Desktop/cs348k_proj/outputs/controlnet_multimodal/cfg_5p0_control_1p5/000000001000/target.png,/Users/yixiaoz/Desktop/cs348k_proj/outputs/controlnet_multimodal/cfg_5p0_control_1p5/000000001000/canny.png,/Users/yixiaoz/Desktop/cs348k_proj/outputs/controlnet_multimodal/cfg_5p0_control_1p5/000000001000/seg.png,/Users/yixiaoz/Desktop/cs348k_proj/outputs/controlnet_multimodal/cfg_5p0_control_1p5/000000001000/generated.png,dense_text_plus_canny_plus_seg,7,5.0,1.5,1.5,1.5,20,0.4945,0.3613,32.0606
55528,A man holding a paper bag while showing the camera a toothbrush.,"A man sits in a chair while holding a paper bag and displaying a toothbrush toward the camera. His expression suggests humor or casual conversation as he presents the object. The indoor environment appears relaxed and informal, with household furnishings visible around him. The image.","A man sits in a chair while holding a paper bag and displaying a toothbrush toward the camera. His expression suggests humor or casual conversation as he presents the object. The indoor environment appears relaxed and informal, with household furnishings visible around him. The image.",/Users/yixiaoz/Desktop/cs348k_proj/outputs/controlnet_multimodal/cfg_5p0_control_1p5/000000055528/target.png,/Users/yixiaoz/Desktop/cs348k_proj/outputs/controlnet_multimodal/cfg_5p0_control_1p5/000000055528/canny.png,/Users/yixiaoz/Desktop/cs348k_proj/outputs/controlnet_multimodal/cfg_5p0_control_1p5/000000055528/seg.png,/Users/yixiaoz/Desktop/cs348k_proj/outputs/controlnet_multimodal/cfg_5p0_control_1p5/000000055528/generated.png,dense_text_plus_canny_plus_seg,7,5.0,1.5,1.5,1.5,20,0.4611,0.4965,29.3129
2006,City bus driving through pedestrian saturated area near crosswalk.,"A city bus travels through a busy urban area near a crosswalk while pedestrians and vehicles move through the surrounding streets. Buildings, signs, and transportation infrastructure create a dynamic city environment. The bus serves as the focal point, illustrating the role of public transit in.","A city bus travels through a busy urban area near a crosswalk while pedestrians and vehicles move through the surrounding streets. Buildings, signs, and transportation infrastructure create a dynamic city environment. The bus serves as the focal point, illustrating the role of public transit in.",/Users/yixiaoz/Desktop/cs348k_proj/outputs/controlnet_multimodal/cfg_5p0_control_1p5/000000002006/target.png,/Users/yixiaoz/Desktop/cs348k_proj/outputs/controlnet_multimodal/cfg_5p0_control_1p5/000000002006/canny.png,/Users/yixiaoz/Desktop/cs348k_proj/outputs/controlnet_multimodal/cfg_5p0_control_1p5/000000002006/seg.png,/Users/yixiaoz/Desktop/cs348k_proj/outputs/controlnet_multimodal/cfg_5p0_control_1p5/000000002006/generated.png,dense_text_plus_canny_plus_seg,7,5.0,1.5,1.5,1.5,20,0.4019,0.3306,29.9999
113720,A couple are enjoying pizza and drinks at the restaurant,"A smiling couple sits together at a restaurant table enjoying pizza, drinks, and conversation. Plates of food and beverages are arranged neatly while the pair look toward the camera. The atmosphere appears relaxed and friendly, suggesting a casual meal shared between friends or partners. The.","A smiling couple sits together at a restaurant table enjoying pizza, drinks, and conversation. Plates of food and beverages are arranged neatly while the pair look toward the camera. The atmosphere appears relaxed and friendly, suggesting a casual meal shared between friends or partners. The.",/Users/yixiaoz/Desktop/cs348k_proj/outputs/controlnet_multimodal/cfg_5p0_control_1p5/000000113720/target.png,/Users/yixiaoz/Desktop/cs348k_proj/outputs/controlnet_multimodal/cfg_5p0_control_1p5/000000113720/canny.png,/Users/yixiaoz/Desktop/cs348k_proj/outputs/controlnet_multimodal/cfg_5p0_control_1p5/000000113720/seg.png,/Users/yixiaoz/Desktop/cs348k_proj/outputs/controlnet_multimodal/cfg_5p0_control_1p5/000000113720/generated.png,dense_text_plus_canny_plus_seg,7,5.0,1.5,1.5,1.5,20,0.4315,0.2134,35.9023
52413,"A child holding a pink toy cell phone with ""Princess Aurora"" inside it.",A child holds a pink toy flip phone decorated with imagery inspired by a princess character. The toy is displayed prominently in the foreground while other people and objects appear nearby. Bright colors and playful design elements emphasize childhood interests and imaginative play. The image.,A child holds a pink toy flip phone decorated with imagery inspired by a princess character. The toy is displayed prominently in the foreground while other people and objects appear nearby. Bright colors and playful design elements emphasize childhood interests and imaginative play. The image.,/Users/yixiaoz/Desktop/cs348k_proj/outputs/controlnet_multimodal/cfg_5p0_control_1p5/000000052413/target.png,/Users/yixiaoz/Desktop/cs348k_proj/outputs/controlnet_multimodal/cfg_5p0_control_1p5/000000052413/canny.png,/Users/yixiaoz/Desktop/cs348k_proj/outputs/controlnet_multimodal/cfg_5p0_control_1p5/000000052413/seg.png,/Users/yixiaoz/Desktop/cs348k_proj/outputs/controlnet_multimodal/cfg_5p0_control_1p5/000000052413/generated.png,dense_text_plus_canny_plus_seg,7,5.0,1.5,1.5,1.5,20,0.5803,0.3776,34.4332
60932,A man in a suit that is standing in front of a group of people.,"A man dressed in a formal suit stands confidently in front of a group of people at what appears to be a celebration or reception. The black-and-white image captures him smiling and raising a hand while guests gather in the background. Tables, decorations, and formally.","A man dressed in a formal suit stands confidently in front of a group of people at what appears to be a celebration or reception. The black-and-white image captures him smiling and raising a hand while guests gather in the background. Tables, decorations, and formally.",/Users/yixiaoz/Desktop/cs348k_proj/outputs/controlnet_multimodal/cfg_5p0_control_1p5/000000060932/target.png,/Users/yixiaoz/Desktop/cs348k_proj/outputs/controlnet_multimodal/cfg_5p0_control_1p5/000000060932/canny.png,/Users/yixiaoz/Desktop/cs348k_proj/outputs/controlnet_multimodal/cfg_5p0_control_1p5/000000060932/seg.png,/Users/yixiaoz/Desktop/cs348k_proj/outputs/controlnet_multimodal/cfg_5p0_control_1p5/000000060932/generated.png,dense_text_plus_canny_plus_seg,7,5.0,1.5,1.5,1.5,20,0.3538,0.2106,34.7006
102805,A man in holds a Frisbee in the parking lot by the river.,"A man wearing a hat stands near a riverside parking area while holding a Frisbee in his hand. Mountains and water stretch across the background, creating a scenic outdoor setting. Several parked vehicles and open space suggest a recreational destination where people gather for leisure.","A man wearing a hat stands near a riverside parking area while holding a Frisbee in his hand. Mountains and water stretch across the background, creating a scenic outdoor setting. Several parked vehicles and open space suggest a recreational destination where people gather for leisure.",/Users/yixiaoz/Desktop/cs348k_proj/outputs/controlnet_multimodal/cfg_5p0_control_1p5/000000102805/target.png,/Users/yixiaoz/Desktop/cs348k_proj/outputs/controlnet_multimodal/cfg_5p0_control_1p5/000000102805/canny.png,/Users/yixiaoz/Desktop/cs348k_proj/outputs/controlnet_multimodal/cfg_5p0_control_1p5/000000102805/seg.png,/Users/yixiaoz/Desktop/cs348k_proj/outputs/controlnet_multimodal/cfg_5p0_control_1p5/000000102805/generated.png,dense_text_plus_canny_plus_seg,7,5.0,1.5,1.5,1.5,20,0.4621,0.3179,35.4624
15254,These platters display healthy food choices of two entrees with a side  vegetable and fruit,"A neatly organized lunch container displays a balanced meal consisting of rice, vegetables, fruit, and other healthy foods arranged in separate compartments. Grapes, carrots, and a colorful entrée contribute to the vibrant appearance. The close-up perspective emphasizes nutrition, portioning, and meal preparation. The image reflects.","A neatly organized lunch container displays a balanced meal consisting of rice, vegetables, fruit, and other healthy foods arranged in separate compartments. Grapes, carrots, and a colorful entrée contribute to the vibrant appearance. The close-up perspective emphasizes nutrition, portioning, and meal preparation. The image reflects.",/Users/yixiaoz/Desktop/cs348k_proj/outputs/controlnet_multimodal/cfg_5p0_control_1p5/000000015254/target.png,/Users/yixiaoz/Desktop/cs348k_proj/outputs/controlnet_multimodal/cfg_5p0_control_1p5/000000015254/canny.png,/Users/yixiaoz/Desktop/cs348k_proj/outputs/controlnet_multimodal/cfg_5p0_control_1p5/000000015254/seg.png,/Users/yixiaoz/Desktop/cs348k_proj/outputs/controlnet_multimodal/cfg_5p0_control_1p5/000000015254/generated.png,dense_text_plus_canny_plus_seg,7,5.0,1.5,1.5,1.5,20,0.5682,0.3437,37.4901
24567,There is a man looking at a lot if hot dogs in a bun in a pan,"A man wearing a hat looks down at a tray filled with hot dogs arranged in buns. The outdoor setting suggests a barbecue, picnic, or community gathering where food is being prepared and served. Bright colors from the toppings and buns create a festive appearance.","A man wearing a hat looks down at a tray filled with hot dogs arranged in buns. The outdoor setting suggests a barbecue, picnic, or community gathering where food is being prepared and served. Bright colors from the toppings and buns create a festive appearance.",/Users/yixiaoz/Desktop/cs348k_proj/outputs/controlnet_multimodal/cfg_5p0_control_1p5/000000024567/target.png,/Users/yixiaoz/Desktop/cs348k_proj/outputs/controlnet_multimodal/cfg_5p0_control_1p5/000000024567/canny.png,/Users/yixiaoz/Desktop/cs348k_proj/outputs/controlnet_multimodal/cfg_5p0_control_1p5/000000024567/seg.png,/Users/yixiaoz/Desktop/cs348k_proj/outputs/controlnet_multimodal/cfg_5p0_control_1p5/000000024567/generated.png,dense_text_plus_canny_plus_seg,7,5.0,1.5,1.5,1.5,20,0.555,0.3093,36.2171
25603,A girl sitting around a table in a restaurant eating a pizza.,"A young girl sits at a restaurant table with a pizza placed in front of her. Glasses, plates, and table settings surround the meal while the warm indoor lighting creates a cozy atmosphere. She looks toward the camera as if waiting to eat or enjoying.","A young girl sits at a restaurant table with a pizza placed in front of her. Glasses, plates, and table settings surround the meal while the warm indoor lighting creates a cozy atmosphere. She looks toward the camera as if waiting to eat or enjoying.",/Users/yixiaoz/Desktop/cs348k_proj/outputs/controlnet_multimodal/cfg_5p0_control_1p5/000000025603/target.png,/Users/yixiaoz/Desktop/cs348k_proj/outputs/controlnet_multimodal/cfg_5p0_control_1p5/000000025603/canny.png,/Users/yixiaoz/Desktop/cs348k_proj/outputs/controlnet_multimodal/cfg_5p0_control_1p5/000000025603/seg.png,/Users/yixiaoz/Desktop/cs348k_proj/outputs/controlnet_multimodal/cfg_5p0_control_1p5/000000025603/generated.png,dense_text_plus_canny_plus_seg,7,5.0,1.5,1.5,1.5,20,0.5259,0.3877,30.1178
55150,Two children sit atop their parent's luggage in the parking lot.,"Two children sit atop luggage carts in a parking lot while surrounded by parked vehicles. The scene appears to capture a family trip, airport arrival, or vacation departure. The children seem comfortable and playful as they ride on the luggage. Cars, travel equipment, and open.","Two children sit atop luggage carts in a parking lot while surrounded by parked vehicles. The scene appears to capture a family trip, airport arrival, or vacation departure. The children seem comfortable and playful as they ride on the luggage. Cars, travel equipment, and open.",/Users/yixiaoz/Desktop/cs348k_proj/outputs/controlnet_multimodal/cfg_5p0_control_1p5/000000055150/target.png,/Users/yixiaoz/Desktop/cs348k_proj/outputs/controlnet_multimodal/cfg_5p0_control_1p5/000000055150/canny.png,/Users/yixiaoz/Desktop/cs348k_proj/outputs/controlnet_multimodal/cfg_5p0_control_1p5/000000055150/seg.png,/Users/yixiaoz/Desktop/cs348k_proj/outputs/controlnet_multimodal/cfg_5p0_control_1p5/000000055150/generated.png,dense_text_plus_canny_plus_seg,7,5.0,1.5,1.5,1.5,20,0.4113,0.3234,34.6561
30828,A person covered with an orange sleeping bag rests his head on a blue back pack as he sleeps on a park bench.,"A person sleeps on a park bench while covered by an orange sleeping bag and resting beside a backpack. The outdoor setting includes grass, trees, and surrounding park features. The image captures a quiet moment of rest in a public space, contrasting the bright colors.","A person sleeps on a park bench while covered by an orange sleeping bag and resting beside a backpack. The outdoor setting includes grass, trees, and surrounding park features. The image captures a quiet moment of rest in a public space, contrasting the bright colors.",/Users/yixiaoz/Desktop/cs348k_proj/outputs/controlnet_multimodal/cfg_5p0_control_1p5/000000030828/target.png,/Users/yixiaoz/Desktop/cs348k_proj/outputs/controlnet_multimodal/cfg_5p0_control_1p5/000000030828/canny.png,/Users/yixiaoz/Desktop/cs348k_proj/outputs/controlnet_multimodal/cfg_5p0_control_1p5/000000030828/seg.png,/Users/yixiaoz/Desktop/cs348k_proj/outputs/controlnet_multimodal/cfg_5p0_control_1p5/000000030828/generated.png,dense_text_plus_canny_plus_seg,7,5.0,1.5,1.5,1.5,20,0.5445,0.4037,34.9215
32334,"Two people, a man and a woman, are toasting with wine glasses.","A smiling man and woman hold wine glasses while posing together indoors. The casual setting appears to be a social gathering, dinner, or celebration where friends enjoy food and drinks. Warm lighting and relaxed expressions create a welcoming atmosphere. The image emphasizes companionship, hospitality, and.","A smiling man and woman hold wine glasses while posing together indoors. The casual setting appears to be a social gathering, dinner, or celebration where friends enjoy food and drinks. Warm lighting and relaxed expressions create a welcoming atmosphere. The image emphasizes companionship, hospitality, and.",/Users/yixiaoz/Desktop/cs348k_proj/outputs/controlnet_multimodal/cfg_5p0_control_1p5/000000032334/target.png,/Users/yixiaoz/Desktop/cs348k_proj/outputs/controlnet_multimodal/cfg_5p0_control_1p5/000000032334/canny.png,/Users/yixiaoz/Desktop/cs348k_proj/outputs/controlnet_multimodal/cfg_5p0_control_1p5/000000032334/seg.png,/Users/yixiaoz/Desktop/cs348k_proj/outputs/controlnet_multimodal/cfg_5p0_control_1p5/000000032334/generated.png,dense_text_plus_canny_plus_seg,7,5.0,1.5,1.5,1.5,20,0.4836,0.4291,33.9257
92416,A male with a bottled beverage wearing a flower in his lapel.,"A young man wearing formal attire stands outdoors holding a bottled beverage. A flower pinned to his lapel suggests participation in a wedding, graduation, or other ceremonial event. Water and distant scenery form a pleasant background. His posture and clothing indicate a special occasion, while.","A young man wearing formal attire stands outdoors holding a bottled beverage. A flower pinned to his lapel suggests participation in a wedding, graduation, or other ceremonial event. Water and distant scenery form a pleasant background. His posture and clothing indicate a special occasion, while.",/Users/yixiaoz/Desktop/cs348k_proj/outputs/controlnet_multimodal/cfg_5p0_control_1p5/000000092416/target.png,/Users/yixiaoz/Desktop/cs348k_proj/outputs/controlnet_multimodal/cfg_5p0_control_1p5/000000092416/canny.png,/Users/yixiaoz/Desktop/cs348k_proj/outputs/controlnet_multimodal/cfg_5p0_control_1p5/000000092416/seg.png,/Users/yixiaoz/Desktop/cs348k_proj/outputs/controlnet_multimodal/cfg_5p0_control_1p5/000000092416/generated.png,dense_text_plus_canny_plus_seg,7,5.0,1.5,1.5,1.5,20,0.4662,0.4646,24.0877
20553,Large stuffed animal posed outdoors as if sitting in a chair with beverages on a table.,A large stuffed animal is arranged outdoors in a desert-like environment while seated in a chair beside beverages and decorative items placed on a small table. The unusual setup creates a humorous and imaginative scene. Open ground and sparse surroundings emphasize the contrast between the.,A large stuffed animal is arranged outdoors in a desert-like environment while seated in a chair beside beverages and decorative items placed on a small table. The unusual setup creates a humorous and imaginative scene. Open ground and sparse surroundings emphasize the contrast between the.,/Users/yixiaoz/Desktop/cs348k_proj/outputs/controlnet_multimodal/cfg_5p0_control_1p5/000000020553/target.png,/Users/yixiaoz/Desktop/cs348k_proj/outputs/controlnet_multimodal/cfg_5p0_control_1p5/000000020553/canny.png,/Users/yixiaoz/Desktop/cs348k_proj/outputs/controlnet_multimodal/cfg_5p0_control_1p5/000000020553/seg.png,/Users/yixiaoz/Desktop/cs348k_proj/outputs/controlnet_multimodal/cfg_5p0_control_1p5/000000020553/generated.png,dense_text_plus_canny_plus_seg,7,5.0,1.5,1.5,1.5,20,0.4739,0.4042,37.8475
93437,An older man is wearing a funny hat in his dining room.,"An elderly man wearing a distinctive hat stands inside a dining area or kitchen while smiling toward the camera. Household furnishings and cabinets appear in the background, creating a comfortable domestic setting. His expression suggests warmth and friendliness, while the unusual hat adds character and.","An elderly man wearing a distinctive hat stands inside a dining area or kitchen while smiling toward the camera. Household furnishings and cabinets appear in the background, creating a comfortable domestic setting. His expression suggests warmth and friendliness, while the unusual hat adds character and.",/Users/yixiaoz/Desktop/cs348k_proj/outputs/controlnet_multimodal/cfg_5p0_control_1p5/000000093437/target.png,/Users/yixiaoz/Desktop/cs348k_proj/outputs/controlnet_multimodal/cfg_5p0_control_1p5/000000093437/canny.png,/Users/yixiaoz/Desktop/cs348k_proj/outputs/controlnet_multimodal/cfg_5p0_control_1p5/000000093437/seg.png,/Users/yixiaoz/Desktop/cs348k_proj/outputs/controlnet_multimodal/cfg_5p0_control_1p5/000000093437/generated.png,dense_text_plus_canny_plus_seg,7,5.0,1.5,1.5,1.5,20,0.4979,0.3999,32.0727
89648,People using electronic devises all facing in the same direction.,"Several people sit in rows while using laptops and other electronic devices. Viewed from above, the scene resembles a classroom, workshop, conference, or training session focused on technology. Participants face the same direction and appear engaged with their screens. The arrangement emphasizes learning, collaboration, and.","Several people sit in rows while using laptops and other electronic devices. Viewed from above, the scene resembles a classroom, workshop, conference, or training session focused on technology. Participants face the same direction and appear engaged with their screens. The arrangement emphasizes learning, collaboration, and.",/Users/yixiaoz/Desktop/cs348k_proj/outputs/controlnet_multimodal/cfg_5p0_control_1p5/000000089648/target.png,/Users/yixiaoz/Desktop/cs348k_proj/outputs/controlnet_multimodal/cfg_5p0_control_1p5/000000089648/canny.png,/Users/yixiaoz/Desktop/cs348k_proj/outputs/controlnet_multimodal/cfg_5p0_control_1p5/000000089648/seg.png,/Users/yixiaoz/Desktop/cs348k_proj/outputs/controlnet_multimodal/cfg_5p0_control_1p5/000000089648/generated.png,dense_text_plus_canny_plus_seg,7,5.0,1.5,1.5,1.5,20,0.4256,0.2444,32.5484
7574,"A kitchen with two sinks, a counter, detergent, a stove and a refrigerator in it.","A kitchen interior contains wooden cabinets, a refrigerator, a stove, countertops, and cleaning supplies arranged around the room. Various household items are visible near the sink and work surfaces, creating a realistic lived-in appearance. The image emphasizes domestic functionality and organization while showcasing the appliances.","A kitchen interior contains wooden cabinets, a refrigerator, a stove, countertops, and cleaning supplies arranged around the room. Various household items are visible near the sink and work surfaces, creating a realistic lived-in appearance. The image emphasizes domestic functionality and organization while showcasing the appliances.",/Users/yixiaoz/Desktop/cs348k_proj/outputs/controlnet_multimodal/cfg_5p0_control_1p5/000000007574/target.png,/Users/yixiaoz/Desktop/cs348k_proj/outputs/controlnet_multimodal/cfg_5p0_control_1p5/000000007574/canny.png,/Users/yixiaoz/Desktop/cs348k_proj/outputs/controlnet_multimodal/cfg_5p0_control_1p5/000000007574/seg.png,/Users/yixiaoz/Desktop/cs348k_proj/outputs/controlnet_multimodal/cfg_5p0_control_1p5/000000007574/generated.png,dense_text_plus_canny_plus_seg,7,5.0,1.5,1.5,1.5,20,0.407,0.3619,33.2001
88040,"Plates of shrimp, vegetables, and noodles served with tea.","Several plates of food are arranged on a table viewed from above, including shrimp, vegetables, noodles, and accompanying beverages. Bowls, cups, and serving dishes contribute to the inviting dining presentation. The meal appears carefully prepared and shared among multiple people. The image highlights culinary variety.","Several plates of food are arranged on a table viewed from above, including shrimp, vegetables, noodles, and accompanying beverages. Bowls, cups, and serving dishes contribute to the inviting dining presentation. The meal appears carefully prepared and shared among multiple people. The image highlights culinary variety.",/Users/yixiaoz/Desktop/cs348k_proj/outputs/controlnet_multimodal/cfg_5p0_control_1p5/000000088040/target.png,/Users/yixiaoz/Desktop/cs348k_proj/outputs/controlnet_multimodal/cfg_5p0_control_1p5/000000088040/canny.png,/Users/yixiaoz/Desktop/cs348k_proj/outputs/controlnet_multimodal/cfg_5p0_control_1p5/000000088040/seg.png,/Users/yixiaoz/Desktop/cs348k_proj/outputs/controlnet_multimodal/cfg_5p0_control_1p5/000000088040/generated.png,dense_text_plus_canny_plus_seg,7,5.0,1.5,1.5,1.5,20,0.4653,0.2582,34.3075
4134,Two men standing next to each other holding hands.,"Two men stand together at a formal event while greeting one another and shaking hands. Other attendees and banquet tables are visible in the background, suggesting a conference, reception, or celebration. Their professional attire and engaged expressions indicate a respectful social interaction. The image highlights.","Two men stand together at a formal event while greeting one another and shaking hands. Other attendees and banquet tables are visible in the background, suggesting a conference, reception, or celebration. Their professional attire and engaged expressions indicate a respectful social interaction. The image highlights.",/Users/yixiaoz/Desktop/cs348k_proj/outputs/controlnet_multimodal/cfg_5p0_control_1p5/000000004134/target.png,/Users/yixiaoz/Desktop/cs348k_proj/outputs/controlnet_multimodal/cfg_5p0_control_1p5/000000004134/canny.png,/Users/yixiaoz/Desktop/cs348k_proj/outputs/controlnet_multimodal/cfg_5p0_control_1p5/000000004134/seg.png,/Users/yixiaoz/Desktop/cs348k_proj/outputs/controlnet_multimodal/cfg_5p0_control_1p5/000000004134/generated.png,dense_text_plus_canny_plus_seg,7,5.0,1.5,1.5,1.5,20,0.5065,0.3551,29.3222
39769,Two cats sleeping with a remote control near each of them.,Two cats sleep peacefully on a bright pink blanket with television remotes placed nearby. Their relaxed poses and stretched bodies create a calm and comfortable scene. The indoor setting suggests a living room or bedroom where the animals have chosen a soft resting place. The.,Two cats sleep peacefully on a bright pink blanket with television remotes placed nearby. Their relaxed poses and stretched bodies create a calm and comfortable scene. The indoor setting suggests a living room or bedroom where the animals have chosen a soft resting place. The.,/Users/yixiaoz/Desktop/cs348k_proj/outputs/controlnet_multimodal/cfg_5p0_control_1p5/000000039769/target.png,/Users/yixiaoz/Desktop/cs348k_proj/outputs/controlnet_multimodal/cfg_5p0_control_1p5/000000039769/canny.png,/Users/yixiaoz/Desktop/cs348k_proj/outputs/controlnet_multimodal/cfg_5p0_control_1p5/000000039769/seg.png,/Users/yixiaoz/Desktop/cs348k_proj/outputs/controlnet_multimodal/cfg_5p0_control_1p5/000000039769/generated.png,dense_text_plus_canny_plus_seg,7,5.0,1.5,1.5,1.5,20,0.584,0.4297,31.4753
14439,A group of people standing on a field flying a colorful kite.,"A group of people stand together in a grassy park while flying a large colorful kite. Open space, recreational equipment, and other visitors create a lively outdoor environment. Participants work together to manage the kite as it catches the wind above the field. The image.","A group of people stand together in a grassy park while flying a large colorful kite. Open space, recreational equipment, and other visitors create a lively outdoor environment. Participants work together to manage the kite as it catches the wind above the field. The image.",/Users/yixiaoz/Desktop/cs348k_proj/outputs/controlnet_multimodal/cfg_5p0_control_1p5/000000014439/target.png,/Users/yixiaoz/Desktop/cs348k_proj/outputs/controlnet_multimodal/cfg_5p0_control_1p5/000000014439/canny.png,/Users/yixiaoz/Desktop/cs348k_proj/outputs/controlnet_multimodal/cfg_5p0_control_1p5/000000014439/seg.png,/Users/yixiaoz/Desktop/cs348k_proj/outputs/controlnet_multimodal/cfg_5p0_control_1p5/000000014439/generated.png,dense_text_plus_canny_plus_seg,7,5.0,1.5,1.5,1.5,20,0.4649,0.2751,40.3589
104669,"A plate with a meal of meat, potatoes, carrots, and broccoli.","A plate holds a complete meal featuring a piece of meat alongside potatoes, carrots, broccoli, and other vegetables. The arrangement is neatly presented, suggesting a restaurant dish or carefully prepared home-cooked dinner. Bright colors from the vegetables contrast with the darker entrée. The image emphasizes.","A plate holds a complete meal featuring a piece of meat alongside potatoes, carrots, broccoli, and other vegetables. The arrangement is neatly presented, suggesting a restaurant dish or carefully prepared home-cooked dinner. Bright colors from the vegetables contrast with the darker entrée. The image emphasizes.",/Users/yixiaoz/Desktop/cs348k_proj/outputs/controlnet_multimodal/cfg_5p0_control_1p5/000000104669/target.png,/Users/yixiaoz/Desktop/cs348k_proj/outputs/controlnet_multimodal/cfg_5p0_control_1p5/000000104669/canny.png,/Users/yixiaoz/Desktop/cs348k_proj/outputs/controlnet_multimodal/cfg_5p0_control_1p5/000000104669/seg.png,/Users/yixiaoz/Desktop/cs348k_proj/outputs/controlnet_multimodal/cfg_5p0_control_1p5/000000104669/generated.png,dense_text_plus_canny_plus_seg,7,5.0,1.5,1.5,1.5,20,0.4844,0.2846,33.4698
11149,A man sitting on a motorcycle near several bicycles with a partially visible person standing nearby.,"A motorcycle is parked near several bicycles while people stand nearby in an outdoor setting. The collection of vehicles suggests a shared recreational or transportation area. Trees, pathways, and surrounding activity contribute to the public atmosphere. The image highlights different modes of personal transportation and.","A motorcycle is parked near several bicycles while people stand nearby in an outdoor setting. The collection of vehicles suggests a shared recreational or transportation area. Trees, pathways, and surrounding activity contribute to the public atmosphere. The image highlights different modes of personal transportation and.",/Users/yixiaoz/Desktop/cs348k_proj/outputs/controlnet_multimodal/cfg_5p0_control_1p5/000000011149/target.png,/Users/yixiaoz/Desktop/cs348k_proj/outputs/controlnet_multimodal/cfg_5p0_control_1p5/000000011149/canny.png,/Users/yixiaoz/Desktop/cs348k_proj/outputs/controlnet_multimodal/cfg_5p0_control_1p5/000000011149/seg.png,/Users/yixiaoz/Desktop/cs348k_proj/outputs/controlnet_multimodal/cfg_5p0_control_1p5/000000011149/generated.png,dense_text_plus_canny_plus_seg,7,5.0,1.5,1.5,1.5,20,0.4861,0.3514,28.4044
52996,A group of women in military outfits helping other women in a kitchen.,"A group of women wearing military-style uniforms work together in a kitchen while preparing food. Large pots, utensils, and work surfaces indicate an organized cooking effort intended to serve many people. Their coordinated activity reflects teamwork and shared responsibility. The image highlights food preparation, community.","A group of women wearing military-style uniforms work together in a kitchen while preparing food. Large pots, utensils, and work surfaces indicate an organized cooking effort intended to serve many people. Their coordinated activity reflects teamwork and shared responsibility. The image highlights food preparation, community.",/Users/yixiaoz/Desktop/cs348k_proj/outputs/controlnet_multimodal/cfg_5p0_control_1p5/000000052996/target.png,/Users/yixiaoz/Desktop/cs348k_proj/outputs/controlnet_multimodal/cfg_5p0_control_1p5/000000052996/canny.png,/Users/yixiaoz/Desktop/cs348k_proj/outputs/controlnet_multimodal/cfg_5p0_control_1p5/000000052996/seg.png,/Users/yixiaoz/Desktop/cs348k_proj/outputs/controlnet_multimodal/cfg_5p0_control_1p5/000000052996/generated.png,dense_text_plus_canny_plus_seg,7,5.0,1.5,1.5,1.5,20,0.4586,0.3033,38.1555
30213,"The picture shows the interior of a kitchen, with vintage refrigerator, stove, and other appliances.","The interior of a vintage-style kitchen is filled with retro appliances, patterned wallpaper, wooden cabinets, and decorative household items. A classic refrigerator, stove, sink, and dining furniture create a nostalgic atmosphere reminiscent of mid-century home design. Various utensils, containers, and decorations are arranged throughout the.","The interior of a vintage-style kitchen is filled with retro appliances, patterned wallpaper, wooden cabinets, and decorative household items. A classic refrigerator, stove, sink, and dining furniture create a nostalgic atmosphere reminiscent of mid-century home design. Various utensils, containers, and decorations are arranged throughout the.",/Users/yixiaoz/Desktop/cs348k_proj/outputs/controlnet_multimodal/cfg_5p0_control_1p5/000000030213/target.png,/Users/yixiaoz/Desktop/cs348k_proj/outputs/controlnet_multimodal/cfg_5p0_control_1p5/000000030213/canny.png,/Users/yixiaoz/Desktop/cs348k_proj/outputs/controlnet_multimodal/cfg_5p0_control_1p5/000000030213/seg.png,/Users/yixiaoz/Desktop/cs348k_proj/outputs/controlnet_multimodal/cfg_5p0_control_1p5/000000030213/generated.png,dense_text_plus_canny_plus_seg,7,5.0,1.5,1.5,1.5,20,0.4481,0.2355,30.8348
56127,"A room with a fire extinguisher, mugs hanging from a shelf and several lights.","A narrow interior room contains shelves lined with mugs, a fire extinguisher, counters, hanging lights, and decorative details. Warm lighting and colorful walls create a welcoming atmosphere that resembles a small café, restaurant service area, or compact workspace. The room is carefully organized to maximize.","A narrow interior room contains shelves lined with mugs, a fire extinguisher, counters, hanging lights, and decorative details. Warm lighting and colorful walls create a welcoming atmosphere that resembles a small café, restaurant service area, or compact workspace. The room is carefully organized to maximize.",/Users/yixiaoz/Desktop/cs348k_proj/outputs/controlnet_multimodal/cfg_5p0_control_1p5/000000056127/target.png,/Users/yixiaoz/Desktop/cs348k_proj/outputs/controlnet_multimodal/cfg_5p0_control_1p5/000000056127/canny.png,/Users/yixiaoz/Desktop/cs348k_proj/outputs/controlnet_multimodal/cfg_5p0_control_1p5/000000056127/seg.png,/Users/yixiaoz/Desktop/cs348k_proj/outputs/controlnet_multimodal/cfg_5p0_control_1p5/000000056127/generated.png,dense_text_plus_canny_plus_seg,7,5.0,1.5,1.5,1.5,20,0.5431,0.3901,23.9099
84031,A batter swinging a bat at a baseball with the catcher and umpire behind him.,A baseball player swings at a pitch while the catcher and umpire closely follow the action behind home plate. The game takes place on a well-maintained field surrounded by spectators and stadium structures. The batter’s posture captures the intensity and timing required in competitive baseball.,A baseball player swings at a pitch while the catcher and umpire closely follow the action behind home plate. The game takes place on a well-maintained field surrounded by spectators and stadium structures. The batter’s posture captures the intensity and timing required in competitive baseball.,/Users/yixiaoz/Desktop/cs348k_proj/outputs/controlnet_multimodal/cfg_5p0_control_1p5/000000084031/target.png,/Users/yixiaoz/Desktop/cs348k_proj/outputs/controlnet_multimodal/cfg_5p0_control_1p5/000000084031/canny.png,/Users/yixiaoz/Desktop/cs348k_proj/outputs/controlnet_multimodal/cfg_5p0_control_1p5/000000084031/seg.png,/Users/yixiaoz/Desktop/cs348k_proj/outputs/controlnet_multimodal/cfg_5p0_control_1p5/000000084031/generated.png,dense_text_plus_canny_plus_seg,7,5.0,1.5,1.5,1.5,20,0.4584,0.3179,27.6929
74209,A black and stainless steel kitchen with a snack bar and bar stools.,"A modern kitchen features stainless steel appliances, polished countertops, pendant lighting, and a snack bar lined with stools. The clean design emphasizes contemporary architecture and efficient use of space. Cabinets, sinks, and work surfaces are neatly arranged to support cooking and dining activities. The room.","A modern kitchen features stainless steel appliances, polished countertops, pendant lighting, and a snack bar lined with stools. The clean design emphasizes contemporary architecture and efficient use of space. Cabinets, sinks, and work surfaces are neatly arranged to support cooking and dining activities. The room.",/Users/yixiaoz/Desktop/cs348k_proj/outputs/controlnet_multimodal/cfg_5p0_control_1p5/000000074209/target.png,/Users/yixiaoz/Desktop/cs348k_proj/outputs/controlnet_multimodal/cfg_5p0_control_1p5/000000074209/canny.png,/Users/yixiaoz/Desktop/cs348k_proj/outputs/controlnet_multimodal/cfg_5p0_control_1p5/000000074209/seg.png,/Users/yixiaoz/Desktop/cs348k_proj/outputs/controlnet_multimodal/cfg_5p0_control_1p5/000000074209/generated.png,dense_text_plus_canny_plus_seg,7,5.0,1.5,1.5,1.5,20,0.3983,0.2843,31.4251
52891,A dog walking on the beach with a frizzbe in his month.,"A dog stands on a sandy beach while carrying a bright yellow frisbee in its mouth. Ocean water, waves, and distant shoreline scenery create a scenic coastal backdrop. The animal appears alert and energetic, as if engaged in a game of fetch with its owner.","A dog stands on a sandy beach while carrying a bright yellow frisbee in its mouth. Ocean water, waves, and distant shoreline scenery create a scenic coastal backdrop. The animal appears alert and energetic, as if engaged in a game of fetch with its owner.",/Users/yixiaoz/Desktop/cs348k_proj/outputs/controlnet_multimodal/cfg_5p0_control_1p5/000000052891/target.png,/Users/yixiaoz/Desktop/cs348k_proj/outputs/controlnet_multimodal/cfg_5p0_control_1p5/000000052891/canny.png,/Users/yixiaoz/Desktop/cs348k_proj/outputs/controlnet_multimodal/cfg_5p0_control_1p5/000000052891/seg.png,/Users/yixiaoz/Desktop/cs348k_proj/outputs/controlnet_multimodal/cfg_5p0_control_1p5/000000052891/generated.png,dense_text_plus_canny_plus_seg,7,5.0,1.5,1.5,1.5,20,0.5368,0.5105,34.794
99039,Plates of food and two glasses of red wine are on a table.,Several plates of food and two glasses of red wine are arranged on a table beside a large window overlooking greenery and nearby buildings. The setting appears to be a restaurant or dining area where people are enjoying a meal together. Soft natural light enters.,Several plates of food and two glasses of red wine are arranged on a table beside a large window overlooking greenery and nearby buildings. The setting appears to be a restaurant or dining area where people are enjoying a meal together. Soft natural light enters.,/Users/yixiaoz/Desktop/cs348k_proj/outputs/controlnet_multimodal/cfg_5p0_control_1p5/000000099039/target.png,/Users/yixiaoz/Desktop/cs348k_proj/outputs/controlnet_multimodal/cfg_5p0_control_1p5/000000099039/canny.png,/Users/yixiaoz/Desktop/cs348k_proj/outputs/controlnet_multimodal/cfg_5p0_control_1p5/000000099039/seg.png,/Users/yixiaoz/Desktop/cs348k_proj/outputs/controlnet_multimodal/cfg_5p0_control_1p5/000000099039/generated.png,dense_text_plus_canny_plus_seg,7,5.0,1.5,1.5,1.5,20,0.4528,0.3734,31.6406
66635,"An apple computer monitor, keyboard and mouse sits on top of a clean wooden desk.","An Apple desktop computer sits on a clean wooden desk alongside a keyboard and mouse. The workspace is simple, organized, and free from clutter, emphasizing productivity and focus. The monitor occupies the center of the arrangement while the surrounding furniture provides ample working space. The.","An Apple desktop computer sits on a clean wooden desk alongside a keyboard and mouse. The workspace is simple, organized, and free from clutter, emphasizing productivity and focus. The monitor occupies the center of the arrangement while the surrounding furniture provides ample working space. The.",/Users/yixiaoz/Desktop/cs348k_proj/outputs/controlnet_multimodal/cfg_5p0_control_1p5/000000066635/target.png,/Users/yixiaoz/Desktop/cs348k_proj/outputs/controlnet_multimodal/cfg_5p0_control_1p5/000000066635/canny.png,/Users/yixiaoz/Desktop/cs348k_proj/outputs/controlnet_multimodal/cfg_5p0_control_1p5/000000066635/seg.png,/Users/yixiaoz/Desktop/cs348k_proj/outputs/controlnet_multimodal/cfg_5p0_control_1p5/000000066635/generated.png,dense_text_plus_canny_plus_seg,7,5.0,1.5,1.5,1.5,20,0.5143,0.2989,34.6122
107226,Men race on wheeled vehicles towed by a group of husky dogs.,Competitors participate in a dog-powered racing event where huskies pull wheeled vehicles through an outdoor course. Spectators gather nearby to watch the action while handlers guide the dogs. The animals appear strong and energetic as they work together as a team. The image highlights sporting.,Competitors participate in a dog-powered racing event where huskies pull wheeled vehicles through an outdoor course. Spectators gather nearby to watch the action while handlers guide the dogs. The animals appear strong and energetic as they work together as a team. The image highlights sporting.,/Users/yixiaoz/Desktop/cs348k_proj/outputs/controlnet_multimodal/cfg_5p0_control_1p5/000000107226/target.png,/Users/yixiaoz/Desktop/cs348k_proj/outputs/controlnet_multimodal/cfg_5p0_control_1p5/000000107226/canny.png,/Users/yixiaoz/Desktop/cs348k_proj/outputs/controlnet_multimodal/cfg_5p0_control_1p5/000000107226/seg.png,/Users/yixiaoz/Desktop/cs348k_proj/outputs/controlnet_multimodal/cfg_5p0_control_1p5/000000107226/generated.png,dense_text_plus_canny_plus_seg,7,5.0,1.5,1.5,1.5,20,0.5702,0.3748,35.6199
14038,A kitchen with hard wood floors and a yellow smiley face balloon.,"A living room decorated for a celebration contains colorful balloons, furniture, and a large yellow smiley-face balloon suspended near the ceiling. The room features wooden flooring, entertainment equipment, and decorative touches that create a festive atmosphere. The arrangement suggests a birthday party or social gathering.","A living room decorated for a celebration contains colorful balloons, furniture, and a large yellow smiley-face balloon suspended near the ceiling. The room features wooden flooring, entertainment equipment, and decorative touches that create a festive atmosphere. The arrangement suggests a birthday party or social gathering.",/Users/yixiaoz/Desktop/cs348k_proj/outputs/controlnet_multimodal/cfg_5p0_control_1p5/000000014038/target.png,/Users/yixiaoz/Desktop/cs348k_proj/outputs/controlnet_multimodal/cfg_5p0_control_1p5/000000014038/canny.png,/Users/yixiaoz/Desktop/cs348k_proj/outputs/controlnet_multimodal/cfg_5p0_control_1p5/000000014038/seg.png,/Users/yixiaoz/Desktop/cs348k_proj/outputs/controlnet_multimodal/cfg_5p0_control_1p5/000000014038/generated.png,dense_text_plus_canny_plus_seg,7,5.0,1.5,1.5,1.5,20,0.4291,0.2081,33.8442
114884,"A woman with a cigarette standing, while a group of people with luggage walk towards a bus.","A woman stands inside a transportation terminal while travelers carrying luggage move through the background toward buses or other transit services. The spacious facility contains seating areas, structural supports, and signs associated with public transportation. People appear focused on their journeys as they navigate the.","A woman stands inside a transportation terminal while travelers carrying luggage move through the background toward buses or other transit services. The spacious facility contains seating areas, structural supports, and signs associated with public transportation. People appear focused on their journeys as they navigate the.",/Users/yixiaoz/Desktop/cs348k_proj/outputs/controlnet_multimodal/cfg_5p0_control_1p5/000000114884/target.png,/Users/yixiaoz/Desktop/cs348k_proj/outputs/controlnet_multimodal/cfg_5p0_control_1p5/000000114884/canny.png,/Users/yixiaoz/Desktop/cs348k_proj/outputs/controlnet_multimodal/cfg_5p0_control_1p5/000000114884/seg.png,/Users/yixiaoz/Desktop/cs348k_proj/outputs/controlnet_multimodal/cfg_5p0_control_1p5/000000114884/generated.png,dense_text_plus_canny_plus_seg,7,5.0,1.5,1.5,1.5,20,0.4542,0.3365,30.1157
12120,A couple of women playing a game of tennis on a tennis court.,"Two women compete in a tennis match on a professional court surrounded by spectators and stadium seating. Both athletes focus intensely on the ball as they move across the blue playing surface. The sporting venue includes advertising displays, officials, and fans observing the competition. The.","Two women compete in a tennis match on a professional court surrounded by spectators and stadium seating. Both athletes focus intensely on the ball as they move across the blue playing surface. The sporting venue includes advertising displays, officials, and fans observing the competition. The.",/Users/yixiaoz/Desktop/cs348k_proj/outputs/controlnet_multimodal/cfg_5p0_control_1p5/000000012120/target.png,/Users/yixiaoz/Desktop/cs348k_proj/outputs/controlnet_multimodal/cfg_5p0_control_1p5/000000012120/canny.png,/Users/yixiaoz/Desktop/cs348k_proj/outputs/controlnet_multimodal/cfg_5p0_control_1p5/000000012120/seg.png,/Users/yixiaoz/Desktop/cs348k_proj/outputs/controlnet_multimodal/cfg_5p0_control_1p5/000000012120/generated.png,dense_text_plus_canny_plus_seg,7,5.0,1.5,1.5,1.5,20,0.5292,0.389,34.029
87470,a big heard of cows walking down a road in a row with green tags on their ears,A large herd of cattle walks together along a rural road bordered by open countryside. The animals move in an organized line while green ear tags help identify members of the herd. Rolling terrain and natural vegetation create an agricultural landscape in the background. The.,A large herd of cattle walks together along a rural road bordered by open countryside. The animals move in an organized line while green ear tags help identify members of the herd. Rolling terrain and natural vegetation create an agricultural landscape in the background. The.,/Users/yixiaoz/Desktop/cs348k_proj/outputs/controlnet_multimodal/cfg_5p0_control_1p5/000000087470/target.png,/Users/yixiaoz/Desktop/cs348k_proj/outputs/controlnet_multimodal/cfg_5p0_control_1p5/000000087470/canny.png,/Users/yixiaoz/Desktop/cs348k_proj/outputs/controlnet_multimodal/cfg_5p0_control_1p5/000000087470/seg.png,/Users/yixiaoz/Desktop/cs348k_proj/outputs/controlnet_multimodal/cfg_5p0_control_1p5/000000087470/generated.png,dense_text_plus_canny_plus_seg,7,5.0,1.5,1.5,1.5,20,0.4824,0.4147,32.0179
41872,"A bedroom with  a large bed facing a fireplace that has a television over the top of it, in a shelf space.","A comfortable bedroom contains a large bed, fireplace, television, built-in shelving, and warm lighting. Soft furnishings and decorative details create a relaxing atmosphere designed for rest and comfort. The layout resembles a hotel suite or upscale residential bedroom where entertainment and relaxation are combined in.","A comfortable bedroom contains a large bed, fireplace, television, built-in shelving, and warm lighting. Soft furnishings and decorative details create a relaxing atmosphere designed for rest and comfort. The layout resembles a hotel suite or upscale residential bedroom where entertainment and relaxation are combined in.",/Users/yixiaoz/Desktop/cs348k_proj/outputs/controlnet_multimodal/cfg_5p0_control_1p5/000000041872/target.png,/Users/yixiaoz/Desktop/cs348k_proj/outputs/controlnet_multimodal/cfg_5p0_control_1p5/000000041872/canny.png,/Users/yixiaoz/Desktop/cs348k_proj/outputs/controlnet_multimodal/cfg_5p0_control_1p5/000000041872/seg.png,/Users/yixiaoz/Desktop/cs348k_proj/outputs/controlnet_multimodal/cfg_5p0_control_1p5/000000041872/generated.png,dense_text_plus_canny_plus_seg,7,5.0,1.5,1.5,1.5,20,0.5376,0.3272,29.4133
60899,The young boy is playing in the living room of his house.,"A young boy plays in a living room while raising an object above his head. Household furniture, rugs, and natural light create a comfortable domestic setting. The child appears energetic and engaged in imaginative play. The image captures a candid family moment that reflects childhood.","A young boy plays in a living room while raising an object above his head. Household furniture, rugs, and natural light create a comfortable domestic setting. The child appears energetic and engaged in imaginative play. The image captures a candid family moment that reflects childhood.",/Users/yixiaoz/Desktop/cs348k_proj/outputs/controlnet_multimodal/cfg_5p0_control_1p5/000000060899/target.png,/Users/yixiaoz/Desktop/cs348k_proj/outputs/controlnet_multimodal/cfg_5p0_control_1p5/000000060899/canny.png,/Users/yixiaoz/Desktop/cs348k_proj/outputs/controlnet_multimodal/cfg_5p0_control_1p5/000000060899/seg.png,/Users/yixiaoz/Desktop/cs348k_proj/outputs/controlnet_multimodal/cfg_5p0_control_1p5/000000060899/generated.png,dense_text_plus_canny_plus_seg,7,5.0,1.5,1.5,1.5,20,0.458,0.482,30.3027
46872,a man standing next to a truck with some stuff on it,"A man stands beside a flatbed truck loaded with large industrial materials and equipment. The outdoor setting suggests a construction, transportation, or delivery operation. The truck occupies most of the scene while the worker appears to inspect or supervise the cargo. The image highlights logistics.","A man stands beside a flatbed truck loaded with large industrial materials and equipment. The outdoor setting suggests a construction, transportation, or delivery operation. The truck occupies most of the scene while the worker appears to inspect or supervise the cargo. The image highlights logistics.",/Users/yixiaoz/Desktop/cs348k_proj/outputs/controlnet_multimodal/cfg_5p0_control_1p5/000000046872/target.png,/Users/yixiaoz/Desktop/cs348k_proj/outputs/controlnet_multimodal/cfg_5p0_control_1p5/000000046872/canny.png,/Users/yixiaoz/Desktop/cs348k_proj/outputs/controlnet_multimodal/cfg_5p0_control_1p5/000000046872/seg.png,/Users/yixiaoz/Desktop/cs348k_proj/outputs/controlnet_multimodal/cfg_5p0_control_1p5/000000046872/generated.png,dense_text_plus_canny_plus_seg,7,5.0,1.5,1.5,1.5,20,0.4406,0.3139,31.9145
33638,A woman wearing shorts bends over a frying pan on a stove.,"A woman bends over a stove while preparing food in a traditional kitchen. Pots, utensils, and cooking equipment surround her as she works on a meal. The room contains functional appliances and furnishings that support everyday household cooking. The image emphasizes domestic life, food preparation.","A woman bends over a stove while preparing food in a traditional kitchen. Pots, utensils, and cooking equipment surround her as she works on a meal. The room contains functional appliances and furnishings that support everyday household cooking. The image emphasizes domestic life, food preparation.",/Users/yixiaoz/Desktop/cs348k_proj/outputs/controlnet_multimodal/cfg_5p0_control_1p5/000000033638/target.png,/Users/yixiaoz/Desktop/cs348k_proj/outputs/controlnet_multimodal/cfg_5p0_control_1p5/000000033638/canny.png,/Users/yixiaoz/Desktop/cs348k_proj/outputs/controlnet_multimodal/cfg_5p0_control_1p5/000000033638/seg.png,/Users/yixiaoz/Desktop/cs348k_proj/outputs/controlnet_multimodal/cfg_5p0_control_1p5/000000033638/generated.png,dense_text_plus_canny_plus_seg,7,5.0,1.5,1.5,1.5,20,0.5618,0.4289,34.3396
66038,The father and daughter are under an umbrella on the beach.,"A father and daughter relax beneath colorful beach umbrellas near the shoreline. Sand, water, and bright weather create a pleasant coastal environment suited for recreation and family outings. The pair appear comfortable as they spend time together enjoying the outdoors. The image highlights family relationships.","A father and daughter relax beneath colorful beach umbrellas near the shoreline. Sand, water, and bright weather create a pleasant coastal environment suited for recreation and family outings. The pair appear comfortable as they spend time together enjoying the outdoors. The image highlights family relationships.",/Users/yixiaoz/Desktop/cs348k_proj/outputs/controlnet_multimodal/cfg_5p0_control_1p5/000000066038/target.png,/Users/yixiaoz/Desktop/cs348k_proj/outputs/controlnet_multimodal/cfg_5p0_control_1p5/000000066038/canny.png,/Users/yixiaoz/Desktop/cs348k_proj/outputs/controlnet_multimodal/cfg_5p0_control_1p5/000000066038/seg.png,/Users/yixiaoz/Desktop/cs348k_proj/outputs/controlnet_multimodal/cfg_5p0_control_1p5/000000066038/generated.png,dense_text_plus_canny_plus_seg,7,5.0,1.5,1.5,1.5,20,0.4397,0.2022,31.1648
86582,A person watering plants with a computer in the foreground.,"A laptop computer sits prominently in the foreground while a person tends plants in the background. Potted plants, gardening supplies, and outdoor views create a peaceful setting that combines technology with nature. The scene suggests remote work, personal projects, or a lifestyle that balances digital.","A laptop computer sits prominently in the foreground while a person tends plants in the background. Potted plants, gardening supplies, and outdoor views create a peaceful setting that combines technology with nature. The scene suggests remote work, personal projects, or a lifestyle that balances digital.",/Users/yixiaoz/Desktop/cs348k_proj/outputs/controlnet_multimodal/cfg_5p0_control_1p5/000000086582/target.png,/Users/yixiaoz/Desktop/cs348k_proj/outputs/controlnet_multimodal/cfg_5p0_control_1p5/000000086582/canny.png,/Users/yixiaoz/Desktop/cs348k_proj/outputs/controlnet_multimodal/cfg_5p0_control_1p5/000000086582/seg.png,/Users/yixiaoz/Desktop/cs348k_proj/outputs/controlnet_multimodal/cfg_5p0_control_1p5/000000086582/generated.png,dense_text_plus_canny_plus_seg,7,5.0,1.5,1.5,1.5,20,0.5719,0.4515,33.7094
32610,Assortment of laptop computers displayed on table with backpacks full of electronic cords.,"Multiple laptop computers, backpacks, cables, and electronic accessories are displayed across a table. The collection of equipment suggests a workshop, conference, classroom, or technology-focused event. Devices are arranged side by side, emphasizing preparation and connectivity. The image highlights digital tools used for communication, learning, and.","Multiple laptop computers, backpacks, cables, and electronic accessories are displayed across a table. The collection of equipment suggests a workshop, conference, classroom, or technology-focused event. Devices are arranged side by side, emphasizing preparation and connectivity. The image highlights digital tools used for communication, learning, and.",/Users/yixiaoz/Desktop/cs348k_proj/outputs/controlnet_multimodal/cfg_5p0_control_1p5/000000032610/target.png,/Users/yixiaoz/Desktop/cs348k_proj/outputs/controlnet_multimodal/cfg_5p0_control_1p5/000000032610/canny.png,/Users/yixiaoz/Desktop/cs348k_proj/outputs/controlnet_multimodal/cfg_5p0_control_1p5/000000032610/seg.png,/Users/yixiaoz/Desktop/cs348k_proj/outputs/controlnet_multimodal/cfg_5p0_control_1p5/000000032610/generated.png,dense_text_plus_canny_plus_seg,7,5.0,1.5,1.5,1.5,20,0.515,0.3347,37.7864
8021,An audience is looking at an film of a man taking that is projected onto a wall.,"A speaker stands in front of a large projected image while addressing an audience seated in a darkened room. The presentation appears to be part of a conference, lecture, or public event. Audience members focus on the stage while the presenter gestures toward visual material.","A speaker stands in front of a large projected image while addressing an audience seated in a darkened room. The presentation appears to be part of a conference, lecture, or public event. Audience members focus on the stage while the presenter gestures toward visual material.",/Users/yixiaoz/Desktop/cs348k_proj/outputs/controlnet_multimodal/cfg_5p0_control_1p5/000000008021/target.png,/Users/yixiaoz/Desktop/cs348k_proj/outputs/controlnet_multimodal/cfg_5p0_control_1p5/000000008021/canny.png,/Users/yixiaoz/Desktop/cs348k_proj/outputs/controlnet_multimodal/cfg_5p0_control_1p5/000000008021/seg.png,/Users/yixiaoz/Desktop/cs348k_proj/outputs/controlnet_multimodal/cfg_5p0_control_1p5/000000008021/generated.png,dense_text_plus_canny_plus_seg,7,5.0,1.5,1.5,1.5,20,0.6332,0.5037,32.7371
81738,Someone about to cut and birthday cake with blue and yellow frosting.,"A rectangular birthday cake decorated with blue and yellow frosting sits on a kitchen counter while a person uses a knife to cut into it. The cake appears homemade or specially prepared for a celebration, with decorative writing and icing patterns spread across the surface.","A rectangular birthday cake decorated with blue and yellow frosting sits on a kitchen counter while a person uses a knife to cut into it. The cake appears homemade or specially prepared for a celebration, with decorative writing and icing patterns spread across the surface.",/Users/yixiaoz/Desktop/cs348k_proj/outputs/controlnet_multimodal/cfg_5p0_control_1p5/000000081738/target.png,/Users/yixiaoz/Desktop/cs348k_proj/outputs/controlnet_multimodal/cfg_5p0_control_1p5/000000081738/canny.png,/Users/yixiaoz/Desktop/cs348k_proj/outputs/controlnet_multimodal/cfg_5p0_control_1p5/000000081738/seg.png,/Users/yixiaoz/Desktop/cs348k_proj/outputs/controlnet_multimodal/cfg_5p0_control_1p5/000000081738/generated.png,dense_text_plus_canny_plus_seg,7,5.0,1.5,1.5,1.5,20,0.5371,0.3223,35.4509
94944,A skier on skies and a snowboarder carrying a snowboard on a mountain slope.,"Several people are gathered on a snowy mountain slope surrounded by dramatic alpine scenery and distant snow-covered peaks. One individual carries a snowboard while others prepare equipment or rest nearby. The expansive landscape dominates the background, emphasizing the scale of the mountainous environment. The image.","Several people are gathered on a snowy mountain slope surrounded by dramatic alpine scenery and distant snow-covered peaks. One individual carries a snowboard while others prepare equipment or rest nearby. The expansive landscape dominates the background, emphasizing the scale of the mountainous environment. The image.",/Users/yixiaoz/Desktop/cs348k_proj/outputs/controlnet_multimodal/cfg_5p0_control_1p5/000000094944/target.png,/Users/yixiaoz/Desktop/cs348k_proj/outputs/controlnet_multimodal/cfg_5p0_control_1p5/000000094944/canny.png,/Users/yixiaoz/Desktop/cs348k_proj/outputs/controlnet_multimodal/cfg_5p0_control_1p5/000000094944/seg.png,/Users/yixiaoz/Desktop/cs348k_proj/outputs/controlnet_multimodal/cfg_5p0_control_1p5/000000094944/generated.png,dense_text_plus_canny_plus_seg,7,5.0,1.5,1.5,1.5,20,0.4175,0.3576,34.1313
48504,A brown and a gray elephant are in a circus ring and the brown elephant is walking behind the gray elephant as well as two people training them are standing nearby.,Two elephants stand inside a large indoor training or exhibition space while handlers supervise them nearby. One elephant follows behind the other as they move across the floor beneath overhead lighting and structural beams. Equipment and barriers suggest a controlled environment designed for animal care.,Two elephants stand inside a large indoor training or exhibition space while handlers supervise them nearby. One elephant follows behind the other as they move across the floor beneath overhead lighting and structural beams. Equipment and barriers suggest a controlled environment designed for animal care.,/Users/yixiaoz/Desktop/cs348k_proj/outputs/controlnet_multimodal/cfg_5p0_control_1p5/000000048504/target.png,/Users/yixiaoz/Desktop/cs348k_proj/outputs/controlnet_multimodal/cfg_5p0_control_1p5/000000048504/canny.png,/Users/yixiaoz/Desktop/cs348k_proj/outputs/controlnet_multimodal/cfg_5p0_control_1p5/000000048504/seg.png,/Users/yixiaoz/Desktop/cs348k_proj/outputs/controlnet_multimodal/cfg_5p0_control_1p5/000000048504/generated.png,dense_text_plus_canny_plus_seg,7,5.0,1.5,1.5,1.5,20,0.4324,0.2973,38.2767
69213,Two men who are wearing suits and hats standing next to each other.,"Two men wearing dark suits and matching hats stand side by side outdoors while looking toward the camera. Their formal attire contrasts with the busy background, where people and vehicles are visible. The pair appear composed and confident, suggesting they may be attending a formal.","Two men wearing dark suits and matching hats stand side by side outdoors while looking toward the camera. Their formal attire contrasts with the busy background, where people and vehicles are visible. The pair appear composed and confident, suggesting they may be attending a formal.",/Users/yixiaoz/Desktop/cs348k_proj/outputs/controlnet_multimodal/cfg_5p0_control_1p5/000000069213/target.png,/Users/yixiaoz/Desktop/cs348k_proj/outputs/controlnet_multimodal/cfg_5p0_control_1p5/000000069213/canny.png,/Users/yixiaoz/Desktop/cs348k_proj/outputs/controlnet_multimodal/cfg_5p0_control_1p5/000000069213/seg.png,/Users/yixiaoz/Desktop/cs348k_proj/outputs/controlnet_multimodal/cfg_5p0_control_1p5/000000069213/generated.png,dense_text_plus_canny_plus_seg,7,5.0,1.5,1.5,1.5,20,0.425,0.2917,31.5448
44877,Two people are in a wheelchair and only one of them is holding a racket.,"Two people are positioned on a tennis court, one seated in a wheelchair while holding a tennis racket. The scene highlights adaptive sports and athletic participation regardless of physical ability. Both individuals focus on the activity taking place on the court, surrounded by fencing and.","Two people are positioned on a tennis court, one seated in a wheelchair while holding a tennis racket. The scene highlights adaptive sports and athletic participation regardless of physical ability. Both individuals focus on the activity taking place on the court, surrounded by fencing and.",/Users/yixiaoz/Desktop/cs348k_proj/outputs/controlnet_multimodal/cfg_5p0_control_1p5/000000044877/target.png,/Users/yixiaoz/Desktop/cs348k_proj/outputs/controlnet_multimodal/cfg_5p0_control_1p5/000000044877/canny.png,/Users/yixiaoz/Desktop/cs348k_proj/outputs/controlnet_multimodal/cfg_5p0_control_1p5/000000044877/seg.png,/Users/yixiaoz/Desktop/cs348k_proj/outputs/controlnet_multimodal/cfg_5p0_control_1p5/000000044877/generated.png,dense_text_plus_canny_plus_seg,7,5.0,1.5,1.5,1.5,20,0.4592,0.344,32.8094
74058,A sidewalk next to the outdoor sitting area of a restaurant.,"A black-and-white street scene shows a sidewalk café or restaurant with outdoor seating positioned beside a busy road. Bicycles are parked nearby while tables and chairs extend beneath awnings. Cars line the street and pedestrians move through the area. The monochrome presentation emphasizes geometry, shadows.","A black-and-white street scene shows a sidewalk café or restaurant with outdoor seating positioned beside a busy road. Bicycles are parked nearby while tables and chairs extend beneath awnings. Cars line the street and pedestrians move through the area. The monochrome presentation emphasizes geometry, shadows.",/Users/yixiaoz/Desktop/cs348k_proj/outputs/controlnet_multimodal/cfg_5p0_control_1p5/000000074058/target.png,/Users/yixiaoz/Desktop/cs348k_proj/outputs/controlnet_multimodal/cfg_5p0_control_1p5/000000074058/canny.png,/Users/yixiaoz/Desktop/cs348k_proj/outputs/controlnet_multimodal/cfg_5p0_control_1p5/000000074058/seg.png,/Users/yixiaoz/Desktop/cs348k_proj/outputs/controlnet_multimodal/cfg_5p0_control_1p5/000000074058/generated.png,dense_text_plus_canny_plus_seg,7,5.0,1.5,1.5,1.5,20,0.4074,0.2294,30.179
69356,An Indian woman stands in front of a man selling his fruit,"A fruit vendor stands beside a colorful outdoor market stall filled with oranges, bananas, and other produce. A woman stands nearby while additional people move through the area. Trees and buildings line the background, suggesting a neighborhood street market. The image highlights small-scale commerce, local.","A fruit vendor stands beside a colorful outdoor market stall filled with oranges, bananas, and other produce. A woman stands nearby while additional people move through the area. Trees and buildings line the background, suggesting a neighborhood street market. The image highlights small-scale commerce, local.",/Users/yixiaoz/Desktop/cs348k_proj/outputs/controlnet_multimodal/cfg_5p0_control_1p5/000000069356/target.png,/Users/yixiaoz/Desktop/cs348k_proj/outputs/controlnet_multimodal/cfg_5p0_control_1p5/000000069356/canny.png,/Users/yixiaoz/Desktop/cs348k_proj/outputs/controlnet_multimodal/cfg_5p0_control_1p5/000000069356/seg.png,/Users/yixiaoz/Desktop/cs348k_proj/outputs/controlnet_multimodal/cfg_5p0_control_1p5/000000069356/generated.png,dense_text_plus_canny_plus_seg,7,5.0,1.5,1.5,1.5,20,0.4902,0.2893,31.7582
57232,A chair is fashioned from baseball bats and two cushions.,"A chair has been creatively constructed from baseball bats and cushioned seating materials, transforming sporting equipment into functional furniture. Additional decorative items, including a globe and various objects, surround the unusual piece. The craftsmanship demonstrates artistic repurposing and design innovation. The image highlights the intersection.","A chair has been creatively constructed from baseball bats and cushioned seating materials, transforming sporting equipment into functional furniture. Additional decorative items, including a globe and various objects, surround the unusual piece. The craftsmanship demonstrates artistic repurposing and design innovation. The image highlights the intersection.",/Users/yixiaoz/Desktop/cs348k_proj/outputs/controlnet_multimodal/cfg_5p0_control_1p5/000000057232/target.png,/Users/yixiaoz/Desktop/cs348k_proj/outputs/controlnet_multimodal/cfg_5p0_control_1p5/000000057232/canny.png,/Users/yixiaoz/Desktop/cs348k_proj/outputs/controlnet_multimodal/cfg_5p0_control_1p5/000000057232/seg.png,/Users/yixiaoz/Desktop/cs348k_proj/outputs/controlnet_multimodal/cfg_5p0_control_1p5/000000057232/generated.png,dense_text_plus_canny_plus_seg,7,5.0,1.5,1.5,1.5,20,0.438,0.2962,30.4895
5193,A group of people pose for a picture while a man holds two surfboards.,"A group of people gathers indoors for a photograph while one individual holds two colorful surfboards upright. Several children and adults pose together, smiling toward the camera. The surfboards act as focal points, suggesting a beach, surfing, or recreational theme. The image captures a celebratory.","A group of people gathers indoors for a photograph while one individual holds two colorful surfboards upright. Several children and adults pose together, smiling toward the camera. The surfboards act as focal points, suggesting a beach, surfing, or recreational theme. The image captures a celebratory.",/Users/yixiaoz/Desktop/cs348k_proj/outputs/controlnet_multimodal/cfg_5p0_control_1p5/000000005193/target.png,/Users/yixiaoz/Desktop/cs348k_proj/outputs/controlnet_multimodal/cfg_5p0_control_1p5/000000005193/canny.png,/Users/yixiaoz/Desktop/cs348k_proj/outputs/controlnet_multimodal/cfg_5p0_control_1p5/000000005193/seg.png,/Users/yixiaoz/Desktop/cs348k_proj/outputs/controlnet_multimodal/cfg_5p0_control_1p5/000000005193/generated.png,dense_text_plus_canny_plus_seg,7,5.0,1.5,1.5,1.5,20,0.5376,0.3914,33.7385
94751,A traffic light and a signpost at a crossroads intersection near a waterway.,"Traffic lights and road signs stand at an intersection near a waterfront area. Fences, streets, and utility structures define the urban landscape while water and distant infrastructure appear in the background. The scene focuses on transportation systems and traffic management rather than people. The image.","Traffic lights and road signs stand at an intersection near a waterfront area. Fences, streets, and utility structures define the urban landscape while water and distant infrastructure appear in the background. The scene focuses on transportation systems and traffic management rather than people. The image.",/Users/yixiaoz/Desktop/cs348k_proj/outputs/controlnet_multimodal/cfg_5p0_control_1p5/000000094751/target.png,/Users/yixiaoz/Desktop/cs348k_proj/outputs/controlnet_multimodal/cfg_5p0_control_1p5/000000094751/canny.png,/Users/yixiaoz/Desktop/cs348k_proj/outputs/controlnet_multimodal/cfg_5p0_control_1p5/000000094751/seg.png,/Users/yixiaoz/Desktop/cs348k_proj/outputs/controlnet_multimodal/cfg_5p0_control_1p5/000000094751/generated.png,dense_text_plus_canny_plus_seg,7,5.0,1.5,1.5,1.5,20,0.5315,0.4229,29.491
13546,Young man on skate board balancing on concrete barrier near sidewalk with small park area near by.,"A skateboarder balances on a concrete structure within a small park while performing a trick. The rider’s posture demonstrates concentration and control as wheels contact the edge of the obstacle. Grass, pathways, and recreational facilities surround the scene. The image captures motion and athletic skill.","A skateboarder balances on a concrete structure within a small park while performing a trick. The rider’s posture demonstrates concentration and control as wheels contact the edge of the obstacle. Grass, pathways, and recreational facilities surround the scene. The image captures motion and athletic skill.",/Users/yixiaoz/Desktop/cs348k_proj/outputs/controlnet_multimodal/cfg_5p0_control_1p5/000000013546/target.png,/Users/yixiaoz/Desktop/cs348k_proj/outputs/controlnet_multimodal/cfg_5p0_control_1p5/000000013546/canny.png,/Users/yixiaoz/Desktop/cs348k_proj/outputs/controlnet_multimodal/cfg_5p0_control_1p5/000000013546/seg.png,/Users/yixiaoz/Desktop/cs348k_proj/outputs/controlnet_multimodal/cfg_5p0_control_1p5/000000013546/generated.png,dense_text_plus_canny_plus_seg,7,5.0,1.5,1.5,1.5,20,0.4576,0.3961,32.6384
112378,A bunch of bananas on a wooden bench with hammocks in the background.,"A bunch of bananas rests on a wooden bench in an outdoor setting where hammocks and tropical vegetation appear in the background. The fruit is arranged casually, creating a simple still-life composition. Natural lighting and greenery contribute to a relaxed atmosphere. The image highlights everyday.","A bunch of bananas rests on a wooden bench in an outdoor setting where hammocks and tropical vegetation appear in the background. The fruit is arranged casually, creating a simple still-life composition. Natural lighting and greenery contribute to a relaxed atmosphere. The image highlights everyday.",/Users/yixiaoz/Desktop/cs348k_proj/outputs/controlnet_multimodal/cfg_5p0_control_1p5/000000112378/target.png,/Users/yixiaoz/Desktop/cs348k_proj/outputs/controlnet_multimodal/cfg_5p0_control_1p5/000000112378/canny.png,/Users/yixiaoz/Desktop/cs348k_proj/outputs/controlnet_multimodal/cfg_5p0_control_1p5/000000112378/seg.png,/Users/yixiaoz/Desktop/cs348k_proj/outputs/controlnet_multimodal/cfg_5p0_control_1p5/000000112378/generated.png,dense_text_plus_canny_plus_seg,7,5.0,1.5,1.5,1.5,20,0.477,0.2964,29.6961
57672,a river.A group of people with life jacket rowing a long boat in,"A long rowing boat moves across a calm river while a coordinated team of rowers wearing life jackets paddles together. Their synchronized effort propels the vessel through the water as spectators and shoreline features remain visible in the distance. The image highlights teamwork, endurance, and.","A long rowing boat moves across a calm river while a coordinated team of rowers wearing life jackets paddles together. Their synchronized effort propels the vessel through the water as spectators and shoreline features remain visible in the distance. The image highlights teamwork, endurance, and.",/Users/yixiaoz/Desktop/cs348k_proj/outputs/controlnet_multimodal/cfg_5p0_control_1p5/000000057672/target.png,/Users/yixiaoz/Desktop/cs348k_proj/outputs/controlnet_multimodal/cfg_5p0_control_1p5/000000057672/canny.png,/Users/yixiaoz/Desktop/cs348k_proj/outputs/controlnet_multimodal/cfg_5p0_control_1p5/000000057672/seg.png,/Users/yixiaoz/Desktop/cs348k_proj/outputs/controlnet_multimodal/cfg_5p0_control_1p5/000000057672/generated.png,dense_text_plus_canny_plus_seg,7,5.0,1.5,1.5,1.5,20,0.4678,0.3873,32.2748
19432,He's almost got this tennis ball at the end of his racket.,"A tennis player focuses intensely on a ball approaching the racket during a match on a professional court. Stadium seating and fencing create the backdrop while the athlete prepares to make contact. The composition freezes a precise moment that requires timing, concentration, and technical skill.","A tennis player focuses intensely on a ball approaching the racket during a match on a professional court. Stadium seating and fencing create the backdrop while the athlete prepares to make contact. The composition freezes a precise moment that requires timing, concentration, and technical skill.",/Users/yixiaoz/Desktop/cs348k_proj/outputs/controlnet_multimodal/cfg_5p0_control_1p5/000000019432/target.png,/Users/yixiaoz/Desktop/cs348k_proj/outputs/controlnet_multimodal/cfg_5p0_control_1p5/000000019432/canny.png,/Users/yixiaoz/Desktop/cs348k_proj/outputs/controlnet_multimodal/cfg_5p0_control_1p5/000000019432/seg.png,/Users/yixiaoz/Desktop/cs348k_proj/outputs/controlnet_multimodal/cfg_5p0_control_1p5/000000019432/generated.png,dense_text_plus_canny_plus_seg,7,5.0,1.5,1.5,1.5,20,0.5026,0.3813,26.3279
73702,A couple of guys standingoutside in the sun talking to each other.,"Several people stand together outdoors near a transportation or public-service area while engaged in conversation. Some individuals carry bags or wear protective clothing, suggesting travel, work, or transit-related activities. The scene appears candid and documentary in nature, focusing on social interaction rather than posed photography.","Several people stand together outdoors near a transportation or public-service area while engaged in conversation. Some individuals carry bags or wear protective clothing, suggesting travel, work, or transit-related activities. The scene appears candid and documentary in nature, focusing on social interaction rather than posed photography.",/Users/yixiaoz/Desktop/cs348k_proj/outputs/controlnet_multimodal/cfg_5p0_control_1p5/000000073702/target.png,/Users/yixiaoz/Desktop/cs348k_proj/outputs/controlnet_multimodal/cfg_5p0_control_1p5/000000073702/canny.png,/Users/yixiaoz/Desktop/cs348k_proj/outputs/controlnet_multimodal/cfg_5p0_control_1p5/000000073702/seg.png,/Users/yixiaoz/Desktop/cs348k_proj/outputs/controlnet_multimodal/cfg_5p0_control_1p5/000000073702/generated.png,dense_text_plus_canny_plus_seg,7,5.0,1.5,1.5,1.5,20,0.4666,0.3795,29.0839
84241,Three women cooking in a professional kitchen together.,"Three women work together inside a professional kitchen while preparing food. Large bowls of vegetables, cookware, and stainless-steel surfaces surround them as they coordinate meal preparation. The environment suggests a restaurant, catering operation, or culinary training setting. The image highlights teamwork, food service, and culinary.","Three women work together inside a professional kitchen while preparing food. Large bowls of vegetables, cookware, and stainless-steel surfaces surround them as they coordinate meal preparation. The environment suggests a restaurant, catering operation, or culinary training setting. The image highlights teamwork, food service, and culinary.",/Users/yixiaoz/Desktop/cs348k_proj/outputs/controlnet_multimodal/cfg_5p0_control_1p5/000000084241/target.png,/Users/yixiaoz/Desktop/cs348k_proj/outputs/controlnet_multimodal/cfg_5p0_control_1p5/000000084241/canny.png,/Users/yixiaoz/Desktop/cs348k_proj/outputs/controlnet_multimodal/cfg_5p0_control_1p5/000000084241/seg.png,/Users/yixiaoz/Desktop/cs348k_proj/outputs/controlnet_multimodal/cfg_5p0_control_1p5/000000084241/generated.png,dense_text_plus_canny_plus_seg,7,5.0,1.5,1.5,1.5,20,0.5371,0.3243,36.545
34417,Donuts traveling down an assembly line in a factory while people work behind it.,"Donuts move along a production line inside a bakery or food-processing facility while workers supervise operations in the background. Conveyors, trays, and industrial equipment are visible throughout the workspace. The image illustrates large-scale food production and the systems used to manufacture baked goods efficiently. It.","Donuts move along a production line inside a bakery or food-processing facility while workers supervise operations in the background. Conveyors, trays, and industrial equipment are visible throughout the workspace. The image illustrates large-scale food production and the systems used to manufacture baked goods efficiently. It.",/Users/yixiaoz/Desktop/cs348k_proj/outputs/controlnet_multimodal/cfg_5p0_control_1p5/000000034417/target.png,/Users/yixiaoz/Desktop/cs348k_proj/outputs/controlnet_multimodal/cfg_5p0_control_1p5/000000034417/canny.png,/Users/yixiaoz/Desktop/cs348k_proj/outputs/controlnet_multimodal/cfg_5p0_control_1p5/000000034417/seg.png,/Users/yixiaoz/Desktop/cs348k_proj/outputs/controlnet_multimodal/cfg_5p0_control_1p5/000000034417/generated.png,dense_text_plus_canny_plus_seg,7,5.0,1.5,1.5,1.5,20,0.4892,0.3302,32.8388
25181,A train station with an awning is depicted with a train on the right platform.,"A train station platform extends into the distance beneath a large canopy, creating strong lines and symmetry throughout the composition. A train sits along one side of the platform while signs and architectural details reinforce the sense of order. The black-and-white presentation emphasizes structure and.","A train station platform extends into the distance beneath a large canopy, creating strong lines and symmetry throughout the composition. A train sits along one side of the platform while signs and architectural details reinforce the sense of order. The black-and-white presentation emphasizes structure and.",/Users/yixiaoz/Desktop/cs348k_proj/outputs/controlnet_multimodal/cfg_5p0_control_1p5/000000025181/target.png,/Users/yixiaoz/Desktop/cs348k_proj/outputs/controlnet_multimodal/cfg_5p0_control_1p5/000000025181/canny.png,/Users/yixiaoz/Desktop/cs348k_proj/outputs/controlnet_multimodal/cfg_5p0_control_1p5/000000025181/seg.png,/Users/yixiaoz/Desktop/cs348k_proj/outputs/controlnet_multimodal/cfg_5p0_control_1p5/000000025181/generated.png,dense_text_plus_canny_plus_seg,7,5.0,1.5,1.5,1.5,20,0.3877,0.3109,33.4494
67213,"A dog jumping through the air above a pool of water that has been marked for distance, with people watching in the distance.","A dog leaps high above a pool during a dock-diving competition while spectators watch from behind barriers. The animal is captured midair, demonstrating athletic ability, speed, and confidence. Water, measuring equipment, and event organizers suggest a structured sporting competition. The image highlights the bond between.","A dog leaps high above a pool during a dock-diving competition while spectators watch from behind barriers. The animal is captured midair, demonstrating athletic ability, speed, and confidence. Water, measuring equipment, and event organizers suggest a structured sporting competition. The image highlights the bond between.",/Users/yixiaoz/Desktop/cs348k_proj/outputs/controlnet_multimodal/cfg_5p0_control_1p5/000000067213/target.png,/Users/yixiaoz/Desktop/cs348k_proj/outputs/controlnet_multimodal/cfg_5p0_control_1p5/000000067213/canny.png,/Users/yixiaoz/Desktop/cs348k_proj/outputs/controlnet_multimodal/cfg_5p0_control_1p5/000000067213/seg.png,/Users/yixiaoz/Desktop/cs348k_proj/outputs/controlnet_multimodal/cfg_5p0_control_1p5/000000067213/generated.png,dense_text_plus_canny_plus_seg,7,5.0,1.5,1.5,1.5,20,0.4616,0.4137,33.5582
94871,A group of people standing around sheep on a field.,"Several sheep stand together in a field while people gather nearby. Different breeds and wool colors create visual variety across the scene. The setting resembles an agricultural fair, livestock exhibition, or rural community event where animals are displayed and evaluated. The image highlights farming culture.","Several sheep stand together in a field while people gather nearby. Different breeds and wool colors create visual variety across the scene. The setting resembles an agricultural fair, livestock exhibition, or rural community event where animals are displayed and evaluated. The image highlights farming culture.",/Users/yixiaoz/Desktop/cs348k_proj/outputs/controlnet_multimodal/cfg_5p0_control_1p5/000000094871/target.png,/Users/yixiaoz/Desktop/cs348k_proj/outputs/controlnet_multimodal/cfg_5p0_control_1p5/000000094871/canny.png,/Users/yixiaoz/Desktop/cs348k_proj/outputs/controlnet_multimodal/cfg_5p0_control_1p5/000000094871/seg.png,/Users/yixiaoz/Desktop/cs348k_proj/outputs/controlnet_multimodal/cfg_5p0_control_1p5/000000094871/generated.png,dense_text_plus_canny_plus_seg,7,5.0,1.5,1.5,1.5,20,0.4779,0.2884,33.1316
2685,A crowd of people stand near a man behind a bar with wine bottles on it.,"Several people are gathered around a wooden bar counter inside a restaurant, tasting room, or social event space. A man stands behind the counter near shelves filled with wine bottles while customers stand close together and talk in small groups. The room appears warmly lit.","Several people are gathered around a wooden bar counter inside a restaurant, tasting room, or social event space. A man stands behind the counter near shelves filled with wine bottles while customers stand close together and talk in small groups. The room appears warmly lit.",/Users/yixiaoz/Desktop/cs348k_proj/outputs/controlnet_multimodal/cfg_7p5_control_1p0/000000002685/target.png,/Users/yixiaoz/Desktop/cs348k_proj/outputs/controlnet_multimodal/cfg_7p5_control_1p0/000000002685/canny.png,/Users/yixiaoz/Desktop/cs348k_proj/outputs/controlnet_multimodal/cfg_7p5_control_1p0/000000002685/seg.png,/Users/yixiaoz/Desktop/cs348k_proj/outputs/controlnet_multimodal/cfg_7p5_control_1p0/000000002685/generated.png,dense_text_plus_canny_plus_seg,7,7.5,1.0,1.0,1.0,20,0.5355,0.3367,31.7111
6763,A man and a women posing next to one another in front of a table.,"A man and a woman sit close together at a table inside a dimly lit restaurant or bar. The man wears a dress shirt and tie and has his arm around the smiling woman beside him. Plates, utensils, and drinks are visible on the table.","A man and a woman sit close together at a table inside a dimly lit restaurant or bar. The man wears a dress shirt and tie and has his arm around the smiling woman beside him. Plates, utensils, and drinks are visible on the table.",/Users/yixiaoz/Desktop/cs348k_proj/outputs/controlnet_multimodal/cfg_7p5_control_1p0/000000006763/target.png,/Users/yixiaoz/Desktop/cs348k_proj/outputs/controlnet_multimodal/cfg_7p5_control_1p0/000000006763/canny.png,/Users/yixiaoz/Desktop/cs348k_proj/outputs/controlnet_multimodal/cfg_7p5_control_1p0/000000006763/seg.png,/Users/yixiaoz/Desktop/cs348k_proj/outputs/controlnet_multimodal/cfg_7p5_control_1p0/000000006763/generated.png,dense_text_plus_canny_plus_seg,7,7.5,1.0,1.0,1.0,20,0.5482,0.3775,31.9535
87144,A baby sitting between a lady and a man on a bench under a tree.,"A woman, a young child, and an elderly man sit on a park bench beneath the shade of a tree. The woman sits on the left wearing a patterned dress, the child sits near the center, and the older man sits on the right wearing.","A woman, a young child, and an elderly man sit on a park bench beneath the shade of a tree. The woman sits on the left wearing a patterned dress, the child sits near the center, and the older man sits on the right wearing.",/Users/yixiaoz/Desktop/cs348k_proj/outputs/controlnet_multimodal/cfg_7p5_control_1p0/000000087144/target.png,/Users/yixiaoz/Desktop/cs348k_proj/outputs/controlnet_multimodal/cfg_7p5_control_1p0/000000087144/canny.png,/Users/yixiaoz/Desktop/cs348k_proj/outputs/controlnet_multimodal/cfg_7p5_control_1p0/000000087144/seg.png,/Users/yixiaoz/Desktop/cs348k_proj/outputs/controlnet_multimodal/cfg_7p5_control_1p0/000000087144/generated.png,dense_text_plus_canny_plus_seg,7,7.5,1.0,1.0,1.0,20,0.4664,0.3013,34.5853
2157,A table topped with a cake covered in berries next to a plate of sandwiches.,"A table covered with a red tablecloth is arranged with desserts and party food in an outdoor or bright dining setting. A large cake topped with blueberries and raspberries sits near the front beside plates of sandwiches, bread, grapes, wine glasses, napkins, and stacked dishes.","A table covered with a red tablecloth is arranged with desserts and party food in an outdoor or bright dining setting. A large cake topped with blueberries and raspberries sits near the front beside plates of sandwiches, bread, grapes, wine glasses, napkins, and stacked dishes.",/Users/yixiaoz/Desktop/cs348k_proj/outputs/controlnet_multimodal/cfg_7p5_control_1p0/000000002157/target.png,/Users/yixiaoz/Desktop/cs348k_proj/outputs/controlnet_multimodal/cfg_7p5_control_1p0/000000002157/canny.png,/Users/yixiaoz/Desktop/cs348k_proj/outputs/controlnet_multimodal/cfg_7p5_control_1p0/000000002157/seg.png,/Users/yixiaoz/Desktop/cs348k_proj/outputs/controlnet_multimodal/cfg_7p5_control_1p0/000000002157/generated.png,dense_text_plus_canny_plus_seg,7,7.5,1.0,1.0,1.0,20,0.5723,0.3202,34.6152
14226,A person is sitting in a chair at a table with a laptop computer.,A man sits alone in a passenger train or railcar while using a laptop computer on a fold-out table in front of him. He wears a jacket and looks downward toward the screen with a focused expression. A large window beside him shows blurred scenery.,A man sits alone in a passenger train or railcar while using a laptop computer on a fold-out table in front of him. He wears a jacket and looks downward toward the screen with a focused expression. A large window beside him shows blurred scenery.,/Users/yixiaoz/Desktop/cs348k_proj/outputs/controlnet_multimodal/cfg_7p5_control_1p0/000000014226/target.png,/Users/yixiaoz/Desktop/cs348k_proj/outputs/controlnet_multimodal/cfg_7p5_control_1p0/000000014226/canny.png,/Users/yixiaoz/Desktop/cs348k_proj/outputs/controlnet_multimodal/cfg_7p5_control_1p0/000000014226/seg.png,/Users/yixiaoz/Desktop/cs348k_proj/outputs/controlnet_multimodal/cfg_7p5_control_1p0/000000014226/generated.png,dense_text_plus_canny_plus_seg,7,7.5,1.0,1.0,1.0,20,0.4814,0.352,34.1115
35279,"A man laying his head down next to electronics, a butterfly, and a book.","A cluttered workspace or floor area contains several electronic devices and accessories arranged close together. A laptop displays a simple image on its screen, while a smartphone, cables, speakers, papers, a bottle, and other gadgets sit nearby. Part of a person’s face appears near the.","A cluttered workspace or floor area contains several electronic devices and accessories arranged close together. A laptop displays a simple image on its screen, while a smartphone, cables, speakers, papers, a bottle, and other gadgets sit nearby. Part of a person’s face appears near the.",/Users/yixiaoz/Desktop/cs348k_proj/outputs/controlnet_multimodal/cfg_7p5_control_1p0/000000035279/target.png,/Users/yixiaoz/Desktop/cs348k_proj/outputs/controlnet_multimodal/cfg_7p5_control_1p0/000000035279/canny.png,/Users/yixiaoz/Desktop/cs348k_proj/outputs/controlnet_multimodal/cfg_7p5_control_1p0/000000035279/seg.png,/Users/yixiaoz/Desktop/cs348k_proj/outputs/controlnet_multimodal/cfg_7p5_control_1p0/000000035279/generated.png,dense_text_plus_canny_plus_seg,7,7.5,1.0,1.0,1.0,20,0.5457,0.3478,32.1616
31620,A woman in a white dress and a man in gray stand near a cake on a white table under a white canopy.,"Inside a large white event tent, a woman in a white dress and a man in a gray suit stand near a decorated table. The table is covered with a white cloth and appears to hold a cake or centerpiece. Soft light filters through the.","Inside a large white event tent, a woman in a white dress and a man in a gray suit stand near a decorated table. The table is covered with a white cloth and appears to hold a cake or centerpiece. Soft light filters through the.",/Users/yixiaoz/Desktop/cs348k_proj/outputs/controlnet_multimodal/cfg_7p5_control_1p0/000000031620/target.png,/Users/yixiaoz/Desktop/cs348k_proj/outputs/controlnet_multimodal/cfg_7p5_control_1p0/000000031620/canny.png,/Users/yixiaoz/Desktop/cs348k_proj/outputs/controlnet_multimodal/cfg_7p5_control_1p0/000000031620/seg.png,/Users/yixiaoz/Desktop/cs348k_proj/outputs/controlnet_multimodal/cfg_7p5_control_1p0/000000031620/generated.png,dense_text_plus_canny_plus_seg,7,7.5,1.0,1.0,1.0,20,0.5269,0.3946,36.3961
95707,Several pastries sitting on aluminum foil next to a bowl with a knife and spatula in it.,"Several pastries and baked goods are arranged on aluminum foil on a table, with a bowl, knife, and spatula placed nearby for serving. The food includes rectangular pieces and a pale frosted or light-colored dessert item, suggesting a dessert spread or homemade baked selection. The.","Several pastries and baked goods are arranged on aluminum foil on a table, with a bowl, knife, and spatula placed nearby for serving. The food includes rectangular pieces and a pale frosted or light-colored dessert item, suggesting a dessert spread or homemade baked selection. The.",/Users/yixiaoz/Desktop/cs348k_proj/outputs/controlnet_multimodal/cfg_7p5_control_1p0/000000095707/target.png,/Users/yixiaoz/Desktop/cs348k_proj/outputs/controlnet_multimodal/cfg_7p5_control_1p0/000000095707/canny.png,/Users/yixiaoz/Desktop/cs348k_proj/outputs/controlnet_multimodal/cfg_7p5_control_1p0/000000095707/seg.png,/Users/yixiaoz/Desktop/cs348k_proj/outputs/controlnet_multimodal/cfg_7p5_control_1p0/000000095707/generated.png,dense_text_plus_canny_plus_seg,7,7.5,1.0,1.0,1.0,20,0.6197,0.4954,34.3367
54605,Milkshake in tall glass and piece of cake on plate near forks.,"A tall milkshake in a glass is topped with whipped cream and placed on a restaurant table beside a slice of layered cake on a white plate. A fork, napkins, and other table items sit nearby, while the background is dim and softly blurred. The.","A tall milkshake in a glass is topped with whipped cream and placed on a restaurant table beside a slice of layered cake on a white plate. A fork, napkins, and other table items sit nearby, while the background is dim and softly blurred. The.",/Users/yixiaoz/Desktop/cs348k_proj/outputs/controlnet_multimodal/cfg_7p5_control_1p0/000000054605/target.png,/Users/yixiaoz/Desktop/cs348k_proj/outputs/controlnet_multimodal/cfg_7p5_control_1p0/000000054605/canny.png,/Users/yixiaoz/Desktop/cs348k_proj/outputs/controlnet_multimodal/cfg_7p5_control_1p0/000000054605/seg.png,/Users/yixiaoz/Desktop/cs348k_proj/outputs/controlnet_multimodal/cfg_7p5_control_1p0/000000054605/generated.png,dense_text_plus_canny_plus_seg,7,7.5,1.0,1.0,1.0,20,0.5396,0.279,33.4765
27620,A laptop sitting on a desk next to a chair and another computer.,"A small home office or study area contains a glass-top desk, a laptop computer, a chair, and additional electronic equipment. The desk is positioned near a wall with windows and blinds, and another chair sits in front of the workspace. Cables, accessories, and a cup.","A small home office or study area contains a glass-top desk, a laptop computer, a chair, and additional electronic equipment. The desk is positioned near a wall with windows and blinds, and another chair sits in front of the workspace. Cables, accessories, and a cup.",/Users/yixiaoz/Desktop/cs348k_proj/outputs/controlnet_multimodal/cfg_7p5_control_1p0/000000027620/target.png,/Users/yixiaoz/Desktop/cs348k_proj/outputs/controlnet_multimodal/cfg_7p5_control_1p0/000000027620/canny.png,/Users/yixiaoz/Desktop/cs348k_proj/outputs/controlnet_multimodal/cfg_7p5_control_1p0/000000027620/seg.png,/Users/yixiaoz/Desktop/cs348k_proj/outputs/controlnet_multimodal/cfg_7p5_control_1p0/000000027620/generated.png,dense_text_plus_canny_plus_seg,7,7.5,1.0,1.0,1.0,20,0.4085,0.2522,36.5205
66771,Two people sitting at a table with beverages on it and the woman holding her phone.,"Two people sit together at a restaurant table with beverages, cups, and small dishes in front of them. The man smiles while looking toward the woman, and the woman looks down at a smartphone in her hand. The table includes a drink with a straw.","Two people sit together at a restaurant table with beverages, cups, and small dishes in front of them. The man smiles while looking toward the woman, and the woman looks down at a smartphone in her hand. The table includes a drink with a straw.",/Users/yixiaoz/Desktop/cs348k_proj/outputs/controlnet_multimodal/cfg_7p5_control_1p0/000000066771/target.png,/Users/yixiaoz/Desktop/cs348k_proj/outputs/controlnet_multimodal/cfg_7p5_control_1p0/000000066771/canny.png,/Users/yixiaoz/Desktop/cs348k_proj/outputs/controlnet_multimodal/cfg_7p5_control_1p0/000000066771/seg.png,/Users/yixiaoz/Desktop/cs348k_proj/outputs/controlnet_multimodal/cfg_7p5_control_1p0/000000066771/generated.png,dense_text_plus_canny_plus_seg,7,7.5,1.0,1.0,1.0,20,0.5419,0.465,35.5701
18575,"Two plates, one with a sandwich and fries, the other with just a sandwich and a pickle.","Two plates of food are served on a restaurant table. One plate contains a sandwich with French fries, while the other plate includes a sandwich and a pickle with sliced vegetables and condiments nearby. Drinks, small containers, and utensils surround the plates, suggesting a casual.","Two plates of food are served on a restaurant table. One plate contains a sandwich with French fries, while the other plate includes a sandwich and a pickle with sliced vegetables and condiments nearby. Drinks, small containers, and utensils surround the plates, suggesting a casual.",/Users/yixiaoz/Desktop/cs348k_proj/outputs/controlnet_multimodal/cfg_7p5_control_1p0/000000018575/target.png,/Users/yixiaoz/Desktop/cs348k_proj/outputs/controlnet_multimodal/cfg_7p5_control_1p0/000000018575/canny.png,/Users/yixiaoz/Desktop/cs348k_proj/outputs/controlnet_multimodal/cfg_7p5_control_1p0/000000018575/seg.png,/Users/yixiaoz/Desktop/cs348k_proj/outputs/controlnet_multimodal/cfg_7p5_control_1p0/000000018575/generated.png,dense_text_plus_canny_plus_seg,7,7.5,1.0,1.0,1.0,20,0.4872,0.3181,34.9338
66817,This plate consists of rice with sauce and peas and meat patties on the side.,"A plate of food is photographed from above on a table, containing rice covered with sauce, peas, and several browned meat patties on the side. A cup of yogurt or creamy dessert and a small bowl of fruit sit near the plate, creating a complete.","A plate of food is photographed from above on a table, containing rice covered with sauce, peas, and several browned meat patties on the side. A cup of yogurt or creamy dessert and a small bowl of fruit sit near the plate, creating a complete.",/Users/yixiaoz/Desktop/cs348k_proj/outputs/controlnet_multimodal/cfg_7p5_control_1p0/000000066817/target.png,/Users/yixiaoz/Desktop/cs348k_proj/outputs/controlnet_multimodal/cfg_7p5_control_1p0/000000066817/canny.png,/Users/yixiaoz/Desktop/cs348k_proj/outputs/controlnet_multimodal/cfg_7p5_control_1p0/000000066817/seg.png,/Users/yixiaoz/Desktop/cs348k_proj/outputs/controlnet_multimodal/cfg_7p5_control_1p0/000000066817/generated.png,dense_text_plus_canny_plus_seg,7,7.5,1.0,1.0,1.0,20,0.5484,0.3282,33.7307
84674,a girl holds a baby eating a bagel with a boy standing next to them,"A woman sits indoors holding a small child who is eating a bagel or bread roll, while a young boy stands next to them facing the camera. The group appears to be in a restaurant, event space, or public indoor setting, with people and warm.","A woman sits indoors holding a small child who is eating a bagel or bread roll, while a young boy stands next to them facing the camera. The group appears to be in a restaurant, event space, or public indoor setting, with people and warm.",/Users/yixiaoz/Desktop/cs348k_proj/outputs/controlnet_multimodal/cfg_7p5_control_1p0/000000084674/target.png,/Users/yixiaoz/Desktop/cs348k_proj/outputs/controlnet_multimodal/cfg_7p5_control_1p0/000000084674/canny.png,/Users/yixiaoz/Desktop/cs348k_proj/outputs/controlnet_multimodal/cfg_7p5_control_1p0/000000084674/seg.png,/Users/yixiaoz/Desktop/cs348k_proj/outputs/controlnet_multimodal/cfg_7p5_control_1p0/000000084674/generated.png,dense_text_plus_canny_plus_seg,7,7.5,1.0,1.0,1.0,20,0.5665,0.3275,31.4209
47112,A pizza served on a white plate next to empty wine glass and beer.,"A freshly baked pizza sits on a white plate on a restaurant table, with a glass of beer and an empty wine glass positioned behind it. The pizza has visible cheese and toppings, and the background contains tables, chairs, and restaurant décor. The low angle.","A freshly baked pizza sits on a white plate on a restaurant table, with a glass of beer and an empty wine glass positioned behind it. The pizza has visible cheese and toppings, and the background contains tables, chairs, and restaurant décor. The low angle.",/Users/yixiaoz/Desktop/cs348k_proj/outputs/controlnet_multimodal/cfg_7p5_control_1p0/000000047112/target.png,/Users/yixiaoz/Desktop/cs348k_proj/outputs/controlnet_multimodal/cfg_7p5_control_1p0/000000047112/canny.png,/Users/yixiaoz/Desktop/cs348k_proj/outputs/controlnet_multimodal/cfg_7p5_control_1p0/000000047112/seg.png,/Users/yixiaoz/Desktop/cs348k_proj/outputs/controlnet_multimodal/cfg_7p5_control_1p0/000000047112/generated.png,dense_text_plus_canny_plus_seg,7,7.5,1.0,1.0,1.0,20,0.5488,0.2352,33.3925
59598,"A table with a laptop a plate with a muffin and a banana, a can and a cellphone.","An open laptop sits on a table in a classroom, meeting room, or conference setting. Nearby are a plate with a muffin and banana, a soda can, a mobile phone, and other small items. In the background, a presentation screen or projector area is visible.","An open laptop sits on a table in a classroom, meeting room, or conference setting. Nearby are a plate with a muffin and banana, a soda can, a mobile phone, and other small items. In the background, a presentation screen or projector area is visible.",/Users/yixiaoz/Desktop/cs348k_proj/outputs/controlnet_multimodal/cfg_7p5_control_1p0/000000059598/target.png,/Users/yixiaoz/Desktop/cs348k_proj/outputs/controlnet_multimodal/cfg_7p5_control_1p0/000000059598/canny.png,/Users/yixiaoz/Desktop/cs348k_proj/outputs/controlnet_multimodal/cfg_7p5_control_1p0/000000059598/seg.png,/Users/yixiaoz/Desktop/cs348k_proj/outputs/controlnet_multimodal/cfg_7p5_control_1p0/000000059598/generated.png,dense_text_plus_canny_plus_seg,7,7.5,1.0,1.0,1.0,20,0.4035,0.2892,33.693
91779,Three hot dogs with different toppings lined up on a tabletop.,"Three hot dogs with different toppings are arranged side by side on a tray or tabletop. One appears topped with sauce or chili, another with bright red peppers, and the surrounding area contains side dishes, cups, and food wrappers. The close-up composition highlights the variety.","Three hot dogs with different toppings are arranged side by side on a tray or tabletop. One appears topped with sauce or chili, another with bright red peppers, and the surrounding area contains side dishes, cups, and food wrappers. The close-up composition highlights the variety.",/Users/yixiaoz/Desktop/cs348k_proj/outputs/controlnet_multimodal/cfg_7p5_control_1p0/000000091779/target.png,/Users/yixiaoz/Desktop/cs348k_proj/outputs/controlnet_multimodal/cfg_7p5_control_1p0/000000091779/canny.png,/Users/yixiaoz/Desktop/cs348k_proj/outputs/controlnet_multimodal/cfg_7p5_control_1p0/000000091779/seg.png,/Users/yixiaoz/Desktop/cs348k_proj/outputs/controlnet_multimodal/cfg_7p5_control_1p0/000000091779/generated.png,dense_text_plus_canny_plus_seg,7,7.5,1.0,1.0,1.0,20,0.529,0.3724,36.9661
22892,"A cat sitting on a table next to plants and a dog outside of a sliding glass door, looking in.","A gray cat sits indoors on a table beside potted plants near a sliding glass door, while a dog stands outside looking in through the glass. The cat faces downward toward the plants, and the dog is visible beyond the door on a balcony or.","A gray cat sits indoors on a table beside potted plants near a sliding glass door, while a dog stands outside looking in through the glass. The cat faces downward toward the plants, and the dog is visible beyond the door on a balcony or.",/Users/yixiaoz/Desktop/cs348k_proj/outputs/controlnet_multimodal/cfg_7p5_control_1p0/000000022892/target.png,/Users/yixiaoz/Desktop/cs348k_proj/outputs/controlnet_multimodal/cfg_7p5_control_1p0/000000022892/canny.png,/Users/yixiaoz/Desktop/cs348k_proj/outputs/controlnet_multimodal/cfg_7p5_control_1p0/000000022892/seg.png,/Users/yixiaoz/Desktop/cs348k_proj/outputs/controlnet_multimodal/cfg_7p5_control_1p0/000000022892/generated.png,dense_text_plus_canny_plus_seg,7,7.5,1.0,1.0,1.0,20,0.5362,0.3736,32.539
97337,This is a nice living room set up with two couches and a television.,"A cozy living room contains two couches arranged around a coffee table facing a television. The television displays a map or graphic image, while lamps, curtains, and decorative furniture create a warm indoor atmosphere. The room appears tidy and comfortable, with soft lighting and a.","A cozy living room contains two couches arranged around a coffee table facing a television. The television displays a map or graphic image, while lamps, curtains, and decorative furniture create a warm indoor atmosphere. The room appears tidy and comfortable, with soft lighting and a.",/Users/yixiaoz/Desktop/cs348k_proj/outputs/controlnet_multimodal/cfg_7p5_control_1p0/000000097337/target.png,/Users/yixiaoz/Desktop/cs348k_proj/outputs/controlnet_multimodal/cfg_7p5_control_1p0/000000097337/canny.png,/Users/yixiaoz/Desktop/cs348k_proj/outputs/controlnet_multimodal/cfg_7p5_control_1p0/000000097337/seg.png,/Users/yixiaoz/Desktop/cs348k_proj/outputs/controlnet_multimodal/cfg_7p5_control_1p0/000000097337/generated.png,dense_text_plus_canny_plus_seg,7,7.5,1.0,1.0,1.0,20,0.4576,0.3282,30.5076
10707,Man with video game controller in living room with onlooker seated nearby.,"Several people gather in a living room around a coffee table covered with drinks, snacks, and small items. One man stands holding a video game controller, while others sit nearby watching or participating. Sofas, warm lighting, and casual clothing create the feeling of a relaxed.","Several people gather in a living room around a coffee table covered with drinks, snacks, and small items. One man stands holding a video game controller, while others sit nearby watching or participating. Sofas, warm lighting, and casual clothing create the feeling of a relaxed.",/Users/yixiaoz/Desktop/cs348k_proj/outputs/controlnet_multimodal/cfg_7p5_control_1p0/000000010707/target.png,/Users/yixiaoz/Desktop/cs348k_proj/outputs/controlnet_multimodal/cfg_7p5_control_1p0/000000010707/canny.png,/Users/yixiaoz/Desktop/cs348k_proj/outputs/controlnet_multimodal/cfg_7p5_control_1p0/000000010707/seg.png,/Users/yixiaoz/Desktop/cs348k_proj/outputs/controlnet_multimodal/cfg_7p5_control_1p0/000000010707/generated.png,dense_text_plus_canny_plus_seg,7,7.5,1.0,1.0,1.0,20,0.6543,0.341,29.1012
65288,A yellow and green object with a brown bird perched on top of it.,"An ornate yellow and green decorative structure sits in the foreground, with a small brown bird perched on its top edge. Behind it, a crowd of people gathers outdoors near tables, chairs, plants, and shaded areas, suggesting a plaza, café, or public gathering space. The.","An ornate yellow and green decorative structure sits in the foreground, with a small brown bird perched on its top edge. Behind it, a crowd of people gathers outdoors near tables, chairs, plants, and shaded areas, suggesting a plaza, café, or public gathering space. The.",/Users/yixiaoz/Desktop/cs348k_proj/outputs/controlnet_multimodal/cfg_7p5_control_1p0/000000065288/target.png,/Users/yixiaoz/Desktop/cs348k_proj/outputs/controlnet_multimodal/cfg_7p5_control_1p0/000000065288/canny.png,/Users/yixiaoz/Desktop/cs348k_proj/outputs/controlnet_multimodal/cfg_7p5_control_1p0/000000065288/seg.png,/Users/yixiaoz/Desktop/cs348k_proj/outputs/controlnet_multimodal/cfg_7p5_control_1p0/000000065288/generated.png,dense_text_plus_canny_plus_seg,7,7.5,1.0,1.0,1.0,20,0.562,0.3154,31.9924
116208,"A large pizza is shown on a table, with bottles and glasses of wine.","A large pizza topped with cheese, mushrooms, and other ingredients is placed on a raised stand at the center of a restaurant table. Wine bottles, glasses, plates, utensils, and small dishes surround it, suggesting a shared meal among several diners. The pizza is viewed from.","A large pizza topped with cheese, mushrooms, and other ingredients is placed on a raised stand at the center of a restaurant table. Wine bottles, glasses, plates, utensils, and small dishes surround it, suggesting a shared meal among several diners. The pizza is viewed from.",/Users/yixiaoz/Desktop/cs348k_proj/outputs/controlnet_multimodal/cfg_7p5_control_1p0/000000116208/target.png,/Users/yixiaoz/Desktop/cs348k_proj/outputs/controlnet_multimodal/cfg_7p5_control_1p0/000000116208/canny.png,/Users/yixiaoz/Desktop/cs348k_proj/outputs/controlnet_multimodal/cfg_7p5_control_1p0/000000116208/seg.png,/Users/yixiaoz/Desktop/cs348k_proj/outputs/controlnet_multimodal/cfg_7p5_control_1p0/000000116208/generated.png,dense_text_plus_canny_plus_seg,7,7.5,1.0,1.0,1.0,20,0.5072,0.2252,35.5206
74733,two flatbread pieces covered with different ingredients in between a flight of beers,"Two rectangular flatbread dishes topped with different ingredients are served on a wooden board beside a flight of beers. Several small glasses of beer, dipping containers, and additional drinkware are arranged around the food. The warm indoor lighting and tabletop presentation suggest a restaurant, pub.","Two rectangular flatbread dishes topped with different ingredients are served on a wooden board beside a flight of beers. Several small glasses of beer, dipping containers, and additional drinkware are arranged around the food. The warm indoor lighting and tabletop presentation suggest a restaurant, pub.",/Users/yixiaoz/Desktop/cs348k_proj/outputs/controlnet_multimodal/cfg_7p5_control_1p0/000000074733/target.png,/Users/yixiaoz/Desktop/cs348k_proj/outputs/controlnet_multimodal/cfg_7p5_control_1p0/000000074733/canny.png,/Users/yixiaoz/Desktop/cs348k_proj/outputs/controlnet_multimodal/cfg_7p5_control_1p0/000000074733/seg.png,/Users/yixiaoz/Desktop/cs348k_proj/outputs/controlnet_multimodal/cfg_7p5_control_1p0/000000074733/generated.png,dense_text_plus_canny_plus_seg,7,7.5,1.0,1.0,1.0,20,0.4967,0.2123,34.6289
114907,"A woman holding a milking attachment and standing in front of a cow, with a group of people in the audience.","A woman stands beside a large dairy cow while demonstrating or holding a milking attachment in front of a seated audience. The cow is positioned behind a metal barrier, and many people watch attentively from the foreground. The scene appears to be part of an.","A woman stands beside a large dairy cow while demonstrating or holding a milking attachment in front of a seated audience. The cow is positioned behind a metal barrier, and many people watch attentively from the foreground. The scene appears to be part of an.",/Users/yixiaoz/Desktop/cs348k_proj/outputs/controlnet_multimodal/cfg_7p5_control_1p0/000000114907/target.png,/Users/yixiaoz/Desktop/cs348k_proj/outputs/controlnet_multimodal/cfg_7p5_control_1p0/000000114907/canny.png,/Users/yixiaoz/Desktop/cs348k_proj/outputs/controlnet_multimodal/cfg_7p5_control_1p0/000000114907/seg.png,/Users/yixiaoz/Desktop/cs348k_proj/outputs/controlnet_multimodal/cfg_7p5_control_1p0/000000114907/generated.png,dense_text_plus_canny_plus_seg,7,7.5,1.0,1.0,1.0,20,0.526,0.3752,38.1185
61333,The caramel-colored kitten is  lying on the small blanket on top of the unmade bed.,"An orange tabby kitten lies curled up on a small blanket placed on top of an unmade bed. The cat appears relaxed and sleepy, with its body tucked close and its head resting near the blanket. A bookshelf filled with books lines the background, adding.","An orange tabby kitten lies curled up on a small blanket placed on top of an unmade bed. The cat appears relaxed and sleepy, with its body tucked close and its head resting near the blanket. A bookshelf filled with books lines the background, adding.",/Users/yixiaoz/Desktop/cs348k_proj/outputs/controlnet_multimodal/cfg_7p5_control_1p0/000000061333/target.png,/Users/yixiaoz/Desktop/cs348k_proj/outputs/controlnet_multimodal/cfg_7p5_control_1p0/000000061333/canny.png,/Users/yixiaoz/Desktop/cs348k_proj/outputs/controlnet_multimodal/cfg_7p5_control_1p0/000000061333/seg.png,/Users/yixiaoz/Desktop/cs348k_proj/outputs/controlnet_multimodal/cfg_7p5_control_1p0/000000061333/generated.png,dense_text_plus_canny_plus_seg,7,7.5,1.0,1.0,1.0,20,0.532,0.2462,38.0662
18837,A large truck on a city street with two works sitting on top and one worker climbing in through door.,"A large green utility truck is parked on a city street while workers perform maintenance tasks around it. One worker appears to be on top of the vehicle, and another is climbing into or standing near the door. Cars, buildings, traffic signs, and urban infrastructure.","A large green utility truck is parked on a city street while workers perform maintenance tasks around it. One worker appears to be on top of the vehicle, and another is climbing into or standing near the door. Cars, buildings, traffic signs, and urban infrastructure.",/Users/yixiaoz/Desktop/cs348k_proj/outputs/controlnet_multimodal/cfg_7p5_control_1p0/000000018837/target.png,/Users/yixiaoz/Desktop/cs348k_proj/outputs/controlnet_multimodal/cfg_7p5_control_1p0/000000018837/canny.png,/Users/yixiaoz/Desktop/cs348k_proj/outputs/controlnet_multimodal/cfg_7p5_control_1p0/000000018837/seg.png,/Users/yixiaoz/Desktop/cs348k_proj/outputs/controlnet_multimodal/cfg_7p5_control_1p0/000000018837/generated.png,dense_text_plus_canny_plus_seg,7,7.5,1.0,1.0,1.0,20,0.4409,0.1546,35.2451
9914,"A sandwich, french fries, bowl of ketchup, onion slice, lettuce slice, tomato slice, and knife sit on the white plate.","A sandwich meal is served on a white plate with French fries, a small bowl of ketchup, sliced onion, tomato, lettuce, and a knife. The sandwich bun is topped with sesame seeds, and the fries are piled beside it. The close-up view focuses on the.","A sandwich meal is served on a white plate with French fries, a small bowl of ketchup, sliced onion, tomato, lettuce, and a knife. The sandwich bun is topped with sesame seeds, and the fries are piled beside it. The close-up view focuses on the.",/Users/yixiaoz/Desktop/cs348k_proj/outputs/controlnet_multimodal/cfg_7p5_control_1p0/000000009914/target.png,/Users/yixiaoz/Desktop/cs348k_proj/outputs/controlnet_multimodal/cfg_7p5_control_1p0/000000009914/canny.png,/Users/yixiaoz/Desktop/cs348k_proj/outputs/controlnet_multimodal/cfg_7p5_control_1p0/000000009914/seg.png,/Users/yixiaoz/Desktop/cs348k_proj/outputs/controlnet_multimodal/cfg_7p5_control_1p0/000000009914/generated.png,dense_text_plus_canny_plus_seg,7,7.5,1.0,1.0,1.0,20,0.6014,0.3521,34.5255
39477,A beach towel covers a TV across from plants on the wall and in front of the window.,"A compact living room features a couch facing a television, with several plants placed near the window and on the wall. Natural light enters through a large curtained window, brightening the small room. A low table, rug, wall decorations, and shelving create a tidy residential.","A compact living room features a couch facing a television, with several plants placed near the window and on the wall. Natural light enters through a large curtained window, brightening the small room. A low table, rug, wall decorations, and shelving create a tidy residential.",/Users/yixiaoz/Desktop/cs348k_proj/outputs/controlnet_multimodal/cfg_7p5_control_1p0/000000039477/target.png,/Users/yixiaoz/Desktop/cs348k_proj/outputs/controlnet_multimodal/cfg_7p5_control_1p0/000000039477/canny.png,/Users/yixiaoz/Desktop/cs348k_proj/outputs/controlnet_multimodal/cfg_7p5_control_1p0/000000039477/seg.png,/Users/yixiaoz/Desktop/cs348k_proj/outputs/controlnet_multimodal/cfg_7p5_control_1p0/000000039477/generated.png,dense_text_plus_canny_plus_seg,7,7.5,1.0,1.0,1.0,20,0.4785,0.3647,33.3808
61108,A blue bicycle with a puppy in its basket is parked next to the bleacher steps.,"A blue bicycle is parked beside outdoor bleacher steps, with a small puppy sitting inside a basket attached to the front. The bicycle rests near concrete steps and railings, suggesting a sports field, park, or recreational area. The puppy sits securely in the basket and.","A blue bicycle is parked beside outdoor bleacher steps, with a small puppy sitting inside a basket attached to the front. The bicycle rests near concrete steps and railings, suggesting a sports field, park, or recreational area. The puppy sits securely in the basket and.",/Users/yixiaoz/Desktop/cs348k_proj/outputs/controlnet_multimodal/cfg_7p5_control_1p0/000000061108/target.png,/Users/yixiaoz/Desktop/cs348k_proj/outputs/controlnet_multimodal/cfg_7p5_control_1p0/000000061108/canny.png,/Users/yixiaoz/Desktop/cs348k_proj/outputs/controlnet_multimodal/cfg_7p5_control_1p0/000000061108/seg.png,/Users/yixiaoz/Desktop/cs348k_proj/outputs/controlnet_multimodal/cfg_7p5_control_1p0/000000061108/generated.png,dense_text_plus_canny_plus_seg,7,7.5,1.0,1.0,1.0,20,0.491,0.4122,38.3994
91615,"A kitchen has light wooden colored cabinetry, beige countertops, and stainless steel appliances in an open concept house.","A clean modern kitchen features light wooden cabinets, beige countertops, stainless steel appliances, and a sink built into a central counter area. A microwave, oven, refrigerator, dishwasher, and decorative flowers are visible throughout the room. The space appears bright, organized, and open, with neutral colors.","A clean modern kitchen features light wooden cabinets, beige countertops, stainless steel appliances, and a sink built into a central counter area. A microwave, oven, refrigerator, dishwasher, and decorative flowers are visible throughout the room. The space appears bright, organized, and open, with neutral colors.",/Users/yixiaoz/Desktop/cs348k_proj/outputs/controlnet_multimodal/cfg_7p5_control_1p0/000000091615/target.png,/Users/yixiaoz/Desktop/cs348k_proj/outputs/controlnet_multimodal/cfg_7p5_control_1p0/000000091615/canny.png,/Users/yixiaoz/Desktop/cs348k_proj/outputs/controlnet_multimodal/cfg_7p5_control_1p0/000000091615/seg.png,/Users/yixiaoz/Desktop/cs348k_proj/outputs/controlnet_multimodal/cfg_7p5_control_1p0/000000091615/generated.png,dense_text_plus_canny_plus_seg,7,7.5,1.0,1.0,1.0,20,0.3796,0.2165,31.912
77396,A cat being lazy and a cat being nozy in a living room with tv and a laptop displaying the same things.,"Two cats are in a living room facing a television and a laptop displaying similar imagery. One cat stands upright near the television, appearing curious about the screen, while another cat lies on the floor nearby. The room contains a TV stand, small table, and.","Two cats are in a living room facing a television and a laptop displaying similar imagery. One cat stands upright near the television, appearing curious about the screen, while another cat lies on the floor nearby. The room contains a TV stand, small table, and.",/Users/yixiaoz/Desktop/cs348k_proj/outputs/controlnet_multimodal/cfg_7p5_control_1p0/000000077396/target.png,/Users/yixiaoz/Desktop/cs348k_proj/outputs/controlnet_multimodal/cfg_7p5_control_1p0/000000077396/canny.png,/Users/yixiaoz/Desktop/cs348k_proj/outputs/controlnet_multimodal/cfg_7p5_control_1p0/000000077396/seg.png,/Users/yixiaoz/Desktop/cs348k_proj/outputs/controlnet_multimodal/cfg_7p5_control_1p0/000000077396/generated.png,dense_text_plus_canny_plus_seg,7,7.5,1.0,1.0,1.0,20,0.3926,0.2826,36.6779
119233,A cat sprawled out over the top of a laptop computer keyboard.,"A black-and-white cat sprawls across the keyboard area of an open laptop on a wooden desk or counter. The cat lies comfortably with its body stretched over the computer, partially blocking the screen and keyboard. Various household objects, office supplies, and plants are visible around.","A black-and-white cat sprawls across the keyboard area of an open laptop on a wooden desk or counter. The cat lies comfortably with its body stretched over the computer, partially blocking the screen and keyboard. Various household objects, office supplies, and plants are visible around.",/Users/yixiaoz/Desktop/cs348k_proj/outputs/controlnet_multimodal/cfg_7p5_control_1p0/000000119233/target.png,/Users/yixiaoz/Desktop/cs348k_proj/outputs/controlnet_multimodal/cfg_7p5_control_1p0/000000119233/canny.png,/Users/yixiaoz/Desktop/cs348k_proj/outputs/controlnet_multimodal/cfg_7p5_control_1p0/000000119233/seg.png,/Users/yixiaoz/Desktop/cs348k_proj/outputs/controlnet_multimodal/cfg_7p5_control_1p0/000000119233/generated.png,dense_text_plus_canny_plus_seg,7,7.5,1.0,1.0,1.0,20,0.5025,0.139,35.27
2431,"A table with a plate, wine-filled glass, and bread, among other items","A restaurant table is set with a plate, a wine-filled glass, bread, napkins, utensils, and other dining items. The objects are arranged closely together on a wooden surface, suggesting an ongoing or prepared meal. The image is framed from above and at a slight angle.","A restaurant table is set with a plate, a wine-filled glass, bread, napkins, utensils, and other dining items. The objects are arranged closely together on a wooden surface, suggesting an ongoing or prepared meal. The image is framed from above and at a slight angle.",/Users/yixiaoz/Desktop/cs348k_proj/outputs/controlnet_multimodal/cfg_7p5_control_1p0/000000002431/target.png,/Users/yixiaoz/Desktop/cs348k_proj/outputs/controlnet_multimodal/cfg_7p5_control_1p0/000000002431/canny.png,/Users/yixiaoz/Desktop/cs348k_proj/outputs/controlnet_multimodal/cfg_7p5_control_1p0/000000002431/seg.png,/Users/yixiaoz/Desktop/cs348k_proj/outputs/controlnet_multimodal/cfg_7p5_control_1p0/000000002431/generated.png,dense_text_plus_canny_plus_seg,7,7.5,1.0,1.0,1.0,20,0.4995,0.3103,32.7712
56344,"Looking down at a desktop with two monitors, a key board, mouse and cell phones on it.","A desk workstation contains two large computer monitors positioned side by side, along with a keyboard, mouse, mobile phones, and several electronic accessories. The screens display different windows or web pages, and cables and devices are spread across the desktop. The space appears dimly lit.","A desk workstation contains two large computer monitors positioned side by side, along with a keyboard, mouse, mobile phones, and several electronic accessories. The screens display different windows or web pages, and cables and devices are spread across the desktop. The space appears dimly lit.",/Users/yixiaoz/Desktop/cs348k_proj/outputs/controlnet_multimodal/cfg_7p5_control_1p0/000000056344/target.png,/Users/yixiaoz/Desktop/cs348k_proj/outputs/controlnet_multimodal/cfg_7p5_control_1p0/000000056344/canny.png,/Users/yixiaoz/Desktop/cs348k_proj/outputs/controlnet_multimodal/cfg_7p5_control_1p0/000000056344/seg.png,/Users/yixiaoz/Desktop/cs348k_proj/outputs/controlnet_multimodal/cfg_7p5_control_1p0/000000056344/generated.png,dense_text_plus_canny_plus_seg,7,7.5,1.0,1.0,1.0,20,0.511,0.25,34.7587
54628,A tall multi layer cake sitting on top of a blue table cloth.,"A tall multi-layered decorative cake stands on a table covered with a blue tablecloth inside an elegant event venue. The cake is decorated with detailed patterns, flowers, and multiple tiers, making it the centerpiece of the room. Guests, tables, chairs, and chandeliers are visible in.","A tall multi-layered decorative cake stands on a table covered with a blue tablecloth inside an elegant event venue. The cake is decorated with detailed patterns, flowers, and multiple tiers, making it the centerpiece of the room. Guests, tables, chairs, and chandeliers are visible in.",/Users/yixiaoz/Desktop/cs348k_proj/outputs/controlnet_multimodal/cfg_7p5_control_1p0/000000054628/target.png,/Users/yixiaoz/Desktop/cs348k_proj/outputs/controlnet_multimodal/cfg_7p5_control_1p0/000000054628/canny.png,/Users/yixiaoz/Desktop/cs348k_proj/outputs/controlnet_multimodal/cfg_7p5_control_1p0/000000054628/seg.png,/Users/yixiaoz/Desktop/cs348k_proj/outputs/controlnet_multimodal/cfg_7p5_control_1p0/000000054628/generated.png,dense_text_plus_canny_plus_seg,7,7.5,1.0,1.0,1.0,20,0.506,0.2317,33.2851
110999,"A painting of a bowl of fruit sitting in front of another painting,","A framed painting of a bowl of fruit hangs above a table where a real bowl of fruit and decorative objects are arranged below it. The dark background and warm lighting create a still-life atmosphere, connecting the artwork to the physical objects in front of.","A framed painting of a bowl of fruit hangs above a table where a real bowl of fruit and decorative objects are arranged below it. The dark background and warm lighting create a still-life atmosphere, connecting the artwork to the physical objects in front of.",/Users/yixiaoz/Desktop/cs348k_proj/outputs/controlnet_multimodal/cfg_7p5_control_1p0/000000110999/target.png,/Users/yixiaoz/Desktop/cs348k_proj/outputs/controlnet_multimodal/cfg_7p5_control_1p0/000000110999/canny.png,/Users/yixiaoz/Desktop/cs348k_proj/outputs/controlnet_multimodal/cfg_7p5_control_1p0/000000110999/seg.png,/Users/yixiaoz/Desktop/cs348k_proj/outputs/controlnet_multimodal/cfg_7p5_control_1p0/000000110999/generated.png,dense_text_plus_canny_plus_seg,7,7.5,1.0,1.0,1.0,20,0.5501,0.2929,38.4419
72795,a group of ball players playing on a field in front of an audience,"Baseball players are positioned on a field during a game while a large audience watches from the stadium seats. The batter stands near home plate, with the catcher and umpire crouched behind him and other players visible on the field. The scene is viewed from.","Baseball players are positioned on a field during a game while a large audience watches from the stadium seats. The batter stands near home plate, with the catcher and umpire crouched behind him and other players visible on the field. The scene is viewed from.",/Users/yixiaoz/Desktop/cs348k_proj/outputs/controlnet_multimodal/cfg_7p5_control_1p0/000000072795/target.png,/Users/yixiaoz/Desktop/cs348k_proj/outputs/controlnet_multimodal/cfg_7p5_control_1p0/000000072795/canny.png,/Users/yixiaoz/Desktop/cs348k_proj/outputs/controlnet_multimodal/cfg_7p5_control_1p0/000000072795/seg.png,/Users/yixiaoz/Desktop/cs348k_proj/outputs/controlnet_multimodal/cfg_7p5_control_1p0/000000072795/generated.png,dense_text_plus_canny_plus_seg,7,7.5,1.0,1.0,1.0,20,0.5353,0.3981,33.1506
92091,A little girl is using the toy brush for a chew toy rather than brushing the teddy.,"A young girl wearing a bright pink dress stands inside a cozy room while holding a toy brush near a stuffed teddy bear. The room includes wooden walls, chairs, a television, artwork, and home furnishings. The child appears to be playing pretend, possibly brushing the.","A young girl wearing a bright pink dress stands inside a cozy room while holding a toy brush near a stuffed teddy bear. The room includes wooden walls, chairs, a television, artwork, and home furnishings. The child appears to be playing pretend, possibly brushing the.",/Users/yixiaoz/Desktop/cs348k_proj/outputs/controlnet_multimodal/cfg_7p5_control_1p0/000000092091/target.png,/Users/yixiaoz/Desktop/cs348k_proj/outputs/controlnet_multimodal/cfg_7p5_control_1p0/000000092091/canny.png,/Users/yixiaoz/Desktop/cs348k_proj/outputs/controlnet_multimodal/cfg_7p5_control_1p0/000000092091/seg.png,/Users/yixiaoz/Desktop/cs348k_proj/outputs/controlnet_multimodal/cfg_7p5_control_1p0/000000092091/generated.png,dense_text_plus_canny_plus_seg,7,7.5,1.0,1.0,1.0,20,0.4132,0.29,35.8443
108253,there are two plates of food and a beer in the middle of the table,"Two plates of food and a beer bottle are arranged on a restaurant table. The plates contain sandwiches, fries, and other side dishes, while condiments and utensils sit nearby. The bottle of beer stands prominently near the center of the table, suggesting a casual meal.","Two plates of food and a beer bottle are arranged on a restaurant table. The plates contain sandwiches, fries, and other side dishes, while condiments and utensils sit nearby. The bottle of beer stands prominently near the center of the table, suggesting a casual meal.",/Users/yixiaoz/Desktop/cs348k_proj/outputs/controlnet_multimodal/cfg_7p5_control_1p0/000000108253/target.png,/Users/yixiaoz/Desktop/cs348k_proj/outputs/controlnet_multimodal/cfg_7p5_control_1p0/000000108253/canny.png,/Users/yixiaoz/Desktop/cs348k_proj/outputs/controlnet_multimodal/cfg_7p5_control_1p0/000000108253/seg.png,/Users/yixiaoz/Desktop/cs348k_proj/outputs/controlnet_multimodal/cfg_7p5_control_1p0/000000108253/generated.png,dense_text_plus_canny_plus_seg,7,7.5,1.0,1.0,1.0,20,0.5985,0.4585,31.5253
80932,A little boy sits at a table in a restaurant eating a slice of pizza.,"A young boy sits at a restaurant table eating a large slice of pizza. He holds the pizza close to his mouth while leaning over a white plate, concentrating on the meal. Other diners and wooden booth seating are visible in the background, creating a.","A young boy sits at a restaurant table eating a large slice of pizza. He holds the pizza close to his mouth while leaning over a white plate, concentrating on the meal. Other diners and wooden booth seating are visible in the background, creating a.",/Users/yixiaoz/Desktop/cs348k_proj/outputs/controlnet_multimodal/cfg_7p5_control_1p0/000000080932/target.png,/Users/yixiaoz/Desktop/cs348k_proj/outputs/controlnet_multimodal/cfg_7p5_control_1p0/000000080932/canny.png,/Users/yixiaoz/Desktop/cs348k_proj/outputs/controlnet_multimodal/cfg_7p5_control_1p0/000000080932/seg.png,/Users/yixiaoz/Desktop/cs348k_proj/outputs/controlnet_multimodal/cfg_7p5_control_1p0/000000080932/generated.png,dense_text_plus_canny_plus_seg,7,7.5,1.0,1.0,1.0,20,0.5746,0.3237,37.018
50811,A man in a suit sitting a table with an empty bowl and empty beer bottles.,A man wearing a gray suit jacket sits alone at a wooden dining table with an empty bowl and several empty beer bottles placed in front of him. He smiles toward the camera in a simple indoor setting with a plain light-colored background. The table.,A man wearing a gray suit jacket sits alone at a wooden dining table with an empty bowl and several empty beer bottles placed in front of him. He smiles toward the camera in a simple indoor setting with a plain light-colored background. The table.,/Users/yixiaoz/Desktop/cs348k_proj/outputs/controlnet_multimodal/cfg_7p5_control_1p0/000000050811/target.png,/Users/yixiaoz/Desktop/cs348k_proj/outputs/controlnet_multimodal/cfg_7p5_control_1p0/000000050811/canny.png,/Users/yixiaoz/Desktop/cs348k_proj/outputs/controlnet_multimodal/cfg_7p5_control_1p0/000000050811/seg.png,/Users/yixiaoz/Desktop/cs348k_proj/outputs/controlnet_multimodal/cfg_7p5_control_1p0/000000050811/generated.png,dense_text_plus_canny_plus_seg,7,7.5,1.0,1.0,1.0,20,0.5338,0.3666,36.6245
13659,A man typing on a laptop keyboard in a cluttered work environment.,"Several people work in a busy, cluttered office environment filled with desks, laptops, papers, cardboard boxes, and electronic equipment. A man in the foreground sits at a desk typing on a laptop while wearing headphones, and other people work in the background. The room looks.","Several people work in a busy, cluttered office environment filled with desks, laptops, papers, cardboard boxes, and electronic equipment. A man in the foreground sits at a desk typing on a laptop while wearing headphones, and other people work in the background. The room looks.",/Users/yixiaoz/Desktop/cs348k_proj/outputs/controlnet_multimodal/cfg_7p5_control_1p0/000000013659/target.png,/Users/yixiaoz/Desktop/cs348k_proj/outputs/controlnet_multimodal/cfg_7p5_control_1p0/000000013659/canny.png,/Users/yixiaoz/Desktop/cs348k_proj/outputs/controlnet_multimodal/cfg_7p5_control_1p0/000000013659/seg.png,/Users/yixiaoz/Desktop/cs348k_proj/outputs/controlnet_multimodal/cfg_7p5_control_1p0/000000013659/generated.png,dense_text_plus_canny_plus_seg,7,7.5,1.0,1.0,1.0,20,0.4059,0.2261,31.9552
26465,The opened  laptop is sitting on the table along with other technological tools.,"An open laptop sits on a white tabletop surrounded by small technological tools and accessories, including a smartphone, a pen, and a compact electronic device. The laptop screen shows a dark desktop with a bright reflection near the center. The arrangement is simple and sparse.","An open laptop sits on a white tabletop surrounded by small technological tools and accessories, including a smartphone, a pen, and a compact electronic device. The laptop screen shows a dark desktop with a bright reflection near the center. The arrangement is simple and sparse.",/Users/yixiaoz/Desktop/cs348k_proj/outputs/controlnet_multimodal/cfg_7p5_control_1p0/000000026465/target.png,/Users/yixiaoz/Desktop/cs348k_proj/outputs/controlnet_multimodal/cfg_7p5_control_1p0/000000026465/canny.png,/Users/yixiaoz/Desktop/cs348k_proj/outputs/controlnet_multimodal/cfg_7p5_control_1p0/000000026465/seg.png,/Users/yixiaoz/Desktop/cs348k_proj/outputs/controlnet_multimodal/cfg_7p5_control_1p0/000000026465/generated.png,dense_text_plus_canny_plus_seg,7,7.5,1.0,1.0,1.0,20,0.4127,0.3169,33.0875
25096,A boy sitting in front of cake fashioned to look like a skateboard.,"A young boy wearing a blue sports jersey sits at a table looking down at a cake designed to resemble a skateboard. The cake is decorated with bright colors and small details, and the boy appears focused on it as if preparing to cut or.","A young boy wearing a blue sports jersey sits at a table looking down at a cake designed to resemble a skateboard. The cake is decorated with bright colors and small details, and the boy appears focused on it as if preparing to cut or.",/Users/yixiaoz/Desktop/cs348k_proj/outputs/controlnet_multimodal/cfg_7p5_control_1p0/000000025096/target.png,/Users/yixiaoz/Desktop/cs348k_proj/outputs/controlnet_multimodal/cfg_7p5_control_1p0/000000025096/canny.png,/Users/yixiaoz/Desktop/cs348k_proj/outputs/controlnet_multimodal/cfg_7p5_control_1p0/000000025096/seg.png,/Users/yixiaoz/Desktop/cs348k_proj/outputs/controlnet_multimodal/cfg_7p5_control_1p0/000000025096/generated.png,dense_text_plus_canny_plus_seg,7,7.5,1.0,1.0,1.0,20,0.5713,0.3077,33.6327
26564,An office desk with a row of books and a desktop computer and laptop computer on the desk.,"An office desk is arranged with a desktop computer, laptop, keyboard, mouse, books, papers, and a row of binders or reference materials. The monitor displays a document or screen of text, and large windows brighten the workspace. The corner desk is compact but well equipped.","An office desk is arranged with a desktop computer, laptop, keyboard, mouse, books, papers, and a row of binders or reference materials. The monitor displays a document or screen of text, and large windows brighten the workspace. The corner desk is compact but well equipped.",/Users/yixiaoz/Desktop/cs348k_proj/outputs/controlnet_multimodal/cfg_7p5_control_1p0/000000026564/target.png,/Users/yixiaoz/Desktop/cs348k_proj/outputs/controlnet_multimodal/cfg_7p5_control_1p0/000000026564/canny.png,/Users/yixiaoz/Desktop/cs348k_proj/outputs/controlnet_multimodal/cfg_7p5_control_1p0/000000026564/seg.png,/Users/yixiaoz/Desktop/cs348k_proj/outputs/controlnet_multimodal/cfg_7p5_control_1p0/000000026564/generated.png,dense_text_plus_canny_plus_seg,7,7.5,1.0,1.0,1.0,20,0.3751,0.1626,34.3539
12670,A large crowd of people walking around while one owns a teddy bear.,"A large crowd of people walks and gathers in a busy outdoor public space, possibly a street, plaza, or festival area. The scene contains many individuals of different ages wearing colorful clothing, and one person appears to carry or hold a teddy bear among the.","A large crowd of people walks and gathers in a busy outdoor public space, possibly a street, plaza, or festival area. The scene contains many individuals of different ages wearing colorful clothing, and one person appears to carry or hold a teddy bear among the.",/Users/yixiaoz/Desktop/cs348k_proj/outputs/controlnet_multimodal/cfg_7p5_control_1p0/000000012670/target.png,/Users/yixiaoz/Desktop/cs348k_proj/outputs/controlnet_multimodal/cfg_7p5_control_1p0/000000012670/canny.png,/Users/yixiaoz/Desktop/cs348k_proj/outputs/controlnet_multimodal/cfg_7p5_control_1p0/000000012670/seg.png,/Users/yixiaoz/Desktop/cs348k_proj/outputs/controlnet_multimodal/cfg_7p5_control_1p0/000000012670/generated.png,dense_text_plus_canny_plus_seg,7,7.5,1.0,1.0,1.0,20,0.582,0.2809,33.1288
9400,Sever people are sitting next to each other while using laptops.,"Several people sit close together around a table while using laptop computers in a dimly lit indoor environment. Multiple screens glow in front of them, and drinks, cables, and computer accessories are spread across the table. The group appears to be collaborating, studying, or working.","Several people sit close together around a table while using laptop computers in a dimly lit indoor environment. Multiple screens glow in front of them, and drinks, cables, and computer accessories are spread across the table. The group appears to be collaborating, studying, or working.",/Users/yixiaoz/Desktop/cs348k_proj/outputs/controlnet_multimodal/cfg_7p5_control_1p0/000000009400/target.png,/Users/yixiaoz/Desktop/cs348k_proj/outputs/controlnet_multimodal/cfg_7p5_control_1p0/000000009400/canny.png,/Users/yixiaoz/Desktop/cs348k_proj/outputs/controlnet_multimodal/cfg_7p5_control_1p0/000000009400/seg.png,/Users/yixiaoz/Desktop/cs348k_proj/outputs/controlnet_multimodal/cfg_7p5_control_1p0/000000009400/generated.png,dense_text_plus_canny_plus_seg,7,7.5,1.0,1.0,1.0,20,0.5485,0.415,32.2945
92053,Three white dishes with three different sorts of food on them.,"Three white plates with different dishes are arranged on a restaurant table under warm, dim lighting. The food includes various items with sauces, sides, and garnishes, and a drink sits nearby. Utensils are placed on or beside the plates, suggesting the meal is in progress.","Three white plates with different dishes are arranged on a restaurant table under warm, dim lighting. The food includes various items with sauces, sides, and garnishes, and a drink sits nearby. Utensils are placed on or beside the plates, suggesting the meal is in progress.",/Users/yixiaoz/Desktop/cs348k_proj/outputs/controlnet_multimodal/cfg_7p5_control_1p0/000000092053/target.png,/Users/yixiaoz/Desktop/cs348k_proj/outputs/controlnet_multimodal/cfg_7p5_control_1p0/000000092053/canny.png,/Users/yixiaoz/Desktop/cs348k_proj/outputs/controlnet_multimodal/cfg_7p5_control_1p0/000000092053/seg.png,/Users/yixiaoz/Desktop/cs348k_proj/outputs/controlnet_multimodal/cfg_7p5_control_1p0/000000092053/generated.png,dense_text_plus_canny_plus_seg,7,7.5,1.0,1.0,1.0,20,0.571,0.3287,32.7282
74256,Two women standing in a train station looking at their phones.,"Two women stand together at an outdoor train station platform while looking down at their mobile phones. One woman wears a green scarf and dark clothing, while the other wears a patterned jacket. Train station signs, tracks, buildings, and platform structures appear in the background.","Two women stand together at an outdoor train station platform while looking down at their mobile phones. One woman wears a green scarf and dark clothing, while the other wears a patterned jacket. Train station signs, tracks, buildings, and platform structures appear in the background.",/Users/yixiaoz/Desktop/cs348k_proj/outputs/controlnet_multimodal/cfg_7p5_control_1p0/000000074256/target.png,/Users/yixiaoz/Desktop/cs348k_proj/outputs/controlnet_multimodal/cfg_7p5_control_1p0/000000074256/canny.png,/Users/yixiaoz/Desktop/cs348k_proj/outputs/controlnet_multimodal/cfg_7p5_control_1p0/000000074256/seg.png,/Users/yixiaoz/Desktop/cs348k_proj/outputs/controlnet_multimodal/cfg_7p5_control_1p0/000000074256/generated.png,dense_text_plus_canny_plus_seg,7,7.5,1.0,1.0,1.0,20,0.4243,0.3045,34.568
7818,An illuminated floral display forms the centerpiece of the arrangement in this close up of a dining room table setting.,"A small illuminated floral display sits at the center of a dining table arranged with plates, napkins, glasses, and formal place settings. The image is softly focused with the centerpiece and table surface highlighted against a darker background. The scene appears elegant and quiet, possibly.","A small illuminated floral display sits at the center of a dining table arranged with plates, napkins, glasses, and formal place settings. The image is softly focused with the centerpiece and table surface highlighted against a darker background. The scene appears elegant and quiet, possibly.",/Users/yixiaoz/Desktop/cs348k_proj/outputs/controlnet_multimodal/cfg_7p5_control_1p0/000000007818/target.png,/Users/yixiaoz/Desktop/cs348k_proj/outputs/controlnet_multimodal/cfg_7p5_control_1p0/000000007818/canny.png,/Users/yixiaoz/Desktop/cs348k_proj/outputs/controlnet_multimodal/cfg_7p5_control_1p0/000000007818/seg.png,/Users/yixiaoz/Desktop/cs348k_proj/outputs/controlnet_multimodal/cfg_7p5_control_1p0/000000007818/generated.png,dense_text_plus_canny_plus_seg,7,7.5,1.0,1.0,1.0,20,0.5767,0.2544,31.4808
109313,A man holding a Wii game controller while standing in a living room.,"A man stands in a living room holding a Wii game controller while facing a television outside the frame. He wears casual clothes and stands among household items, toys, furniture, and a colorful floor mat. The room appears lived-in and informal, with a kitchen or.","A man stands in a living room holding a Wii game controller while facing a television outside the frame. He wears casual clothes and stands among household items, toys, furniture, and a colorful floor mat. The room appears lived-in and informal, with a kitchen or.",/Users/yixiaoz/Desktop/cs348k_proj/outputs/controlnet_multimodal/cfg_7p5_control_1p0/000000109313/target.png,/Users/yixiaoz/Desktop/cs348k_proj/outputs/controlnet_multimodal/cfg_7p5_control_1p0/000000109313/canny.png,/Users/yixiaoz/Desktop/cs348k_proj/outputs/controlnet_multimodal/cfg_7p5_control_1p0/000000109313/seg.png,/Users/yixiaoz/Desktop/cs348k_proj/outputs/controlnet_multimodal/cfg_7p5_control_1p0/000000109313/generated.png,dense_text_plus_canny_plus_seg,7,7.5,1.0,1.0,1.0,20,0.5198,0.4088,37.0841
116439,A woman with a straw style hat sitting on a small row boat in the water and accessory items hanging behind her on the land area.,"A woman wearing a straw-style hat sits in a small wooden boat floating on water, surrounded by colorful fabrics and hanging accessories near the shoreline. The scene appears to take place in a riverside or floating market environment, with reflections on the water and goods.","A woman wearing a straw-style hat sits in a small wooden boat floating on water, surrounded by colorful fabrics and hanging accessories near the shoreline. The scene appears to take place in a riverside or floating market environment, with reflections on the water and goods.",/Users/yixiaoz/Desktop/cs348k_proj/outputs/controlnet_multimodal/cfg_7p5_control_1p0/000000116439/target.png,/Users/yixiaoz/Desktop/cs348k_proj/outputs/controlnet_multimodal/cfg_7p5_control_1p0/000000116439/canny.png,/Users/yixiaoz/Desktop/cs348k_proj/outputs/controlnet_multimodal/cfg_7p5_control_1p0/000000116439/seg.png,/Users/yixiaoz/Desktop/cs348k_proj/outputs/controlnet_multimodal/cfg_7p5_control_1p0/000000116439/generated.png,dense_text_plus_canny_plus_seg,7,7.5,1.0,1.0,1.0,20,0.579,0.2896,38.1983
11511,A sculpture of two women stting on a bench with their purses on the ground while people standing in a line behind them.,"A bronze sculpture of two women seated together on a bench is displayed in an outdoor public area. The figures sit close together with handbags or purses placed near their feet, and pedestrians stand or walk in the background. Strong light highlights the sculpture against.","A bronze sculpture of two women seated together on a bench is displayed in an outdoor public area. The figures sit close together with handbags or purses placed near their feet, and pedestrians stand or walk in the background. Strong light highlights the sculpture against.",/Users/yixiaoz/Desktop/cs348k_proj/outputs/controlnet_multimodal/cfg_7p5_control_1p0/000000011511/target.png,/Users/yixiaoz/Desktop/cs348k_proj/outputs/controlnet_multimodal/cfg_7p5_control_1p0/000000011511/canny.png,/Users/yixiaoz/Desktop/cs348k_proj/outputs/controlnet_multimodal/cfg_7p5_control_1p0/000000011511/seg.png,/Users/yixiaoz/Desktop/cs348k_proj/outputs/controlnet_multimodal/cfg_7p5_control_1p0/000000011511/generated.png,dense_text_plus_canny_plus_seg,7,7.5,1.0,1.0,1.0,20,0.5296,0.3276,39.2408
17714,A banana frittata next to a plate of decoratively cut fruit and a cup of coffee.,"A breakfast or brunch meal is arranged on a wooden table, including a banana frittata, a plate of decorative cut fruit, and a cup of coffee. Sunlight falls across the tabletop, casting shadows and giving the meal a bright morning feel. The dishes are neatly.","A breakfast or brunch meal is arranged on a wooden table, including a banana frittata, a plate of decorative cut fruit, and a cup of coffee. Sunlight falls across the tabletop, casting shadows and giving the meal a bright morning feel. The dishes are neatly.",/Users/yixiaoz/Desktop/cs348k_proj/outputs/controlnet_multimodal/cfg_7p5_control_1p0/000000017714/target.png,/Users/yixiaoz/Desktop/cs348k_proj/outputs/controlnet_multimodal/cfg_7p5_control_1p0/000000017714/canny.png,/Users/yixiaoz/Desktop/cs348k_proj/outputs/controlnet_multimodal/cfg_7p5_control_1p0/000000017714/seg.png,/Users/yixiaoz/Desktop/cs348k_proj/outputs/controlnet_multimodal/cfg_7p5_control_1p0/000000017714/generated.png,dense_text_plus_canny_plus_seg,7,7.5,1.0,1.0,1.0,20,0.4887,0.3297,33.2792
15335,"a young child, lady , and man sitting in a booth at a table","A young child sits in a restaurant booth between adults at a table, with plates, drinks, and food items visible in the dim interior. The child appears to be eating or touching their mouth, while the adults sit close on either side. Warm lighting and.","A young child sits in a restaurant booth between adults at a table, with plates, drinks, and food items visible in the dim interior. The child appears to be eating or touching their mouth, while the adults sit close on either side. Warm lighting and.",/Users/yixiaoz/Desktop/cs348k_proj/outputs/controlnet_multimodal/cfg_7p5_control_1p0/000000015335/target.png,/Users/yixiaoz/Desktop/cs348k_proj/outputs/controlnet_multimodal/cfg_7p5_control_1p0/000000015335/canny.png,/Users/yixiaoz/Desktop/cs348k_proj/outputs/controlnet_multimodal/cfg_7p5_control_1p0/000000015335/seg.png,/Users/yixiaoz/Desktop/cs348k_proj/outputs/controlnet_multimodal/cfg_7p5_control_1p0/000000015335/generated.png,dense_text_plus_canny_plus_seg,7,7.5,1.0,1.0,1.0,20,0.6136,0.4231,30.5179
113589,"Two containers containing quiche, a salad, apples and a banana on the side.","A healthy prepared meal is arranged in two clear food containers and a small side area, including a slice of quiche, green salad, apple slices, and a banana. The food is neatly separated and photographed from above against a plain background. The composition emphasizes balanced.","A healthy prepared meal is arranged in two clear food containers and a small side area, including a slice of quiche, green salad, apple slices, and a banana. The food is neatly separated and photographed from above against a plain background. The composition emphasizes balanced.",/Users/yixiaoz/Desktop/cs348k_proj/outputs/controlnet_multimodal/cfg_7p5_control_1p0/000000113589/target.png,/Users/yixiaoz/Desktop/cs348k_proj/outputs/controlnet_multimodal/cfg_7p5_control_1p0/000000113589/canny.png,/Users/yixiaoz/Desktop/cs348k_proj/outputs/controlnet_multimodal/cfg_7p5_control_1p0/000000113589/seg.png,/Users/yixiaoz/Desktop/cs348k_proj/outputs/controlnet_multimodal/cfg_7p5_control_1p0/000000113589/generated.png,dense_text_plus_canny_plus_seg,7,7.5,1.0,1.0,1.0,20,0.5733,0.329,36.8451
1503,A picture of an iMac desktop next to a Mac laptop on a desk.,"An older Apple iMac desktop computer sits on a desk beside a Mac laptop and several computer accessories. A keyboard, mouse, speakers, and monitor are arranged across the workspace, creating a technology-focused setup. The desk is positioned near a window with blinds, and the white.","An older Apple iMac desktop computer sits on a desk beside a Mac laptop and several computer accessories. A keyboard, mouse, speakers, and monitor are arranged across the workspace, creating a technology-focused setup. The desk is positioned near a window with blinds, and the white.",/Users/yixiaoz/Desktop/cs348k_proj/outputs/controlnet_multimodal/cfg_7p5_control_1p0/000000001503/target.png,/Users/yixiaoz/Desktop/cs348k_proj/outputs/controlnet_multimodal/cfg_7p5_control_1p0/000000001503/canny.png,/Users/yixiaoz/Desktop/cs348k_proj/outputs/controlnet_multimodal/cfg_7p5_control_1p0/000000001503/seg.png,/Users/yixiaoz/Desktop/cs348k_proj/outputs/controlnet_multimodal/cfg_7p5_control_1p0/000000001503/generated.png,dense_text_plus_canny_plus_seg,7,7.5,1.0,1.0,1.0,20,0.42,0.3154,35.6327
88848,"Multiple pictures of fire hydrants, a woman standing near a tree, and people posing in front of a boat.","A collage of multiple photographs shows several yellow fire hydrants, a woman standing near a tree, and people posing in front of a boat or outdoor landmark. The images are arranged together in a grid-like layout, combining different scenes into one visual composition. The subject.","A collage of multiple photographs shows several yellow fire hydrants, a woman standing near a tree, and people posing in front of a boat or outdoor landmark. The images are arranged together in a grid-like layout, combining different scenes into one visual composition. The subject.",/Users/yixiaoz/Desktop/cs348k_proj/outputs/controlnet_multimodal/cfg_7p5_control_1p0/000000088848/target.png,/Users/yixiaoz/Desktop/cs348k_proj/outputs/controlnet_multimodal/cfg_7p5_control_1p0/000000088848/canny.png,/Users/yixiaoz/Desktop/cs348k_proj/outputs/controlnet_multimodal/cfg_7p5_control_1p0/000000088848/seg.png,/Users/yixiaoz/Desktop/cs348k_proj/outputs/controlnet_multimodal/cfg_7p5_control_1p0/000000088848/generated.png,dense_text_plus_canny_plus_seg,7,7.5,1.0,1.0,1.0,20,0.4737,0.3407,40.6084
6471,A man at bat waiting for a pitch with a catcher and umpire behind him and players from the opposing team in the dugout.,"A baseball player in a white uniform stands at home plate holding a bat while waiting for a pitch. A catcher and umpire crouch behind him, and members of the opposing team sit in the dugout watching the play. The green field and stadium seating.","A baseball player in a white uniform stands at home plate holding a bat while waiting for a pitch. A catcher and umpire crouch behind him, and members of the opposing team sit in the dugout watching the play. The green field and stadium seating.",/Users/yixiaoz/Desktop/cs348k_proj/outputs/controlnet_multimodal/cfg_7p5_control_1p0/000000006471/target.png,/Users/yixiaoz/Desktop/cs348k_proj/outputs/controlnet_multimodal/cfg_7p5_control_1p0/000000006471/canny.png,/Users/yixiaoz/Desktop/cs348k_proj/outputs/controlnet_multimodal/cfg_7p5_control_1p0/000000006471/seg.png,/Users/yixiaoz/Desktop/cs348k_proj/outputs/controlnet_multimodal/cfg_7p5_control_1p0/000000006471/generated.png,dense_text_plus_canny_plus_seg,7,7.5,1.0,1.0,1.0,20,0.502,0.3889,31.529
92660,An unbaked pizza with cheese and herbs on one half and broccoli on the second.,"An uncooked pizza topped with cheese, herbs, and broccoli sits on a round baking tray or pan. One half of the pizza appears more heavily covered with broccoli, while the other has more cheese and herbs exposed. The crust and toppings are clearly visible from.","An uncooked pizza topped with cheese, herbs, and broccoli sits on a round baking tray or pan. One half of the pizza appears more heavily covered with broccoli, while the other has more cheese and herbs exposed. The crust and toppings are clearly visible from.",/Users/yixiaoz/Desktop/cs348k_proj/outputs/controlnet_multimodal/cfg_7p5_control_1p0/000000092660/target.png,/Users/yixiaoz/Desktop/cs348k_proj/outputs/controlnet_multimodal/cfg_7p5_control_1p0/000000092660/canny.png,/Users/yixiaoz/Desktop/cs348k_proj/outputs/controlnet_multimodal/cfg_7p5_control_1p0/000000092660/seg.png,/Users/yixiaoz/Desktop/cs348k_proj/outputs/controlnet_multimodal/cfg_7p5_control_1p0/000000092660/generated.png,dense_text_plus_canny_plus_seg,7,7.5,1.0,1.0,1.0,20,0.502,0.2117,34.1105
105335,"A bowl of stew in a white bowl, being held by a person.","A bowl of stew in a white dish is being held by a person, with pieces of vegetables and meat visible in a warm broth. The stew contains colorful ingredients such as carrots, potatoes, and chunks of protein. The close-up framing focuses on the food.","A bowl of stew in a white dish is being held by a person, with pieces of vegetables and meat visible in a warm broth. The stew contains colorful ingredients such as carrots, potatoes, and chunks of protein. The close-up framing focuses on the food.",/Users/yixiaoz/Desktop/cs348k_proj/outputs/controlnet_multimodal/cfg_7p5_control_1p0/000000105335/target.png,/Users/yixiaoz/Desktop/cs348k_proj/outputs/controlnet_multimodal/cfg_7p5_control_1p0/000000105335/canny.png,/Users/yixiaoz/Desktop/cs348k_proj/outputs/controlnet_multimodal/cfg_7p5_control_1p0/000000105335/seg.png,/Users/yixiaoz/Desktop/cs348k_proj/outputs/controlnet_multimodal/cfg_7p5_control_1p0/000000105335/generated.png,dense_text_plus_canny_plus_seg,7,7.5,1.0,1.0,1.0,20,0.5284,0.2499,33.7548
117719,A man sits at a bar in front of dozens of bottles of alcohol.,"A man stands behind a warmly lit bar surrounded by dozens of bottles of alcohol arranged on shelves. The bar interior features dark wood, glowing lights, glassware, and a cozy pub-like atmosphere. The bartender or customer is partly silhouetted against the illuminated bottles, creating a.","A man stands behind a warmly lit bar surrounded by dozens of bottles of alcohol arranged on shelves. The bar interior features dark wood, glowing lights, glassware, and a cozy pub-like atmosphere. The bartender or customer is partly silhouetted against the illuminated bottles, creating a.",/Users/yixiaoz/Desktop/cs348k_proj/outputs/controlnet_multimodal/cfg_7p5_control_1p0/000000117719/target.png,/Users/yixiaoz/Desktop/cs348k_proj/outputs/controlnet_multimodal/cfg_7p5_control_1p0/000000117719/canny.png,/Users/yixiaoz/Desktop/cs348k_proj/outputs/controlnet_multimodal/cfg_7p5_control_1p0/000000117719/seg.png,/Users/yixiaoz/Desktop/cs348k_proj/outputs/controlnet_multimodal/cfg_7p5_control_1p0/000000117719/generated.png,dense_text_plus_canny_plus_seg,7,7.5,1.0,1.0,1.0,20,0.514,0.2721,33.0311
82085,A brightly colored train is stopped on the tracks to let passengers on.,"A brightly colored passenger train is stopped on railway tracks beside a platform, allowing passengers to board or exit. The train has yellow, blue, and red sections, and people stand nearby along the track area. Buildings, vegetation, and station infrastructure surround the scene. The image.","A brightly colored passenger train is stopped on railway tracks beside a platform, allowing passengers to board or exit. The train has yellow, blue, and red sections, and people stand nearby along the track area. Buildings, vegetation, and station infrastructure surround the scene. The image.",/Users/yixiaoz/Desktop/cs348k_proj/outputs/controlnet_multimodal/cfg_7p5_control_1p0/000000082085/target.png,/Users/yixiaoz/Desktop/cs348k_proj/outputs/controlnet_multimodal/cfg_7p5_control_1p0/000000082085/canny.png,/Users/yixiaoz/Desktop/cs348k_proj/outputs/controlnet_multimodal/cfg_7p5_control_1p0/000000082085/seg.png,/Users/yixiaoz/Desktop/cs348k_proj/outputs/controlnet_multimodal/cfg_7p5_control_1p0/000000082085/generated.png,dense_text_plus_canny_plus_seg,7,7.5,1.0,1.0,1.0,20,0.5131,0.2392,32.2395
70048,"A glass of wine sits next to a bowl of soup, salad, and a plate with a sandwich.","A restaurant meal is arranged on a table, including a glass of wine, a bowl of soup, a green salad, and a sandwich served on a round bread roll. Condiments, utensils, napkins, and additional dining items sit nearby. The overhead view emphasizes the variety and.","A restaurant meal is arranged on a table, including a glass of wine, a bowl of soup, a green salad, and a sandwich served on a round bread roll. Condiments, utensils, napkins, and additional dining items sit nearby. The overhead view emphasizes the variety and.",/Users/yixiaoz/Desktop/cs348k_proj/outputs/controlnet_multimodal/cfg_7p5_control_1p0/000000070048/target.png,/Users/yixiaoz/Desktop/cs348k_proj/outputs/controlnet_multimodal/cfg_7p5_control_1p0/000000070048/canny.png,/Users/yixiaoz/Desktop/cs348k_proj/outputs/controlnet_multimodal/cfg_7p5_control_1p0/000000070048/seg.png,/Users/yixiaoz/Desktop/cs348k_proj/outputs/controlnet_multimodal/cfg_7p5_control_1p0/000000070048/generated.png,dense_text_plus_canny_plus_seg,7,7.5,1.0,1.0,1.0,20,0.5177,0.4121,35.3057
3845,A dinner plate that has white steamed rice with stir fry vegetables and chicken.,A large dinner plate holds a mound of white steamed rice next to stir-fried vegetables and pieces of chicken in a colorful sauce. The food is arranged on a patterned plate and viewed from above on a wooden table. The bright vegetables and sauce contrast.,A large dinner plate holds a mound of white steamed rice next to stir-fried vegetables and pieces of chicken in a colorful sauce. The food is arranged on a patterned plate and viewed from above on a wooden table. The bright vegetables and sauce contrast.,/Users/yixiaoz/Desktop/cs348k_proj/outputs/controlnet_multimodal/cfg_7p5_control_1p0/000000003845/target.png,/Users/yixiaoz/Desktop/cs348k_proj/outputs/controlnet_multimodal/cfg_7p5_control_1p0/000000003845/canny.png,/Users/yixiaoz/Desktop/cs348k_proj/outputs/controlnet_multimodal/cfg_7p5_control_1p0/000000003845/seg.png,/Users/yixiaoz/Desktop/cs348k_proj/outputs/controlnet_multimodal/cfg_7p5_control_1p0/000000003845/generated.png,dense_text_plus_canny_plus_seg,7,7.5,1.0,1.0,1.0,20,0.6202,0.3191,34.2391
92939,a man and female standing side by side with a cake cutter in their hand,"A smiling man and woman stand side by side beside a small decorated cake, holding a cake knife together. The woman wears a light-colored strapless dress and the man wears a white shirt, suggesting a wedding, anniversary, or celebratory event. Palm trees and outdoor lighting.","A smiling man and woman stand side by side beside a small decorated cake, holding a cake knife together. The woman wears a light-colored strapless dress and the man wears a white shirt, suggesting a wedding, anniversary, or celebratory event. Palm trees and outdoor lighting.",/Users/yixiaoz/Desktop/cs348k_proj/outputs/controlnet_multimodal/cfg_7p5_control_1p0/000000092939/target.png,/Users/yixiaoz/Desktop/cs348k_proj/outputs/controlnet_multimodal/cfg_7p5_control_1p0/000000092939/canny.png,/Users/yixiaoz/Desktop/cs348k_proj/outputs/controlnet_multimodal/cfg_7p5_control_1p0/000000092939/seg.png,/Users/yixiaoz/Desktop/cs348k_proj/outputs/controlnet_multimodal/cfg_7p5_control_1p0/000000092939/generated.png,dense_text_plus_canny_plus_seg,7,7.5,1.0,1.0,1.0,20,0.3974,0.2105,35.3302
1268,A waterway under a bridge with people sitting down and a woman taking a photo.,"People sit and relax under a large bridge beside a waterfront, with sunlight reflecting brightly off the water. A woman stands in the foreground taking a photograph, while several people sit along the edge facing the river. The bridge structure forms a strong curved frame.","People sit and relax under a large bridge beside a waterfront, with sunlight reflecting brightly off the water. A woman stands in the foreground taking a photograph, while several people sit along the edge facing the river. The bridge structure forms a strong curved frame.",/Users/yixiaoz/Desktop/cs348k_proj/outputs/controlnet_multimodal/cfg_7p5_control_1p0/000000001268/target.png,/Users/yixiaoz/Desktop/cs348k_proj/outputs/controlnet_multimodal/cfg_7p5_control_1p0/000000001268/canny.png,/Users/yixiaoz/Desktop/cs348k_proj/outputs/controlnet_multimodal/cfg_7p5_control_1p0/000000001268/seg.png,/Users/yixiaoz/Desktop/cs348k_proj/outputs/controlnet_multimodal/cfg_7p5_control_1p0/000000001268/generated.png,dense_text_plus_canny_plus_seg,7,7.5,1.0,1.0,1.0,20,0.4886,0.2658,33.4606
33221,Two women at a beach with tennis rackets in their hands and one girl looking very excited with her tennis racket in the air.,"Two women stand on a sandy beach holding tennis rackets while people walk nearby in the background. One woman raises her racket enthusiastically above her head, while the other stands beside her wearing a hood or scarf. The beach, distant hills, flags, and open sky.","Two women stand on a sandy beach holding tennis rackets while people walk nearby in the background. One woman raises her racket enthusiastically above her head, while the other stands beside her wearing a hood or scarf. The beach, distant hills, flags, and open sky.",/Users/yixiaoz/Desktop/cs348k_proj/outputs/controlnet_multimodal/cfg_7p5_control_1p0/000000033221/target.png,/Users/yixiaoz/Desktop/cs348k_proj/outputs/controlnet_multimodal/cfg_7p5_control_1p0/000000033221/canny.png,/Users/yixiaoz/Desktop/cs348k_proj/outputs/controlnet_multimodal/cfg_7p5_control_1p0/000000033221/seg.png,/Users/yixiaoz/Desktop/cs348k_proj/outputs/controlnet_multimodal/cfg_7p5_control_1p0/000000033221/generated.png,dense_text_plus_canny_plus_seg,7,7.5,1.0,1.0,1.0,20,0.5185,0.4773,33.1609
68409,School boys sit cross legged in front of a chalkboard sign in a vintage black and white photo.,A vintage black-and-white photograph shows a group of schoolboys sitting cross-legged in a row in front of a chalkboard sign. The boys wear similar school uniforms and pose formally for the camera outdoors. Trees and a simple background are visible behind them. The image has.,A vintage black-and-white photograph shows a group of schoolboys sitting cross-legged in a row in front of a chalkboard sign. The boys wear similar school uniforms and pose formally for the camera outdoors. Trees and a simple background are visible behind them. The image has.,/Users/yixiaoz/Desktop/cs348k_proj/outputs/controlnet_multimodal/cfg_7p5_control_1p0/000000068409/target.png,/Users/yixiaoz/Desktop/cs348k_proj/outputs/controlnet_multimodal/cfg_7p5_control_1p0/000000068409/canny.png,/Users/yixiaoz/Desktop/cs348k_proj/outputs/controlnet_multimodal/cfg_7p5_control_1p0/000000068409/seg.png,/Users/yixiaoz/Desktop/cs348k_proj/outputs/controlnet_multimodal/cfg_7p5_control_1p0/000000068409/generated.png,dense_text_plus_canny_plus_seg,7,7.5,1.0,1.0,1.0,20,0.5148,0.2979,35.6452
78170,"PASSENGER TRAIN IN THE NIGHT HOURS WITH NO SMOKING SIGN, AND TWO WOMEN","A black-and-white nighttime image shows passengers visible through the windows of a train car. A no-smoking sign and interior lights can be seen inside, while reflections and shadows create a dramatic atmosphere. Two women or passengers are visible near separate windows, framed by the train.","A black-and-white nighttime image shows passengers visible through the windows of a train car. A no-smoking sign and interior lights can be seen inside, while reflections and shadows create a dramatic atmosphere. Two women or passengers are visible near separate windows, framed by the train.",/Users/yixiaoz/Desktop/cs348k_proj/outputs/controlnet_multimodal/cfg_7p5_control_1p0/000000078170/target.png,/Users/yixiaoz/Desktop/cs348k_proj/outputs/controlnet_multimodal/cfg_7p5_control_1p0/000000078170/canny.png,/Users/yixiaoz/Desktop/cs348k_proj/outputs/controlnet_multimodal/cfg_7p5_control_1p0/000000078170/seg.png,/Users/yixiaoz/Desktop/cs348k_proj/outputs/controlnet_multimodal/cfg_7p5_control_1p0/000000078170/generated.png,dense_text_plus_canny_plus_seg,7,7.5,1.0,1.0,1.0,20,0.4373,0.3002,35.6884
62554,a plate of broccoli on a table next to some other plates of food,"A plate or bowl of broccoli sits on a table next to other plates of food, including pasta or noodles and additional dishes in the background. The broccoli is bright green and placed prominently in the foreground, while the other foods are slightly out of.","A plate or bowl of broccoli sits on a table next to other plates of food, including pasta or noodles and additional dishes in the background. The broccoli is bright green and placed prominently in the foreground, while the other foods are slightly out of.",/Users/yixiaoz/Desktop/cs348k_proj/outputs/controlnet_multimodal/cfg_7p5_control_1p0/000000062554/target.png,/Users/yixiaoz/Desktop/cs348k_proj/outputs/controlnet_multimodal/cfg_7p5_control_1p0/000000062554/canny.png,/Users/yixiaoz/Desktop/cs348k_proj/outputs/controlnet_multimodal/cfg_7p5_control_1p0/000000062554/seg.png,/Users/yixiaoz/Desktop/cs348k_proj/outputs/controlnet_multimodal/cfg_7p5_control_1p0/000000062554/generated.png,dense_text_plus_canny_plus_seg,7,7.5,1.0,1.0,1.0,20,0.5233,0.2851,34.1769
58539,"A man in a red hat, suit, and blue striped tie walks past two other men on a street.","A man wearing a bright red hat, dark suit, and blue striped tie walks along a city street while other men and pedestrians stand nearby. Cars, buildings, and urban activity fill the background. The red hat makes the man stand out clearly from the crowd.","A man wearing a bright red hat, dark suit, and blue striped tie walks along a city street while other men and pedestrians stand nearby. Cars, buildings, and urban activity fill the background. The red hat makes the man stand out clearly from the crowd.",/Users/yixiaoz/Desktop/cs348k_proj/outputs/controlnet_multimodal/cfg_7p5_control_1p0/000000058539/target.png,/Users/yixiaoz/Desktop/cs348k_proj/outputs/controlnet_multimodal/cfg_7p5_control_1p0/000000058539/canny.png,/Users/yixiaoz/Desktop/cs348k_proj/outputs/controlnet_multimodal/cfg_7p5_control_1p0/000000058539/seg.png,/Users/yixiaoz/Desktop/cs348k_proj/outputs/controlnet_multimodal/cfg_7p5_control_1p0/000000058539/generated.png,dense_text_plus_canny_plus_seg,7,7.5,1.0,1.0,1.0,20,0.4583,0.2612,34.0124
46031,A small tablet computer next to a larger monitor and keyboard.,"A laptop computer sits on a small desk beside a larger external monitor, keyboard, mouse, speakers, and other electronic devices. The laptop and monitor display green leaf or plant imagery, creating a matching visual theme across the screens. The desk is placed near a window.","A laptop computer sits on a small desk beside a larger external monitor, keyboard, mouse, speakers, and other electronic devices. The laptop and monitor display green leaf or plant imagery, creating a matching visual theme across the screens. The desk is placed near a window.",/Users/yixiaoz/Desktop/cs348k_proj/outputs/controlnet_multimodal/cfg_7p5_control_1p0/000000046031/target.png,/Users/yixiaoz/Desktop/cs348k_proj/outputs/controlnet_multimodal/cfg_7p5_control_1p0/000000046031/canny.png,/Users/yixiaoz/Desktop/cs348k_proj/outputs/controlnet_multimodal/cfg_7p5_control_1p0/000000046031/seg.png,/Users/yixiaoz/Desktop/cs348k_proj/outputs/controlnet_multimodal/cfg_7p5_control_1p0/000000046031/generated.png,dense_text_plus_canny_plus_seg,7,7.5,1.0,1.0,1.0,20,0.5152,0.2506,33.0323
9891,The man is loading luggage suitcases onto the cart in the parking lot.,"A man loads luggage and suitcases onto a metal cart in a parking lot filled with vehicles. He bends over while handling the bags beside a parked car, suggesting travel, airport transport, or hotel arrival. Other cars and a parking garage or covered structure are.","A man loads luggage and suitcases onto a metal cart in a parking lot filled with vehicles. He bends over while handling the bags beside a parked car, suggesting travel, airport transport, or hotel arrival. Other cars and a parking garage or covered structure are.",/Users/yixiaoz/Desktop/cs348k_proj/outputs/controlnet_multimodal/cfg_7p5_control_1p0/000000009891/target.png,/Users/yixiaoz/Desktop/cs348k_proj/outputs/controlnet_multimodal/cfg_7p5_control_1p0/000000009891/canny.png,/Users/yixiaoz/Desktop/cs348k_proj/outputs/controlnet_multimodal/cfg_7p5_control_1p0/000000009891/seg.png,/Users/yixiaoz/Desktop/cs348k_proj/outputs/controlnet_multimodal/cfg_7p5_control_1p0/000000009891/generated.png,dense_text_plus_canny_plus_seg,7,7.5,1.0,1.0,1.0,20,0.4381,0.3432,34.0184
37777,The dining table near the kitchen has a bowl of fruit on it.,"A bright open kitchen and dining area features wooden cabinets, white appliances, tiled flooring, and a small table with a bowl of fruit on top. Sunlight enters through windows and illuminates the clean interior. The kitchen includes counters, a refrigerator, stove, and cabinets arranged along.","A bright open kitchen and dining area features wooden cabinets, white appliances, tiled flooring, and a small table with a bowl of fruit on top. Sunlight enters through windows and illuminates the clean interior. The kitchen includes counters, a refrigerator, stove, and cabinets arranged along.",/Users/yixiaoz/Desktop/cs348k_proj/outputs/controlnet_multimodal/cfg_7p5_control_1p0/000000037777/target.png,/Users/yixiaoz/Desktop/cs348k_proj/outputs/controlnet_multimodal/cfg_7p5_control_1p0/000000037777/canny.png,/Users/yixiaoz/Desktop/cs348k_proj/outputs/controlnet_multimodal/cfg_7p5_control_1p0/000000037777/seg.png,/Users/yixiaoz/Desktop/cs348k_proj/outputs/controlnet_multimodal/cfg_7p5_control_1p0/000000037777/generated.png,dense_text_plus_canny_plus_seg,7,7.5,1.0,1.0,1.0,20,0.5202,0.3467,31.4024
65350,"Two young people are skateboarding on the ramp, trying to pull off tricks.","Two young people are skateboarding on a skate park ramp while attempting tricks. One skater lies or slides on the ramp with a skateboard nearby, while another stands or moves close by. Other people and bicycles are visible in the background near concrete walls. The.","Two young people are skateboarding on a skate park ramp while attempting tricks. One skater lies or slides on the ramp with a skateboard nearby, while another stands or moves close by. Other people and bicycles are visible in the background near concrete walls. The.",/Users/yixiaoz/Desktop/cs348k_proj/outputs/controlnet_multimodal/cfg_7p5_control_1p0/000000065350/target.png,/Users/yixiaoz/Desktop/cs348k_proj/outputs/controlnet_multimodal/cfg_7p5_control_1p0/000000065350/canny.png,/Users/yixiaoz/Desktop/cs348k_proj/outputs/controlnet_multimodal/cfg_7p5_control_1p0/000000065350/seg.png,/Users/yixiaoz/Desktop/cs348k_proj/outputs/controlnet_multimodal/cfg_7p5_control_1p0/000000065350/generated.png,dense_text_plus_canny_plus_seg,7,7.5,1.0,1.0,1.0,20,0.471,0.3122,32.7426
48396,A woman in a tan sweater holding a knife by a young boy in a plaid shirt.,"A woman wearing a tan or light-colored sweater stands beside a young boy in a plaid shirt near a table with cups and food items. The woman holds a knife, possibly preparing to cut or serve something. Both subjects face the camera in an indoor.","A woman wearing a tan or light-colored sweater stands beside a young boy in a plaid shirt near a table with cups and food items. The woman holds a knife, possibly preparing to cut or serve something. Both subjects face the camera in an indoor.",/Users/yixiaoz/Desktop/cs348k_proj/outputs/controlnet_multimodal/cfg_7p5_control_1p0/000000048396/target.png,/Users/yixiaoz/Desktop/cs348k_proj/outputs/controlnet_multimodal/cfg_7p5_control_1p0/000000048396/canny.png,/Users/yixiaoz/Desktop/cs348k_proj/outputs/controlnet_multimodal/cfg_7p5_control_1p0/000000048396/seg.png,/Users/yixiaoz/Desktop/cs348k_proj/outputs/controlnet_multimodal/cfg_7p5_control_1p0/000000048396/generated.png,dense_text_plus_canny_plus_seg,7,7.5,1.0,1.0,1.0,20,0.5588,0.3418,36.3811
117908,A man looking in the refrigerator with a cat also looking inside,"A man bends over and looks inside an open refrigerator while a cat stands nearby also peering into the fridge. Food, bottles, and containers are visible on the refrigerator shelves, and the cat appears curious about the contents. The warm indoor lighting and humorous interaction.","A man bends over and looks inside an open refrigerator while a cat stands nearby also peering into the fridge. Food, bottles, and containers are visible on the refrigerator shelves, and the cat appears curious about the contents. The warm indoor lighting and humorous interaction.",/Users/yixiaoz/Desktop/cs348k_proj/outputs/controlnet_multimodal/cfg_7p5_control_1p0/000000117908/target.png,/Users/yixiaoz/Desktop/cs348k_proj/outputs/controlnet_multimodal/cfg_7p5_control_1p0/000000117908/canny.png,/Users/yixiaoz/Desktop/cs348k_proj/outputs/controlnet_multimodal/cfg_7p5_control_1p0/000000117908/seg.png,/Users/yixiaoz/Desktop/cs348k_proj/outputs/controlnet_multimodal/cfg_7p5_control_1p0/000000117908/generated.png,dense_text_plus_canny_plus_seg,7,7.5,1.0,1.0,1.0,20,0.5951,0.4574,36.6494
97994,Three laptop computers and a desktop computer sit next to each other.,"Three laptop computers and a desktop workstation are arranged together on a desk in a compact home office or technical workspace. Several screens, keyboards, cables, and electronic accessories fill the tabletop, suggesting multitasking or computer-intensive work. A microphone or lamp stands near the setup, and.","Three laptop computers and a desktop workstation are arranged together on a desk in a compact home office or technical workspace. Several screens, keyboards, cables, and electronic accessories fill the tabletop, suggesting multitasking or computer-intensive work. A microphone or lamp stands near the setup, and.",/Users/yixiaoz/Desktop/cs348k_proj/outputs/controlnet_multimodal/cfg_7p5_control_1p0/000000097994/target.png,/Users/yixiaoz/Desktop/cs348k_proj/outputs/controlnet_multimodal/cfg_7p5_control_1p0/000000097994/canny.png,/Users/yixiaoz/Desktop/cs348k_proj/outputs/controlnet_multimodal/cfg_7p5_control_1p0/000000097994/seg.png,/Users/yixiaoz/Desktop/cs348k_proj/outputs/controlnet_multimodal/cfg_7p5_control_1p0/000000097994/generated.png,dense_text_plus_canny_plus_seg,7,7.5,1.0,1.0,1.0,20,0.4355,0.2622,38.2394
30785,A plate filled with a bowl of vegetables and two slices of bread with a spread on them.,"A plate holds a healthy meal consisting of a bowl of green vegetables, slices of bread topped with a spread, and additional fresh ingredients. The food is arranged neatly on a wooden table, with the bowl and bread sharing the plate. The overhead view emphasizes.","A plate holds a healthy meal consisting of a bowl of green vegetables, slices of bread topped with a spread, and additional fresh ingredients. The food is arranged neatly on a wooden table, with the bowl and bread sharing the plate. The overhead view emphasizes.",/Users/yixiaoz/Desktop/cs348k_proj/outputs/controlnet_multimodal/cfg_7p5_control_1p0/000000030785/target.png,/Users/yixiaoz/Desktop/cs348k_proj/outputs/controlnet_multimodal/cfg_7p5_control_1p0/000000030785/canny.png,/Users/yixiaoz/Desktop/cs348k_proj/outputs/controlnet_multimodal/cfg_7p5_control_1p0/000000030785/seg.png,/Users/yixiaoz/Desktop/cs348k_proj/outputs/controlnet_multimodal/cfg_7p5_control_1p0/000000030785/generated.png,dense_text_plus_canny_plus_seg,7,7.5,1.0,1.0,1.0,20,0.5095,0.3593,32.699
76547,a male in a white shirt a bicycle and an orange and white train,"A man wearing a light-colored shirt sits at a table on a railway station platform near a parked bicycle. An orange and white passenger train is stopped alongside the platform, while overhead signs, metal beams, and station infrastructure extend into the background. The scene captures.","A man wearing a light-colored shirt sits at a table on a railway station platform near a parked bicycle. An orange and white passenger train is stopped alongside the platform, while overhead signs, metal beams, and station infrastructure extend into the background. The scene captures.",/Users/yixiaoz/Desktop/cs348k_proj/outputs/controlnet_multimodal/cfg_7p5_control_1p0/000000076547/target.png,/Users/yixiaoz/Desktop/cs348k_proj/outputs/controlnet_multimodal/cfg_7p5_control_1p0/000000076547/canny.png,/Users/yixiaoz/Desktop/cs348k_proj/outputs/controlnet_multimodal/cfg_7p5_control_1p0/000000076547/seg.png,/Users/yixiaoz/Desktop/cs348k_proj/outputs/controlnet_multimodal/cfg_7p5_control_1p0/000000076547/generated.png,dense_text_plus_canny_plus_seg,7,7.5,1.0,1.0,1.0,20,0.487,0.3913,31.7005
116362,A small bowl filled with chopped vegetables and spoon,"A bowl filled with chopped fruit pieces sits on a wooden table with a spoon resting inside. The food appears freshly prepared, with colorful slices arranged casually in the bowl. The photograph is taken from above, focusing closely on the meal while leaving the surrounding.","A bowl filled with chopped fruit pieces sits on a wooden table with a spoon resting inside. The food appears freshly prepared, with colorful slices arranged casually in the bowl. The photograph is taken from above, focusing closely on the meal while leaving the surrounding.",/Users/yixiaoz/Desktop/cs348k_proj/outputs/controlnet_multimodal/cfg_7p5_control_1p0/000000116362/target.png,/Users/yixiaoz/Desktop/cs348k_proj/outputs/controlnet_multimodal/cfg_7p5_control_1p0/000000116362/canny.png,/Users/yixiaoz/Desktop/cs348k_proj/outputs/controlnet_multimodal/cfg_7p5_control_1p0/000000116362/seg.png,/Users/yixiaoz/Desktop/cs348k_proj/outputs/controlnet_multimodal/cfg_7p5_control_1p0/000000116362/generated.png,dense_text_plus_canny_plus_seg,7,7.5,1.0,1.0,1.0,20,0.6109,0.5126,31.7374
22371,A man in thought sitting in front of a laptop with a pen in his hand.,"A businessman sits at a desk in front of an open laptop computer while holding a pen and resting his head on one hand. He appears thoughtful and focused, possibly reviewing information or planning a project. The clean office setting includes a desk surface and.","A businessman sits at a desk in front of an open laptop computer while holding a pen and resting his head on one hand. He appears thoughtful and focused, possibly reviewing information or planning a project. The clean office setting includes a desk surface and.",/Users/yixiaoz/Desktop/cs348k_proj/outputs/controlnet_multimodal/cfg_7p5_control_1p0/000000022371/target.png,/Users/yixiaoz/Desktop/cs348k_proj/outputs/controlnet_multimodal/cfg_7p5_control_1p0/000000022371/canny.png,/Users/yixiaoz/Desktop/cs348k_proj/outputs/controlnet_multimodal/cfg_7p5_control_1p0/000000022371/seg.png,/Users/yixiaoz/Desktop/cs348k_proj/outputs/controlnet_multimodal/cfg_7p5_control_1p0/000000022371/generated.png,dense_text_plus_canny_plus_seg,7,7.5,1.0,1.0,1.0,20,0.5595,0.2516,33.0671
69224,A man and woman eating doughnuts out of a box at a coffee shop.,"A man and woman sit together at a table inside a café or coffee shop while sharing food from a box. Drinks, containers, and personal belongings are spread across the table. The pair appear engaged in conversation as they eat, creating a friendly and relaxed.","A man and woman sit together at a table inside a café or coffee shop while sharing food from a box. Drinks, containers, and personal belongings are spread across the table. The pair appear engaged in conversation as they eat, creating a friendly and relaxed.",/Users/yixiaoz/Desktop/cs348k_proj/outputs/controlnet_multimodal/cfg_7p5_control_1p0/000000069224/target.png,/Users/yixiaoz/Desktop/cs348k_proj/outputs/controlnet_multimodal/cfg_7p5_control_1p0/000000069224/canny.png,/Users/yixiaoz/Desktop/cs348k_proj/outputs/controlnet_multimodal/cfg_7p5_control_1p0/000000069224/seg.png,/Users/yixiaoz/Desktop/cs348k_proj/outputs/controlnet_multimodal/cfg_7p5_control_1p0/000000069224/generated.png,dense_text_plus_canny_plus_seg,7,7.5,1.0,1.0,1.0,20,0.5986,0.4446,32.1579
16249,It sure is a beautiful day to sit outside and read the paper.,"An older man sits outdoors on a bench reading a newspaper while enjoying a pleasant day in a public area. Several other people sit or stand nearby, creating a relaxed community setting. Sunlight illuminates the scene, and the man appears absorbed in reading while the.","An older man sits outdoors on a bench reading a newspaper while enjoying a pleasant day in a public area. Several other people sit or stand nearby, creating a relaxed community setting. Sunlight illuminates the scene, and the man appears absorbed in reading while the.",/Users/yixiaoz/Desktop/cs348k_proj/outputs/controlnet_multimodal/cfg_7p5_control_1p0/000000016249/target.png,/Users/yixiaoz/Desktop/cs348k_proj/outputs/controlnet_multimodal/cfg_7p5_control_1p0/000000016249/canny.png,/Users/yixiaoz/Desktop/cs348k_proj/outputs/controlnet_multimodal/cfg_7p5_control_1p0/000000016249/seg.png,/Users/yixiaoz/Desktop/cs348k_proj/outputs/controlnet_multimodal/cfg_7p5_control_1p0/000000016249/generated.png,dense_text_plus_canny_plus_seg,7,7.5,1.0,1.0,1.0,20,0.4718,0.2974,32.4472
85157,A group of people sitting around a table have a meal and a drink.,"A group of people sit around a restaurant table sharing food and drinks. Plates, glasses, and table settings fill the dining area while the diners converse with one another. The gathering appears social and informal, with participants enjoying a meal together in a warm indoor.","A group of people sit around a restaurant table sharing food and drinks. Plates, glasses, and table settings fill the dining area while the diners converse with one another. The gathering appears social and informal, with participants enjoying a meal together in a warm indoor.",/Users/yixiaoz/Desktop/cs348k_proj/outputs/controlnet_multimodal/cfg_7p5_control_1p0/000000085157/target.png,/Users/yixiaoz/Desktop/cs348k_proj/outputs/controlnet_multimodal/cfg_7p5_control_1p0/000000085157/canny.png,/Users/yixiaoz/Desktop/cs348k_proj/outputs/controlnet_multimodal/cfg_7p5_control_1p0/000000085157/seg.png,/Users/yixiaoz/Desktop/cs348k_proj/outputs/controlnet_multimodal/cfg_7p5_control_1p0/000000085157/generated.png,dense_text_plus_canny_plus_seg,7,7.5,1.0,1.0,1.0,20,0.4671,0.3639,32.6565
20571,A tugboat sits beside a ferry on placid water with a mountain in the distance.,"Several fishing boats are docked beside a harbor on calm water, with hills or mountains visible in the distance. Ropes, masts, and harbor equipment line the waterfront while the boats rest quietly along the dock. The scene reflects a working maritime environment and highlights the.","Several fishing boats are docked beside a harbor on calm water, with hills or mountains visible in the distance. Ropes, masts, and harbor equipment line the waterfront while the boats rest quietly along the dock. The scene reflects a working maritime environment and highlights the.",/Users/yixiaoz/Desktop/cs348k_proj/outputs/controlnet_multimodal/cfg_7p5_control_1p0/000000020571/target.png,/Users/yixiaoz/Desktop/cs348k_proj/outputs/controlnet_multimodal/cfg_7p5_control_1p0/000000020571/canny.png,/Users/yixiaoz/Desktop/cs348k_proj/outputs/controlnet_multimodal/cfg_7p5_control_1p0/000000020571/seg.png,/Users/yixiaoz/Desktop/cs348k_proj/outputs/controlnet_multimodal/cfg_7p5_control_1p0/000000020571/generated.png,dense_text_plus_canny_plus_seg,7,7.5,1.0,1.0,1.0,20,0.478,0.3701,30.2937
84362,A toddler and cat are in a living room with open curtains.,"A toddler and a cat occupy a cozy living room illuminated by daylight coming through large windows with open curtains. Sofas and chairs surround the room, while the child sits or plays near the center of the space. The cat relaxes nearby, contributing to the.","A toddler and a cat occupy a cozy living room illuminated by daylight coming through large windows with open curtains. Sofas and chairs surround the room, while the child sits or plays near the center of the space. The cat relaxes nearby, contributing to the.",/Users/yixiaoz/Desktop/cs348k_proj/outputs/controlnet_multimodal/cfg_7p5_control_1p0/000000084362/target.png,/Users/yixiaoz/Desktop/cs348k_proj/outputs/controlnet_multimodal/cfg_7p5_control_1p0/000000084362/canny.png,/Users/yixiaoz/Desktop/cs348k_proj/outputs/controlnet_multimodal/cfg_7p5_control_1p0/000000084362/seg.png,/Users/yixiaoz/Desktop/cs348k_proj/outputs/controlnet_multimodal/cfg_7p5_control_1p0/000000084362/generated.png,dense_text_plus_canny_plus_seg,7,7.5,1.0,1.0,1.0,20,0.486,0.4672,33.416
62808,Man photographing a fresh pizza his tired buddy just wants to eat,"A freshly baked pizza sits on a table in a restaurant while one man photographs it with a camera or phone. Another man sits nearby waiting to eat, looking toward the meal. Plates and dining items surround the pizza, suggesting the meal is about to.","A freshly baked pizza sits on a table in a restaurant while one man photographs it with a camera or phone. Another man sits nearby waiting to eat, looking toward the meal. Plates and dining items surround the pizza, suggesting the meal is about to.",/Users/yixiaoz/Desktop/cs348k_proj/outputs/controlnet_multimodal/cfg_7p5_control_1p0/000000062808/target.png,/Users/yixiaoz/Desktop/cs348k_proj/outputs/controlnet_multimodal/cfg_7p5_control_1p0/000000062808/canny.png,/Users/yixiaoz/Desktop/cs348k_proj/outputs/controlnet_multimodal/cfg_7p5_control_1p0/000000062808/seg.png,/Users/yixiaoz/Desktop/cs348k_proj/outputs/controlnet_multimodal/cfg_7p5_control_1p0/000000062808/generated.png,dense_text_plus_canny_plus_seg,7,7.5,1.0,1.0,1.0,20,0.4712,0.2722,30.6626
106235,A living room featuring a comfortable seating arrangement of chairs and tables.,"A comfortable living room features sofas, armchairs, lamps, and a coffee table arranged around a central seating area. Warm lighting and decorative furnishings create a welcoming atmosphere. The room appears carefully organized for relaxation and conversation, with furniture positioned to encourage social interaction. Soft colors.","A comfortable living room features sofas, armchairs, lamps, and a coffee table arranged around a central seating area. Warm lighting and decorative furnishings create a welcoming atmosphere. The room appears carefully organized for relaxation and conversation, with furniture positioned to encourage social interaction. Soft colors.",/Users/yixiaoz/Desktop/cs348k_proj/outputs/controlnet_multimodal/cfg_7p5_control_1p0/000000106235/target.png,/Users/yixiaoz/Desktop/cs348k_proj/outputs/controlnet_multimodal/cfg_7p5_control_1p0/000000106235/canny.png,/Users/yixiaoz/Desktop/cs348k_proj/outputs/controlnet_multimodal/cfg_7p5_control_1p0/000000106235/seg.png,/Users/yixiaoz/Desktop/cs348k_proj/outputs/controlnet_multimodal/cfg_7p5_control_1p0/000000106235/generated.png,dense_text_plus_canny_plus_seg,7,7.5,1.0,1.0,1.0,20,0.5624,0.3183,30.903
117425,A young boy with a spoon looking at a birthday cupcake.,"A young child sits at a wooden table while looking closely at a small birthday cupcake decorated with a candle. The toddler appears curious and fascinated by the treat positioned directly in front of them. An adult stands nearby, partially visible, supervising the moment. Warm.","A young child sits at a wooden table while looking closely at a small birthday cupcake decorated with a candle. The toddler appears curious and fascinated by the treat positioned directly in front of them. An adult stands nearby, partially visible, supervising the moment. Warm.",/Users/yixiaoz/Desktop/cs348k_proj/outputs/controlnet_multimodal/cfg_7p5_control_1p0/000000117425/target.png,/Users/yixiaoz/Desktop/cs348k_proj/outputs/controlnet_multimodal/cfg_7p5_control_1p0/000000117425/canny.png,/Users/yixiaoz/Desktop/cs348k_proj/outputs/controlnet_multimodal/cfg_7p5_control_1p0/000000117425/seg.png,/Users/yixiaoz/Desktop/cs348k_proj/outputs/controlnet_multimodal/cfg_7p5_control_1p0/000000117425/generated.png,dense_text_plus_canny_plus_seg,7,7.5,1.0,1.0,1.0,20,0.4997,0.2369,39.3367
100624,A girl is standing by a storefront while talking on her phone.,"A young woman stands on a city sidewalk at night while talking on her mobile phone. Storefront windows, streetlights, and blurred city lights illuminate the background, creating an urban evening atmosphere. She appears focused on her conversation while standing near a shop entrance. The image.","A young woman stands on a city sidewalk at night while talking on her mobile phone. Storefront windows, streetlights, and blurred city lights illuminate the background, creating an urban evening atmosphere. She appears focused on her conversation while standing near a shop entrance. The image.",/Users/yixiaoz/Desktop/cs348k_proj/outputs/controlnet_multimodal/cfg_7p5_control_1p0/000000100624/target.png,/Users/yixiaoz/Desktop/cs348k_proj/outputs/controlnet_multimodal/cfg_7p5_control_1p0/000000100624/canny.png,/Users/yixiaoz/Desktop/cs348k_proj/outputs/controlnet_multimodal/cfg_7p5_control_1p0/000000100624/seg.png,/Users/yixiaoz/Desktop/cs348k_proj/outputs/controlnet_multimodal/cfg_7p5_control_1p0/000000100624/generated.png,dense_text_plus_canny_plus_seg,7,7.5,1.0,1.0,1.0,20,0.6322,0.3238,37.5109
24243,"Two ladies seated with cups of drinks, one smoking while the other seated inside a fridge",Two women sit near a storefront or street-side seating area while holding drinks. One woman smokes a cigarette while the other sits inside a display-like enclosure resembling a refrigerator or booth. The unusual arrangement creates an eye-catching urban scene. Pedestrians and city elements appear in.,Two women sit near a storefront or street-side seating area while holding drinks. One woman smokes a cigarette while the other sits inside a display-like enclosure resembling a refrigerator or booth. The unusual arrangement creates an eye-catching urban scene. Pedestrians and city elements appear in.,/Users/yixiaoz/Desktop/cs348k_proj/outputs/controlnet_multimodal/cfg_7p5_control_1p0/000000024243/target.png,/Users/yixiaoz/Desktop/cs348k_proj/outputs/controlnet_multimodal/cfg_7p5_control_1p0/000000024243/canny.png,/Users/yixiaoz/Desktop/cs348k_proj/outputs/controlnet_multimodal/cfg_7p5_control_1p0/000000024243/seg.png,/Users/yixiaoz/Desktop/cs348k_proj/outputs/controlnet_multimodal/cfg_7p5_control_1p0/000000024243/generated.png,dense_text_plus_canny_plus_seg,7,7.5,1.0,1.0,1.0,20,0.4541,0.4295,36.7877
31296,"A group of people, some in leftover US army clothing, sit at tables in a large dining room.","A large group of people gather around tables inside a spacious dining room decorated with military memorabilia and clothing. The diners appear engaged in conversation while sharing food and drinks. Wooden floors, warm lighting, and the arrangement of tables create a communal atmosphere. The image.","A large group of people gather around tables inside a spacious dining room decorated with military memorabilia and clothing. The diners appear engaged in conversation while sharing food and drinks. Wooden floors, warm lighting, and the arrangement of tables create a communal atmosphere. The image.",/Users/yixiaoz/Desktop/cs348k_proj/outputs/controlnet_multimodal/cfg_7p5_control_1p0/000000031296/target.png,/Users/yixiaoz/Desktop/cs348k_proj/outputs/controlnet_multimodal/cfg_7p5_control_1p0/000000031296/canny.png,/Users/yixiaoz/Desktop/cs348k_proj/outputs/controlnet_multimodal/cfg_7p5_control_1p0/000000031296/seg.png,/Users/yixiaoz/Desktop/cs348k_proj/outputs/controlnet_multimodal/cfg_7p5_control_1p0/000000031296/generated.png,dense_text_plus_canny_plus_seg,7,7.5,1.0,1.0,1.0,20,0.4939,0.3557,36.7296
40083,a vintage photo of some people sitting under an umbrella,"This black-and-white photograph shows several people seated beneath a large umbrella beside a street or outdoor market area. Tables, chairs, and nearby structures suggest a casual public gathering place. The monochrome presentation gives the image a vintage appearance, emphasizing everyday social activity and street life.","This black-and-white photograph shows several people seated beneath a large umbrella beside a street or outdoor market area. Tables, chairs, and nearby structures suggest a casual public gathering place. The monochrome presentation gives the image a vintage appearance, emphasizing everyday social activity and street life.",/Users/yixiaoz/Desktop/cs348k_proj/outputs/controlnet_multimodal/cfg_7p5_control_1p0/000000040083/target.png,/Users/yixiaoz/Desktop/cs348k_proj/outputs/controlnet_multimodal/cfg_7p5_control_1p0/000000040083/canny.png,/Users/yixiaoz/Desktop/cs348k_proj/outputs/controlnet_multimodal/cfg_7p5_control_1p0/000000040083/seg.png,/Users/yixiaoz/Desktop/cs348k_proj/outputs/controlnet_multimodal/cfg_7p5_control_1p0/000000040083/generated.png,dense_text_plus_canny_plus_seg,7,7.5,1.0,1.0,1.0,20,0.4012,0.2488,30.9017
36936,A man and woman sitting on a couch playing a video game.,"A man and woman sit together on a couch in a living room while playing a video game. A television displays the game in front of them, and snacks or drinks are visible on nearby tables. The indoor setting feels comfortable and informal, with warm.","A man and woman sit together on a couch in a living room while playing a video game. A television displays the game in front of them, and snacks or drinks are visible on nearby tables. The indoor setting feels comfortable and informal, with warm.",/Users/yixiaoz/Desktop/cs348k_proj/outputs/controlnet_multimodal/cfg_7p5_control_1p0/000000036936/target.png,/Users/yixiaoz/Desktop/cs348k_proj/outputs/controlnet_multimodal/cfg_7p5_control_1p0/000000036936/canny.png,/Users/yixiaoz/Desktop/cs348k_proj/outputs/controlnet_multimodal/cfg_7p5_control_1p0/000000036936/seg.png,/Users/yixiaoz/Desktop/cs348k_proj/outputs/controlnet_multimodal/cfg_7p5_control_1p0/000000036936/generated.png,dense_text_plus_canny_plus_seg,7,7.5,1.0,1.0,1.0,20,0.5418,0.3621,32.7686
18150,A man with a receding hairline offers a slice of pizza to a toddler.,"A man with a receding hairline offers a slice of pizza to a young child seated nearby. The pair appear engaged in a friendly interaction, with the child focusing on the food being presented. The indoor setting suggests a casual family meal or gathering. The.","A man with a receding hairline offers a slice of pizza to a young child seated nearby. The pair appear engaged in a friendly interaction, with the child focusing on the food being presented. The indoor setting suggests a casual family meal or gathering. The.",/Users/yixiaoz/Desktop/cs348k_proj/outputs/controlnet_multimodal/cfg_7p5_control_1p0/000000018150/target.png,/Users/yixiaoz/Desktop/cs348k_proj/outputs/controlnet_multimodal/cfg_7p5_control_1p0/000000018150/canny.png,/Users/yixiaoz/Desktop/cs348k_proj/outputs/controlnet_multimodal/cfg_7p5_control_1p0/000000018150/seg.png,/Users/yixiaoz/Desktop/cs348k_proj/outputs/controlnet_multimodal/cfg_7p5_control_1p0/000000018150/generated.png,dense_text_plus_canny_plus_seg,7,7.5,1.0,1.0,1.0,20,0.5085,0.3291,35.8525
115870,Some people hanging around in a living room with a big couch.,Several people relax in a spacious living room centered around a large couch and coffee table. Some sit while others stand and converse near large windows that bring natural light into the room. Household decorations and comfortable furniture create a welcoming atmosphere. The scene captures.,Several people relax in a spacious living room centered around a large couch and coffee table. Some sit while others stand and converse near large windows that bring natural light into the room. Household decorations and comfortable furniture create a welcoming atmosphere. The scene captures.,/Users/yixiaoz/Desktop/cs348k_proj/outputs/controlnet_multimodal/cfg_7p5_control_1p0/000000115870/target.png,/Users/yixiaoz/Desktop/cs348k_proj/outputs/controlnet_multimodal/cfg_7p5_control_1p0/000000115870/canny.png,/Users/yixiaoz/Desktop/cs348k_proj/outputs/controlnet_multimodal/cfg_7p5_control_1p0/000000115870/seg.png,/Users/yixiaoz/Desktop/cs348k_proj/outputs/controlnet_multimodal/cfg_7p5_control_1p0/000000115870/generated.png,dense_text_plus_canny_plus_seg,7,7.5,1.0,1.0,1.0,20,0.4091,0.3213,33.1694
32901,Four men are standing together behind a group of red chairs.,"Four men stand together behind a row of red chairs in an indoor event or meeting room. They smile toward the camera and appear dressed in semi-formal attire, suggesting a gathering, celebration, or professional occasion. The composition resembles a group portrait, with the individuals positioned.","Four men stand together behind a row of red chairs in an indoor event or meeting room. They smile toward the camera and appear dressed in semi-formal attire, suggesting a gathering, celebration, or professional occasion. The composition resembles a group portrait, with the individuals positioned.",/Users/yixiaoz/Desktop/cs348k_proj/outputs/controlnet_multimodal/cfg_7p5_control_1p0/000000032901/target.png,/Users/yixiaoz/Desktop/cs348k_proj/outputs/controlnet_multimodal/cfg_7p5_control_1p0/000000032901/canny.png,/Users/yixiaoz/Desktop/cs348k_proj/outputs/controlnet_multimodal/cfg_7p5_control_1p0/000000032901/seg.png,/Users/yixiaoz/Desktop/cs348k_proj/outputs/controlnet_multimodal/cfg_7p5_control_1p0/000000032901/generated.png,dense_text_plus_canny_plus_seg,7,7.5,1.0,1.0,1.0,20,0.4235,0.3474,32.3811
25560,A cat perches on top of an entertainment center in front of a TV.,"A cat perches on top of an entertainment center directly in front of a television screen. The television displays a person on screen, while the cat appears more interested in the elevated resting spot than the program itself. Household electronics and furniture surround the scene.","A cat perches on top of an entertainment center directly in front of a television screen. The television displays a person on screen, while the cat appears more interested in the elevated resting spot than the program itself. Household electronics and furniture surround the scene.",/Users/yixiaoz/Desktop/cs348k_proj/outputs/controlnet_multimodal/cfg_7p5_control_1p0/000000025560/target.png,/Users/yixiaoz/Desktop/cs348k_proj/outputs/controlnet_multimodal/cfg_7p5_control_1p0/000000025560/canny.png,/Users/yixiaoz/Desktop/cs348k_proj/outputs/controlnet_multimodal/cfg_7p5_control_1p0/000000025560/seg.png,/Users/yixiaoz/Desktop/cs348k_proj/outputs/controlnet_multimodal/cfg_7p5_control_1p0/000000025560/generated.png,dense_text_plus_canny_plus_seg,7,7.5,1.0,1.0,1.0,20,0.5073,0.394,36.5881
115245,Several suitcases on wheels leaning up against one long table with chairs.,"Several suitcases of different sizes stand upright beside a long table and a row of chairs in what appears to be a waiting area or meeting room. The luggage is grouped together on a polished wooden floor, suggesting recent travel, arrival, or preparation for departure.","Several suitcases of different sizes stand upright beside a long table and a row of chairs in what appears to be a waiting area or meeting room. The luggage is grouped together on a polished wooden floor, suggesting recent travel, arrival, or preparation for departure.",/Users/yixiaoz/Desktop/cs348k_proj/outputs/controlnet_multimodal/cfg_7p5_control_1p0/000000115245/target.png,/Users/yixiaoz/Desktop/cs348k_proj/outputs/controlnet_multimodal/cfg_7p5_control_1p0/000000115245/canny.png,/Users/yixiaoz/Desktop/cs348k_proj/outputs/controlnet_multimodal/cfg_7p5_control_1p0/000000115245/seg.png,/Users/yixiaoz/Desktop/cs348k_proj/outputs/controlnet_multimodal/cfg_7p5_control_1p0/000000115245/generated.png,dense_text_plus_canny_plus_seg,7,7.5,1.0,1.0,1.0,20,0.5271,0.4184,34.4099
5001,A group of people holding a large pair of scissors to a ribbon.,"A crowd of adults and children gather around a ceremonial ribbon-cutting event. Several people smile and pose while a large pair of scissors is used to cut a ribbon stretched across the foreground. Balloons, cameras, and excited expressions contribute to the celebratory atmosphere. The gathering.","A crowd of adults and children gather around a ceremonial ribbon-cutting event. Several people smile and pose while a large pair of scissors is used to cut a ribbon stretched across the foreground. Balloons, cameras, and excited expressions contribute to the celebratory atmosphere. The gathering.",/Users/yixiaoz/Desktop/cs348k_proj/outputs/controlnet_multimodal/cfg_7p5_control_1p0/000000005001/target.png,/Users/yixiaoz/Desktop/cs348k_proj/outputs/controlnet_multimodal/cfg_7p5_control_1p0/000000005001/canny.png,/Users/yixiaoz/Desktop/cs348k_proj/outputs/controlnet_multimodal/cfg_7p5_control_1p0/000000005001/seg.png,/Users/yixiaoz/Desktop/cs348k_proj/outputs/controlnet_multimodal/cfg_7p5_control_1p0/000000005001/generated.png,dense_text_plus_canny_plus_seg,7,7.5,1.0,1.0,1.0,20,0.5603,0.3654,34.3718
3934,A young girl in the foreground and a woman in a bridal dress and other adults in the background.,"A young girl wearing a light-colored dress stands in the foreground of a living room while adults gather in the background. Motion blur gives the impression of movement and activity throughout the room. Furniture, decorations, and warm indoor lighting create a family-oriented atmosphere. The scene.","A young girl wearing a light-colored dress stands in the foreground of a living room while adults gather in the background. Motion blur gives the impression of movement and activity throughout the room. Furniture, decorations, and warm indoor lighting create a family-oriented atmosphere. The scene.",/Users/yixiaoz/Desktop/cs348k_proj/outputs/controlnet_multimodal/cfg_7p5_control_1p0/000000003934/target.png,/Users/yixiaoz/Desktop/cs348k_proj/outputs/controlnet_multimodal/cfg_7p5_control_1p0/000000003934/canny.png,/Users/yixiaoz/Desktop/cs348k_proj/outputs/controlnet_multimodal/cfg_7p5_control_1p0/000000003934/seg.png,/Users/yixiaoz/Desktop/cs348k_proj/outputs/controlnet_multimodal/cfg_7p5_control_1p0/000000003934/generated.png,dense_text_plus_canny_plus_seg,7,7.5,1.0,1.0,1.0,20,0.4951,0.3039,35.9861
91500,Two kids hanging out playing video games on folding chairs.,"Two young men sit on folding chairs while playing a video game together indoors. Each player holds a game controller and focuses on an off-camera television or display. The room contains tables, chairs, and household furnishings that suggest a casual social gathering. Their relaxed posture.","Two young men sit on folding chairs while playing a video game together indoors. Each player holds a game controller and focuses on an off-camera television or display. The room contains tables, chairs, and household furnishings that suggest a casual social gathering. Their relaxed posture.",/Users/yixiaoz/Desktop/cs348k_proj/outputs/controlnet_multimodal/cfg_7p5_control_1p0/000000091500/target.png,/Users/yixiaoz/Desktop/cs348k_proj/outputs/controlnet_multimodal/cfg_7p5_control_1p0/000000091500/canny.png,/Users/yixiaoz/Desktop/cs348k_proj/outputs/controlnet_multimodal/cfg_7p5_control_1p0/000000091500/seg.png,/Users/yixiaoz/Desktop/cs348k_proj/outputs/controlnet_multimodal/cfg_7p5_control_1p0/000000091500/generated.png,dense_text_plus_canny_plus_seg,7,7.5,1.0,1.0,1.0,20,0.4687,0.3168,37.8921
82696,a white and black bird is walking by a table and some chairs,"A white and black bird walks across the floor of an indoor dining area filled with tables and chairs. The bird moves freely between the furniture, creating an unusual contrast between wildlife and a human-designed environment. Empty chairs and table arrangements suggest a cafeteria, restaurant.","A white and black bird walks across the floor of an indoor dining area filled with tables and chairs. The bird moves freely between the furniture, creating an unusual contrast between wildlife and a human-designed environment. Empty chairs and table arrangements suggest a cafeteria, restaurant.",/Users/yixiaoz/Desktop/cs348k_proj/outputs/controlnet_multimodal/cfg_7p5_control_1p0/000000082696/target.png,/Users/yixiaoz/Desktop/cs348k_proj/outputs/controlnet_multimodal/cfg_7p5_control_1p0/000000082696/canny.png,/Users/yixiaoz/Desktop/cs348k_proj/outputs/controlnet_multimodal/cfg_7p5_control_1p0/000000082696/seg.png,/Users/yixiaoz/Desktop/cs348k_proj/outputs/controlnet_multimodal/cfg_7p5_control_1p0/000000082696/generated.png,dense_text_plus_canny_plus_seg,7,7.5,1.0,1.0,1.0,20,0.5161,0.3749,38.7902
25986,"Food is on the counter including a glass of water, rice, vegetables, and more","Several plates of food are arranged on a kitchen counter, including vegetables, rice, and prepared dishes ready to be served. Bowls, utensils, and drinking glasses surround the meal preparation area. The countertop is busy with ingredients and completed dishes, suggesting an active cooking session or.","Several plates of food are arranged on a kitchen counter, including vegetables, rice, and prepared dishes ready to be served. Bowls, utensils, and drinking glasses surround the meal preparation area. The countertop is busy with ingredients and completed dishes, suggesting an active cooking session or.",/Users/yixiaoz/Desktop/cs348k_proj/outputs/controlnet_multimodal/cfg_7p5_control_1p0/000000025986/target.png,/Users/yixiaoz/Desktop/cs348k_proj/outputs/controlnet_multimodal/cfg_7p5_control_1p0/000000025986/canny.png,/Users/yixiaoz/Desktop/cs348k_proj/outputs/controlnet_multimodal/cfg_7p5_control_1p0/000000025986/seg.png,/Users/yixiaoz/Desktop/cs348k_proj/outputs/controlnet_multimodal/cfg_7p5_control_1p0/000000025986/generated.png,dense_text_plus_canny_plus_seg,7,7.5,1.0,1.0,1.0,20,0.5071,0.2792,30.5049
17899,Woman working with large assortment of baked goods at kitchen table.,An older woman works at a kitchen table covered with baking supplies and a large assortment of cookies or pastries. Trays of baked goods are arranged across the tabletop while ingredients and utensils remain nearby. The woman appears focused on decorating or organizing the treats.,An older woman works at a kitchen table covered with baking supplies and a large assortment of cookies or pastries. Trays of baked goods are arranged across the tabletop while ingredients and utensils remain nearby. The woman appears focused on decorating or organizing the treats.,/Users/yixiaoz/Desktop/cs348k_proj/outputs/controlnet_multimodal/cfg_7p5_control_1p0/000000017899/target.png,/Users/yixiaoz/Desktop/cs348k_proj/outputs/controlnet_multimodal/cfg_7p5_control_1p0/000000017899/canny.png,/Users/yixiaoz/Desktop/cs348k_proj/outputs/controlnet_multimodal/cfg_7p5_control_1p0/000000017899/seg.png,/Users/yixiaoz/Desktop/cs348k_proj/outputs/controlnet_multimodal/cfg_7p5_control_1p0/000000017899/generated.png,dense_text_plus_canny_plus_seg,7,7.5,1.0,1.0,1.0,20,0.508,0.2694,39.3426
36494,"A crowd of people sitting in a room, with a clock tower in front.","A large crowd gathers inside a spacious hall featuring an enormous illuminated clock structure mounted on the wall. People sit and stand around tables while enjoying food, drinks, and conversation. The architecture, lighting, and oversized clock create a dramatic focal point within the room. The.","A large crowd gathers inside a spacious hall featuring an enormous illuminated clock structure mounted on the wall. People sit and stand around tables while enjoying food, drinks, and conversation. The architecture, lighting, and oversized clock create a dramatic focal point within the room. The.",/Users/yixiaoz/Desktop/cs348k_proj/outputs/controlnet_multimodal/cfg_7p5_control_1p0/000000036494/target.png,/Users/yixiaoz/Desktop/cs348k_proj/outputs/controlnet_multimodal/cfg_7p5_control_1p0/000000036494/canny.png,/Users/yixiaoz/Desktop/cs348k_proj/outputs/controlnet_multimodal/cfg_7p5_control_1p0/000000036494/seg.png,/Users/yixiaoz/Desktop/cs348k_proj/outputs/controlnet_multimodal/cfg_7p5_control_1p0/000000036494/generated.png,dense_text_plus_canny_plus_seg,7,7.5,1.0,1.0,1.0,20,0.4622,0.2493,34.5916
24610,There is a laptop computer in a room with a couch and a bookcase.,"A quiet room contains a desk with a laptop computer, bookshelves filled with books, and a couch positioned along one wall. Warm lighting and simple furnishings create a calm, comfortable environment suitable for reading, studying, or working. The arrangement suggests a personal living space or.","A quiet room contains a desk with a laptop computer, bookshelves filled with books, and a couch positioned along one wall. Warm lighting and simple furnishings create a calm, comfortable environment suitable for reading, studying, or working. The arrangement suggests a personal living space or.",/Users/yixiaoz/Desktop/cs348k_proj/outputs/controlnet_multimodal/cfg_7p5_control_1p0/000000024610/target.png,/Users/yixiaoz/Desktop/cs348k_proj/outputs/controlnet_multimodal/cfg_7p5_control_1p0/000000024610/canny.png,/Users/yixiaoz/Desktop/cs348k_proj/outputs/controlnet_multimodal/cfg_7p5_control_1p0/000000024610/seg.png,/Users/yixiaoz/Desktop/cs348k_proj/outputs/controlnet_multimodal/cfg_7p5_control_1p0/000000024610/generated.png,dense_text_plus_canny_plus_seg,7,7.5,1.0,1.0,1.0,20,0.5729,0.3928,28.9105
18380,a family sitting around a long table filled with a lot of food,"A large family gathers around a long dining table filled with food, drinks, and serving dishes. Adults and children smile toward the camera while seated closely together in a warm home environment. The table is crowded with meals prepared for sharing, creating a festive atmosphere.","A large family gathers around a long dining table filled with food, drinks, and serving dishes. Adults and children smile toward the camera while seated closely together in a warm home environment. The table is crowded with meals prepared for sharing, creating a festive atmosphere.",/Users/yixiaoz/Desktop/cs348k_proj/outputs/controlnet_multimodal/cfg_7p5_control_1p0/000000018380/target.png,/Users/yixiaoz/Desktop/cs348k_proj/outputs/controlnet_multimodal/cfg_7p5_control_1p0/000000018380/canny.png,/Users/yixiaoz/Desktop/cs348k_proj/outputs/controlnet_multimodal/cfg_7p5_control_1p0/000000018380/seg.png,/Users/yixiaoz/Desktop/cs348k_proj/outputs/controlnet_multimodal/cfg_7p5_control_1p0/000000018380/generated.png,dense_text_plus_canny_plus_seg,7,7.5,1.0,1.0,1.0,20,0.4726,0.228,35.066
102411,Two people sitting on a motorcycle in the street next to a beach.,"Two people sit on a motorcycle parked beside a waterfront area near a beach. The ocean, shoreline, and distant scenery provide a scenic backdrop while the riders pause along the road. Nearby pedestrians and open coastal views contribute to the relaxed atmosphere. The image combines.","Two people sit on a motorcycle parked beside a waterfront area near a beach. The ocean, shoreline, and distant scenery provide a scenic backdrop while the riders pause along the road. Nearby pedestrians and open coastal views contribute to the relaxed atmosphere. The image combines.",/Users/yixiaoz/Desktop/cs348k_proj/outputs/controlnet_multimodal/cfg_7p5_control_1p0/000000102411/target.png,/Users/yixiaoz/Desktop/cs348k_proj/outputs/controlnet_multimodal/cfg_7p5_control_1p0/000000102411/canny.png,/Users/yixiaoz/Desktop/cs348k_proj/outputs/controlnet_multimodal/cfg_7p5_control_1p0/000000102411/seg.png,/Users/yixiaoz/Desktop/cs348k_proj/outputs/controlnet_multimodal/cfg_7p5_control_1p0/000000102411/generated.png,dense_text_plus_canny_plus_seg,7,7.5,1.0,1.0,1.0,20,0.4379,0.3351,39.8606
99053,"A bowl of noodles, meat, broccoli and carrots in a sauce with a fork.","A bowl of noodles mixed with meat, broccoli, carrots, and vegetables sits on a table with a fork resting inside. The colorful ingredients are coated in sauce and arranged casually within the bowl. The close-up perspective focuses attention on the meal while minimizing background distractions.","A bowl of noodles mixed with meat, broccoli, carrots, and vegetables sits on a table with a fork resting inside. The colorful ingredients are coated in sauce and arranged casually within the bowl. The close-up perspective focuses attention on the meal while minimizing background distractions.",/Users/yixiaoz/Desktop/cs348k_proj/outputs/controlnet_multimodal/cfg_7p5_control_1p0/000000099053/target.png,/Users/yixiaoz/Desktop/cs348k_proj/outputs/controlnet_multimodal/cfg_7p5_control_1p0/000000099053/canny.png,/Users/yixiaoz/Desktop/cs348k_proj/outputs/controlnet_multimodal/cfg_7p5_control_1p0/000000099053/seg.png,/Users/yixiaoz/Desktop/cs348k_proj/outputs/controlnet_multimodal/cfg_7p5_control_1p0/000000099053/generated.png,dense_text_plus_canny_plus_seg,7,7.5,1.0,1.0,1.0,20,0.5994,0.3446,33.3097
84650,THERE IS A CAT THAT IS SITTION ON TOP OF THE SUITCASE,A cat rests comfortably on top of a large suitcase surrounded by luggage and travel bags. The animal appears relaxed despite sitting among items associated with movement and transportation. The scene suggests preparation for a trip or recent arrival. The contrast between the cat’s calm.,A cat rests comfortably on top of a large suitcase surrounded by luggage and travel bags. The animal appears relaxed despite sitting among items associated with movement and transportation. The scene suggests preparation for a trip or recent arrival. The contrast between the cat’s calm.,/Users/yixiaoz/Desktop/cs348k_proj/outputs/controlnet_multimodal/cfg_7p5_control_1p0/000000084650/target.png,/Users/yixiaoz/Desktop/cs348k_proj/outputs/controlnet_multimodal/cfg_7p5_control_1p0/000000084650/canny.png,/Users/yixiaoz/Desktop/cs348k_proj/outputs/controlnet_multimodal/cfg_7p5_control_1p0/000000084650/seg.png,/Users/yixiaoz/Desktop/cs348k_proj/outputs/controlnet_multimodal/cfg_7p5_control_1p0/000000084650/generated.png,dense_text_plus_canny_plus_seg,7,7.5,1.0,1.0,1.0,20,0.5016,0.3736,34.345
114049,"People inside a commuter train, with their luggage and bicycles.","Passengers stand inside a crowded train car surrounded by luggage, bicycles, and personal belongings. The narrow aisle is filled with travelers preparing for or continuing their journey. Bicycle wheels, suitcases, and overhead fixtures emphasize the transportation setting. The image captures the realities of public transit.","Passengers stand inside a crowded train car surrounded by luggage, bicycles, and personal belongings. The narrow aisle is filled with travelers preparing for or continuing their journey. Bicycle wheels, suitcases, and overhead fixtures emphasize the transportation setting. The image captures the realities of public transit.",/Users/yixiaoz/Desktop/cs348k_proj/outputs/controlnet_multimodal/cfg_7p5_control_1p0/000000114049/target.png,/Users/yixiaoz/Desktop/cs348k_proj/outputs/controlnet_multimodal/cfg_7p5_control_1p0/000000114049/canny.png,/Users/yixiaoz/Desktop/cs348k_proj/outputs/controlnet_multimodal/cfg_7p5_control_1p0/000000114049/seg.png,/Users/yixiaoz/Desktop/cs348k_proj/outputs/controlnet_multimodal/cfg_7p5_control_1p0/000000114049/generated.png,dense_text_plus_canny_plus_seg,7,7.5,1.0,1.0,1.0,20,0.4959,0.3802,33.147
100723,Crown marching in one direction in a lightly attended protest.,"A group of protesters march through a public street carrying signs and banners while moving together in the same direction. Participants of different ages fill the scene, creating a visible demonstration of collective action. The signs suggest support for a social or political cause, while.","A group of protesters march through a public street carrying signs and banners while moving together in the same direction. Participants of different ages fill the scene, creating a visible demonstration of collective action. The signs suggest support for a social or political cause, while.",/Users/yixiaoz/Desktop/cs348k_proj/outputs/controlnet_multimodal/cfg_7p5_control_1p0/000000100723/target.png,/Users/yixiaoz/Desktop/cs348k_proj/outputs/controlnet_multimodal/cfg_7p5_control_1p0/000000100723/canny.png,/Users/yixiaoz/Desktop/cs348k_proj/outputs/controlnet_multimodal/cfg_7p5_control_1p0/000000100723/seg.png,/Users/yixiaoz/Desktop/cs348k_proj/outputs/controlnet_multimodal/cfg_7p5_control_1p0/000000100723/generated.png,dense_text_plus_canny_plus_seg,7,7.5,1.0,1.0,1.0,20,0.4538,0.2615,33.0355
40471,A painted white kitchen with a refrigerator and an automatic dish washer next to an oven stove.,"A clean white kitchen contains a refrigerator, oven, dishwasher, cabinets, and countertops arranged in a practical layout. Bright lighting reflects off the appliances and tiled surfaces, creating an organized and modern appearance. The room appears ready for cooking and daily household use. The image emphasizes.","A clean white kitchen contains a refrigerator, oven, dishwasher, cabinets, and countertops arranged in a practical layout. Bright lighting reflects off the appliances and tiled surfaces, creating an organized and modern appearance. The room appears ready for cooking and daily household use. The image emphasizes.",/Users/yixiaoz/Desktop/cs348k_proj/outputs/controlnet_multimodal/cfg_7p5_control_1p0/000000040471/target.png,/Users/yixiaoz/Desktop/cs348k_proj/outputs/controlnet_multimodal/cfg_7p5_control_1p0/000000040471/canny.png,/Users/yixiaoz/Desktop/cs348k_proj/outputs/controlnet_multimodal/cfg_7p5_control_1p0/000000040471/seg.png,/Users/yixiaoz/Desktop/cs348k_proj/outputs/controlnet_multimodal/cfg_7p5_control_1p0/000000040471/generated.png,dense_text_plus_canny_plus_seg,7,7.5,1.0,1.0,1.0,20,0.4837,0.3283,32.1493
100238,A family standing next to each other while holding frisbees.,"A family stands outdoors together while holding colorful frisbees. Adults and children pose side by side in a grassy area, appearing relaxed and cheerful. The open environment suggests a park, recreational field, or family gathering. Their casual clothing and outdoor setting contribute to a friendly.","A family stands outdoors together while holding colorful frisbees. Adults and children pose side by side in a grassy area, appearing relaxed and cheerful. The open environment suggests a park, recreational field, or family gathering. Their casual clothing and outdoor setting contribute to a friendly.",/Users/yixiaoz/Desktop/cs348k_proj/outputs/controlnet_multimodal/cfg_7p5_control_1p0/000000100238/target.png,/Users/yixiaoz/Desktop/cs348k_proj/outputs/controlnet_multimodal/cfg_7p5_control_1p0/000000100238/canny.png,/Users/yixiaoz/Desktop/cs348k_proj/outputs/controlnet_multimodal/cfg_7p5_control_1p0/000000100238/seg.png,/Users/yixiaoz/Desktop/cs348k_proj/outputs/controlnet_multimodal/cfg_7p5_control_1p0/000000100238/generated.png,dense_text_plus_canny_plus_seg,7,7.5,1.0,1.0,1.0,20,0.4024,0.3205,35.4032
39484,A street full of cars that are driving and parked and a group of people sitting outside eating.,"Cars move along a city street lined with buildings, storefronts, and restaurants. Some people sit outside dining establishments while traffic passes through the urban area. Signs, parked vehicles, and commercial activity contribute to a lively downtown atmosphere. The image captures the interaction between transportation, business.","Cars move along a city street lined with buildings, storefronts, and restaurants. Some people sit outside dining establishments while traffic passes through the urban area. Signs, parked vehicles, and commercial activity contribute to a lively downtown atmosphere. The image captures the interaction between transportation, business.",/Users/yixiaoz/Desktop/cs348k_proj/outputs/controlnet_multimodal/cfg_7p5_control_1p0/000000039484/target.png,/Users/yixiaoz/Desktop/cs348k_proj/outputs/controlnet_multimodal/cfg_7p5_control_1p0/000000039484/canny.png,/Users/yixiaoz/Desktop/cs348k_proj/outputs/controlnet_multimodal/cfg_7p5_control_1p0/000000039484/seg.png,/Users/yixiaoz/Desktop/cs348k_proj/outputs/controlnet_multimodal/cfg_7p5_control_1p0/000000039484/generated.png,dense_text_plus_canny_plus_seg,7,7.5,1.0,1.0,1.0,20,0.5251,0.2841,29.3389
13729,A group of people playing with a Wii in the living room.,"Several people stand in a living room while playing a Nintendo Wii video game. Participants face a television and appear engaged in the activity, moving their bodies as part of the gameplay. Household furniture, decorations, and open floor space provide room for interaction. The image.","Several people stand in a living room while playing a Nintendo Wii video game. Participants face a television and appear engaged in the activity, moving their bodies as part of the gameplay. Household furniture, decorations, and open floor space provide room for interaction. The image.",/Users/yixiaoz/Desktop/cs348k_proj/outputs/controlnet_multimodal/cfg_7p5_control_1p0/000000013729/target.png,/Users/yixiaoz/Desktop/cs348k_proj/outputs/controlnet_multimodal/cfg_7p5_control_1p0/000000013729/canny.png,/Users/yixiaoz/Desktop/cs348k_proj/outputs/controlnet_multimodal/cfg_7p5_control_1p0/000000013729/seg.png,/Users/yixiaoz/Desktop/cs348k_proj/outputs/controlnet_multimodal/cfg_7p5_control_1p0/000000013729/generated.png,dense_text_plus_canny_plus_seg,7,7.5,1.0,1.0,1.0,20,0.4876,0.3761,37.4169
80340,a small child wearing a tie and holding a suitcase with other people in the background,"A small child wearing a dress shirt, tie, and formal clothing stands on a sidewalk holding a rolling suitcase. Adults and other people gather nearby in the background, suggesting a family event, celebration, or travel occasion. The child’s serious posture contrasts with the oversized luggage.","A small child wearing a dress shirt, tie, and formal clothing stands on a sidewalk holding a rolling suitcase. Adults and other people gather nearby in the background, suggesting a family event, celebration, or travel occasion. The child’s serious posture contrasts with the oversized luggage.",/Users/yixiaoz/Desktop/cs348k_proj/outputs/controlnet_multimodal/cfg_7p5_control_1p0/000000080340/target.png,/Users/yixiaoz/Desktop/cs348k_proj/outputs/controlnet_multimodal/cfg_7p5_control_1p0/000000080340/canny.png,/Users/yixiaoz/Desktop/cs348k_proj/outputs/controlnet_multimodal/cfg_7p5_control_1p0/000000080340/seg.png,/Users/yixiaoz/Desktop/cs348k_proj/outputs/controlnet_multimodal/cfg_7p5_control_1p0/000000080340/generated.png,dense_text_plus_canny_plus_seg,7,7.5,1.0,1.0,1.0,20,0.4319,0.2376,37.9927
38829,Two boys riding on a single bicycle on a city street,"Two people ride together through a busy city street on a single bicycle while surrounded by scooters, motorcycles, and other commuters. Urban storefronts, signs, and passing vehicles create a lively transportation scene. The riders appear relaxed as they navigate traffic alongside other travelers. The image.","Two people ride together through a busy city street on a single bicycle while surrounded by scooters, motorcycles, and other commuters. Urban storefronts, signs, and passing vehicles create a lively transportation scene. The riders appear relaxed as they navigate traffic alongside other travelers. The image.",/Users/yixiaoz/Desktop/cs348k_proj/outputs/controlnet_multimodal/cfg_7p5_control_1p0/000000038829/target.png,/Users/yixiaoz/Desktop/cs348k_proj/outputs/controlnet_multimodal/cfg_7p5_control_1p0/000000038829/canny.png,/Users/yixiaoz/Desktop/cs348k_proj/outputs/controlnet_multimodal/cfg_7p5_control_1p0/000000038829/seg.png,/Users/yixiaoz/Desktop/cs348k_proj/outputs/controlnet_multimodal/cfg_7p5_control_1p0/000000038829/generated.png,dense_text_plus_canny_plus_seg,7,7.5,1.0,1.0,1.0,20,0.5301,0.3297,32.9619
66841,"A whimsical artistic toaster has eyes, a mouth, a nose, spoon feet, spoon ears, and a mixing beater tail.","A whimsical toaster has been creatively decorated with eyes, a nose, spoon-shaped ears, and other objects to resemble a human face. The appliance stands upright in a kitchen or dining area, transforming an ordinary household item into a playful character. Surrounding utensils and decorative elements.","A whimsical toaster has been creatively decorated with eyes, a nose, spoon-shaped ears, and other objects to resemble a human face. The appliance stands upright in a kitchen or dining area, transforming an ordinary household item into a playful character. Surrounding utensils and decorative elements.",/Users/yixiaoz/Desktop/cs348k_proj/outputs/controlnet_multimodal/cfg_7p5_control_1p0/000000066841/target.png,/Users/yixiaoz/Desktop/cs348k_proj/outputs/controlnet_multimodal/cfg_7p5_control_1p0/000000066841/canny.png,/Users/yixiaoz/Desktop/cs348k_proj/outputs/controlnet_multimodal/cfg_7p5_control_1p0/000000066841/seg.png,/Users/yixiaoz/Desktop/cs348k_proj/outputs/controlnet_multimodal/cfg_7p5_control_1p0/000000066841/generated.png,dense_text_plus_canny_plus_seg,7,7.5,1.0,1.0,1.0,20,0.5143,0.3884,33.0438
25386,A man and woman are sitting together while the man eats with chopsticks.,"A man and woman sit together at a restaurant table while sharing a meal. Plates of food, chopsticks, drinks, and condiments are arranged in front of them as they look toward the camera. The indoor dining environment appears casual and welcoming. Their expressions suggest a.","A man and woman sit together at a restaurant table while sharing a meal. Plates of food, chopsticks, drinks, and condiments are arranged in front of them as they look toward the camera. The indoor dining environment appears casual and welcoming. Their expressions suggest a.",/Users/yixiaoz/Desktop/cs348k_proj/outputs/controlnet_multimodal/cfg_7p5_control_1p0/000000025386/target.png,/Users/yixiaoz/Desktop/cs348k_proj/outputs/controlnet_multimodal/cfg_7p5_control_1p0/000000025386/canny.png,/Users/yixiaoz/Desktop/cs348k_proj/outputs/controlnet_multimodal/cfg_7p5_control_1p0/000000025386/seg.png,/Users/yixiaoz/Desktop/cs348k_proj/outputs/controlnet_multimodal/cfg_7p5_control_1p0/000000025386/generated.png,dense_text_plus_canny_plus_seg,7,7.5,1.0,1.0,1.0,20,0.5139,0.3058,33.1093
83531,A BBQ topped with lots of sausages sitting side by side.,"Several sausages cook on a barbecue grill above glowing heat while metal tongs rest nearby. The close-up perspective focuses on the food as it browns and develops grill marks. Smoke, cooking equipment, and the outdoor setting suggest a backyard gathering or cookout. The image emphasizes.","Several sausages cook on a barbecue grill above glowing heat while metal tongs rest nearby. The close-up perspective focuses on the food as it browns and develops grill marks. Smoke, cooking equipment, and the outdoor setting suggest a backyard gathering or cookout. The image emphasizes.",/Users/yixiaoz/Desktop/cs348k_proj/outputs/controlnet_multimodal/cfg_7p5_control_1p0/000000083531/target.png,/Users/yixiaoz/Desktop/cs348k_proj/outputs/controlnet_multimodal/cfg_7p5_control_1p0/000000083531/canny.png,/Users/yixiaoz/Desktop/cs348k_proj/outputs/controlnet_multimodal/cfg_7p5_control_1p0/000000083531/seg.png,/Users/yixiaoz/Desktop/cs348k_proj/outputs/controlnet_multimodal/cfg_7p5_control_1p0/000000083531/generated.png,dense_text_plus_canny_plus_seg,7,7.5,1.0,1.0,1.0,20,0.5461,0.2297,33.4831
98392,"A photo of a busy intersection with a bus, several cars and a clock tower.","A busy city intersection contains multiple cars, a bus, and a prominent clock tower rising above nearby buildings. Traffic moves through the streets while pedestrians and commercial activity contribute to the urban atmosphere. Architectural details and transportation infrastructure create a recognizable downtown setting. The image.","A busy city intersection contains multiple cars, a bus, and a prominent clock tower rising above nearby buildings. Traffic moves through the streets while pedestrians and commercial activity contribute to the urban atmosphere. Architectural details and transportation infrastructure create a recognizable downtown setting. The image.",/Users/yixiaoz/Desktop/cs348k_proj/outputs/controlnet_multimodal/cfg_7p5_control_1p0/000000098392/target.png,/Users/yixiaoz/Desktop/cs348k_proj/outputs/controlnet_multimodal/cfg_7p5_control_1p0/000000098392/canny.png,/Users/yixiaoz/Desktop/cs348k_proj/outputs/controlnet_multimodal/cfg_7p5_control_1p0/000000098392/seg.png,/Users/yixiaoz/Desktop/cs348k_proj/outputs/controlnet_multimodal/cfg_7p5_control_1p0/000000098392/generated.png,dense_text_plus_canny_plus_seg,7,7.5,1.0,1.0,1.0,20,0.4775,0.292,31.1895
12576,An elderly woman seated at a table holding three pizzas.,"An elderly woman sits at a dining table with several pizzas placed in front of her. Glasses, dishes, and table settings suggest a meal shared with others outside the frame. The warm indoor environment creates a comfortable and social atmosphere. The image highlights casual dining.","An elderly woman sits at a dining table with several pizzas placed in front of her. Glasses, dishes, and table settings suggest a meal shared with others outside the frame. The warm indoor environment creates a comfortable and social atmosphere. The image highlights casual dining.",/Users/yixiaoz/Desktop/cs348k_proj/outputs/controlnet_multimodal/cfg_7p5_control_1p0/000000012576/target.png,/Users/yixiaoz/Desktop/cs348k_proj/outputs/controlnet_multimodal/cfg_7p5_control_1p0/000000012576/canny.png,/Users/yixiaoz/Desktop/cs348k_proj/outputs/controlnet_multimodal/cfg_7p5_control_1p0/000000012576/seg.png,/Users/yixiaoz/Desktop/cs348k_proj/outputs/controlnet_multimodal/cfg_7p5_control_1p0/000000012576/generated.png,dense_text_plus_canny_plus_seg,7,7.5,1.0,1.0,1.0,20,0.551,0.2531,36.9755
22705,A woman in a short black dress is holding a champagne flute and standing in front of a refrigerator.,"A woman wearing a black dress stands confidently in a kitchen while holding a champagne flute. Stainless steel appliances, wooden cabinets, and household furnishings form the background. Her posture and expression suggest she may be attending a celebration, gathering, or special occasion. The image combines.","A woman wearing a black dress stands confidently in a kitchen while holding a champagne flute. Stainless steel appliances, wooden cabinets, and household furnishings form the background. Her posture and expression suggest she may be attending a celebration, gathering, or special occasion. The image combines.",/Users/yixiaoz/Desktop/cs348k_proj/outputs/controlnet_multimodal/cfg_7p5_control_1p0/000000022705/target.png,/Users/yixiaoz/Desktop/cs348k_proj/outputs/controlnet_multimodal/cfg_7p5_control_1p0/000000022705/canny.png,/Users/yixiaoz/Desktop/cs348k_proj/outputs/controlnet_multimodal/cfg_7p5_control_1p0/000000022705/seg.png,/Users/yixiaoz/Desktop/cs348k_proj/outputs/controlnet_multimodal/cfg_7p5_control_1p0/000000022705/generated.png,dense_text_plus_canny_plus_seg,7,7.5,1.0,1.0,1.0,20,0.482,0.2071,37.2345
26204,A group of cars waiting at an intersection for the light to change,"Cars wait at an urban intersection lined with buildings, trees, and traffic infrastructure. Vehicles occupy multiple lanes as they pause for a traffic signal before continuing through the city. Sidewalks, storefronts, and street signs contribute to the metropolitan atmosphere. The image emphasizes transportation systems, traffic.","Cars wait at an urban intersection lined with buildings, trees, and traffic infrastructure. Vehicles occupy multiple lanes as they pause for a traffic signal before continuing through the city. Sidewalks, storefronts, and street signs contribute to the metropolitan atmosphere. The image emphasizes transportation systems, traffic.",/Users/yixiaoz/Desktop/cs348k_proj/outputs/controlnet_multimodal/cfg_7p5_control_1p0/000000026204/target.png,/Users/yixiaoz/Desktop/cs348k_proj/outputs/controlnet_multimodal/cfg_7p5_control_1p0/000000026204/canny.png,/Users/yixiaoz/Desktop/cs348k_proj/outputs/controlnet_multimodal/cfg_7p5_control_1p0/000000026204/seg.png,/Users/yixiaoz/Desktop/cs348k_proj/outputs/controlnet_multimodal/cfg_7p5_control_1p0/000000026204/generated.png,dense_text_plus_canny_plus_seg,7,7.5,1.0,1.0,1.0,20,0.39,0.2367,31.8915
31248,"Living room with white chairs and couches, fireplace and books on bookshelves.","A bright living room features white chairs, comfortable couches, bookshelves, and a fireplace serving as the central focal point. Decorative lamps, framed artwork, and neatly arranged furniture create an elegant and inviting atmosphere. Natural light and balanced interior design contribute to the room’s spacious appearance.","A bright living room features white chairs, comfortable couches, bookshelves, and a fireplace serving as the central focal point. Decorative lamps, framed artwork, and neatly arranged furniture create an elegant and inviting atmosphere. Natural light and balanced interior design contribute to the room’s spacious appearance.",/Users/yixiaoz/Desktop/cs348k_proj/outputs/controlnet_multimodal/cfg_7p5_control_1p0/000000031248/target.png,/Users/yixiaoz/Desktop/cs348k_proj/outputs/controlnet_multimodal/cfg_7p5_control_1p0/000000031248/canny.png,/Users/yixiaoz/Desktop/cs348k_proj/outputs/controlnet_multimodal/cfg_7p5_control_1p0/000000031248/seg.png,/Users/yixiaoz/Desktop/cs348k_proj/outputs/controlnet_multimodal/cfg_7p5_control_1p0/000000031248/generated.png,dense_text_plus_canny_plus_seg,7,7.5,1.0,1.0,1.0,20,0.3381,0.2316,29.2722
107339,A pretty young lady standing in front of a couch behind a wooden table.,"A woman stands in a modern room near a couch and low wooden tables while another person sits nearby. Bright walls, large windows, and contemporary furniture create a clean and open interior space. The standing woman appears to be speaking, presenting, or interacting with the.","A woman stands in a modern room near a couch and low wooden tables while another person sits nearby. Bright walls, large windows, and contemporary furniture create a clean and open interior space. The standing woman appears to be speaking, presenting, or interacting with the.",/Users/yixiaoz/Desktop/cs348k_proj/outputs/controlnet_multimodal/cfg_7p5_control_1p0/000000107339/target.png,/Users/yixiaoz/Desktop/cs348k_proj/outputs/controlnet_multimodal/cfg_7p5_control_1p0/000000107339/canny.png,/Users/yixiaoz/Desktop/cs348k_proj/outputs/controlnet_multimodal/cfg_7p5_control_1p0/000000107339/seg.png,/Users/yixiaoz/Desktop/cs348k_proj/outputs/controlnet_multimodal/cfg_7p5_control_1p0/000000107339/generated.png,dense_text_plus_canny_plus_seg,7,7.5,1.0,1.0,1.0,20,0.6713,0.448,31.6575
87476,two people standing on the same skateboard and holding each other up.,"Two young people stand together at a public event while holding skateboards and interacting with one another. One person wears a helmet while colorful vehicles and event displays appear in the background. Their posture suggests friendship, instruction, or support during a skateboarding activity. The image.","Two young people stand together at a public event while holding skateboards and interacting with one another. One person wears a helmet while colorful vehicles and event displays appear in the background. Their posture suggests friendship, instruction, or support during a skateboarding activity. The image.",/Users/yixiaoz/Desktop/cs348k_proj/outputs/controlnet_multimodal/cfg_7p5_control_1p0/000000087476/target.png,/Users/yixiaoz/Desktop/cs348k_proj/outputs/controlnet_multimodal/cfg_7p5_control_1p0/000000087476/canny.png,/Users/yixiaoz/Desktop/cs348k_proj/outputs/controlnet_multimodal/cfg_7p5_control_1p0/000000087476/seg.png,/Users/yixiaoz/Desktop/cs348k_proj/outputs/controlnet_multimodal/cfg_7p5_control_1p0/000000087476/generated.png,dense_text_plus_canny_plus_seg,7,7.5,1.0,1.0,1.0,20,0.518,0.3031,36.8448
78748,"A couple of motorcycles in front of sign, with people standing around.","Several motorcycles are parked in front of a display area featuring brand signage while people gather nearby. The polished bikes are arranged for viewing, suggesting a motorcycle show, dealership event, or public exhibition. Spectators walk around the display, examining the vehicles and socializing. The image.","Several motorcycles are parked in front of a display area featuring brand signage while people gather nearby. The polished bikes are arranged for viewing, suggesting a motorcycle show, dealership event, or public exhibition. Spectators walk around the display, examining the vehicles and socializing. The image.",/Users/yixiaoz/Desktop/cs348k_proj/outputs/controlnet_multimodal/cfg_7p5_control_1p0/000000078748/target.png,/Users/yixiaoz/Desktop/cs348k_proj/outputs/controlnet_multimodal/cfg_7p5_control_1p0/000000078748/canny.png,/Users/yixiaoz/Desktop/cs348k_proj/outputs/controlnet_multimodal/cfg_7p5_control_1p0/000000078748/seg.png,/Users/yixiaoz/Desktop/cs348k_proj/outputs/controlnet_multimodal/cfg_7p5_control_1p0/000000078748/generated.png,dense_text_plus_canny_plus_seg,7,7.5,1.0,1.0,1.0,20,0.4816,0.4384,35.8397
29596,"A room with a couch, table set with dinnerware and a television.","A hotel-style room contains a couch, television, dining table, and neatly arranged place settings. Warm lighting, curtains, and decorative furnishings create a comfortable and welcoming atmosphere. The table is prepared for a meal, suggesting hospitality or room service. The image highlights interior design, temporary accommodations.","A hotel-style room contains a couch, television, dining table, and neatly arranged place settings. Warm lighting, curtains, and decorative furnishings create a comfortable and welcoming atmosphere. The table is prepared for a meal, suggesting hospitality or room service. The image highlights interior design, temporary accommodations.",/Users/yixiaoz/Desktop/cs348k_proj/outputs/controlnet_multimodal/cfg_7p5_control_1p0/000000029596/target.png,/Users/yixiaoz/Desktop/cs348k_proj/outputs/controlnet_multimodal/cfg_7p5_control_1p0/000000029596/canny.png,/Users/yixiaoz/Desktop/cs348k_proj/outputs/controlnet_multimodal/cfg_7p5_control_1p0/000000029596/seg.png,/Users/yixiaoz/Desktop/cs348k_proj/outputs/controlnet_multimodal/cfg_7p5_control_1p0/000000029596/generated.png,dense_text_plus_canny_plus_seg,7,7.5,1.0,1.0,1.0,20,0.4541,0.2939,30.2792
33854,"parked cars, motorcycles and buses on a cobblestone parking lot next to a street.","Cars, buses, and motorcycles occupy a cobblestone parking area near a city street lined with buildings. The scene contains multiple forms of transportation gathered within a shared urban space. Pedestrians move through the area while parked vehicles await their drivers. The image captures urban infrastructure.","Cars, buses, and motorcycles occupy a cobblestone parking area near a city street lined with buildings. The scene contains multiple forms of transportation gathered within a shared urban space. Pedestrians move through the area while parked vehicles await their drivers. The image captures urban infrastructure.",/Users/yixiaoz/Desktop/cs348k_proj/outputs/controlnet_multimodal/cfg_7p5_control_1p0/000000033854/target.png,/Users/yixiaoz/Desktop/cs348k_proj/outputs/controlnet_multimodal/cfg_7p5_control_1p0/000000033854/canny.png,/Users/yixiaoz/Desktop/cs348k_proj/outputs/controlnet_multimodal/cfg_7p5_control_1p0/000000033854/seg.png,/Users/yixiaoz/Desktop/cs348k_proj/outputs/controlnet_multimodal/cfg_7p5_control_1p0/000000033854/generated.png,dense_text_plus_canny_plus_seg,7,7.5,1.0,1.0,1.0,20,0.4397,0.2642,30.7659
36844,a black couch a green chair a red chair a mirror and a ceiling fan,"A living room contains a black couch, colorful chairs, a ceiling fan, and large windows that allow natural light into the space. Various pieces of furniture and decorative items are arranged throughout the room, creating a comfortable residential environment. The layout suggests an area designed.","A living room contains a black couch, colorful chairs, a ceiling fan, and large windows that allow natural light into the space. Various pieces of furniture and decorative items are arranged throughout the room, creating a comfortable residential environment. The layout suggests an area designed.",/Users/yixiaoz/Desktop/cs348k_proj/outputs/controlnet_multimodal/cfg_7p5_control_1p0/000000036844/target.png,/Users/yixiaoz/Desktop/cs348k_proj/outputs/controlnet_multimodal/cfg_7p5_control_1p0/000000036844/canny.png,/Users/yixiaoz/Desktop/cs348k_proj/outputs/controlnet_multimodal/cfg_7p5_control_1p0/000000036844/seg.png,/Users/yixiaoz/Desktop/cs348k_proj/outputs/controlnet_multimodal/cfg_7p5_control_1p0/000000036844/generated.png,dense_text_plus_canny_plus_seg,7,7.5,1.0,1.0,1.0,20,0.4431,0.3019,32.0952
1000,A group of kids posing for a picture on a tennis court.,A large group of children gather together on a tennis court while posing for a photograph. Some hold tennis equipment while others stand closely beside teammates and friends. The outdoor sports facility provides a bright and energetic setting. Smiles and casual poses suggest a team.,A large group of children gather together on a tennis court while posing for a photograph. Some hold tennis equipment while others stand closely beside teammates and friends. The outdoor sports facility provides a bright and energetic setting. Smiles and casual poses suggest a team.,/Users/yixiaoz/Desktop/cs348k_proj/outputs/controlnet_multimodal/cfg_7p5_control_1p0/000000001000/target.png,/Users/yixiaoz/Desktop/cs348k_proj/outputs/controlnet_multimodal/cfg_7p5_control_1p0/000000001000/canny.png,/Users/yixiaoz/Desktop/cs348k_proj/outputs/controlnet_multimodal/cfg_7p5_control_1p0/000000001000/seg.png,/Users/yixiaoz/Desktop/cs348k_proj/outputs/controlnet_multimodal/cfg_7p5_control_1p0/000000001000/generated.png,dense_text_plus_canny_plus_seg,7,7.5,1.0,1.0,1.0,20,0.5275,0.2882,36.5474
55528,A man holding a paper bag while showing the camera a toothbrush.,"A man sits in a chair while holding a paper bag and displaying a toothbrush toward the camera. His expression suggests humor or casual conversation as he presents the object. The indoor environment appears relaxed and informal, with household furnishings visible around him. The image.","A man sits in a chair while holding a paper bag and displaying a toothbrush toward the camera. His expression suggests humor or casual conversation as he presents the object. The indoor environment appears relaxed and informal, with household furnishings visible around him. The image.",/Users/yixiaoz/Desktop/cs348k_proj/outputs/controlnet_multimodal/cfg_7p5_control_1p0/000000055528/target.png,/Users/yixiaoz/Desktop/cs348k_proj/outputs/controlnet_multimodal/cfg_7p5_control_1p0/000000055528/canny.png,/Users/yixiaoz/Desktop/cs348k_proj/outputs/controlnet_multimodal/cfg_7p5_control_1p0/000000055528/seg.png,/Users/yixiaoz/Desktop/cs348k_proj/outputs/controlnet_multimodal/cfg_7p5_control_1p0/000000055528/generated.png,dense_text_plus_canny_plus_seg,7,7.5,1.0,1.0,1.0,20,0.4524,0.4472,32.399
2006,City bus driving through pedestrian saturated area near crosswalk.,"A city bus travels through a busy urban area near a crosswalk while pedestrians and vehicles move through the surrounding streets. Buildings, signs, and transportation infrastructure create a dynamic city environment. The bus serves as the focal point, illustrating the role of public transit in.","A city bus travels through a busy urban area near a crosswalk while pedestrians and vehicles move through the surrounding streets. Buildings, signs, and transportation infrastructure create a dynamic city environment. The bus serves as the focal point, illustrating the role of public transit in.",/Users/yixiaoz/Desktop/cs348k_proj/outputs/controlnet_multimodal/cfg_7p5_control_1p0/000000002006/target.png,/Users/yixiaoz/Desktop/cs348k_proj/outputs/controlnet_multimodal/cfg_7p5_control_1p0/000000002006/canny.png,/Users/yixiaoz/Desktop/cs348k_proj/outputs/controlnet_multimodal/cfg_7p5_control_1p0/000000002006/seg.png,/Users/yixiaoz/Desktop/cs348k_proj/outputs/controlnet_multimodal/cfg_7p5_control_1p0/000000002006/generated.png,dense_text_plus_canny_plus_seg,7,7.5,1.0,1.0,1.0,20,0.4336,0.2954,32.0634
113720,A couple are enjoying pizza and drinks at the restaurant,"A smiling couple sits together at a restaurant table enjoying pizza, drinks, and conversation. Plates of food and beverages are arranged neatly while the pair look toward the camera. The atmosphere appears relaxed and friendly, suggesting a casual meal shared between friends or partners. The.","A smiling couple sits together at a restaurant table enjoying pizza, drinks, and conversation. Plates of food and beverages are arranged neatly while the pair look toward the camera. The atmosphere appears relaxed and friendly, suggesting a casual meal shared between friends or partners. The.",/Users/yixiaoz/Desktop/cs348k_proj/outputs/controlnet_multimodal/cfg_7p5_control_1p0/000000113720/target.png,/Users/yixiaoz/Desktop/cs348k_proj/outputs/controlnet_multimodal/cfg_7p5_control_1p0/000000113720/canny.png,/Users/yixiaoz/Desktop/cs348k_proj/outputs/controlnet_multimodal/cfg_7p5_control_1p0/000000113720/seg.png,/Users/yixiaoz/Desktop/cs348k_proj/outputs/controlnet_multimodal/cfg_7p5_control_1p0/000000113720/generated.png,dense_text_plus_canny_plus_seg,7,7.5,1.0,1.0,1.0,20,0.4609,0.2383,37.3221
52413,"A child holding a pink toy cell phone with ""Princess Aurora"" inside it.",A child holds a pink toy flip phone decorated with imagery inspired by a princess character. The toy is displayed prominently in the foreground while other people and objects appear nearby. Bright colors and playful design elements emphasize childhood interests and imaginative play. The image.,A child holds a pink toy flip phone decorated with imagery inspired by a princess character. The toy is displayed prominently in the foreground while other people and objects appear nearby. Bright colors and playful design elements emphasize childhood interests and imaginative play. The image.,/Users/yixiaoz/Desktop/cs348k_proj/outputs/controlnet_multimodal/cfg_7p5_control_1p0/000000052413/target.png,/Users/yixiaoz/Desktop/cs348k_proj/outputs/controlnet_multimodal/cfg_7p5_control_1p0/000000052413/canny.png,/Users/yixiaoz/Desktop/cs348k_proj/outputs/controlnet_multimodal/cfg_7p5_control_1p0/000000052413/seg.png,/Users/yixiaoz/Desktop/cs348k_proj/outputs/controlnet_multimodal/cfg_7p5_control_1p0/000000052413/generated.png,dense_text_plus_canny_plus_seg,7,7.5,1.0,1.0,1.0,20,0.679,0.3733,39.4244
60932,A man in a suit that is standing in front of a group of people.,"A man dressed in a formal suit stands confidently in front of a group of people at what appears to be a celebration or reception. The black-and-white image captures him smiling and raising a hand while guests gather in the background. Tables, decorations, and formally.","A man dressed in a formal suit stands confidently in front of a group of people at what appears to be a celebration or reception. The black-and-white image captures him smiling and raising a hand while guests gather in the background. Tables, decorations, and formally.",/Users/yixiaoz/Desktop/cs348k_proj/outputs/controlnet_multimodal/cfg_7p5_control_1p0/000000060932/target.png,/Users/yixiaoz/Desktop/cs348k_proj/outputs/controlnet_multimodal/cfg_7p5_control_1p0/000000060932/canny.png,/Users/yixiaoz/Desktop/cs348k_proj/outputs/controlnet_multimodal/cfg_7p5_control_1p0/000000060932/seg.png,/Users/yixiaoz/Desktop/cs348k_proj/outputs/controlnet_multimodal/cfg_7p5_control_1p0/000000060932/generated.png,dense_text_plus_canny_plus_seg,7,7.5,1.0,1.0,1.0,20,0.3845,0.2407,34.7933
102805,A man in holds a Frisbee in the parking lot by the river.,"A man wearing a hat stands near a riverside parking area while holding a Frisbee in his hand. Mountains and water stretch across the background, creating a scenic outdoor setting. Several parked vehicles and open space suggest a recreational destination where people gather for leisure.","A man wearing a hat stands near a riverside parking area while holding a Frisbee in his hand. Mountains and water stretch across the background, creating a scenic outdoor setting. Several parked vehicles and open space suggest a recreational destination where people gather for leisure.",/Users/yixiaoz/Desktop/cs348k_proj/outputs/controlnet_multimodal/cfg_7p5_control_1p0/000000102805/target.png,/Users/yixiaoz/Desktop/cs348k_proj/outputs/controlnet_multimodal/cfg_7p5_control_1p0/000000102805/canny.png,/Users/yixiaoz/Desktop/cs348k_proj/outputs/controlnet_multimodal/cfg_7p5_control_1p0/000000102805/seg.png,/Users/yixiaoz/Desktop/cs348k_proj/outputs/controlnet_multimodal/cfg_7p5_control_1p0/000000102805/generated.png,dense_text_plus_canny_plus_seg,7,7.5,1.0,1.0,1.0,20,0.4596,0.3103,35.4357
15254,These platters display healthy food choices of two entrees with a side  vegetable and fruit,"A neatly organized lunch container displays a balanced meal consisting of rice, vegetables, fruit, and other healthy foods arranged in separate compartments. Grapes, carrots, and a colorful entrée contribute to the vibrant appearance. The close-up perspective emphasizes nutrition, portioning, and meal preparation. The image reflects.","A neatly organized lunch container displays a balanced meal consisting of rice, vegetables, fruit, and other healthy foods arranged in separate compartments. Grapes, carrots, and a colorful entrée contribute to the vibrant appearance. The close-up perspective emphasizes nutrition, portioning, and meal preparation. The image reflects.",/Users/yixiaoz/Desktop/cs348k_proj/outputs/controlnet_multimodal/cfg_7p5_control_1p0/000000015254/target.png,/Users/yixiaoz/Desktop/cs348k_proj/outputs/controlnet_multimodal/cfg_7p5_control_1p0/000000015254/canny.png,/Users/yixiaoz/Desktop/cs348k_proj/outputs/controlnet_multimodal/cfg_7p5_control_1p0/000000015254/seg.png,/Users/yixiaoz/Desktop/cs348k_proj/outputs/controlnet_multimodal/cfg_7p5_control_1p0/000000015254/generated.png,dense_text_plus_canny_plus_seg,7,7.5,1.0,1.0,1.0,20,0.6331,0.2942,40.7346
24567,There is a man looking at a lot if hot dogs in a bun in a pan,"A man wearing a hat looks down at a tray filled with hot dogs arranged in buns. The outdoor setting suggests a barbecue, picnic, or community gathering where food is being prepared and served. Bright colors from the toppings and buns create a festive appearance.","A man wearing a hat looks down at a tray filled with hot dogs arranged in buns. The outdoor setting suggests a barbecue, picnic, or community gathering where food is being prepared and served. Bright colors from the toppings and buns create a festive appearance.",/Users/yixiaoz/Desktop/cs348k_proj/outputs/controlnet_multimodal/cfg_7p5_control_1p0/000000024567/target.png,/Users/yixiaoz/Desktop/cs348k_proj/outputs/controlnet_multimodal/cfg_7p5_control_1p0/000000024567/canny.png,/Users/yixiaoz/Desktop/cs348k_proj/outputs/controlnet_multimodal/cfg_7p5_control_1p0/000000024567/seg.png,/Users/yixiaoz/Desktop/cs348k_proj/outputs/controlnet_multimodal/cfg_7p5_control_1p0/000000024567/generated.png,dense_text_plus_canny_plus_seg,7,7.5,1.0,1.0,1.0,20,0.5122,0.2279,37.495
25603,A girl sitting around a table in a restaurant eating a pizza.,"A young girl sits at a restaurant table with a pizza placed in front of her. Glasses, plates, and table settings surround the meal while the warm indoor lighting creates a cozy atmosphere. She looks toward the camera as if waiting to eat or enjoying.","A young girl sits at a restaurant table with a pizza placed in front of her. Glasses, plates, and table settings surround the meal while the warm indoor lighting creates a cozy atmosphere. She looks toward the camera as if waiting to eat or enjoying.",/Users/yixiaoz/Desktop/cs348k_proj/outputs/controlnet_multimodal/cfg_7p5_control_1p0/000000025603/target.png,/Users/yixiaoz/Desktop/cs348k_proj/outputs/controlnet_multimodal/cfg_7p5_control_1p0/000000025603/canny.png,/Users/yixiaoz/Desktop/cs348k_proj/outputs/controlnet_multimodal/cfg_7p5_control_1p0/000000025603/seg.png,/Users/yixiaoz/Desktop/cs348k_proj/outputs/controlnet_multimodal/cfg_7p5_control_1p0/000000025603/generated.png,dense_text_plus_canny_plus_seg,7,7.5,1.0,1.0,1.0,20,0.4818,0.3763,35.6836
55150,Two children sit atop their parent's luggage in the parking lot.,"Two children sit atop luggage carts in a parking lot while surrounded by parked vehicles. The scene appears to capture a family trip, airport arrival, or vacation departure. The children seem comfortable and playful as they ride on the luggage. Cars, travel equipment, and open.","Two children sit atop luggage carts in a parking lot while surrounded by parked vehicles. The scene appears to capture a family trip, airport arrival, or vacation departure. The children seem comfortable and playful as they ride on the luggage. Cars, travel equipment, and open.",/Users/yixiaoz/Desktop/cs348k_proj/outputs/controlnet_multimodal/cfg_7p5_control_1p0/000000055150/target.png,/Users/yixiaoz/Desktop/cs348k_proj/outputs/controlnet_multimodal/cfg_7p5_control_1p0/000000055150/canny.png,/Users/yixiaoz/Desktop/cs348k_proj/outputs/controlnet_multimodal/cfg_7p5_control_1p0/000000055150/seg.png,/Users/yixiaoz/Desktop/cs348k_proj/outputs/controlnet_multimodal/cfg_7p5_control_1p0/000000055150/generated.png,dense_text_plus_canny_plus_seg,7,7.5,1.0,1.0,1.0,20,0.4311,0.3036,34.6755
30828,A person covered with an orange sleeping bag rests his head on a blue back pack as he sleeps on a park bench.,"A person sleeps on a park bench while covered by an orange sleeping bag and resting beside a backpack. The outdoor setting includes grass, trees, and surrounding park features. The image captures a quiet moment of rest in a public space, contrasting the bright colors.","A person sleeps on a park bench while covered by an orange sleeping bag and resting beside a backpack. The outdoor setting includes grass, trees, and surrounding park features. The image captures a quiet moment of rest in a public space, contrasting the bright colors.",/Users/yixiaoz/Desktop/cs348k_proj/outputs/controlnet_multimodal/cfg_7p5_control_1p0/000000030828/target.png,/Users/yixiaoz/Desktop/cs348k_proj/outputs/controlnet_multimodal/cfg_7p5_control_1p0/000000030828/canny.png,/Users/yixiaoz/Desktop/cs348k_proj/outputs/controlnet_multimodal/cfg_7p5_control_1p0/000000030828/seg.png,/Users/yixiaoz/Desktop/cs348k_proj/outputs/controlnet_multimodal/cfg_7p5_control_1p0/000000030828/generated.png,dense_text_plus_canny_plus_seg,7,7.5,1.0,1.0,1.0,20,0.5845,0.3956,35.8043
32334,"Two people, a man and a woman, are toasting with wine glasses.","A smiling man and woman hold wine glasses while posing together indoors. The casual setting appears to be a social gathering, dinner, or celebration where friends enjoy food and drinks. Warm lighting and relaxed expressions create a welcoming atmosphere. The image emphasizes companionship, hospitality, and.","A smiling man and woman hold wine glasses while posing together indoors. The casual setting appears to be a social gathering, dinner, or celebration where friends enjoy food and drinks. Warm lighting and relaxed expressions create a welcoming atmosphere. The image emphasizes companionship, hospitality, and.",/Users/yixiaoz/Desktop/cs348k_proj/outputs/controlnet_multimodal/cfg_7p5_control_1p0/000000032334/target.png,/Users/yixiaoz/Desktop/cs348k_proj/outputs/controlnet_multimodal/cfg_7p5_control_1p0/000000032334/canny.png,/Users/yixiaoz/Desktop/cs348k_proj/outputs/controlnet_multimodal/cfg_7p5_control_1p0/000000032334/seg.png,/Users/yixiaoz/Desktop/cs348k_proj/outputs/controlnet_multimodal/cfg_7p5_control_1p0/000000032334/generated.png,dense_text_plus_canny_plus_seg,7,7.5,1.0,1.0,1.0,20,0.4548,0.4201,34.4195
92416,A male with a bottled beverage wearing a flower in his lapel.,"A young man wearing formal attire stands outdoors holding a bottled beverage. A flower pinned to his lapel suggests participation in a wedding, graduation, or other ceremonial event. Water and distant scenery form a pleasant background. His posture and clothing indicate a special occasion, while.","A young man wearing formal attire stands outdoors holding a bottled beverage. A flower pinned to his lapel suggests participation in a wedding, graduation, or other ceremonial event. Water and distant scenery form a pleasant background. His posture and clothing indicate a special occasion, while.",/Users/yixiaoz/Desktop/cs348k_proj/outputs/controlnet_multimodal/cfg_7p5_control_1p0/000000092416/target.png,/Users/yixiaoz/Desktop/cs348k_proj/outputs/controlnet_multimodal/cfg_7p5_control_1p0/000000092416/canny.png,/Users/yixiaoz/Desktop/cs348k_proj/outputs/controlnet_multimodal/cfg_7p5_control_1p0/000000092416/seg.png,/Users/yixiaoz/Desktop/cs348k_proj/outputs/controlnet_multimodal/cfg_7p5_control_1p0/000000092416/generated.png,dense_text_plus_canny_plus_seg,7,7.5,1.0,1.0,1.0,20,0.4518,0.2424,32.9126
20553,Large stuffed animal posed outdoors as if sitting in a chair with beverages on a table.,A large stuffed animal is arranged outdoors in a desert-like environment while seated in a chair beside beverages and decorative items placed on a small table. The unusual setup creates a humorous and imaginative scene. Open ground and sparse surroundings emphasize the contrast between the.,A large stuffed animal is arranged outdoors in a desert-like environment while seated in a chair beside beverages and decorative items placed on a small table. The unusual setup creates a humorous and imaginative scene. Open ground and sparse surroundings emphasize the contrast between the.,/Users/yixiaoz/Desktop/cs348k_proj/outputs/controlnet_multimodal/cfg_7p5_control_1p0/000000020553/target.png,/Users/yixiaoz/Desktop/cs348k_proj/outputs/controlnet_multimodal/cfg_7p5_control_1p0/000000020553/canny.png,/Users/yixiaoz/Desktop/cs348k_proj/outputs/controlnet_multimodal/cfg_7p5_control_1p0/000000020553/seg.png,/Users/yixiaoz/Desktop/cs348k_proj/outputs/controlnet_multimodal/cfg_7p5_control_1p0/000000020553/generated.png,dense_text_plus_canny_plus_seg,7,7.5,1.0,1.0,1.0,20,0.4637,0.4457,42.5072
93437,An older man is wearing a funny hat in his dining room.,"An elderly man wearing a distinctive hat stands inside a dining area or kitchen while smiling toward the camera. Household furnishings and cabinets appear in the background, creating a comfortable domestic setting. His expression suggests warmth and friendliness, while the unusual hat adds character and.","An elderly man wearing a distinctive hat stands inside a dining area or kitchen while smiling toward the camera. Household furnishings and cabinets appear in the background, creating a comfortable domestic setting. His expression suggests warmth and friendliness, while the unusual hat adds character and.",/Users/yixiaoz/Desktop/cs348k_proj/outputs/controlnet_multimodal/cfg_7p5_control_1p0/000000093437/target.png,/Users/yixiaoz/Desktop/cs348k_proj/outputs/controlnet_multimodal/cfg_7p5_control_1p0/000000093437/canny.png,/Users/yixiaoz/Desktop/cs348k_proj/outputs/controlnet_multimodal/cfg_7p5_control_1p0/000000093437/seg.png,/Users/yixiaoz/Desktop/cs348k_proj/outputs/controlnet_multimodal/cfg_7p5_control_1p0/000000093437/generated.png,dense_text_plus_canny_plus_seg,7,7.5,1.0,1.0,1.0,20,0.4692,0.4248,35.3354
89648,People using electronic devises all facing in the same direction.,"Several people sit in rows while using laptops and other electronic devices. Viewed from above, the scene resembles a classroom, workshop, conference, or training session focused on technology. Participants face the same direction and appear engaged with their screens. The arrangement emphasizes learning, collaboration, and.","Several people sit in rows while using laptops and other electronic devices. Viewed from above, the scene resembles a classroom, workshop, conference, or training session focused on technology. Participants face the same direction and appear engaged with their screens. The arrangement emphasizes learning, collaboration, and.",/Users/yixiaoz/Desktop/cs348k_proj/outputs/controlnet_multimodal/cfg_7p5_control_1p0/000000089648/target.png,/Users/yixiaoz/Desktop/cs348k_proj/outputs/controlnet_multimodal/cfg_7p5_control_1p0/000000089648/canny.png,/Users/yixiaoz/Desktop/cs348k_proj/outputs/controlnet_multimodal/cfg_7p5_control_1p0/000000089648/seg.png,/Users/yixiaoz/Desktop/cs348k_proj/outputs/controlnet_multimodal/cfg_7p5_control_1p0/000000089648/generated.png,dense_text_plus_canny_plus_seg,7,7.5,1.0,1.0,1.0,20,0.4698,0.2764,32.6329
7574,"A kitchen with two sinks, a counter, detergent, a stove and a refrigerator in it.","A kitchen interior contains wooden cabinets, a refrigerator, a stove, countertops, and cleaning supplies arranged around the room. Various household items are visible near the sink and work surfaces, creating a realistic lived-in appearance. The image emphasizes domestic functionality and organization while showcasing the appliances.","A kitchen interior contains wooden cabinets, a refrigerator, a stove, countertops, and cleaning supplies arranged around the room. Various household items are visible near the sink and work surfaces, creating a realistic lived-in appearance. The image emphasizes domestic functionality and organization while showcasing the appliances.",/Users/yixiaoz/Desktop/cs348k_proj/outputs/controlnet_multimodal/cfg_7p5_control_1p0/000000007574/target.png,/Users/yixiaoz/Desktop/cs348k_proj/outputs/controlnet_multimodal/cfg_7p5_control_1p0/000000007574/canny.png,/Users/yixiaoz/Desktop/cs348k_proj/outputs/controlnet_multimodal/cfg_7p5_control_1p0/000000007574/seg.png,/Users/yixiaoz/Desktop/cs348k_proj/outputs/controlnet_multimodal/cfg_7p5_control_1p0/000000007574/generated.png,dense_text_plus_canny_plus_seg,7,7.5,1.0,1.0,1.0,20,0.4091,0.2105,32.2652
88040,"Plates of shrimp, vegetables, and noodles served with tea.","Several plates of food are arranged on a table viewed from above, including shrimp, vegetables, noodles, and accompanying beverages. Bowls, cups, and serving dishes contribute to the inviting dining presentation. The meal appears carefully prepared and shared among multiple people. The image highlights culinary variety.","Several plates of food are arranged on a table viewed from above, including shrimp, vegetables, noodles, and accompanying beverages. Bowls, cups, and serving dishes contribute to the inviting dining presentation. The meal appears carefully prepared and shared among multiple people. The image highlights culinary variety.",/Users/yixiaoz/Desktop/cs348k_proj/outputs/controlnet_multimodal/cfg_7p5_control_1p0/000000088040/target.png,/Users/yixiaoz/Desktop/cs348k_proj/outputs/controlnet_multimodal/cfg_7p5_control_1p0/000000088040/canny.png,/Users/yixiaoz/Desktop/cs348k_proj/outputs/controlnet_multimodal/cfg_7p5_control_1p0/000000088040/seg.png,/Users/yixiaoz/Desktop/cs348k_proj/outputs/controlnet_multimodal/cfg_7p5_control_1p0/000000088040/generated.png,dense_text_plus_canny_plus_seg,7,7.5,1.0,1.0,1.0,20,0.437,0.207,33.6633
4134,Two men standing next to each other holding hands.,"Two men stand together at a formal event while greeting one another and shaking hands. Other attendees and banquet tables are visible in the background, suggesting a conference, reception, or celebration. Their professional attire and engaged expressions indicate a respectful social interaction. The image highlights.","Two men stand together at a formal event while greeting one another and shaking hands. Other attendees and banquet tables are visible in the background, suggesting a conference, reception, or celebration. Their professional attire and engaged expressions indicate a respectful social interaction. The image highlights.",/Users/yixiaoz/Desktop/cs348k_proj/outputs/controlnet_multimodal/cfg_7p5_control_1p0/000000004134/target.png,/Users/yixiaoz/Desktop/cs348k_proj/outputs/controlnet_multimodal/cfg_7p5_control_1p0/000000004134/canny.png,/Users/yixiaoz/Desktop/cs348k_proj/outputs/controlnet_multimodal/cfg_7p5_control_1p0/000000004134/seg.png,/Users/yixiaoz/Desktop/cs348k_proj/outputs/controlnet_multimodal/cfg_7p5_control_1p0/000000004134/generated.png,dense_text_plus_canny_plus_seg,7,7.5,1.0,1.0,1.0,20,0.5216,0.369,32.5828
39769,Two cats sleeping with a remote control near each of them.,Two cats sleep peacefully on a bright pink blanket with television remotes placed nearby. Their relaxed poses and stretched bodies create a calm and comfortable scene. The indoor setting suggests a living room or bedroom where the animals have chosen a soft resting place. The.,Two cats sleep peacefully on a bright pink blanket with television remotes placed nearby. Their relaxed poses and stretched bodies create a calm and comfortable scene. The indoor setting suggests a living room or bedroom where the animals have chosen a soft resting place. The.,/Users/yixiaoz/Desktop/cs348k_proj/outputs/controlnet_multimodal/cfg_7p5_control_1p0/000000039769/target.png,/Users/yixiaoz/Desktop/cs348k_proj/outputs/controlnet_multimodal/cfg_7p5_control_1p0/000000039769/canny.png,/Users/yixiaoz/Desktop/cs348k_proj/outputs/controlnet_multimodal/cfg_7p5_control_1p0/000000039769/seg.png,/Users/yixiaoz/Desktop/cs348k_proj/outputs/controlnet_multimodal/cfg_7p5_control_1p0/000000039769/generated.png,dense_text_plus_canny_plus_seg,7,7.5,1.0,1.0,1.0,20,0.4433,0.3148,33.0775
14439,A group of people standing on a field flying a colorful kite.,"A group of people stand together in a grassy park while flying a large colorful kite. Open space, recreational equipment, and other visitors create a lively outdoor environment. Participants work together to manage the kite as it catches the wind above the field. The image.","A group of people stand together in a grassy park while flying a large colorful kite. Open space, recreational equipment, and other visitors create a lively outdoor environment. Participants work together to manage the kite as it catches the wind above the field. The image.",/Users/yixiaoz/Desktop/cs348k_proj/outputs/controlnet_multimodal/cfg_7p5_control_1p0/000000014439/target.png,/Users/yixiaoz/Desktop/cs348k_proj/outputs/controlnet_multimodal/cfg_7p5_control_1p0/000000014439/canny.png,/Users/yixiaoz/Desktop/cs348k_proj/outputs/controlnet_multimodal/cfg_7p5_control_1p0/000000014439/seg.png,/Users/yixiaoz/Desktop/cs348k_proj/outputs/controlnet_multimodal/cfg_7p5_control_1p0/000000014439/generated.png,dense_text_plus_canny_plus_seg,7,7.5,1.0,1.0,1.0,20,0.3899,0.2056,41.0396
104669,"A plate with a meal of meat, potatoes, carrots, and broccoli.","A plate holds a complete meal featuring a piece of meat alongside potatoes, carrots, broccoli, and other vegetables. The arrangement is neatly presented, suggesting a restaurant dish or carefully prepared home-cooked dinner. Bright colors from the vegetables contrast with the darker entrée. The image emphasizes.","A plate holds a complete meal featuring a piece of meat alongside potatoes, carrots, broccoli, and other vegetables. The arrangement is neatly presented, suggesting a restaurant dish or carefully prepared home-cooked dinner. Bright colors from the vegetables contrast with the darker entrée. The image emphasizes.",/Users/yixiaoz/Desktop/cs348k_proj/outputs/controlnet_multimodal/cfg_7p5_control_1p0/000000104669/target.png,/Users/yixiaoz/Desktop/cs348k_proj/outputs/controlnet_multimodal/cfg_7p5_control_1p0/000000104669/canny.png,/Users/yixiaoz/Desktop/cs348k_proj/outputs/controlnet_multimodal/cfg_7p5_control_1p0/000000104669/seg.png,/Users/yixiaoz/Desktop/cs348k_proj/outputs/controlnet_multimodal/cfg_7p5_control_1p0/000000104669/generated.png,dense_text_plus_canny_plus_seg,7,7.5,1.0,1.0,1.0,20,0.5267,0.3614,36.0916
11149,A man sitting on a motorcycle near several bicycles with a partially visible person standing nearby.,"A motorcycle is parked near several bicycles while people stand nearby in an outdoor setting. The collection of vehicles suggests a shared recreational or transportation area. Trees, pathways, and surrounding activity contribute to the public atmosphere. The image highlights different modes of personal transportation and.","A motorcycle is parked near several bicycles while people stand nearby in an outdoor setting. The collection of vehicles suggests a shared recreational or transportation area. Trees, pathways, and surrounding activity contribute to the public atmosphere. The image highlights different modes of personal transportation and.",/Users/yixiaoz/Desktop/cs348k_proj/outputs/controlnet_multimodal/cfg_7p5_control_1p0/000000011149/target.png,/Users/yixiaoz/Desktop/cs348k_proj/outputs/controlnet_multimodal/cfg_7p5_control_1p0/000000011149/canny.png,/Users/yixiaoz/Desktop/cs348k_proj/outputs/controlnet_multimodal/cfg_7p5_control_1p0/000000011149/seg.png,/Users/yixiaoz/Desktop/cs348k_proj/outputs/controlnet_multimodal/cfg_7p5_control_1p0/000000011149/generated.png,dense_text_plus_canny_plus_seg,7,7.5,1.0,1.0,1.0,20,0.4856,0.3271,31.1403
52996,A group of women in military outfits helping other women in a kitchen.,"A group of women wearing military-style uniforms work together in a kitchen while preparing food. Large pots, utensils, and work surfaces indicate an organized cooking effort intended to serve many people. Their coordinated activity reflects teamwork and shared responsibility. The image highlights food preparation, community.","A group of women wearing military-style uniforms work together in a kitchen while preparing food. Large pots, utensils, and work surfaces indicate an organized cooking effort intended to serve many people. Their coordinated activity reflects teamwork and shared responsibility. The image highlights food preparation, community.",/Users/yixiaoz/Desktop/cs348k_proj/outputs/controlnet_multimodal/cfg_7p5_control_1p0/000000052996/target.png,/Users/yixiaoz/Desktop/cs348k_proj/outputs/controlnet_multimodal/cfg_7p5_control_1p0/000000052996/canny.png,/Users/yixiaoz/Desktop/cs348k_proj/outputs/controlnet_multimodal/cfg_7p5_control_1p0/000000052996/seg.png,/Users/yixiaoz/Desktop/cs348k_proj/outputs/controlnet_multimodal/cfg_7p5_control_1p0/000000052996/generated.png,dense_text_plus_canny_plus_seg,7,7.5,1.0,1.0,1.0,20,0.4921,0.2824,38.7217
30213,"The picture shows the interior of a kitchen, with vintage refrigerator, stove, and other appliances.","The interior of a vintage-style kitchen is filled with retro appliances, patterned wallpaper, wooden cabinets, and decorative household items. A classic refrigerator, stove, sink, and dining furniture create a nostalgic atmosphere reminiscent of mid-century home design. Various utensils, containers, and decorations are arranged throughout the.","The interior of a vintage-style kitchen is filled with retro appliances, patterned wallpaper, wooden cabinets, and decorative household items. A classic refrigerator, stove, sink, and dining furniture create a nostalgic atmosphere reminiscent of mid-century home design. Various utensils, containers, and decorations are arranged throughout the.",/Users/yixiaoz/Desktop/cs348k_proj/outputs/controlnet_multimodal/cfg_7p5_control_1p0/000000030213/target.png,/Users/yixiaoz/Desktop/cs348k_proj/outputs/controlnet_multimodal/cfg_7p5_control_1p0/000000030213/canny.png,/Users/yixiaoz/Desktop/cs348k_proj/outputs/controlnet_multimodal/cfg_7p5_control_1p0/000000030213/seg.png,/Users/yixiaoz/Desktop/cs348k_proj/outputs/controlnet_multimodal/cfg_7p5_control_1p0/000000030213/generated.png,dense_text_plus_canny_plus_seg,7,7.5,1.0,1.0,1.0,20,0.463,0.2031,32.9538
56127,"A room with a fire extinguisher, mugs hanging from a shelf and several lights.","A narrow interior room contains shelves lined with mugs, a fire extinguisher, counters, hanging lights, and decorative details. Warm lighting and colorful walls create a welcoming atmosphere that resembles a small café, restaurant service area, or compact workspace. The room is carefully organized to maximize.","A narrow interior room contains shelves lined with mugs, a fire extinguisher, counters, hanging lights, and decorative details. Warm lighting and colorful walls create a welcoming atmosphere that resembles a small café, restaurant service area, or compact workspace. The room is carefully organized to maximize.",/Users/yixiaoz/Desktop/cs348k_proj/outputs/controlnet_multimodal/cfg_7p5_control_1p0/000000056127/target.png,/Users/yixiaoz/Desktop/cs348k_proj/outputs/controlnet_multimodal/cfg_7p5_control_1p0/000000056127/canny.png,/Users/yixiaoz/Desktop/cs348k_proj/outputs/controlnet_multimodal/cfg_7p5_control_1p0/000000056127/seg.png,/Users/yixiaoz/Desktop/cs348k_proj/outputs/controlnet_multimodal/cfg_7p5_control_1p0/000000056127/generated.png,dense_text_plus_canny_plus_seg,7,7.5,1.0,1.0,1.0,20,0.5902,0.2912,30.0728
84031,A batter swinging a bat at a baseball with the catcher and umpire behind him.,A baseball player swings at a pitch while the catcher and umpire closely follow the action behind home plate. The game takes place on a well-maintained field surrounded by spectators and stadium structures. The batter’s posture captures the intensity and timing required in competitive baseball.,A baseball player swings at a pitch while the catcher and umpire closely follow the action behind home plate. The game takes place on a well-maintained field surrounded by spectators and stadium structures. The batter’s posture captures the intensity and timing required in competitive baseball.,/Users/yixiaoz/Desktop/cs348k_proj/outputs/controlnet_multimodal/cfg_7p5_control_1p0/000000084031/target.png,/Users/yixiaoz/Desktop/cs348k_proj/outputs/controlnet_multimodal/cfg_7p5_control_1p0/000000084031/canny.png,/Users/yixiaoz/Desktop/cs348k_proj/outputs/controlnet_multimodal/cfg_7p5_control_1p0/000000084031/seg.png,/Users/yixiaoz/Desktop/cs348k_proj/outputs/controlnet_multimodal/cfg_7p5_control_1p0/000000084031/generated.png,dense_text_plus_canny_plus_seg,7,7.5,1.0,1.0,1.0,20,0.5176,0.3681,30.9643
74209,A black and stainless steel kitchen with a snack bar and bar stools.,"A modern kitchen features stainless steel appliances, polished countertops, pendant lighting, and a snack bar lined with stools. The clean design emphasizes contemporary architecture and efficient use of space. Cabinets, sinks, and work surfaces are neatly arranged to support cooking and dining activities. The room.","A modern kitchen features stainless steel appliances, polished countertops, pendant lighting, and a snack bar lined with stools. The clean design emphasizes contemporary architecture and efficient use of space. Cabinets, sinks, and work surfaces are neatly arranged to support cooking and dining activities. The room.",/Users/yixiaoz/Desktop/cs348k_proj/outputs/controlnet_multimodal/cfg_7p5_control_1p0/000000074209/target.png,/Users/yixiaoz/Desktop/cs348k_proj/outputs/controlnet_multimodal/cfg_7p5_control_1p0/000000074209/canny.png,/Users/yixiaoz/Desktop/cs348k_proj/outputs/controlnet_multimodal/cfg_7p5_control_1p0/000000074209/seg.png,/Users/yixiaoz/Desktop/cs348k_proj/outputs/controlnet_multimodal/cfg_7p5_control_1p0/000000074209/generated.png,dense_text_plus_canny_plus_seg,7,7.5,1.0,1.0,1.0,20,0.3692,0.2512,32.7744
52891,A dog walking on the beach with a frizzbe in his month.,"A dog stands on a sandy beach while carrying a bright yellow frisbee in its mouth. Ocean water, waves, and distant shoreline scenery create a scenic coastal backdrop. The animal appears alert and energetic, as if engaged in a game of fetch with its owner.","A dog stands on a sandy beach while carrying a bright yellow frisbee in its mouth. Ocean water, waves, and distant shoreline scenery create a scenic coastal backdrop. The animal appears alert and energetic, as if engaged in a game of fetch with its owner.",/Users/yixiaoz/Desktop/cs348k_proj/outputs/controlnet_multimodal/cfg_7p5_control_1p0/000000052891/target.png,/Users/yixiaoz/Desktop/cs348k_proj/outputs/controlnet_multimodal/cfg_7p5_control_1p0/000000052891/canny.png,/Users/yixiaoz/Desktop/cs348k_proj/outputs/controlnet_multimodal/cfg_7p5_control_1p0/000000052891/seg.png,/Users/yixiaoz/Desktop/cs348k_proj/outputs/controlnet_multimodal/cfg_7p5_control_1p0/000000052891/generated.png,dense_text_plus_canny_plus_seg,7,7.5,1.0,1.0,1.0,20,0.5481,0.4209,38.0701
99039,Plates of food and two glasses of red wine are on a table.,Several plates of food and two glasses of red wine are arranged on a table beside a large window overlooking greenery and nearby buildings. The setting appears to be a restaurant or dining area where people are enjoying a meal together. Soft natural light enters.,Several plates of food and two glasses of red wine are arranged on a table beside a large window overlooking greenery and nearby buildings. The setting appears to be a restaurant or dining area where people are enjoying a meal together. Soft natural light enters.,/Users/yixiaoz/Desktop/cs348k_proj/outputs/controlnet_multimodal/cfg_7p5_control_1p0/000000099039/target.png,/Users/yixiaoz/Desktop/cs348k_proj/outputs/controlnet_multimodal/cfg_7p5_control_1p0/000000099039/canny.png,/Users/yixiaoz/Desktop/cs348k_proj/outputs/controlnet_multimodal/cfg_7p5_control_1p0/000000099039/seg.png,/Users/yixiaoz/Desktop/cs348k_proj/outputs/controlnet_multimodal/cfg_7p5_control_1p0/000000099039/generated.png,dense_text_plus_canny_plus_seg,7,7.5,1.0,1.0,1.0,20,0.4777,0.3811,32.0837
66635,"An apple computer monitor, keyboard and mouse sits on top of a clean wooden desk.","An Apple desktop computer sits on a clean wooden desk alongside a keyboard and mouse. The workspace is simple, organized, and free from clutter, emphasizing productivity and focus. The monitor occupies the center of the arrangement while the surrounding furniture provides ample working space. The.","An Apple desktop computer sits on a clean wooden desk alongside a keyboard and mouse. The workspace is simple, organized, and free from clutter, emphasizing productivity and focus. The monitor occupies the center of the arrangement while the surrounding furniture provides ample working space. The.",/Users/yixiaoz/Desktop/cs348k_proj/outputs/controlnet_multimodal/cfg_7p5_control_1p0/000000066635/target.png,/Users/yixiaoz/Desktop/cs348k_proj/outputs/controlnet_multimodal/cfg_7p5_control_1p0/000000066635/canny.png,/Users/yixiaoz/Desktop/cs348k_proj/outputs/controlnet_multimodal/cfg_7p5_control_1p0/000000066635/seg.png,/Users/yixiaoz/Desktop/cs348k_proj/outputs/controlnet_multimodal/cfg_7p5_control_1p0/000000066635/generated.png,dense_text_plus_canny_plus_seg,7,7.5,1.0,1.0,1.0,20,0.4869,0.3523,34.2937
107226,Men race on wheeled vehicles towed by a group of husky dogs.,Competitors participate in a dog-powered racing event where huskies pull wheeled vehicles through an outdoor course. Spectators gather nearby to watch the action while handlers guide the dogs. The animals appear strong and energetic as they work together as a team. The image highlights sporting.,Competitors participate in a dog-powered racing event where huskies pull wheeled vehicles through an outdoor course. Spectators gather nearby to watch the action while handlers guide the dogs. The animals appear strong and energetic as they work together as a team. The image highlights sporting.,/Users/yixiaoz/Desktop/cs348k_proj/outputs/controlnet_multimodal/cfg_7p5_control_1p0/000000107226/target.png,/Users/yixiaoz/Desktop/cs348k_proj/outputs/controlnet_multimodal/cfg_7p5_control_1p0/000000107226/canny.png,/Users/yixiaoz/Desktop/cs348k_proj/outputs/controlnet_multimodal/cfg_7p5_control_1p0/000000107226/seg.png,/Users/yixiaoz/Desktop/cs348k_proj/outputs/controlnet_multimodal/cfg_7p5_control_1p0/000000107226/generated.png,dense_text_plus_canny_plus_seg,7,7.5,1.0,1.0,1.0,20,0.5789,0.3572,41.1437
14038,A kitchen with hard wood floors and a yellow smiley face balloon.,"A living room decorated for a celebration contains colorful balloons, furniture, and a large yellow smiley-face balloon suspended near the ceiling. The room features wooden flooring, entertainment equipment, and decorative touches that create a festive atmosphere. The arrangement suggests a birthday party or social gathering.","A living room decorated for a celebration contains colorful balloons, furniture, and a large yellow smiley-face balloon suspended near the ceiling. The room features wooden flooring, entertainment equipment, and decorative touches that create a festive atmosphere. The arrangement suggests a birthday party or social gathering.",/Users/yixiaoz/Desktop/cs348k_proj/outputs/controlnet_multimodal/cfg_7p5_control_1p0/000000014038/target.png,/Users/yixiaoz/Desktop/cs348k_proj/outputs/controlnet_multimodal/cfg_7p5_control_1p0/000000014038/canny.png,/Users/yixiaoz/Desktop/cs348k_proj/outputs/controlnet_multimodal/cfg_7p5_control_1p0/000000014038/seg.png,/Users/yixiaoz/Desktop/cs348k_proj/outputs/controlnet_multimodal/cfg_7p5_control_1p0/000000014038/generated.png,dense_text_plus_canny_plus_seg,7,7.5,1.0,1.0,1.0,20,0.4992,0.3425,37.3784
114884,"A woman with a cigarette standing, while a group of people with luggage walk towards a bus.","A woman stands inside a transportation terminal while travelers carrying luggage move through the background toward buses or other transit services. The spacious facility contains seating areas, structural supports, and signs associated with public transportation. People appear focused on their journeys as they navigate the.","A woman stands inside a transportation terminal while travelers carrying luggage move through the background toward buses or other transit services. The spacious facility contains seating areas, structural supports, and signs associated with public transportation. People appear focused on their journeys as they navigate the.",/Users/yixiaoz/Desktop/cs348k_proj/outputs/controlnet_multimodal/cfg_7p5_control_1p0/000000114884/target.png,/Users/yixiaoz/Desktop/cs348k_proj/outputs/controlnet_multimodal/cfg_7p5_control_1p0/000000114884/canny.png,/Users/yixiaoz/Desktop/cs348k_proj/outputs/controlnet_multimodal/cfg_7p5_control_1p0/000000114884/seg.png,/Users/yixiaoz/Desktop/cs348k_proj/outputs/controlnet_multimodal/cfg_7p5_control_1p0/000000114884/generated.png,dense_text_plus_canny_plus_seg,7,7.5,1.0,1.0,1.0,20,0.5352,0.3934,26.7157
12120,A couple of women playing a game of tennis on a tennis court.,"Two women compete in a tennis match on a professional court surrounded by spectators and stadium seating. Both athletes focus intensely on the ball as they move across the blue playing surface. The sporting venue includes advertising displays, officials, and fans observing the competition. The.","Two women compete in a tennis match on a professional court surrounded by spectators and stadium seating. Both athletes focus intensely on the ball as they move across the blue playing surface. The sporting venue includes advertising displays, officials, and fans observing the competition. The.",/Users/yixiaoz/Desktop/cs348k_proj/outputs/controlnet_multimodal/cfg_7p5_control_1p0/000000012120/target.png,/Users/yixiaoz/Desktop/cs348k_proj/outputs/controlnet_multimodal/cfg_7p5_control_1p0/000000012120/canny.png,/Users/yixiaoz/Desktop/cs348k_proj/outputs/controlnet_multimodal/cfg_7p5_control_1p0/000000012120/seg.png,/Users/yixiaoz/Desktop/cs348k_proj/outputs/controlnet_multimodal/cfg_7p5_control_1p0/000000012120/generated.png,dense_text_plus_canny_plus_seg,7,7.5,1.0,1.0,1.0,20,0.5474,0.2748,36.1363
87470,a big heard of cows walking down a road in a row with green tags on their ears,A large herd of cattle walks together along a rural road bordered by open countryside. The animals move in an organized line while green ear tags help identify members of the herd. Rolling terrain and natural vegetation create an agricultural landscape in the background. The.,A large herd of cattle walks together along a rural road bordered by open countryside. The animals move in an organized line while green ear tags help identify members of the herd. Rolling terrain and natural vegetation create an agricultural landscape in the background. The.,/Users/yixiaoz/Desktop/cs348k_proj/outputs/controlnet_multimodal/cfg_7p5_control_1p0/000000087470/target.png,/Users/yixiaoz/Desktop/cs348k_proj/outputs/controlnet_multimodal/cfg_7p5_control_1p0/000000087470/canny.png,/Users/yixiaoz/Desktop/cs348k_proj/outputs/controlnet_multimodal/cfg_7p5_control_1p0/000000087470/seg.png,/Users/yixiaoz/Desktop/cs348k_proj/outputs/controlnet_multimodal/cfg_7p5_control_1p0/000000087470/generated.png,dense_text_plus_canny_plus_seg,7,7.5,1.0,1.0,1.0,20,0.482,0.3101,32.5916
41872,"A bedroom with  a large bed facing a fireplace that has a television over the top of it, in a shelf space.","A comfortable bedroom contains a large bed, fireplace, television, built-in shelving, and warm lighting. Soft furnishings and decorative details create a relaxing atmosphere designed for rest and comfort. The layout resembles a hotel suite or upscale residential bedroom where entertainment and relaxation are combined in.","A comfortable bedroom contains a large bed, fireplace, television, built-in shelving, and warm lighting. Soft furnishings and decorative details create a relaxing atmosphere designed for rest and comfort. The layout resembles a hotel suite or upscale residential bedroom where entertainment and relaxation are combined in.",/Users/yixiaoz/Desktop/cs348k_proj/outputs/controlnet_multimodal/cfg_7p5_control_1p0/000000041872/target.png,/Users/yixiaoz/Desktop/cs348k_proj/outputs/controlnet_multimodal/cfg_7p5_control_1p0/000000041872/canny.png,/Users/yixiaoz/Desktop/cs348k_proj/outputs/controlnet_multimodal/cfg_7p5_control_1p0/000000041872/seg.png,/Users/yixiaoz/Desktop/cs348k_proj/outputs/controlnet_multimodal/cfg_7p5_control_1p0/000000041872/generated.png,dense_text_plus_canny_plus_seg,7,7.5,1.0,1.0,1.0,20,0.4962,0.3039,31.1344
60899,The young boy is playing in the living room of his house.,"A young boy plays in a living room while raising an object above his head. Household furniture, rugs, and natural light create a comfortable domestic setting. The child appears energetic and engaged in imaginative play. The image captures a candid family moment that reflects childhood.","A young boy plays in a living room while raising an object above his head. Household furniture, rugs, and natural light create a comfortable domestic setting. The child appears energetic and engaged in imaginative play. The image captures a candid family moment that reflects childhood.",/Users/yixiaoz/Desktop/cs348k_proj/outputs/controlnet_multimodal/cfg_7p5_control_1p0/000000060899/target.png,/Users/yixiaoz/Desktop/cs348k_proj/outputs/controlnet_multimodal/cfg_7p5_control_1p0/000000060899/canny.png,/Users/yixiaoz/Desktop/cs348k_proj/outputs/controlnet_multimodal/cfg_7p5_control_1p0/000000060899/seg.png,/Users/yixiaoz/Desktop/cs348k_proj/outputs/controlnet_multimodal/cfg_7p5_control_1p0/000000060899/generated.png,dense_text_plus_canny_plus_seg,7,7.5,1.0,1.0,1.0,20,0.4948,0.353,33.1987
46872,a man standing next to a truck with some stuff on it,"A man stands beside a flatbed truck loaded with large industrial materials and equipment. The outdoor setting suggests a construction, transportation, or delivery operation. The truck occupies most of the scene while the worker appears to inspect or supervise the cargo. The image highlights logistics.","A man stands beside a flatbed truck loaded with large industrial materials and equipment. The outdoor setting suggests a construction, transportation, or delivery operation. The truck occupies most of the scene while the worker appears to inspect or supervise the cargo. The image highlights logistics.",/Users/yixiaoz/Desktop/cs348k_proj/outputs/controlnet_multimodal/cfg_7p5_control_1p0/000000046872/target.png,/Users/yixiaoz/Desktop/cs348k_proj/outputs/controlnet_multimodal/cfg_7p5_control_1p0/000000046872/canny.png,/Users/yixiaoz/Desktop/cs348k_proj/outputs/controlnet_multimodal/cfg_7p5_control_1p0/000000046872/seg.png,/Users/yixiaoz/Desktop/cs348k_proj/outputs/controlnet_multimodal/cfg_7p5_control_1p0/000000046872/generated.png,dense_text_plus_canny_plus_seg,7,7.5,1.0,1.0,1.0,20,0.4219,0.3084,28.5735
33638,A woman wearing shorts bends over a frying pan on a stove.,"A woman bends over a stove while preparing food in a traditional kitchen. Pots, utensils, and cooking equipment surround her as she works on a meal. The room contains functional appliances and furnishings that support everyday household cooking. The image emphasizes domestic life, food preparation.","A woman bends over a stove while preparing food in a traditional kitchen. Pots, utensils, and cooking equipment surround her as she works on a meal. The room contains functional appliances and furnishings that support everyday household cooking. The image emphasizes domestic life, food preparation.",/Users/yixiaoz/Desktop/cs348k_proj/outputs/controlnet_multimodal/cfg_7p5_control_1p0/000000033638/target.png,/Users/yixiaoz/Desktop/cs348k_proj/outputs/controlnet_multimodal/cfg_7p5_control_1p0/000000033638/canny.png,/Users/yixiaoz/Desktop/cs348k_proj/outputs/controlnet_multimodal/cfg_7p5_control_1p0/000000033638/seg.png,/Users/yixiaoz/Desktop/cs348k_proj/outputs/controlnet_multimodal/cfg_7p5_control_1p0/000000033638/generated.png,dense_text_plus_canny_plus_seg,7,7.5,1.0,1.0,1.0,20,0.6235,0.4465,36.2877
66038,The father and daughter are under an umbrella on the beach.,"A father and daughter relax beneath colorful beach umbrellas near the shoreline. Sand, water, and bright weather create a pleasant coastal environment suited for recreation and family outings. The pair appear comfortable as they spend time together enjoying the outdoors. The image highlights family relationships.","A father and daughter relax beneath colorful beach umbrellas near the shoreline. Sand, water, and bright weather create a pleasant coastal environment suited for recreation and family outings. The pair appear comfortable as they spend time together enjoying the outdoors. The image highlights family relationships.",/Users/yixiaoz/Desktop/cs348k_proj/outputs/controlnet_multimodal/cfg_7p5_control_1p0/000000066038/target.png,/Users/yixiaoz/Desktop/cs348k_proj/outputs/controlnet_multimodal/cfg_7p5_control_1p0/000000066038/canny.png,/Users/yixiaoz/Desktop/cs348k_proj/outputs/controlnet_multimodal/cfg_7p5_control_1p0/000000066038/seg.png,/Users/yixiaoz/Desktop/cs348k_proj/outputs/controlnet_multimodal/cfg_7p5_control_1p0/000000066038/generated.png,dense_text_plus_canny_plus_seg,7,7.5,1.0,1.0,1.0,20,0.5207,0.2426,32.6076
86582,A person watering plants with a computer in the foreground.,"A laptop computer sits prominently in the foreground while a person tends plants in the background. Potted plants, gardening supplies, and outdoor views create a peaceful setting that combines technology with nature. The scene suggests remote work, personal projects, or a lifestyle that balances digital.","A laptop computer sits prominently in the foreground while a person tends plants in the background. Potted plants, gardening supplies, and outdoor views create a peaceful setting that combines technology with nature. The scene suggests remote work, personal projects, or a lifestyle that balances digital.",/Users/yixiaoz/Desktop/cs348k_proj/outputs/controlnet_multimodal/cfg_7p5_control_1p0/000000086582/target.png,/Users/yixiaoz/Desktop/cs348k_proj/outputs/controlnet_multimodal/cfg_7p5_control_1p0/000000086582/canny.png,/Users/yixiaoz/Desktop/cs348k_proj/outputs/controlnet_multimodal/cfg_7p5_control_1p0/000000086582/seg.png,/Users/yixiaoz/Desktop/cs348k_proj/outputs/controlnet_multimodal/cfg_7p5_control_1p0/000000086582/generated.png,dense_text_plus_canny_plus_seg,7,7.5,1.0,1.0,1.0,20,0.5474,0.3525,35.9944
32610,Assortment of laptop computers displayed on table with backpacks full of electronic cords.,"Multiple laptop computers, backpacks, cables, and electronic accessories are displayed across a table. The collection of equipment suggests a workshop, conference, classroom, or technology-focused event. Devices are arranged side by side, emphasizing preparation and connectivity. The image highlights digital tools used for communication, learning, and.","Multiple laptop computers, backpacks, cables, and electronic accessories are displayed across a table. The collection of equipment suggests a workshop, conference, classroom, or technology-focused event. Devices are arranged side by side, emphasizing preparation and connectivity. The image highlights digital tools used for communication, learning, and.",/Users/yixiaoz/Desktop/cs348k_proj/outputs/controlnet_multimodal/cfg_7p5_control_1p0/000000032610/target.png,/Users/yixiaoz/Desktop/cs348k_proj/outputs/controlnet_multimodal/cfg_7p5_control_1p0/000000032610/canny.png,/Users/yixiaoz/Desktop/cs348k_proj/outputs/controlnet_multimodal/cfg_7p5_control_1p0/000000032610/seg.png,/Users/yixiaoz/Desktop/cs348k_proj/outputs/controlnet_multimodal/cfg_7p5_control_1p0/000000032610/generated.png,dense_text_plus_canny_plus_seg,7,7.5,1.0,1.0,1.0,20,0.5192,0.2844,35.5098
8021,An audience is looking at an film of a man taking that is projected onto a wall.,"A speaker stands in front of a large projected image while addressing an audience seated in a darkened room. The presentation appears to be part of a conference, lecture, or public event. Audience members focus on the stage while the presenter gestures toward visual material.","A speaker stands in front of a large projected image while addressing an audience seated in a darkened room. The presentation appears to be part of a conference, lecture, or public event. Audience members focus on the stage while the presenter gestures toward visual material.",/Users/yixiaoz/Desktop/cs348k_proj/outputs/controlnet_multimodal/cfg_7p5_control_1p0/000000008021/target.png,/Users/yixiaoz/Desktop/cs348k_proj/outputs/controlnet_multimodal/cfg_7p5_control_1p0/000000008021/canny.png,/Users/yixiaoz/Desktop/cs348k_proj/outputs/controlnet_multimodal/cfg_7p5_control_1p0/000000008021/seg.png,/Users/yixiaoz/Desktop/cs348k_proj/outputs/controlnet_multimodal/cfg_7p5_control_1p0/000000008021/generated.png,dense_text_plus_canny_plus_seg,7,7.5,1.0,1.0,1.0,20,0.5638,0.3742,32.9211
81738,Someone about to cut and birthday cake with blue and yellow frosting.,"A rectangular birthday cake decorated with blue and yellow frosting sits on a kitchen counter while a person uses a knife to cut into it. The cake appears homemade or specially prepared for a celebration, with decorative writing and icing patterns spread across the surface.","A rectangular birthday cake decorated with blue and yellow frosting sits on a kitchen counter while a person uses a knife to cut into it. The cake appears homemade or specially prepared for a celebration, with decorative writing and icing patterns spread across the surface.",/Users/yixiaoz/Desktop/cs348k_proj/outputs/controlnet_multimodal/cfg_7p5_control_1p0/000000081738/target.png,/Users/yixiaoz/Desktop/cs348k_proj/outputs/controlnet_multimodal/cfg_7p5_control_1p0/000000081738/canny.png,/Users/yixiaoz/Desktop/cs348k_proj/outputs/controlnet_multimodal/cfg_7p5_control_1p0/000000081738/seg.png,/Users/yixiaoz/Desktop/cs348k_proj/outputs/controlnet_multimodal/cfg_7p5_control_1p0/000000081738/generated.png,dense_text_plus_canny_plus_seg,7,7.5,1.0,1.0,1.0,20,0.5893,0.294,38.7269
94944,A skier on skies and a snowboarder carrying a snowboard on a mountain slope.,"Several people are gathered on a snowy mountain slope surrounded by dramatic alpine scenery and distant snow-covered peaks. One individual carries a snowboard while others prepare equipment or rest nearby. The expansive landscape dominates the background, emphasizing the scale of the mountainous environment. The image.","Several people are gathered on a snowy mountain slope surrounded by dramatic alpine scenery and distant snow-covered peaks. One individual carries a snowboard while others prepare equipment or rest nearby. The expansive landscape dominates the background, emphasizing the scale of the mountainous environment. The image.",/Users/yixiaoz/Desktop/cs348k_proj/outputs/controlnet_multimodal/cfg_7p5_control_1p0/000000094944/target.png,/Users/yixiaoz/Desktop/cs348k_proj/outputs/controlnet_multimodal/cfg_7p5_control_1p0/000000094944/canny.png,/Users/yixiaoz/Desktop/cs348k_proj/outputs/controlnet_multimodal/cfg_7p5_control_1p0/000000094944/seg.png,/Users/yixiaoz/Desktop/cs348k_proj/outputs/controlnet_multimodal/cfg_7p5_control_1p0/000000094944/generated.png,dense_text_plus_canny_plus_seg,7,7.5,1.0,1.0,1.0,20,0.4742,0.2936,32.3889
48504,A brown and a gray elephant are in a circus ring and the brown elephant is walking behind the gray elephant as well as two people training them are standing nearby.,Two elephants stand inside a large indoor training or exhibition space while handlers supervise them nearby. One elephant follows behind the other as they move across the floor beneath overhead lighting and structural beams. Equipment and barriers suggest a controlled environment designed for animal care.,Two elephants stand inside a large indoor training or exhibition space while handlers supervise them nearby. One elephant follows behind the other as they move across the floor beneath overhead lighting and structural beams. Equipment and barriers suggest a controlled environment designed for animal care.,/Users/yixiaoz/Desktop/cs348k_proj/outputs/controlnet_multimodal/cfg_7p5_control_1p0/000000048504/target.png,/Users/yixiaoz/Desktop/cs348k_proj/outputs/controlnet_multimodal/cfg_7p5_control_1p0/000000048504/canny.png,/Users/yixiaoz/Desktop/cs348k_proj/outputs/controlnet_multimodal/cfg_7p5_control_1p0/000000048504/seg.png,/Users/yixiaoz/Desktop/cs348k_proj/outputs/controlnet_multimodal/cfg_7p5_control_1p0/000000048504/generated.png,dense_text_plus_canny_plus_seg,7,7.5,1.0,1.0,1.0,20,0.4441,0.3501,40.0207
69213,Two men who are wearing suits and hats standing next to each other.,"Two men wearing dark suits and matching hats stand side by side outdoors while looking toward the camera. Their formal attire contrasts with the busy background, where people and vehicles are visible. The pair appear composed and confident, suggesting they may be attending a formal.","Two men wearing dark suits and matching hats stand side by side outdoors while looking toward the camera. Their formal attire contrasts with the busy background, where people and vehicles are visible. The pair appear composed and confident, suggesting they may be attending a formal.",/Users/yixiaoz/Desktop/cs348k_proj/outputs/controlnet_multimodal/cfg_7p5_control_1p0/000000069213/target.png,/Users/yixiaoz/Desktop/cs348k_proj/outputs/controlnet_multimodal/cfg_7p5_control_1p0/000000069213/canny.png,/Users/yixiaoz/Desktop/cs348k_proj/outputs/controlnet_multimodal/cfg_7p5_control_1p0/000000069213/seg.png,/Users/yixiaoz/Desktop/cs348k_proj/outputs/controlnet_multimodal/cfg_7p5_control_1p0/000000069213/generated.png,dense_text_plus_canny_plus_seg,7,7.5,1.0,1.0,1.0,20,0.4907,0.3327,34.0014
44877,Two people are in a wheelchair and only one of them is holding a racket.,"Two people are positioned on a tennis court, one seated in a wheelchair while holding a tennis racket. The scene highlights adaptive sports and athletic participation regardless of physical ability. Both individuals focus on the activity taking place on the court, surrounded by fencing and.","Two people are positioned on a tennis court, one seated in a wheelchair while holding a tennis racket. The scene highlights adaptive sports and athletic participation regardless of physical ability. Both individuals focus on the activity taking place on the court, surrounded by fencing and.",/Users/yixiaoz/Desktop/cs348k_proj/outputs/controlnet_multimodal/cfg_7p5_control_1p0/000000044877/target.png,/Users/yixiaoz/Desktop/cs348k_proj/outputs/controlnet_multimodal/cfg_7p5_control_1p0/000000044877/canny.png,/Users/yixiaoz/Desktop/cs348k_proj/outputs/controlnet_multimodal/cfg_7p5_control_1p0/000000044877/seg.png,/Users/yixiaoz/Desktop/cs348k_proj/outputs/controlnet_multimodal/cfg_7p5_control_1p0/000000044877/generated.png,dense_text_plus_canny_plus_seg,7,7.5,1.0,1.0,1.0,20,0.5083,0.2151,35.4866
74058,A sidewalk next to the outdoor sitting area of a restaurant.,"A black-and-white street scene shows a sidewalk café or restaurant with outdoor seating positioned beside a busy road. Bicycles are parked nearby while tables and chairs extend beneath awnings. Cars line the street and pedestrians move through the area. The monochrome presentation emphasizes geometry, shadows.","A black-and-white street scene shows a sidewalk café or restaurant with outdoor seating positioned beside a busy road. Bicycles are parked nearby while tables and chairs extend beneath awnings. Cars line the street and pedestrians move through the area. The monochrome presentation emphasizes geometry, shadows.",/Users/yixiaoz/Desktop/cs348k_proj/outputs/controlnet_multimodal/cfg_7p5_control_1p0/000000074058/target.png,/Users/yixiaoz/Desktop/cs348k_proj/outputs/controlnet_multimodal/cfg_7p5_control_1p0/000000074058/canny.png,/Users/yixiaoz/Desktop/cs348k_proj/outputs/controlnet_multimodal/cfg_7p5_control_1p0/000000074058/seg.png,/Users/yixiaoz/Desktop/cs348k_proj/outputs/controlnet_multimodal/cfg_7p5_control_1p0/000000074058/generated.png,dense_text_plus_canny_plus_seg,7,7.5,1.0,1.0,1.0,20,0.4034,0.1929,31.3503
69356,An Indian woman stands in front of a man selling his fruit,"A fruit vendor stands beside a colorful outdoor market stall filled with oranges, bananas, and other produce. A woman stands nearby while additional people move through the area. Trees and buildings line the background, suggesting a neighborhood street market. The image highlights small-scale commerce, local.","A fruit vendor stands beside a colorful outdoor market stall filled with oranges, bananas, and other produce. A woman stands nearby while additional people move through the area. Trees and buildings line the background, suggesting a neighborhood street market. The image highlights small-scale commerce, local.",/Users/yixiaoz/Desktop/cs348k_proj/outputs/controlnet_multimodal/cfg_7p5_control_1p0/000000069356/target.png,/Users/yixiaoz/Desktop/cs348k_proj/outputs/controlnet_multimodal/cfg_7p5_control_1p0/000000069356/canny.png,/Users/yixiaoz/Desktop/cs348k_proj/outputs/controlnet_multimodal/cfg_7p5_control_1p0/000000069356/seg.png,/Users/yixiaoz/Desktop/cs348k_proj/outputs/controlnet_multimodal/cfg_7p5_control_1p0/000000069356/generated.png,dense_text_plus_canny_plus_seg,7,7.5,1.0,1.0,1.0,20,0.4793,0.2592,34.772
57232,A chair is fashioned from baseball bats and two cushions.,"A chair has been creatively constructed from baseball bats and cushioned seating materials, transforming sporting equipment into functional furniture. Additional decorative items, including a globe and various objects, surround the unusual piece. The craftsmanship demonstrates artistic repurposing and design innovation. The image highlights the intersection.","A chair has been creatively constructed from baseball bats and cushioned seating materials, transforming sporting equipment into functional furniture. Additional decorative items, including a globe and various objects, surround the unusual piece. The craftsmanship demonstrates artistic repurposing and design innovation. The image highlights the intersection.",/Users/yixiaoz/Desktop/cs348k_proj/outputs/controlnet_multimodal/cfg_7p5_control_1p0/000000057232/target.png,/Users/yixiaoz/Desktop/cs348k_proj/outputs/controlnet_multimodal/cfg_7p5_control_1p0/000000057232/canny.png,/Users/yixiaoz/Desktop/cs348k_proj/outputs/controlnet_multimodal/cfg_7p5_control_1p0/000000057232/seg.png,/Users/yixiaoz/Desktop/cs348k_proj/outputs/controlnet_multimodal/cfg_7p5_control_1p0/000000057232/generated.png,dense_text_plus_canny_plus_seg,7,7.5,1.0,1.0,1.0,20,0.4417,0.2195,36.3868
5193,A group of people pose for a picture while a man holds two surfboards.,"A group of people gathers indoors for a photograph while one individual holds two colorful surfboards upright. Several children and adults pose together, smiling toward the camera. The surfboards act as focal points, suggesting a beach, surfing, or recreational theme. The image captures a celebratory.","A group of people gathers indoors for a photograph while one individual holds two colorful surfboards upright. Several children and adults pose together, smiling toward the camera. The surfboards act as focal points, suggesting a beach, surfing, or recreational theme. The image captures a celebratory.",/Users/yixiaoz/Desktop/cs348k_proj/outputs/controlnet_multimodal/cfg_7p5_control_1p0/000000005193/target.png,/Users/yixiaoz/Desktop/cs348k_proj/outputs/controlnet_multimodal/cfg_7p5_control_1p0/000000005193/canny.png,/Users/yixiaoz/Desktop/cs348k_proj/outputs/controlnet_multimodal/cfg_7p5_control_1p0/000000005193/seg.png,/Users/yixiaoz/Desktop/cs348k_proj/outputs/controlnet_multimodal/cfg_7p5_control_1p0/000000005193/generated.png,dense_text_plus_canny_plus_seg,7,7.5,1.0,1.0,1.0,20,0.5395,0.4804,38.3512
94751,A traffic light and a signpost at a crossroads intersection near a waterway.,"Traffic lights and road signs stand at an intersection near a waterfront area. Fences, streets, and utility structures define the urban landscape while water and distant infrastructure appear in the background. The scene focuses on transportation systems and traffic management rather than people. The image.","Traffic lights and road signs stand at an intersection near a waterfront area. Fences, streets, and utility structures define the urban landscape while water and distant infrastructure appear in the background. The scene focuses on transportation systems and traffic management rather than people. The image.",/Users/yixiaoz/Desktop/cs348k_proj/outputs/controlnet_multimodal/cfg_7p5_control_1p0/000000094751/target.png,/Users/yixiaoz/Desktop/cs348k_proj/outputs/controlnet_multimodal/cfg_7p5_control_1p0/000000094751/canny.png,/Users/yixiaoz/Desktop/cs348k_proj/outputs/controlnet_multimodal/cfg_7p5_control_1p0/000000094751/seg.png,/Users/yixiaoz/Desktop/cs348k_proj/outputs/controlnet_multimodal/cfg_7p5_control_1p0/000000094751/generated.png,dense_text_plus_canny_plus_seg,7,7.5,1.0,1.0,1.0,20,0.4792,0.4395,31.2782
13546,Young man on skate board balancing on concrete barrier near sidewalk with small park area near by.,"A skateboarder balances on a concrete structure within a small park while performing a trick. The rider’s posture demonstrates concentration and control as wheels contact the edge of the obstacle. Grass, pathways, and recreational facilities surround the scene. The image captures motion and athletic skill.","A skateboarder balances on a concrete structure within a small park while performing a trick. The rider’s posture demonstrates concentration and control as wheels contact the edge of the obstacle. Grass, pathways, and recreational facilities surround the scene. The image captures motion and athletic skill.",/Users/yixiaoz/Desktop/cs348k_proj/outputs/controlnet_multimodal/cfg_7p5_control_1p0/000000013546/target.png,/Users/yixiaoz/Desktop/cs348k_proj/outputs/controlnet_multimodal/cfg_7p5_control_1p0/000000013546/canny.png,/Users/yixiaoz/Desktop/cs348k_proj/outputs/controlnet_multimodal/cfg_7p5_control_1p0/000000013546/seg.png,/Users/yixiaoz/Desktop/cs348k_proj/outputs/controlnet_multimodal/cfg_7p5_control_1p0/000000013546/generated.png,dense_text_plus_canny_plus_seg,7,7.5,1.0,1.0,1.0,20,0.4105,0.2463,30.2778
112378,A bunch of bananas on a wooden bench with hammocks in the background.,"A bunch of bananas rests on a wooden bench in an outdoor setting where hammocks and tropical vegetation appear in the background. The fruit is arranged casually, creating a simple still-life composition. Natural lighting and greenery contribute to a relaxed atmosphere. The image highlights everyday.","A bunch of bananas rests on a wooden bench in an outdoor setting where hammocks and tropical vegetation appear in the background. The fruit is arranged casually, creating a simple still-life composition. Natural lighting and greenery contribute to a relaxed atmosphere. The image highlights everyday.",/Users/yixiaoz/Desktop/cs348k_proj/outputs/controlnet_multimodal/cfg_7p5_control_1p0/000000112378/target.png,/Users/yixiaoz/Desktop/cs348k_proj/outputs/controlnet_multimodal/cfg_7p5_control_1p0/000000112378/canny.png,/Users/yixiaoz/Desktop/cs348k_proj/outputs/controlnet_multimodal/cfg_7p5_control_1p0/000000112378/seg.png,/Users/yixiaoz/Desktop/cs348k_proj/outputs/controlnet_multimodal/cfg_7p5_control_1p0/000000112378/generated.png,dense_text_plus_canny_plus_seg,7,7.5,1.0,1.0,1.0,20,0.56,0.3732,36.3585
57672,a river.A group of people with life jacket rowing a long boat in,"A long rowing boat moves across a calm river while a coordinated team of rowers wearing life jackets paddles together. Their synchronized effort propels the vessel through the water as spectators and shoreline features remain visible in the distance. The image highlights teamwork, endurance, and.","A long rowing boat moves across a calm river while a coordinated team of rowers wearing life jackets paddles together. Their synchronized effort propels the vessel through the water as spectators and shoreline features remain visible in the distance. The image highlights teamwork, endurance, and.",/Users/yixiaoz/Desktop/cs348k_proj/outputs/controlnet_multimodal/cfg_7p5_control_1p0/000000057672/target.png,/Users/yixiaoz/Desktop/cs348k_proj/outputs/controlnet_multimodal/cfg_7p5_control_1p0/000000057672/canny.png,/Users/yixiaoz/Desktop/cs348k_proj/outputs/controlnet_multimodal/cfg_7p5_control_1p0/000000057672/seg.png,/Users/yixiaoz/Desktop/cs348k_proj/outputs/controlnet_multimodal/cfg_7p5_control_1p0/000000057672/generated.png,dense_text_plus_canny_plus_seg,7,7.5,1.0,1.0,1.0,20,0.4782,0.3612,34.6586
19432,He's almost got this tennis ball at the end of his racket.,"A tennis player focuses intensely on a ball approaching the racket during a match on a professional court. Stadium seating and fencing create the backdrop while the athlete prepares to make contact. The composition freezes a precise moment that requires timing, concentration, and technical skill.","A tennis player focuses intensely on a ball approaching the racket during a match on a professional court. Stadium seating and fencing create the backdrop while the athlete prepares to make contact. The composition freezes a precise moment that requires timing, concentration, and technical skill.",/Users/yixiaoz/Desktop/cs348k_proj/outputs/controlnet_multimodal/cfg_7p5_control_1p0/000000019432/target.png,/Users/yixiaoz/Desktop/cs348k_proj/outputs/controlnet_multimodal/cfg_7p5_control_1p0/000000019432/canny.png,/Users/yixiaoz/Desktop/cs348k_proj/outputs/controlnet_multimodal/cfg_7p5_control_1p0/000000019432/seg.png,/Users/yixiaoz/Desktop/cs348k_proj/outputs/controlnet_multimodal/cfg_7p5_control_1p0/000000019432/generated.png,dense_text_plus_canny_plus_seg,7,7.5,1.0,1.0,1.0,20,0.4796,0.318,32.1166
73702,A couple of guys standingoutside in the sun talking to each other.,"Several people stand together outdoors near a transportation or public-service area while engaged in conversation. Some individuals carry bags or wear protective clothing, suggesting travel, work, or transit-related activities. The scene appears candid and documentary in nature, focusing on social interaction rather than posed photography.","Several people stand together outdoors near a transportation or public-service area while engaged in conversation. Some individuals carry bags or wear protective clothing, suggesting travel, work, or transit-related activities. The scene appears candid and documentary in nature, focusing on social interaction rather than posed photography.",/Users/yixiaoz/Desktop/cs348k_proj/outputs/controlnet_multimodal/cfg_7p5_control_1p0/000000073702/target.png,/Users/yixiaoz/Desktop/cs348k_proj/outputs/controlnet_multimodal/cfg_7p5_control_1p0/000000073702/canny.png,/Users/yixiaoz/Desktop/cs348k_proj/outputs/controlnet_multimodal/cfg_7p5_control_1p0/000000073702/seg.png,/Users/yixiaoz/Desktop/cs348k_proj/outputs/controlnet_multimodal/cfg_7p5_control_1p0/000000073702/generated.png,dense_text_plus_canny_plus_seg,7,7.5,1.0,1.0,1.0,20,0.4417,0.3751,31.2325
84241,Three women cooking in a professional kitchen together.,"Three women work together inside a professional kitchen while preparing food. Large bowls of vegetables, cookware, and stainless-steel surfaces surround them as they coordinate meal preparation. The environment suggests a restaurant, catering operation, or culinary training setting. The image highlights teamwork, food service, and culinary.","Three women work together inside a professional kitchen while preparing food. Large bowls of vegetables, cookware, and stainless-steel surfaces surround them as they coordinate meal preparation. The environment suggests a restaurant, catering operation, or culinary training setting. The image highlights teamwork, food service, and culinary.",/Users/yixiaoz/Desktop/cs348k_proj/outputs/controlnet_multimodal/cfg_7p5_control_1p0/000000084241/target.png,/Users/yixiaoz/Desktop/cs348k_proj/outputs/controlnet_multimodal/cfg_7p5_control_1p0/000000084241/canny.png,/Users/yixiaoz/Desktop/cs348k_proj/outputs/controlnet_multimodal/cfg_7p5_control_1p0/000000084241/seg.png,/Users/yixiaoz/Desktop/cs348k_proj/outputs/controlnet_multimodal/cfg_7p5_control_1p0/000000084241/generated.png,dense_text_plus_canny_plus_seg,7,7.5,1.0,1.0,1.0,20,0.5728,0.3722,35.2188
34417,Donuts traveling down an assembly line in a factory while people work behind it.,"Donuts move along a production line inside a bakery or food-processing facility while workers supervise operations in the background. Conveyors, trays, and industrial equipment are visible throughout the workspace. The image illustrates large-scale food production and the systems used to manufacture baked goods efficiently. It.","Donuts move along a production line inside a bakery or food-processing facility while workers supervise operations in the background. Conveyors, trays, and industrial equipment are visible throughout the workspace. The image illustrates large-scale food production and the systems used to manufacture baked goods efficiently. It.",/Users/yixiaoz/Desktop/cs348k_proj/outputs/controlnet_multimodal/cfg_7p5_control_1p0/000000034417/target.png,/Users/yixiaoz/Desktop/cs348k_proj/outputs/controlnet_multimodal/cfg_7p5_control_1p0/000000034417/canny.png,/Users/yixiaoz/Desktop/cs348k_proj/outputs/controlnet_multimodal/cfg_7p5_control_1p0/000000034417/seg.png,/Users/yixiaoz/Desktop/cs348k_proj/outputs/controlnet_multimodal/cfg_7p5_control_1p0/000000034417/generated.png,dense_text_plus_canny_plus_seg,7,7.5,1.0,1.0,1.0,20,0.4862,0.3092,40.2246
25181,A train station with an awning is depicted with a train on the right platform.,"A train station platform extends into the distance beneath a large canopy, creating strong lines and symmetry throughout the composition. A train sits along one side of the platform while signs and architectural details reinforce the sense of order. The black-and-white presentation emphasizes structure and.","A train station platform extends into the distance beneath a large canopy, creating strong lines and symmetry throughout the composition. A train sits along one side of the platform while signs and architectural details reinforce the sense of order. The black-and-white presentation emphasizes structure and.",/Users/yixiaoz/Desktop/cs348k_proj/outputs/controlnet_multimodal/cfg_7p5_control_1p0/000000025181/target.png,/Users/yixiaoz/Desktop/cs348k_proj/outputs/controlnet_multimodal/cfg_7p5_control_1p0/000000025181/canny.png,/Users/yixiaoz/Desktop/cs348k_proj/outputs/controlnet_multimodal/cfg_7p5_control_1p0/000000025181/seg.png,/Users/yixiaoz/Desktop/cs348k_proj/outputs/controlnet_multimodal/cfg_7p5_control_1p0/000000025181/generated.png,dense_text_plus_canny_plus_seg,7,7.5,1.0,1.0,1.0,20,0.3645,0.2385,32.9682
67213,"A dog jumping through the air above a pool of water that has been marked for distance, with people watching in the distance.","A dog leaps high above a pool during a dock-diving competition while spectators watch from behind barriers. The animal is captured midair, demonstrating athletic ability, speed, and confidence. Water, measuring equipment, and event organizers suggest a structured sporting competition. The image highlights the bond between.","A dog leaps high above a pool during a dock-diving competition while spectators watch from behind barriers. The animal is captured midair, demonstrating athletic ability, speed, and confidence. Water, measuring equipment, and event organizers suggest a structured sporting competition. The image highlights the bond between.",/Users/yixiaoz/Desktop/cs348k_proj/outputs/controlnet_multimodal/cfg_7p5_control_1p0/000000067213/target.png,/Users/yixiaoz/Desktop/cs348k_proj/outputs/controlnet_multimodal/cfg_7p5_control_1p0/000000067213/canny.png,/Users/yixiaoz/Desktop/cs348k_proj/outputs/controlnet_multimodal/cfg_7p5_control_1p0/000000067213/seg.png,/Users/yixiaoz/Desktop/cs348k_proj/outputs/controlnet_multimodal/cfg_7p5_control_1p0/000000067213/generated.png,dense_text_plus_canny_plus_seg,7,7.5,1.0,1.0,1.0,20,0.4795,0.4551,32.9126
94871,A group of people standing around sheep on a field.,"Several sheep stand together in a field while people gather nearby. Different breeds and wool colors create visual variety across the scene. The setting resembles an agricultural fair, livestock exhibition, or rural community event where animals are displayed and evaluated. The image highlights farming culture.","Several sheep stand together in a field while people gather nearby. Different breeds and wool colors create visual variety across the scene. The setting resembles an agricultural fair, livestock exhibition, or rural community event where animals are displayed and evaluated. The image highlights farming culture.",/Users/yixiaoz/Desktop/cs348k_proj/outputs/controlnet_multimodal/cfg_7p5_control_1p0/000000094871/target.png,/Users/yixiaoz/Desktop/cs348k_proj/outputs/controlnet_multimodal/cfg_7p5_control_1p0/000000094871/canny.png,/Users/yixiaoz/Desktop/cs348k_proj/outputs/controlnet_multimodal/cfg_7p5_control_1p0/000000094871/seg.png,/Users/yixiaoz/Desktop/cs348k_proj/outputs/controlnet_multimodal/cfg_7p5_control_1p0/000000094871/generated.png,dense_text_plus_canny_plus_seg,7,7.5,1.0,1.0,1.0,20,0.4657,0.3109,34.8936
