coco_id,caption,dense_caption,prompt,target_path,seg_path,generated_path,modality,experiment_id,guidance_scale,controlnet_conditioning_scale,num_inference_steps,LPIPS_Distance,DreamSim_Distance,CLIP_Score
2685,A crowd of people stand near a man behind a bar with wine bottles on it.,"Several people are gathered around a wooden bar counter inside a restaurant, tasting room, or social event space. A man stands behind the counter near shelves filled with wine bottles while customers stand close together and talk in small groups. The room appears warmly lit.","Several people are gathered around a wooden bar counter inside a restaurant, tasting room, or social event space. A man stands behind the counter near shelves filled with wine bottles while customers stand close together and talk in small groups. The room appears warmly lit.",/Users/yixiaoz/Desktop/cs348k_proj/outputs/controlNetScale/controlnet_seg/cfg_7p5_control_0p5/000000002685/target.png,/Users/yixiaoz/Desktop/cs348k_proj/outputs/controlNetScale/controlnet_seg/cfg_7p5_control_0p5/000000002685/seg.png,/Users/yixiaoz/Desktop/cs348k_proj/outputs/controlNetScale/controlnet_seg/cfg_7p5_control_0p5/000000002685/generated.png,dense_text_plus_seg,6,7.5,0.5,20,0.6988,0.4338,31.9447
6763,A man and a women posing next to one another in front of a table.,"A man and a woman sit close together at a table inside a dimly lit restaurant or bar. The man wears a dress shirt and tie and has his arm around the smiling woman beside him. Plates, utensils, and drinks are visible on the table.","A man and a woman sit close together at a table inside a dimly lit restaurant or bar. The man wears a dress shirt and tie and has his arm around the smiling woman beside him. Plates, utensils, and drinks are visible on the table.",/Users/yixiaoz/Desktop/cs348k_proj/outputs/controlNetScale/controlnet_seg/cfg_7p5_control_0p5/000000006763/target.png,/Users/yixiaoz/Desktop/cs348k_proj/outputs/controlNetScale/controlnet_seg/cfg_7p5_control_0p5/000000006763/seg.png,/Users/yixiaoz/Desktop/cs348k_proj/outputs/controlNetScale/controlnet_seg/cfg_7p5_control_0p5/000000006763/generated.png,dense_text_plus_seg,6,7.5,0.5,20,0.7128,0.5314,31.2943
87144,A baby sitting between a lady and a man on a bench under a tree.,"A woman, a young child, and an elderly man sit on a park bench beneath the shade of a tree. The woman sits on the left wearing a patterned dress, the child sits near the center, and the older man sits on the right wearing.","A woman, a young child, and an elderly man sit on a park bench beneath the shade of a tree. The woman sits on the left wearing a patterned dress, the child sits near the center, and the older man sits on the right wearing.",/Users/yixiaoz/Desktop/cs348k_proj/outputs/controlNetScale/controlnet_seg/cfg_7p5_control_0p5/000000087144/target.png,/Users/yixiaoz/Desktop/cs348k_proj/outputs/controlNetScale/controlnet_seg/cfg_7p5_control_0p5/000000087144/seg.png,/Users/yixiaoz/Desktop/cs348k_proj/outputs/controlNetScale/controlnet_seg/cfg_7p5_control_0p5/000000087144/generated.png,dense_text_plus_seg,6,7.5,0.5,20,0.5751,0.2884,34.883
2157,A table topped with a cake covered in berries next to a plate of sandwiches.,"A table covered with a red tablecloth is arranged with desserts and party food in an outdoor or bright dining setting. A large cake topped with blueberries and raspberries sits near the front beside plates of sandwiches, bread, grapes, wine glasses, napkins, and stacked dishes.","A table covered with a red tablecloth is arranged with desserts and party food in an outdoor or bright dining setting. A large cake topped with blueberries and raspberries sits near the front beside plates of sandwiches, bread, grapes, wine glasses, napkins, and stacked dishes.",/Users/yixiaoz/Desktop/cs348k_proj/outputs/controlNetScale/controlnet_seg/cfg_7p5_control_0p5/000000002157/target.png,/Users/yixiaoz/Desktop/cs348k_proj/outputs/controlNetScale/controlnet_seg/cfg_7p5_control_0p5/000000002157/seg.png,/Users/yixiaoz/Desktop/cs348k_proj/outputs/controlNetScale/controlnet_seg/cfg_7p5_control_0p5/000000002157/generated.png,dense_text_plus_seg,6,7.5,0.5,20,0.6853,0.3765,37.6667
14226,A person is sitting in a chair at a table with a laptop computer.,A man sits alone in a passenger train or railcar while using a laptop computer on a fold-out table in front of him. He wears a jacket and looks downward toward the screen with a focused expression. A large window beside him shows blurred scenery.,A man sits alone in a passenger train or railcar while using a laptop computer on a fold-out table in front of him. He wears a jacket and looks downward toward the screen with a focused expression. A large window beside him shows blurred scenery.,/Users/yixiaoz/Desktop/cs348k_proj/outputs/controlNetScale/controlnet_seg/cfg_7p5_control_0p5/000000014226/target.png,/Users/yixiaoz/Desktop/cs348k_proj/outputs/controlNetScale/controlnet_seg/cfg_7p5_control_0p5/000000014226/seg.png,/Users/yixiaoz/Desktop/cs348k_proj/outputs/controlNetScale/controlnet_seg/cfg_7p5_control_0p5/000000014226/generated.png,dense_text_plus_seg,6,7.5,0.5,20,0.6673,0.4488,37.4912
35279,"A man laying his head down next to electronics, a butterfly, and a book.","A cluttered workspace or floor area contains several electronic devices and accessories arranged close together. A laptop displays a simple image on its screen, while a smartphone, cables, speakers, papers, a bottle, and other gadgets sit nearby. Part of a person’s face appears near the.","A cluttered workspace or floor area contains several electronic devices and accessories arranged close together. A laptop displays a simple image on its screen, while a smartphone, cables, speakers, papers, a bottle, and other gadgets sit nearby. Part of a person’s face appears near the.",/Users/yixiaoz/Desktop/cs348k_proj/outputs/controlNetScale/controlnet_seg/cfg_7p5_control_0p5/000000035279/target.png,/Users/yixiaoz/Desktop/cs348k_proj/outputs/controlNetScale/controlnet_seg/cfg_7p5_control_0p5/000000035279/seg.png,/Users/yixiaoz/Desktop/cs348k_proj/outputs/controlNetScale/controlnet_seg/cfg_7p5_control_0p5/000000035279/generated.png,dense_text_plus_seg,6,7.5,0.5,20,0.7125,0.4784,31.8642
31620,A woman in a white dress and a man in gray stand near a cake on a white table under a white canopy.,"Inside a large white event tent, a woman in a white dress and a man in a gray suit stand near a decorated table. The table is covered with a white cloth and appears to hold a cake or centerpiece. Soft light filters through the.","Inside a large white event tent, a woman in a white dress and a man in a gray suit stand near a decorated table. The table is covered with a white cloth and appears to hold a cake or centerpiece. Soft light filters through the.",/Users/yixiaoz/Desktop/cs348k_proj/outputs/controlNetScale/controlnet_seg/cfg_7p5_control_0p5/000000031620/target.png,/Users/yixiaoz/Desktop/cs348k_proj/outputs/controlNetScale/controlnet_seg/cfg_7p5_control_0p5/000000031620/seg.png,/Users/yixiaoz/Desktop/cs348k_proj/outputs/controlNetScale/controlnet_seg/cfg_7p5_control_0p5/000000031620/generated.png,dense_text_plus_seg,6,7.5,0.5,20,0.6774,0.5104,35.4933
95707,Several pastries sitting on aluminum foil next to a bowl with a knife and spatula in it.,"Several pastries and baked goods are arranged on aluminum foil on a table, with a bowl, knife, and spatula placed nearby for serving. The food includes rectangular pieces and a pale frosted or light-colored dessert item, suggesting a dessert spread or homemade baked selection. The.","Several pastries and baked goods are arranged on aluminum foil on a table, with a bowl, knife, and spatula placed nearby for serving. The food includes rectangular pieces and a pale frosted or light-colored dessert item, suggesting a dessert spread or homemade baked selection. The.",/Users/yixiaoz/Desktop/cs348k_proj/outputs/controlNetScale/controlnet_seg/cfg_7p5_control_0p5/000000095707/target.png,/Users/yixiaoz/Desktop/cs348k_proj/outputs/controlNetScale/controlnet_seg/cfg_7p5_control_0p5/000000095707/seg.png,/Users/yixiaoz/Desktop/cs348k_proj/outputs/controlNetScale/controlnet_seg/cfg_7p5_control_0p5/000000095707/generated.png,dense_text_plus_seg,6,7.5,0.5,20,0.7305,0.7069,31.4352
54605,Milkshake in tall glass and piece of cake on plate near forks.,"A tall milkshake in a glass is topped with whipped cream and placed on a restaurant table beside a slice of layered cake on a white plate. A fork, napkins, and other table items sit nearby, while the background is dim and softly blurred. The.","A tall milkshake in a glass is topped with whipped cream and placed on a restaurant table beside a slice of layered cake on a white plate. A fork, napkins, and other table items sit nearby, while the background is dim and softly blurred. The.",/Users/yixiaoz/Desktop/cs348k_proj/outputs/controlNetScale/controlnet_seg/cfg_7p5_control_0p5/000000054605/target.png,/Users/yixiaoz/Desktop/cs348k_proj/outputs/controlNetScale/controlnet_seg/cfg_7p5_control_0p5/000000054605/seg.png,/Users/yixiaoz/Desktop/cs348k_proj/outputs/controlNetScale/controlnet_seg/cfg_7p5_control_0p5/000000054605/generated.png,dense_text_plus_seg,6,7.5,0.5,20,0.7179,0.3686,35.1639
27620,A laptop sitting on a desk next to a chair and another computer.,"A small home office or study area contains a glass-top desk, a laptop computer, a chair, and additional electronic equipment. The desk is positioned near a wall with windows and blinds, and another chair sits in front of the workspace. Cables, accessories, and a cup.","A small home office or study area contains a glass-top desk, a laptop computer, a chair, and additional electronic equipment. The desk is positioned near a wall with windows and blinds, and another chair sits in front of the workspace. Cables, accessories, and a cup.",/Users/yixiaoz/Desktop/cs348k_proj/outputs/controlNetScale/controlnet_seg/cfg_7p5_control_0p5/000000027620/target.png,/Users/yixiaoz/Desktop/cs348k_proj/outputs/controlNetScale/controlnet_seg/cfg_7p5_control_0p5/000000027620/seg.png,/Users/yixiaoz/Desktop/cs348k_proj/outputs/controlNetScale/controlnet_seg/cfg_7p5_control_0p5/000000027620/generated.png,dense_text_plus_seg,6,7.5,0.5,20,0.6268,0.2767,34.4367
66771,Two people sitting at a table with beverages on it and the woman holding her phone.,"Two people sit together at a restaurant table with beverages, cups, and small dishes in front of them. The man smiles while looking toward the woman, and the woman looks down at a smartphone in her hand. The table includes a drink with a straw.","Two people sit together at a restaurant table with beverages, cups, and small dishes in front of them. The man smiles while looking toward the woman, and the woman looks down at a smartphone in her hand. The table includes a drink with a straw.",/Users/yixiaoz/Desktop/cs348k_proj/outputs/controlNetScale/controlnet_seg/cfg_7p5_control_0p5/000000066771/target.png,/Users/yixiaoz/Desktop/cs348k_proj/outputs/controlNetScale/controlnet_seg/cfg_7p5_control_0p5/000000066771/seg.png,/Users/yixiaoz/Desktop/cs348k_proj/outputs/controlNetScale/controlnet_seg/cfg_7p5_control_0p5/000000066771/generated.png,dense_text_plus_seg,6,7.5,0.5,20,0.6733,0.5111,33.041
18575,"Two plates, one with a sandwich and fries, the other with just a sandwich and a pickle.","Two plates of food are served on a restaurant table. One plate contains a sandwich with French fries, while the other plate includes a sandwich and a pickle with sliced vegetables and condiments nearby. Drinks, small containers, and utensils surround the plates, suggesting a casual.","Two plates of food are served on a restaurant table. One plate contains a sandwich with French fries, while the other plate includes a sandwich and a pickle with sliced vegetables and condiments nearby. Drinks, small containers, and utensils surround the plates, suggesting a casual.",/Users/yixiaoz/Desktop/cs348k_proj/outputs/controlNetScale/controlnet_seg/cfg_7p5_control_0p5/000000018575/target.png,/Users/yixiaoz/Desktop/cs348k_proj/outputs/controlNetScale/controlnet_seg/cfg_7p5_control_0p5/000000018575/seg.png,/Users/yixiaoz/Desktop/cs348k_proj/outputs/controlNetScale/controlnet_seg/cfg_7p5_control_0p5/000000018575/generated.png,dense_text_plus_seg,6,7.5,0.5,20,0.7061,0.4262,32.4846
66817,This plate consists of rice with sauce and peas and meat patties on the side.,"A plate of food is photographed from above on a table, containing rice covered with sauce, peas, and several browned meat patties on the side. A cup of yogurt or creamy dessert and a small bowl of fruit sit near the plate, creating a complete.","A plate of food is photographed from above on a table, containing rice covered with sauce, peas, and several browned meat patties on the side. A cup of yogurt or creamy dessert and a small bowl of fruit sit near the plate, creating a complete.",/Users/yixiaoz/Desktop/cs348k_proj/outputs/controlNetScale/controlnet_seg/cfg_7p5_control_0p5/000000066817/target.png,/Users/yixiaoz/Desktop/cs348k_proj/outputs/controlNetScale/controlnet_seg/cfg_7p5_control_0p5/000000066817/seg.png,/Users/yixiaoz/Desktop/cs348k_proj/outputs/controlNetScale/controlnet_seg/cfg_7p5_control_0p5/000000066817/generated.png,dense_text_plus_seg,6,7.5,0.5,20,0.6695,0.4338,33.9505
84674,a girl holds a baby eating a bagel with a boy standing next to them,"A woman sits indoors holding a small child who is eating a bagel or bread roll, while a young boy stands next to them facing the camera. The group appears to be in a restaurant, event space, or public indoor setting, with people and warm.","A woman sits indoors holding a small child who is eating a bagel or bread roll, while a young boy stands next to them facing the camera. The group appears to be in a restaurant, event space, or public indoor setting, with people and warm.",/Users/yixiaoz/Desktop/cs348k_proj/outputs/controlNetScale/controlnet_seg/cfg_7p5_control_0p5/000000084674/target.png,/Users/yixiaoz/Desktop/cs348k_proj/outputs/controlNetScale/controlnet_seg/cfg_7p5_control_0p5/000000084674/seg.png,/Users/yixiaoz/Desktop/cs348k_proj/outputs/controlNetScale/controlnet_seg/cfg_7p5_control_0p5/000000084674/generated.png,dense_text_plus_seg,6,7.5,0.5,20,0.6895,0.5489,35.5102
47112,A pizza served on a white plate next to empty wine glass and beer.,"A freshly baked pizza sits on a white plate on a restaurant table, with a glass of beer and an empty wine glass positioned behind it. The pizza has visible cheese and toppings, and the background contains tables, chairs, and restaurant décor. The low angle.","A freshly baked pizza sits on a white plate on a restaurant table, with a glass of beer and an empty wine glass positioned behind it. The pizza has visible cheese and toppings, and the background contains tables, chairs, and restaurant décor. The low angle.",/Users/yixiaoz/Desktop/cs348k_proj/outputs/controlNetScale/controlnet_seg/cfg_7p5_control_0p5/000000047112/target.png,/Users/yixiaoz/Desktop/cs348k_proj/outputs/controlNetScale/controlnet_seg/cfg_7p5_control_0p5/000000047112/seg.png,/Users/yixiaoz/Desktop/cs348k_proj/outputs/controlNetScale/controlnet_seg/cfg_7p5_control_0p5/000000047112/generated.png,dense_text_plus_seg,6,7.5,0.5,20,0.6285,0.3188,33.5339
59598,"A table with a laptop a plate with a muffin and a banana, a can and a cellphone.","An open laptop sits on a table in a classroom, meeting room, or conference setting. Nearby are a plate with a muffin and banana, a soda can, a mobile phone, and other small items. In the background, a presentation screen or projector area is visible.","An open laptop sits on a table in a classroom, meeting room, or conference setting. Nearby are a plate with a muffin and banana, a soda can, a mobile phone, and other small items. In the background, a presentation screen or projector area is visible.",/Users/yixiaoz/Desktop/cs348k_proj/outputs/controlNetScale/controlnet_seg/cfg_7p5_control_0p5/000000059598/target.png,/Users/yixiaoz/Desktop/cs348k_proj/outputs/controlNetScale/controlnet_seg/cfg_7p5_control_0p5/000000059598/seg.png,/Users/yixiaoz/Desktop/cs348k_proj/outputs/controlNetScale/controlnet_seg/cfg_7p5_control_0p5/000000059598/generated.png,dense_text_plus_seg,6,7.5,0.5,20,0.686,0.3787,34.6947
91779,Three hot dogs with different toppings lined up on a tabletop.,"Three hot dogs with different toppings are arranged side by side on a tray or tabletop. One appears topped with sauce or chili, another with bright red peppers, and the surrounding area contains side dishes, cups, and food wrappers. The close-up composition highlights the variety.","Three hot dogs with different toppings are arranged side by side on a tray or tabletop. One appears topped with sauce or chili, another with bright red peppers, and the surrounding area contains side dishes, cups, and food wrappers. The close-up composition highlights the variety.",/Users/yixiaoz/Desktop/cs348k_proj/outputs/controlNetScale/controlnet_seg/cfg_7p5_control_0p5/000000091779/target.png,/Users/yixiaoz/Desktop/cs348k_proj/outputs/controlNetScale/controlnet_seg/cfg_7p5_control_0p5/000000091779/seg.png,/Users/yixiaoz/Desktop/cs348k_proj/outputs/controlNetScale/controlnet_seg/cfg_7p5_control_0p5/000000091779/generated.png,dense_text_plus_seg,6,7.5,0.5,20,0.6875,0.3845,35.0001
22892,"A cat sitting on a table next to plants and a dog outside of a sliding glass door, looking in.","A gray cat sits indoors on a table beside potted plants near a sliding glass door, while a dog stands outside looking in through the glass. The cat faces downward toward the plants, and the dog is visible beyond the door on a balcony or.","A gray cat sits indoors on a table beside potted plants near a sliding glass door, while a dog stands outside looking in through the glass. The cat faces downward toward the plants, and the dog is visible beyond the door on a balcony or.",/Users/yixiaoz/Desktop/cs348k_proj/outputs/controlNetScale/controlnet_seg/cfg_7p5_control_0p5/000000022892/target.png,/Users/yixiaoz/Desktop/cs348k_proj/outputs/controlNetScale/controlnet_seg/cfg_7p5_control_0p5/000000022892/seg.png,/Users/yixiaoz/Desktop/cs348k_proj/outputs/controlNetScale/controlnet_seg/cfg_7p5_control_0p5/000000022892/generated.png,dense_text_plus_seg,6,7.5,0.5,20,0.7323,0.497,34.5281
97337,This is a nice living room set up with two couches and a television.,"A cozy living room contains two couches arranged around a coffee table facing a television. The television displays a map or graphic image, while lamps, curtains, and decorative furniture create a warm indoor atmosphere. The room appears tidy and comfortable, with soft lighting and a.","A cozy living room contains two couches arranged around a coffee table facing a television. The television displays a map or graphic image, while lamps, curtains, and decorative furniture create a warm indoor atmosphere. The room appears tidy and comfortable, with soft lighting and a.",/Users/yixiaoz/Desktop/cs348k_proj/outputs/controlNetScale/controlnet_seg/cfg_7p5_control_0p5/000000097337/target.png,/Users/yixiaoz/Desktop/cs348k_proj/outputs/controlNetScale/controlnet_seg/cfg_7p5_control_0p5/000000097337/seg.png,/Users/yixiaoz/Desktop/cs348k_proj/outputs/controlNetScale/controlnet_seg/cfg_7p5_control_0p5/000000097337/generated.png,dense_text_plus_seg,6,7.5,0.5,20,0.7343,0.5099,31.2217
10707,Man with video game controller in living room with onlooker seated nearby.,"Several people gather in a living room around a coffee table covered with drinks, snacks, and small items. One man stands holding a video game controller, while others sit nearby watching or participating. Sofas, warm lighting, and casual clothing create the feeling of a relaxed.","Several people gather in a living room around a coffee table covered with drinks, snacks, and small items. One man stands holding a video game controller, while others sit nearby watching or participating. Sofas, warm lighting, and casual clothing create the feeling of a relaxed.",/Users/yixiaoz/Desktop/cs348k_proj/outputs/controlNetScale/controlnet_seg/cfg_7p5_control_0p5/000000010707/target.png,/Users/yixiaoz/Desktop/cs348k_proj/outputs/controlNetScale/controlnet_seg/cfg_7p5_control_0p5/000000010707/seg.png,/Users/yixiaoz/Desktop/cs348k_proj/outputs/controlNetScale/controlnet_seg/cfg_7p5_control_0p5/000000010707/generated.png,dense_text_plus_seg,6,7.5,0.5,20,0.7454,0.4547,38.8879
65288,A yellow and green object with a brown bird perched on top of it.,"An ornate yellow and green decorative structure sits in the foreground, with a small brown bird perched on its top edge. Behind it, a crowd of people gathers outdoors near tables, chairs, plants, and shaded areas, suggesting a plaza, café, or public gathering space. The.","An ornate yellow and green decorative structure sits in the foreground, with a small brown bird perched on its top edge. Behind it, a crowd of people gathers outdoors near tables, chairs, plants, and shaded areas, suggesting a plaza, café, or public gathering space. The.",/Users/yixiaoz/Desktop/cs348k_proj/outputs/controlNetScale/controlnet_seg/cfg_7p5_control_0p5/000000065288/target.png,/Users/yixiaoz/Desktop/cs348k_proj/outputs/controlNetScale/controlnet_seg/cfg_7p5_control_0p5/000000065288/seg.png,/Users/yixiaoz/Desktop/cs348k_proj/outputs/controlNetScale/controlnet_seg/cfg_7p5_control_0p5/000000065288/generated.png,dense_text_plus_seg,6,7.5,0.5,20,0.7382,0.5168,36.1644
116208,"A large pizza is shown on a table, with bottles and glasses of wine.","A large pizza topped with cheese, mushrooms, and other ingredients is placed on a raised stand at the center of a restaurant table. Wine bottles, glasses, plates, utensils, and small dishes surround it, suggesting a shared meal among several diners. The pizza is viewed from.","A large pizza topped with cheese, mushrooms, and other ingredients is placed on a raised stand at the center of a restaurant table. Wine bottles, glasses, plates, utensils, and small dishes surround it, suggesting a shared meal among several diners. The pizza is viewed from.",/Users/yixiaoz/Desktop/cs348k_proj/outputs/controlNetScale/controlnet_seg/cfg_7p5_control_0p5/000000116208/target.png,/Users/yixiaoz/Desktop/cs348k_proj/outputs/controlNetScale/controlnet_seg/cfg_7p5_control_0p5/000000116208/seg.png,/Users/yixiaoz/Desktop/cs348k_proj/outputs/controlNetScale/controlnet_seg/cfg_7p5_control_0p5/000000116208/generated.png,dense_text_plus_seg,6,7.5,0.5,20,0.6647,0.265,32.4399
74733,two flatbread pieces covered with different ingredients in between a flight of beers,"Two rectangular flatbread dishes topped with different ingredients are served on a wooden board beside a flight of beers. Several small glasses of beer, dipping containers, and additional drinkware are arranged around the food. The warm indoor lighting and tabletop presentation suggest a restaurant, pub.","Two rectangular flatbread dishes topped with different ingredients are served on a wooden board beside a flight of beers. Several small glasses of beer, dipping containers, and additional drinkware are arranged around the food. The warm indoor lighting and tabletop presentation suggest a restaurant, pub.",/Users/yixiaoz/Desktop/cs348k_proj/outputs/controlNetScale/controlnet_seg/cfg_7p5_control_0p5/000000074733/target.png,/Users/yixiaoz/Desktop/cs348k_proj/outputs/controlNetScale/controlnet_seg/cfg_7p5_control_0p5/000000074733/seg.png,/Users/yixiaoz/Desktop/cs348k_proj/outputs/controlNetScale/controlnet_seg/cfg_7p5_control_0p5/000000074733/generated.png,dense_text_plus_seg,6,7.5,0.5,20,0.6516,0.2799,35.5321
114907,"A woman holding a milking attachment and standing in front of a cow, with a group of people in the audience.","A woman stands beside a large dairy cow while demonstrating or holding a milking attachment in front of a seated audience. The cow is positioned behind a metal barrier, and many people watch attentively from the foreground. The scene appears to be part of an.","A woman stands beside a large dairy cow while demonstrating or holding a milking attachment in front of a seated audience. The cow is positioned behind a metal barrier, and many people watch attentively from the foreground. The scene appears to be part of an.",/Users/yixiaoz/Desktop/cs348k_proj/outputs/controlNetScale/controlnet_seg/cfg_7p5_control_0p5/000000114907/target.png,/Users/yixiaoz/Desktop/cs348k_proj/outputs/controlNetScale/controlnet_seg/cfg_7p5_control_0p5/000000114907/seg.png,/Users/yixiaoz/Desktop/cs348k_proj/outputs/controlNetScale/controlnet_seg/cfg_7p5_control_0p5/000000114907/generated.png,dense_text_plus_seg,6,7.5,0.5,20,0.6534,0.4843,34.1248
61333,The caramel-colored kitten is  lying on the small blanket on top of the unmade bed.,"An orange tabby kitten lies curled up on a small blanket placed on top of an unmade bed. The cat appears relaxed and sleepy, with its body tucked close and its head resting near the blanket. A bookshelf filled with books lines the background, adding.","An orange tabby kitten lies curled up on a small blanket placed on top of an unmade bed. The cat appears relaxed and sleepy, with its body tucked close and its head resting near the blanket. A bookshelf filled with books lines the background, adding.",/Users/yixiaoz/Desktop/cs348k_proj/outputs/controlNetScale/controlnet_seg/cfg_7p5_control_0p5/000000061333/target.png,/Users/yixiaoz/Desktop/cs348k_proj/outputs/controlNetScale/controlnet_seg/cfg_7p5_control_0p5/000000061333/seg.png,/Users/yixiaoz/Desktop/cs348k_proj/outputs/controlNetScale/controlnet_seg/cfg_7p5_control_0p5/000000061333/generated.png,dense_text_plus_seg,6,7.5,0.5,20,0.8276,0.3988,31.6752
18837,A large truck on a city street with two works sitting on top and one worker climbing in through door.,"A large green utility truck is parked on a city street while workers perform maintenance tasks around it. One worker appears to be on top of the vehicle, and another is climbing into or standing near the door. Cars, buildings, traffic signs, and urban infrastructure.","A large green utility truck is parked on a city street while workers perform maintenance tasks around it. One worker appears to be on top of the vehicle, and another is climbing into or standing near the door. Cars, buildings, traffic signs, and urban infrastructure.",/Users/yixiaoz/Desktop/cs348k_proj/outputs/controlNetScale/controlnet_seg/cfg_7p5_control_0p5/000000018837/target.png,/Users/yixiaoz/Desktop/cs348k_proj/outputs/controlNetScale/controlnet_seg/cfg_7p5_control_0p5/000000018837/seg.png,/Users/yixiaoz/Desktop/cs348k_proj/outputs/controlNetScale/controlnet_seg/cfg_7p5_control_0p5/000000018837/generated.png,dense_text_plus_seg,6,7.5,0.5,20,0.6753,0.3328,36.2281
9914,"A sandwich, french fries, bowl of ketchup, onion slice, lettuce slice, tomato slice, and knife sit on the white plate.","A sandwich meal is served on a white plate with French fries, a small bowl of ketchup, sliced onion, tomato, lettuce, and a knife. The sandwich bun is topped with sesame seeds, and the fries are piled beside it. The close-up view focuses on the.","A sandwich meal is served on a white plate with French fries, a small bowl of ketchup, sliced onion, tomato, lettuce, and a knife. The sandwich bun is topped with sesame seeds, and the fries are piled beside it. The close-up view focuses on the.",/Users/yixiaoz/Desktop/cs348k_proj/outputs/controlNetScale/controlnet_seg/cfg_7p5_control_0p5/000000009914/target.png,/Users/yixiaoz/Desktop/cs348k_proj/outputs/controlNetScale/controlnet_seg/cfg_7p5_control_0p5/000000009914/seg.png,/Users/yixiaoz/Desktop/cs348k_proj/outputs/controlNetScale/controlnet_seg/cfg_7p5_control_0p5/000000009914/generated.png,dense_text_plus_seg,6,7.5,0.5,20,0.7398,0.5515,34.1418
39477,A beach towel covers a TV across from plants on the wall and in front of the window.,"A compact living room features a couch facing a television, with several plants placed near the window and on the wall. Natural light enters through a large curtained window, brightening the small room. A low table, rug, wall decorations, and shelving create a tidy residential.","A compact living room features a couch facing a television, with several plants placed near the window and on the wall. Natural light enters through a large curtained window, brightening the small room. A low table, rug, wall decorations, and shelving create a tidy residential.",/Users/yixiaoz/Desktop/cs348k_proj/outputs/controlNetScale/controlnet_seg/cfg_7p5_control_0p5/000000039477/target.png,/Users/yixiaoz/Desktop/cs348k_proj/outputs/controlNetScale/controlnet_seg/cfg_7p5_control_0p5/000000039477/seg.png,/Users/yixiaoz/Desktop/cs348k_proj/outputs/controlNetScale/controlnet_seg/cfg_7p5_control_0p5/000000039477/generated.png,dense_text_plus_seg,6,7.5,0.5,20,0.6623,0.3825,33.9538
61108,A blue bicycle with a puppy in its basket is parked next to the bleacher steps.,"A blue bicycle is parked beside outdoor bleacher steps, with a small puppy sitting inside a basket attached to the front. The bicycle rests near concrete steps and railings, suggesting a sports field, park, or recreational area. The puppy sits securely in the basket and.","A blue bicycle is parked beside outdoor bleacher steps, with a small puppy sitting inside a basket attached to the front. The bicycle rests near concrete steps and railings, suggesting a sports field, park, or recreational area. The puppy sits securely in the basket and.",/Users/yixiaoz/Desktop/cs348k_proj/outputs/controlNetScale/controlnet_seg/cfg_7p5_control_0p5/000000061108/target.png,/Users/yixiaoz/Desktop/cs348k_proj/outputs/controlNetScale/controlnet_seg/cfg_7p5_control_0p5/000000061108/seg.png,/Users/yixiaoz/Desktop/cs348k_proj/outputs/controlNetScale/controlnet_seg/cfg_7p5_control_0p5/000000061108/generated.png,dense_text_plus_seg,6,7.5,0.5,20,0.6522,0.5645,38.3157
91615,"A kitchen has light wooden colored cabinetry, beige countertops, and stainless steel appliances in an open concept house.","A clean modern kitchen features light wooden cabinets, beige countertops, stainless steel appliances, and a sink built into a central counter area. A microwave, oven, refrigerator, dishwasher, and decorative flowers are visible throughout the room. The space appears bright, organized, and open, with neutral colors.","A clean modern kitchen features light wooden cabinets, beige countertops, stainless steel appliances, and a sink built into a central counter area. A microwave, oven, refrigerator, dishwasher, and decorative flowers are visible throughout the room. The space appears bright, organized, and open, with neutral colors.",/Users/yixiaoz/Desktop/cs348k_proj/outputs/controlNetScale/controlnet_seg/cfg_7p5_control_0p5/000000091615/target.png,/Users/yixiaoz/Desktop/cs348k_proj/outputs/controlNetScale/controlnet_seg/cfg_7p5_control_0p5/000000091615/seg.png,/Users/yixiaoz/Desktop/cs348k_proj/outputs/controlNetScale/controlnet_seg/cfg_7p5_control_0p5/000000091615/generated.png,dense_text_plus_seg,6,7.5,0.5,20,0.6482,0.3734,32.675
77396,A cat being lazy and a cat being nozy in a living room with tv and a laptop displaying the same things.,"Two cats are in a living room facing a television and a laptop displaying similar imagery. One cat stands upright near the television, appearing curious about the screen, while another cat lies on the floor nearby. The room contains a TV stand, small table, and.","Two cats are in a living room facing a television and a laptop displaying similar imagery. One cat stands upright near the television, appearing curious about the screen, while another cat lies on the floor nearby. The room contains a TV stand, small table, and.",/Users/yixiaoz/Desktop/cs348k_proj/outputs/controlNetScale/controlnet_seg/cfg_7p5_control_0p5/000000077396/target.png,/Users/yixiaoz/Desktop/cs348k_proj/outputs/controlNetScale/controlnet_seg/cfg_7p5_control_0p5/000000077396/seg.png,/Users/yixiaoz/Desktop/cs348k_proj/outputs/controlNetScale/controlnet_seg/cfg_7p5_control_0p5/000000077396/generated.png,dense_text_plus_seg,6,7.5,0.5,20,0.656,0.4597,32.2423
119233,A cat sprawled out over the top of a laptop computer keyboard.,"A black-and-white cat sprawls across the keyboard area of an open laptop on a wooden desk or counter. The cat lies comfortably with its body stretched over the computer, partially blocking the screen and keyboard. Various household objects, office supplies, and plants are visible around.","A black-and-white cat sprawls across the keyboard area of an open laptop on a wooden desk or counter. The cat lies comfortably with its body stretched over the computer, partially blocking the screen and keyboard. Various household objects, office supplies, and plants are visible around.",/Users/yixiaoz/Desktop/cs348k_proj/outputs/controlNetScale/controlnet_seg/cfg_7p5_control_0p5/000000119233/target.png,/Users/yixiaoz/Desktop/cs348k_proj/outputs/controlNetScale/controlnet_seg/cfg_7p5_control_0p5/000000119233/seg.png,/Users/yixiaoz/Desktop/cs348k_proj/outputs/controlNetScale/controlnet_seg/cfg_7p5_control_0p5/000000119233/generated.png,dense_text_plus_seg,6,7.5,0.5,20,0.776,0.4056,34.0452
2431,"A table with a plate, wine-filled glass, and bread, among other items","A restaurant table is set with a plate, a wine-filled glass, bread, napkins, utensils, and other dining items. The objects are arranged closely together on a wooden surface, suggesting an ongoing or prepared meal. The image is framed from above and at a slight angle.","A restaurant table is set with a plate, a wine-filled glass, bread, napkins, utensils, and other dining items. The objects are arranged closely together on a wooden surface, suggesting an ongoing or prepared meal. The image is framed from above and at a slight angle.",/Users/yixiaoz/Desktop/cs348k_proj/outputs/controlNetScale/controlnet_seg/cfg_7p5_control_0p5/000000002431/target.png,/Users/yixiaoz/Desktop/cs348k_proj/outputs/controlNetScale/controlnet_seg/cfg_7p5_control_0p5/000000002431/seg.png,/Users/yixiaoz/Desktop/cs348k_proj/outputs/controlNetScale/controlnet_seg/cfg_7p5_control_0p5/000000002431/generated.png,dense_text_plus_seg,6,7.5,0.5,20,0.6498,0.6251,32.8511
56344,"Looking down at a desktop with two monitors, a key board, mouse and cell phones on it.","A desk workstation contains two large computer monitors positioned side by side, along with a keyboard, mouse, mobile phones, and several electronic accessories. The screens display different windows or web pages, and cables and devices are spread across the desktop. The space appears dimly lit.","A desk workstation contains two large computer monitors positioned side by side, along with a keyboard, mouse, mobile phones, and several electronic accessories. The screens display different windows or web pages, and cables and devices are spread across the desktop. The space appears dimly lit.",/Users/yixiaoz/Desktop/cs348k_proj/outputs/controlNetScale/controlnet_seg/cfg_7p5_control_0p5/000000056344/target.png,/Users/yixiaoz/Desktop/cs348k_proj/outputs/controlNetScale/controlnet_seg/cfg_7p5_control_0p5/000000056344/seg.png,/Users/yixiaoz/Desktop/cs348k_proj/outputs/controlNetScale/controlnet_seg/cfg_7p5_control_0p5/000000056344/generated.png,dense_text_plus_seg,6,7.5,0.5,20,0.7442,0.412,32.2227
54628,A tall multi layer cake sitting on top of a blue table cloth.,"A tall multi-layered decorative cake stands on a table covered with a blue tablecloth inside an elegant event venue. The cake is decorated with detailed patterns, flowers, and multiple tiers, making it the centerpiece of the room. Guests, tables, chairs, and chandeliers are visible in.","A tall multi-layered decorative cake stands on a table covered with a blue tablecloth inside an elegant event venue. The cake is decorated with detailed patterns, flowers, and multiple tiers, making it the centerpiece of the room. Guests, tables, chairs, and chandeliers are visible in.",/Users/yixiaoz/Desktop/cs348k_proj/outputs/controlNetScale/controlnet_seg/cfg_7p5_control_0p5/000000054628/target.png,/Users/yixiaoz/Desktop/cs348k_proj/outputs/controlNetScale/controlnet_seg/cfg_7p5_control_0p5/000000054628/seg.png,/Users/yixiaoz/Desktop/cs348k_proj/outputs/controlNetScale/controlnet_seg/cfg_7p5_control_0p5/000000054628/generated.png,dense_text_plus_seg,6,7.5,0.5,20,0.711,0.265,37.8222
110999,"A painting of a bowl of fruit sitting in front of another painting,","A framed painting of a bowl of fruit hangs above a table where a real bowl of fruit and decorative objects are arranged below it. The dark background and warm lighting create a still-life atmosphere, connecting the artwork to the physical objects in front of.","A framed painting of a bowl of fruit hangs above a table where a real bowl of fruit and decorative objects are arranged below it. The dark background and warm lighting create a still-life atmosphere, connecting the artwork to the physical objects in front of.",/Users/yixiaoz/Desktop/cs348k_proj/outputs/controlNetScale/controlnet_seg/cfg_7p5_control_0p5/000000110999/target.png,/Users/yixiaoz/Desktop/cs348k_proj/outputs/controlNetScale/controlnet_seg/cfg_7p5_control_0p5/000000110999/seg.png,/Users/yixiaoz/Desktop/cs348k_proj/outputs/controlNetScale/controlnet_seg/cfg_7p5_control_0p5/000000110999/generated.png,dense_text_plus_seg,6,7.5,0.5,20,0.6881,0.3991,38.1012
72795,a group of ball players playing on a field in front of an audience,"Baseball players are positioned on a field during a game while a large audience watches from the stadium seats. The batter stands near home plate, with the catcher and umpire crouched behind him and other players visible on the field. The scene is viewed from.","Baseball players are positioned on a field during a game while a large audience watches from the stadium seats. The batter stands near home plate, with the catcher and umpire crouched behind him and other players visible on the field. The scene is viewed from.",/Users/yixiaoz/Desktop/cs348k_proj/outputs/controlNetScale/controlnet_seg/cfg_7p5_control_0p5/000000072795/target.png,/Users/yixiaoz/Desktop/cs348k_proj/outputs/controlNetScale/controlnet_seg/cfg_7p5_control_0p5/000000072795/seg.png,/Users/yixiaoz/Desktop/cs348k_proj/outputs/controlNetScale/controlnet_seg/cfg_7p5_control_0p5/000000072795/generated.png,dense_text_plus_seg,6,7.5,0.5,20,0.7018,0.472,32.3186
92091,A little girl is using the toy brush for a chew toy rather than brushing the teddy.,"A young girl wearing a bright pink dress stands inside a cozy room while holding a toy brush near a stuffed teddy bear. The room includes wooden walls, chairs, a television, artwork, and home furnishings. The child appears to be playing pretend, possibly brushing the.","A young girl wearing a bright pink dress stands inside a cozy room while holding a toy brush near a stuffed teddy bear. The room includes wooden walls, chairs, a television, artwork, and home furnishings. The child appears to be playing pretend, possibly brushing the.",/Users/yixiaoz/Desktop/cs348k_proj/outputs/controlNetScale/controlnet_seg/cfg_7p5_control_0p5/000000092091/target.png,/Users/yixiaoz/Desktop/cs348k_proj/outputs/controlNetScale/controlnet_seg/cfg_7p5_control_0p5/000000092091/seg.png,/Users/yixiaoz/Desktop/cs348k_proj/outputs/controlNetScale/controlnet_seg/cfg_7p5_control_0p5/000000092091/generated.png,dense_text_plus_seg,6,7.5,0.5,20,0.7349,0.4744,36.3557
108253,there are two plates of food and a beer in the middle of the table,"Two plates of food and a beer bottle are arranged on a restaurant table. The plates contain sandwiches, fries, and other side dishes, while condiments and utensils sit nearby. The bottle of beer stands prominently near the center of the table, suggesting a casual meal.","Two plates of food and a beer bottle are arranged on a restaurant table. The plates contain sandwiches, fries, and other side dishes, while condiments and utensils sit nearby. The bottle of beer stands prominently near the center of the table, suggesting a casual meal.",/Users/yixiaoz/Desktop/cs348k_proj/outputs/controlNetScale/controlnet_seg/cfg_7p5_control_0p5/000000108253/target.png,/Users/yixiaoz/Desktop/cs348k_proj/outputs/controlNetScale/controlnet_seg/cfg_7p5_control_0p5/000000108253/seg.png,/Users/yixiaoz/Desktop/cs348k_proj/outputs/controlNetScale/controlnet_seg/cfg_7p5_control_0p5/000000108253/generated.png,dense_text_plus_seg,6,7.5,0.5,20,0.6955,0.4559,33.4192
80932,A little boy sits at a table in a restaurant eating a slice of pizza.,"A young boy sits at a restaurant table eating a large slice of pizza. He holds the pizza close to his mouth while leaning over a white plate, concentrating on the meal. Other diners and wooden booth seating are visible in the background, creating a.","A young boy sits at a restaurant table eating a large slice of pizza. He holds the pizza close to his mouth while leaning over a white plate, concentrating on the meal. Other diners and wooden booth seating are visible in the background, creating a.",/Users/yixiaoz/Desktop/cs348k_proj/outputs/controlNetScale/controlnet_seg/cfg_7p5_control_0p5/000000080932/target.png,/Users/yixiaoz/Desktop/cs348k_proj/outputs/controlNetScale/controlnet_seg/cfg_7p5_control_0p5/000000080932/seg.png,/Users/yixiaoz/Desktop/cs348k_proj/outputs/controlNetScale/controlnet_seg/cfg_7p5_control_0p5/000000080932/generated.png,dense_text_plus_seg,6,7.5,0.5,20,0.6907,0.4107,35.6505
50811,A man in a suit sitting a table with an empty bowl and empty beer bottles.,A man wearing a gray suit jacket sits alone at a wooden dining table with an empty bowl and several empty beer bottles placed in front of him. He smiles toward the camera in a simple indoor setting with a plain light-colored background. The table.,A man wearing a gray suit jacket sits alone at a wooden dining table with an empty bowl and several empty beer bottles placed in front of him. He smiles toward the camera in a simple indoor setting with a plain light-colored background. The table.,/Users/yixiaoz/Desktop/cs348k_proj/outputs/controlNetScale/controlnet_seg/cfg_7p5_control_0p5/000000050811/target.png,/Users/yixiaoz/Desktop/cs348k_proj/outputs/controlNetScale/controlnet_seg/cfg_7p5_control_0p5/000000050811/seg.png,/Users/yixiaoz/Desktop/cs348k_proj/outputs/controlNetScale/controlnet_seg/cfg_7p5_control_0p5/000000050811/generated.png,dense_text_plus_seg,6,7.5,0.5,20,0.6244,0.3664,37.1921
13659,A man typing on a laptop keyboard in a cluttered work environment.,"Several people work in a busy, cluttered office environment filled with desks, laptops, papers, cardboard boxes, and electronic equipment. A man in the foreground sits at a desk typing on a laptop while wearing headphones, and other people work in the background. The room looks.","Several people work in a busy, cluttered office environment filled with desks, laptops, papers, cardboard boxes, and electronic equipment. A man in the foreground sits at a desk typing on a laptop while wearing headphones, and other people work in the background. The room looks.",/Users/yixiaoz/Desktop/cs348k_proj/outputs/controlNetScale/controlnet_seg/cfg_7p5_control_0p5/000000013659/target.png,/Users/yixiaoz/Desktop/cs348k_proj/outputs/controlNetScale/controlnet_seg/cfg_7p5_control_0p5/000000013659/seg.png,/Users/yixiaoz/Desktop/cs348k_proj/outputs/controlNetScale/controlnet_seg/cfg_7p5_control_0p5/000000013659/generated.png,dense_text_plus_seg,6,7.5,0.5,20,0.6576,0.3537,33.0251
26465,The opened  laptop is sitting on the table along with other technological tools.,"An open laptop sits on a white tabletop surrounded by small technological tools and accessories, including a smartphone, a pen, and a compact electronic device. The laptop screen shows a dark desktop with a bright reflection near the center. The arrangement is simple and sparse.","An open laptop sits on a white tabletop surrounded by small technological tools and accessories, including a smartphone, a pen, and a compact electronic device. The laptop screen shows a dark desktop with a bright reflection near the center. The arrangement is simple and sparse.",/Users/yixiaoz/Desktop/cs348k_proj/outputs/controlNetScale/controlnet_seg/cfg_7p5_control_0p5/000000026465/target.png,/Users/yixiaoz/Desktop/cs348k_proj/outputs/controlNetScale/controlnet_seg/cfg_7p5_control_0p5/000000026465/seg.png,/Users/yixiaoz/Desktop/cs348k_proj/outputs/controlNetScale/controlnet_seg/cfg_7p5_control_0p5/000000026465/generated.png,dense_text_plus_seg,6,7.5,0.5,20,0.6969,0.7061,30.1237
25096,A boy sitting in front of cake fashioned to look like a skateboard.,"A young boy wearing a blue sports jersey sits at a table looking down at a cake designed to resemble a skateboard. The cake is decorated with bright colors and small details, and the boy appears focused on it as if preparing to cut or.","A young boy wearing a blue sports jersey sits at a table looking down at a cake designed to resemble a skateboard. The cake is decorated with bright colors and small details, and the boy appears focused on it as if preparing to cut or.",/Users/yixiaoz/Desktop/cs348k_proj/outputs/controlNetScale/controlnet_seg/cfg_7p5_control_0p5/000000025096/target.png,/Users/yixiaoz/Desktop/cs348k_proj/outputs/controlNetScale/controlnet_seg/cfg_7p5_control_0p5/000000025096/seg.png,/Users/yixiaoz/Desktop/cs348k_proj/outputs/controlNetScale/controlnet_seg/cfg_7p5_control_0p5/000000025096/generated.png,dense_text_plus_seg,6,7.5,0.5,20,0.8081,0.5412,36.8228
26564,An office desk with a row of books and a desktop computer and laptop computer on the desk.,"An office desk is arranged with a desktop computer, laptop, keyboard, mouse, books, papers, and a row of binders or reference materials. The monitor displays a document or screen of text, and large windows brighten the workspace. The corner desk is compact but well equipped.","An office desk is arranged with a desktop computer, laptop, keyboard, mouse, books, papers, and a row of binders or reference materials. The monitor displays a document or screen of text, and large windows brighten the workspace. The corner desk is compact but well equipped.",/Users/yixiaoz/Desktop/cs348k_proj/outputs/controlNetScale/controlnet_seg/cfg_7p5_control_0p5/000000026564/target.png,/Users/yixiaoz/Desktop/cs348k_proj/outputs/controlNetScale/controlnet_seg/cfg_7p5_control_0p5/000000026564/seg.png,/Users/yixiaoz/Desktop/cs348k_proj/outputs/controlNetScale/controlnet_seg/cfg_7p5_control_0p5/000000026564/generated.png,dense_text_plus_seg,6,7.5,0.5,20,0.5929,0.3161,31.5217
12670,A large crowd of people walking around while one owns a teddy bear.,"A large crowd of people walks and gathers in a busy outdoor public space, possibly a street, plaza, or festival area. The scene contains many individuals of different ages wearing colorful clothing, and one person appears to carry or hold a teddy bear among the.","A large crowd of people walks and gathers in a busy outdoor public space, possibly a street, plaza, or festival area. The scene contains many individuals of different ages wearing colorful clothing, and one person appears to carry or hold a teddy bear among the.",/Users/yixiaoz/Desktop/cs348k_proj/outputs/controlNetScale/controlnet_seg/cfg_7p5_control_0p5/000000012670/target.png,/Users/yixiaoz/Desktop/cs348k_proj/outputs/controlNetScale/controlnet_seg/cfg_7p5_control_0p5/000000012670/seg.png,/Users/yixiaoz/Desktop/cs348k_proj/outputs/controlNetScale/controlnet_seg/cfg_7p5_control_0p5/000000012670/generated.png,dense_text_plus_seg,6,7.5,0.5,20,0.6931,0.374,32.3309
9400,Sever people are sitting next to each other while using laptops.,"Several people sit close together around a table while using laptop computers in a dimly lit indoor environment. Multiple screens glow in front of them, and drinks, cables, and computer accessories are spread across the table. The group appears to be collaborating, studying, or working.","Several people sit close together around a table while using laptop computers in a dimly lit indoor environment. Multiple screens glow in front of them, and drinks, cables, and computer accessories are spread across the table. The group appears to be collaborating, studying, or working.",/Users/yixiaoz/Desktop/cs348k_proj/outputs/controlNetScale/controlnet_seg/cfg_7p5_control_0p5/000000009400/target.png,/Users/yixiaoz/Desktop/cs348k_proj/outputs/controlNetScale/controlnet_seg/cfg_7p5_control_0p5/000000009400/seg.png,/Users/yixiaoz/Desktop/cs348k_proj/outputs/controlNetScale/controlnet_seg/cfg_7p5_control_0p5/000000009400/generated.png,dense_text_plus_seg,6,7.5,0.5,20,0.7046,0.5101,27.7114
92053,Three white dishes with three different sorts of food on them.,"Three white plates with different dishes are arranged on a restaurant table under warm, dim lighting. The food includes various items with sauces, sides, and garnishes, and a drink sits nearby. Utensils are placed on or beside the plates, suggesting the meal is in progress.","Three white plates with different dishes are arranged on a restaurant table under warm, dim lighting. The food includes various items with sauces, sides, and garnishes, and a drink sits nearby. Utensils are placed on or beside the plates, suggesting the meal is in progress.",/Users/yixiaoz/Desktop/cs348k_proj/outputs/controlNetScale/controlnet_seg/cfg_7p5_control_0p5/000000092053/target.png,/Users/yixiaoz/Desktop/cs348k_proj/outputs/controlNetScale/controlnet_seg/cfg_7p5_control_0p5/000000092053/seg.png,/Users/yixiaoz/Desktop/cs348k_proj/outputs/controlNetScale/controlnet_seg/cfg_7p5_control_0p5/000000092053/generated.png,dense_text_plus_seg,6,7.5,0.5,20,0.6544,0.4672,30.4949
74256,Two women standing in a train station looking at their phones.,"Two women stand together at an outdoor train station platform while looking down at their mobile phones. One woman wears a green scarf and dark clothing, while the other wears a patterned jacket. Train station signs, tracks, buildings, and platform structures appear in the background.","Two women stand together at an outdoor train station platform while looking down at their mobile phones. One woman wears a green scarf and dark clothing, while the other wears a patterned jacket. Train station signs, tracks, buildings, and platform structures appear in the background.",/Users/yixiaoz/Desktop/cs348k_proj/outputs/controlNetScale/controlnet_seg/cfg_7p5_control_0p5/000000074256/target.png,/Users/yixiaoz/Desktop/cs348k_proj/outputs/controlNetScale/controlnet_seg/cfg_7p5_control_0p5/000000074256/seg.png,/Users/yixiaoz/Desktop/cs348k_proj/outputs/controlNetScale/controlnet_seg/cfg_7p5_control_0p5/000000074256/generated.png,dense_text_plus_seg,6,7.5,0.5,20,0.6857,0.4693,37.6388
7818,An illuminated floral display forms the centerpiece of the arrangement in this close up of a dining room table setting.,"A small illuminated floral display sits at the center of a dining table arranged with plates, napkins, glasses, and formal place settings. The image is softly focused with the centerpiece and table surface highlighted against a darker background. The scene appears elegant and quiet, possibly.","A small illuminated floral display sits at the center of a dining table arranged with plates, napkins, glasses, and formal place settings. The image is softly focused with the centerpiece and table surface highlighted against a darker background. The scene appears elegant and quiet, possibly.",/Users/yixiaoz/Desktop/cs348k_proj/outputs/controlNetScale/controlnet_seg/cfg_7p5_control_0p5/000000007818/target.png,/Users/yixiaoz/Desktop/cs348k_proj/outputs/controlNetScale/controlnet_seg/cfg_7p5_control_0p5/000000007818/seg.png,/Users/yixiaoz/Desktop/cs348k_proj/outputs/controlNetScale/controlnet_seg/cfg_7p5_control_0p5/000000007818/generated.png,dense_text_plus_seg,6,7.5,0.5,20,0.7099,0.4759,32.9309
109313,A man holding a Wii game controller while standing in a living room.,"A man stands in a living room holding a Wii game controller while facing a television outside the frame. He wears casual clothes and stands among household items, toys, furniture, and a colorful floor mat. The room appears lived-in and informal, with a kitchen or.","A man stands in a living room holding a Wii game controller while facing a television outside the frame. He wears casual clothes and stands among household items, toys, furniture, and a colorful floor mat. The room appears lived-in and informal, with a kitchen or.",/Users/yixiaoz/Desktop/cs348k_proj/outputs/controlNetScale/controlnet_seg/cfg_7p5_control_0p5/000000109313/target.png,/Users/yixiaoz/Desktop/cs348k_proj/outputs/controlNetScale/controlnet_seg/cfg_7p5_control_0p5/000000109313/seg.png,/Users/yixiaoz/Desktop/cs348k_proj/outputs/controlNetScale/controlnet_seg/cfg_7p5_control_0p5/000000109313/generated.png,dense_text_plus_seg,6,7.5,0.5,20,0.6964,0.3905,36.1095
116439,A woman with a straw style hat sitting on a small row boat in the water and accessory items hanging behind her on the land area.,"A woman wearing a straw-style hat sits in a small wooden boat floating on water, surrounded by colorful fabrics and hanging accessories near the shoreline. The scene appears to take place in a riverside or floating market environment, with reflections on the water and goods.","A woman wearing a straw-style hat sits in a small wooden boat floating on water, surrounded by colorful fabrics and hanging accessories near the shoreline. The scene appears to take place in a riverside or floating market environment, with reflections on the water and goods.",/Users/yixiaoz/Desktop/cs348k_proj/outputs/controlNetScale/controlnet_seg/cfg_7p5_control_0p5/000000116439/target.png,/Users/yixiaoz/Desktop/cs348k_proj/outputs/controlNetScale/controlnet_seg/cfg_7p5_control_0p5/000000116439/seg.png,/Users/yixiaoz/Desktop/cs348k_proj/outputs/controlNetScale/controlnet_seg/cfg_7p5_control_0p5/000000116439/generated.png,dense_text_plus_seg,6,7.5,0.5,20,0.7221,0.3463,37.0844
11511,A sculpture of two women stting on a bench with their purses on the ground while people standing in a line behind them.,"A bronze sculpture of two women seated together on a bench is displayed in an outdoor public area. The figures sit close together with handbags or purses placed near their feet, and pedestrians stand or walk in the background. Strong light highlights the sculpture against.","A bronze sculpture of two women seated together on a bench is displayed in an outdoor public area. The figures sit close together with handbags or purses placed near their feet, and pedestrians stand or walk in the background. Strong light highlights the sculpture against.",/Users/yixiaoz/Desktop/cs348k_proj/outputs/controlNetScale/controlnet_seg/cfg_7p5_control_0p5/000000011511/target.png,/Users/yixiaoz/Desktop/cs348k_proj/outputs/controlNetScale/controlnet_seg/cfg_7p5_control_0p5/000000011511/seg.png,/Users/yixiaoz/Desktop/cs348k_proj/outputs/controlNetScale/controlnet_seg/cfg_7p5_control_0p5/000000011511/generated.png,dense_text_plus_seg,6,7.5,0.5,20,0.6594,0.47,36.0579
17714,A banana frittata next to a plate of decoratively cut fruit and a cup of coffee.,"A breakfast or brunch meal is arranged on a wooden table, including a banana frittata, a plate of decorative cut fruit, and a cup of coffee. Sunlight falls across the tabletop, casting shadows and giving the meal a bright morning feel. The dishes are neatly.","A breakfast or brunch meal is arranged on a wooden table, including a banana frittata, a plate of decorative cut fruit, and a cup of coffee. Sunlight falls across the tabletop, casting shadows and giving the meal a bright morning feel. The dishes are neatly.",/Users/yixiaoz/Desktop/cs348k_proj/outputs/controlNetScale/controlnet_seg/cfg_7p5_control_0p5/000000017714/target.png,/Users/yixiaoz/Desktop/cs348k_proj/outputs/controlNetScale/controlnet_seg/cfg_7p5_control_0p5/000000017714/seg.png,/Users/yixiaoz/Desktop/cs348k_proj/outputs/controlNetScale/controlnet_seg/cfg_7p5_control_0p5/000000017714/generated.png,dense_text_plus_seg,6,7.5,0.5,20,0.7058,0.5067,33.8515
15335,"a young child, lady , and man sitting in a booth at a table","A young child sits in a restaurant booth between adults at a table, with plates, drinks, and food items visible in the dim interior. The child appears to be eating or touching their mouth, while the adults sit close on either side. Warm lighting and.","A young child sits in a restaurant booth between adults at a table, with plates, drinks, and food items visible in the dim interior. The child appears to be eating or touching their mouth, while the adults sit close on either side. Warm lighting and.",/Users/yixiaoz/Desktop/cs348k_proj/outputs/controlNetScale/controlnet_seg/cfg_7p5_control_0p5/000000015335/target.png,/Users/yixiaoz/Desktop/cs348k_proj/outputs/controlNetScale/controlnet_seg/cfg_7p5_control_0p5/000000015335/seg.png,/Users/yixiaoz/Desktop/cs348k_proj/outputs/controlNetScale/controlnet_seg/cfg_7p5_control_0p5/000000015335/generated.png,dense_text_plus_seg,6,7.5,0.5,20,0.7456,0.6867,29.676
113589,"Two containers containing quiche, a salad, apples and a banana on the side.","A healthy prepared meal is arranged in two clear food containers and a small side area, including a slice of quiche, green salad, apple slices, and a banana. The food is neatly separated and photographed from above against a plain background. The composition emphasizes balanced.","A healthy prepared meal is arranged in two clear food containers and a small side area, including a slice of quiche, green salad, apple slices, and a banana. The food is neatly separated and photographed from above against a plain background. The composition emphasizes balanced.",/Users/yixiaoz/Desktop/cs348k_proj/outputs/controlNetScale/controlnet_seg/cfg_7p5_control_0p5/000000113589/target.png,/Users/yixiaoz/Desktop/cs348k_proj/outputs/controlNetScale/controlnet_seg/cfg_7p5_control_0p5/000000113589/seg.png,/Users/yixiaoz/Desktop/cs348k_proj/outputs/controlNetScale/controlnet_seg/cfg_7p5_control_0p5/000000113589/generated.png,dense_text_plus_seg,6,7.5,0.5,20,0.7907,0.494,35.4761
1503,A picture of an iMac desktop next to a Mac laptop on a desk.,"An older Apple iMac desktop computer sits on a desk beside a Mac laptop and several computer accessories. A keyboard, mouse, speakers, and monitor are arranged across the workspace, creating a technology-focused setup. The desk is positioned near a window with blinds, and the white.","An older Apple iMac desktop computer sits on a desk beside a Mac laptop and several computer accessories. A keyboard, mouse, speakers, and monitor are arranged across the workspace, creating a technology-focused setup. The desk is positioned near a window with blinds, and the white.",/Users/yixiaoz/Desktop/cs348k_proj/outputs/controlNetScale/controlnet_seg/cfg_7p5_control_0p5/000000001503/target.png,/Users/yixiaoz/Desktop/cs348k_proj/outputs/controlNetScale/controlnet_seg/cfg_7p5_control_0p5/000000001503/seg.png,/Users/yixiaoz/Desktop/cs348k_proj/outputs/controlNetScale/controlnet_seg/cfg_7p5_control_0p5/000000001503/generated.png,dense_text_plus_seg,6,7.5,0.5,20,0.6091,0.4431,35.1214
88848,"Multiple pictures of fire hydrants, a woman standing near a tree, and people posing in front of a boat.","A collage of multiple photographs shows several yellow fire hydrants, a woman standing near a tree, and people posing in front of a boat or outdoor landmark. The images are arranged together in a grid-like layout, combining different scenes into one visual composition. The subject.","A collage of multiple photographs shows several yellow fire hydrants, a woman standing near a tree, and people posing in front of a boat or outdoor landmark. The images are arranged together in a grid-like layout, combining different scenes into one visual composition. The subject.",/Users/yixiaoz/Desktop/cs348k_proj/outputs/controlNetScale/controlnet_seg/cfg_7p5_control_0p5/000000088848/target.png,/Users/yixiaoz/Desktop/cs348k_proj/outputs/controlNetScale/controlnet_seg/cfg_7p5_control_0p5/000000088848/seg.png,/Users/yixiaoz/Desktop/cs348k_proj/outputs/controlNetScale/controlnet_seg/cfg_7p5_control_0p5/000000088848/generated.png,dense_text_plus_seg,6,7.5,0.5,20,0.7254,0.3551,39.516
6471,A man at bat waiting for a pitch with a catcher and umpire behind him and players from the opposing team in the dugout.,"A baseball player in a white uniform stands at home plate holding a bat while waiting for a pitch. A catcher and umpire crouch behind him, and members of the opposing team sit in the dugout watching the play. The green field and stadium seating.","A baseball player in a white uniform stands at home plate holding a bat while waiting for a pitch. A catcher and umpire crouch behind him, and members of the opposing team sit in the dugout watching the play. The green field and stadium seating.",/Users/yixiaoz/Desktop/cs348k_proj/outputs/controlNetScale/controlnet_seg/cfg_7p5_control_0p5/000000006471/target.png,/Users/yixiaoz/Desktop/cs348k_proj/outputs/controlNetScale/controlnet_seg/cfg_7p5_control_0p5/000000006471/seg.png,/Users/yixiaoz/Desktop/cs348k_proj/outputs/controlNetScale/controlnet_seg/cfg_7p5_control_0p5/000000006471/generated.png,dense_text_plus_seg,6,7.5,0.5,20,0.587,0.3955,33.2961
92660,An unbaked pizza with cheese and herbs on one half and broccoli on the second.,"An uncooked pizza topped with cheese, herbs, and broccoli sits on a round baking tray or pan. One half of the pizza appears more heavily covered with broccoli, while the other has more cheese and herbs exposed. The crust and toppings are clearly visible from.","An uncooked pizza topped with cheese, herbs, and broccoli sits on a round baking tray or pan. One half of the pizza appears more heavily covered with broccoli, while the other has more cheese and herbs exposed. The crust and toppings are clearly visible from.",/Users/yixiaoz/Desktop/cs348k_proj/outputs/controlNetScale/controlnet_seg/cfg_7p5_control_0p5/000000092660/target.png,/Users/yixiaoz/Desktop/cs348k_proj/outputs/controlNetScale/controlnet_seg/cfg_7p5_control_0p5/000000092660/seg.png,/Users/yixiaoz/Desktop/cs348k_proj/outputs/controlNetScale/controlnet_seg/cfg_7p5_control_0p5/000000092660/generated.png,dense_text_plus_seg,6,7.5,0.5,20,0.7059,0.2977,34.3019
105335,"A bowl of stew in a white bowl, being held by a person.","A bowl of stew in a white dish is being held by a person, with pieces of vegetables and meat visible in a warm broth. The stew contains colorful ingredients such as carrots, potatoes, and chunks of protein. The close-up framing focuses on the food.","A bowl of stew in a white dish is being held by a person, with pieces of vegetables and meat visible in a warm broth. The stew contains colorful ingredients such as carrots, potatoes, and chunks of protein. The close-up framing focuses on the food.",/Users/yixiaoz/Desktop/cs348k_proj/outputs/controlNetScale/controlnet_seg/cfg_7p5_control_0p5/000000105335/target.png,/Users/yixiaoz/Desktop/cs348k_proj/outputs/controlNetScale/controlnet_seg/cfg_7p5_control_0p5/000000105335/seg.png,/Users/yixiaoz/Desktop/cs348k_proj/outputs/controlNetScale/controlnet_seg/cfg_7p5_control_0p5/000000105335/generated.png,dense_text_plus_seg,6,7.5,0.5,20,0.7314,0.3506,33.9979
117719,A man sits at a bar in front of dozens of bottles of alcohol.,"A man stands behind a warmly lit bar surrounded by dozens of bottles of alcohol arranged on shelves. The bar interior features dark wood, glowing lights, glassware, and a cozy pub-like atmosphere. The bartender or customer is partly silhouetted against the illuminated bottles, creating a.","A man stands behind a warmly lit bar surrounded by dozens of bottles of alcohol arranged on shelves. The bar interior features dark wood, glowing lights, glassware, and a cozy pub-like atmosphere. The bartender or customer is partly silhouetted against the illuminated bottles, creating a.",/Users/yixiaoz/Desktop/cs348k_proj/outputs/controlNetScale/controlnet_seg/cfg_7p5_control_0p5/000000117719/target.png,/Users/yixiaoz/Desktop/cs348k_proj/outputs/controlNetScale/controlnet_seg/cfg_7p5_control_0p5/000000117719/seg.png,/Users/yixiaoz/Desktop/cs348k_proj/outputs/controlNetScale/controlnet_seg/cfg_7p5_control_0p5/000000117719/generated.png,dense_text_plus_seg,6,7.5,0.5,20,0.6727,0.4042,32.2182
82085,A brightly colored train is stopped on the tracks to let passengers on.,"A brightly colored passenger train is stopped on railway tracks beside a platform, allowing passengers to board or exit. The train has yellow, blue, and red sections, and people stand nearby along the track area. Buildings, vegetation, and station infrastructure surround the scene. The image.","A brightly colored passenger train is stopped on railway tracks beside a platform, allowing passengers to board or exit. The train has yellow, blue, and red sections, and people stand nearby along the track area. Buildings, vegetation, and station infrastructure surround the scene. The image.",/Users/yixiaoz/Desktop/cs348k_proj/outputs/controlNetScale/controlnet_seg/cfg_7p5_control_0p5/000000082085/target.png,/Users/yixiaoz/Desktop/cs348k_proj/outputs/controlNetScale/controlnet_seg/cfg_7p5_control_0p5/000000082085/seg.png,/Users/yixiaoz/Desktop/cs348k_proj/outputs/controlNetScale/controlnet_seg/cfg_7p5_control_0p5/000000082085/generated.png,dense_text_plus_seg,6,7.5,0.5,20,0.7136,0.5392,29.3218
70048,"A glass of wine sits next to a bowl of soup, salad, and a plate with a sandwich.","A restaurant meal is arranged on a table, including a glass of wine, a bowl of soup, a green salad, and a sandwich served on a round bread roll. Condiments, utensils, napkins, and additional dining items sit nearby. The overhead view emphasizes the variety and.","A restaurant meal is arranged on a table, including a glass of wine, a bowl of soup, a green salad, and a sandwich served on a round bread roll. Condiments, utensils, napkins, and additional dining items sit nearby. The overhead view emphasizes the variety and.",/Users/yixiaoz/Desktop/cs348k_proj/outputs/controlNetScale/controlnet_seg/cfg_7p5_control_0p5/000000070048/target.png,/Users/yixiaoz/Desktop/cs348k_proj/outputs/controlNetScale/controlnet_seg/cfg_7p5_control_0p5/000000070048/seg.png,/Users/yixiaoz/Desktop/cs348k_proj/outputs/controlNetScale/controlnet_seg/cfg_7p5_control_0p5/000000070048/generated.png,dense_text_plus_seg,6,7.5,0.5,20,0.6929,0.3765,34.7558
3845,A dinner plate that has white steamed rice with stir fry vegetables and chicken.,A large dinner plate holds a mound of white steamed rice next to stir-fried vegetables and pieces of chicken in a colorful sauce. The food is arranged on a patterned plate and viewed from above on a wooden table. The bright vegetables and sauce contrast.,A large dinner plate holds a mound of white steamed rice next to stir-fried vegetables and pieces of chicken in a colorful sauce. The food is arranged on a patterned plate and viewed from above on a wooden table. The bright vegetables and sauce contrast.,/Users/yixiaoz/Desktop/cs348k_proj/outputs/controlNetScale/controlnet_seg/cfg_7p5_control_0p5/000000003845/target.png,/Users/yixiaoz/Desktop/cs348k_proj/outputs/controlNetScale/controlnet_seg/cfg_7p5_control_0p5/000000003845/seg.png,/Users/yixiaoz/Desktop/cs348k_proj/outputs/controlNetScale/controlnet_seg/cfg_7p5_control_0p5/000000003845/generated.png,dense_text_plus_seg,6,7.5,0.5,20,0.641,0.3839,33.7328
92939,a man and female standing side by side with a cake cutter in their hand,"A smiling man and woman stand side by side beside a small decorated cake, holding a cake knife together. The woman wears a light-colored strapless dress and the man wears a white shirt, suggesting a wedding, anniversary, or celebratory event. Palm trees and outdoor lighting.","A smiling man and woman stand side by side beside a small decorated cake, holding a cake knife together. The woman wears a light-colored strapless dress and the man wears a white shirt, suggesting a wedding, anniversary, or celebratory event. Palm trees and outdoor lighting.",/Users/yixiaoz/Desktop/cs348k_proj/outputs/controlNetScale/controlnet_seg/cfg_7p5_control_0p5/000000092939/target.png,/Users/yixiaoz/Desktop/cs348k_proj/outputs/controlNetScale/controlnet_seg/cfg_7p5_control_0p5/000000092939/seg.png,/Users/yixiaoz/Desktop/cs348k_proj/outputs/controlNetScale/controlnet_seg/cfg_7p5_control_0p5/000000092939/generated.png,dense_text_plus_seg,6,7.5,0.5,20,0.6392,0.3963,35.7441
1268,A waterway under a bridge with people sitting down and a woman taking a photo.,"People sit and relax under a large bridge beside a waterfront, with sunlight reflecting brightly off the water. A woman stands in the foreground taking a photograph, while several people sit along the edge facing the river. The bridge structure forms a strong curved frame.","People sit and relax under a large bridge beside a waterfront, with sunlight reflecting brightly off the water. A woman stands in the foreground taking a photograph, while several people sit along the edge facing the river. The bridge structure forms a strong curved frame.",/Users/yixiaoz/Desktop/cs348k_proj/outputs/controlNetScale/controlnet_seg/cfg_7p5_control_0p5/000000001268/target.png,/Users/yixiaoz/Desktop/cs348k_proj/outputs/controlNetScale/controlnet_seg/cfg_7p5_control_0p5/000000001268/seg.png,/Users/yixiaoz/Desktop/cs348k_proj/outputs/controlNetScale/controlnet_seg/cfg_7p5_control_0p5/000000001268/generated.png,dense_text_plus_seg,6,7.5,0.5,20,0.634,0.4461,32.1035
33221,Two women at a beach with tennis rackets in their hands and one girl looking very excited with her tennis racket in the air.,"Two women stand on a sandy beach holding tennis rackets while people walk nearby in the background. One woman raises her racket enthusiastically above her head, while the other stands beside her wearing a hood or scarf. The beach, distant hills, flags, and open sky.","Two women stand on a sandy beach holding tennis rackets while people walk nearby in the background. One woman raises her racket enthusiastically above her head, while the other stands beside her wearing a hood or scarf. The beach, distant hills, flags, and open sky.",/Users/yixiaoz/Desktop/cs348k_proj/outputs/controlNetScale/controlnet_seg/cfg_7p5_control_0p5/000000033221/target.png,/Users/yixiaoz/Desktop/cs348k_proj/outputs/controlNetScale/controlnet_seg/cfg_7p5_control_0p5/000000033221/seg.png,/Users/yixiaoz/Desktop/cs348k_proj/outputs/controlNetScale/controlnet_seg/cfg_7p5_control_0p5/000000033221/generated.png,dense_text_plus_seg,6,7.5,0.5,20,0.6663,0.4975,36.1162
68409,School boys sit cross legged in front of a chalkboard sign in a vintage black and white photo.,A vintage black-and-white photograph shows a group of schoolboys sitting cross-legged in a row in front of a chalkboard sign. The boys wear similar school uniforms and pose formally for the camera outdoors. Trees and a simple background are visible behind them. The image has.,A vintage black-and-white photograph shows a group of schoolboys sitting cross-legged in a row in front of a chalkboard sign. The boys wear similar school uniforms and pose formally for the camera outdoors. Trees and a simple background are visible behind them. The image has.,/Users/yixiaoz/Desktop/cs348k_proj/outputs/controlNetScale/controlnet_seg/cfg_7p5_control_0p5/000000068409/target.png,/Users/yixiaoz/Desktop/cs348k_proj/outputs/controlNetScale/controlnet_seg/cfg_7p5_control_0p5/000000068409/seg.png,/Users/yixiaoz/Desktop/cs348k_proj/outputs/controlNetScale/controlnet_seg/cfg_7p5_control_0p5/000000068409/generated.png,dense_text_plus_seg,6,7.5,0.5,20,0.6814,0.36,32.5231
78170,"PASSENGER TRAIN IN THE NIGHT HOURS WITH NO SMOKING SIGN, AND TWO WOMEN","A black-and-white nighttime image shows passengers visible through the windows of a train car. A no-smoking sign and interior lights can be seen inside, while reflections and shadows create a dramatic atmosphere. Two women or passengers are visible near separate windows, framed by the train.","A black-and-white nighttime image shows passengers visible through the windows of a train car. A no-smoking sign and interior lights can be seen inside, while reflections and shadows create a dramatic atmosphere. Two women or passengers are visible near separate windows, framed by the train.",/Users/yixiaoz/Desktop/cs348k_proj/outputs/controlNetScale/controlnet_seg/cfg_7p5_control_0p5/000000078170/target.png,/Users/yixiaoz/Desktop/cs348k_proj/outputs/controlNetScale/controlnet_seg/cfg_7p5_control_0p5/000000078170/seg.png,/Users/yixiaoz/Desktop/cs348k_proj/outputs/controlNetScale/controlnet_seg/cfg_7p5_control_0p5/000000078170/generated.png,dense_text_plus_seg,6,7.5,0.5,20,0.6055,0.3899,33.7056
62554,a plate of broccoli on a table next to some other plates of food,"A plate or bowl of broccoli sits on a table next to other plates of food, including pasta or noodles and additional dishes in the background. The broccoli is bright green and placed prominently in the foreground, while the other foods are slightly out of.","A plate or bowl of broccoli sits on a table next to other plates of food, including pasta or noodles and additional dishes in the background. The broccoli is bright green and placed prominently in the foreground, while the other foods are slightly out of.",/Users/yixiaoz/Desktop/cs348k_proj/outputs/controlNetScale/controlnet_seg/cfg_7p5_control_0p5/000000062554/target.png,/Users/yixiaoz/Desktop/cs348k_proj/outputs/controlNetScale/controlnet_seg/cfg_7p5_control_0p5/000000062554/seg.png,/Users/yixiaoz/Desktop/cs348k_proj/outputs/controlNetScale/controlnet_seg/cfg_7p5_control_0p5/000000062554/generated.png,dense_text_plus_seg,6,7.5,0.5,20,0.6746,0.3445,36.1785
58539,"A man in a red hat, suit, and blue striped tie walks past two other men on a street.","A man wearing a bright red hat, dark suit, and blue striped tie walks along a city street while other men and pedestrians stand nearby. Cars, buildings, and urban activity fill the background. The red hat makes the man stand out clearly from the crowd.","A man wearing a bright red hat, dark suit, and blue striped tie walks along a city street while other men and pedestrians stand nearby. Cars, buildings, and urban activity fill the background. The red hat makes the man stand out clearly from the crowd.",/Users/yixiaoz/Desktop/cs348k_proj/outputs/controlNetScale/controlnet_seg/cfg_7p5_control_0p5/000000058539/target.png,/Users/yixiaoz/Desktop/cs348k_proj/outputs/controlNetScale/controlnet_seg/cfg_7p5_control_0p5/000000058539/seg.png,/Users/yixiaoz/Desktop/cs348k_proj/outputs/controlNetScale/controlnet_seg/cfg_7p5_control_0p5/000000058539/generated.png,dense_text_plus_seg,6,7.5,0.5,20,0.6376,0.3664,35.123
46031,A small tablet computer next to a larger monitor and keyboard.,"A laptop computer sits on a small desk beside a larger external monitor, keyboard, mouse, speakers, and other electronic devices. The laptop and monitor display green leaf or plant imagery, creating a matching visual theme across the screens. The desk is placed near a window.","A laptop computer sits on a small desk beside a larger external monitor, keyboard, mouse, speakers, and other electronic devices. The laptop and monitor display green leaf or plant imagery, creating a matching visual theme across the screens. The desk is placed near a window.",/Users/yixiaoz/Desktop/cs348k_proj/outputs/controlNetScale/controlnet_seg/cfg_7p5_control_0p5/000000046031/target.png,/Users/yixiaoz/Desktop/cs348k_proj/outputs/controlNetScale/controlnet_seg/cfg_7p5_control_0p5/000000046031/seg.png,/Users/yixiaoz/Desktop/cs348k_proj/outputs/controlNetScale/controlnet_seg/cfg_7p5_control_0p5/000000046031/generated.png,dense_text_plus_seg,6,7.5,0.5,20,0.7341,0.3478,34.9844
9891,The man is loading luggage suitcases onto the cart in the parking lot.,"A man loads luggage and suitcases onto a metal cart in a parking lot filled with vehicles. He bends over while handling the bags beside a parked car, suggesting travel, airport transport, or hotel arrival. Other cars and a parking garage or covered structure are.","A man loads luggage and suitcases onto a metal cart in a parking lot filled with vehicles. He bends over while handling the bags beside a parked car, suggesting travel, airport transport, or hotel arrival. Other cars and a parking garage or covered structure are.",/Users/yixiaoz/Desktop/cs348k_proj/outputs/controlNetScale/controlnet_seg/cfg_7p5_control_0p5/000000009891/target.png,/Users/yixiaoz/Desktop/cs348k_proj/outputs/controlNetScale/controlnet_seg/cfg_7p5_control_0p5/000000009891/seg.png,/Users/yixiaoz/Desktop/cs348k_proj/outputs/controlNetScale/controlnet_seg/cfg_7p5_control_0p5/000000009891/generated.png,dense_text_plus_seg,6,7.5,0.5,20,0.6389,0.4737,35.6049
37777,The dining table near the kitchen has a bowl of fruit on it.,"A bright open kitchen and dining area features wooden cabinets, white appliances, tiled flooring, and a small table with a bowl of fruit on top. Sunlight enters through windows and illuminates the clean interior. The kitchen includes counters, a refrigerator, stove, and cabinets arranged along.","A bright open kitchen and dining area features wooden cabinets, white appliances, tiled flooring, and a small table with a bowl of fruit on top. Sunlight enters through windows and illuminates the clean interior. The kitchen includes counters, a refrigerator, stove, and cabinets arranged along.",/Users/yixiaoz/Desktop/cs348k_proj/outputs/controlNetScale/controlnet_seg/cfg_7p5_control_0p5/000000037777/target.png,/Users/yixiaoz/Desktop/cs348k_proj/outputs/controlNetScale/controlnet_seg/cfg_7p5_control_0p5/000000037777/seg.png,/Users/yixiaoz/Desktop/cs348k_proj/outputs/controlNetScale/controlnet_seg/cfg_7p5_control_0p5/000000037777/generated.png,dense_text_plus_seg,6,7.5,0.5,20,0.693,0.3842,33.0576
65350,"Two young people are skateboarding on the ramp, trying to pull off tricks.","Two young people are skateboarding on a skate park ramp while attempting tricks. One skater lies or slides on the ramp with a skateboard nearby, while another stands or moves close by. Other people and bicycles are visible in the background near concrete walls. The.","Two young people are skateboarding on a skate park ramp while attempting tricks. One skater lies or slides on the ramp with a skateboard nearby, while another stands or moves close by. Other people and bicycles are visible in the background near concrete walls. The.",/Users/yixiaoz/Desktop/cs348k_proj/outputs/controlNetScale/controlnet_seg/cfg_7p5_control_0p5/000000065350/target.png,/Users/yixiaoz/Desktop/cs348k_proj/outputs/controlNetScale/controlnet_seg/cfg_7p5_control_0p5/000000065350/seg.png,/Users/yixiaoz/Desktop/cs348k_proj/outputs/controlNetScale/controlnet_seg/cfg_7p5_control_0p5/000000065350/generated.png,dense_text_plus_seg,6,7.5,0.5,20,0.6462,0.4277,34.5117
48396,A woman in a tan sweater holding a knife by a young boy in a plaid shirt.,"A woman wearing a tan or light-colored sweater stands beside a young boy in a plaid shirt near a table with cups and food items. The woman holds a knife, possibly preparing to cut or serve something. Both subjects face the camera in an indoor.","A woman wearing a tan or light-colored sweater stands beside a young boy in a plaid shirt near a table with cups and food items. The woman holds a knife, possibly preparing to cut or serve something. Both subjects face the camera in an indoor.",/Users/yixiaoz/Desktop/cs348k_proj/outputs/controlNetScale/controlnet_seg/cfg_7p5_control_0p5/000000048396/target.png,/Users/yixiaoz/Desktop/cs348k_proj/outputs/controlNetScale/controlnet_seg/cfg_7p5_control_0p5/000000048396/seg.png,/Users/yixiaoz/Desktop/cs348k_proj/outputs/controlNetScale/controlnet_seg/cfg_7p5_control_0p5/000000048396/generated.png,dense_text_plus_seg,6,7.5,0.5,20,0.6939,0.515,30.0385
117908,A man looking in the refrigerator with a cat also looking inside,"A man bends over and looks inside an open refrigerator while a cat stands nearby also peering into the fridge. Food, bottles, and containers are visible on the refrigerator shelves, and the cat appears curious about the contents. The warm indoor lighting and humorous interaction.","A man bends over and looks inside an open refrigerator while a cat stands nearby also peering into the fridge. Food, bottles, and containers are visible on the refrigerator shelves, and the cat appears curious about the contents. The warm indoor lighting and humorous interaction.",/Users/yixiaoz/Desktop/cs348k_proj/outputs/controlNetScale/controlnet_seg/cfg_7p5_control_0p5/000000117908/target.png,/Users/yixiaoz/Desktop/cs348k_proj/outputs/controlNetScale/controlnet_seg/cfg_7p5_control_0p5/000000117908/seg.png,/Users/yixiaoz/Desktop/cs348k_proj/outputs/controlNetScale/controlnet_seg/cfg_7p5_control_0p5/000000117908/generated.png,dense_text_plus_seg,6,7.5,0.5,20,0.8219,0.6584,30.8884
97994,Three laptop computers and a desktop computer sit next to each other.,"Three laptop computers and a desktop workstation are arranged together on a desk in a compact home office or technical workspace. Several screens, keyboards, cables, and electronic accessories fill the tabletop, suggesting multitasking or computer-intensive work. A microphone or lamp stands near the setup, and.","Three laptop computers and a desktop workstation are arranged together on a desk in a compact home office or technical workspace. Several screens, keyboards, cables, and electronic accessories fill the tabletop, suggesting multitasking or computer-intensive work. A microphone or lamp stands near the setup, and.",/Users/yixiaoz/Desktop/cs348k_proj/outputs/controlNetScale/controlnet_seg/cfg_7p5_control_0p5/000000097994/target.png,/Users/yixiaoz/Desktop/cs348k_proj/outputs/controlNetScale/controlnet_seg/cfg_7p5_control_0p5/000000097994/seg.png,/Users/yixiaoz/Desktop/cs348k_proj/outputs/controlNetScale/controlnet_seg/cfg_7p5_control_0p5/000000097994/generated.png,dense_text_plus_seg,6,7.5,0.5,20,0.7104,0.4259,34.1662
30785,A plate filled with a bowl of vegetables and two slices of bread with a spread on them.,"A plate holds a healthy meal consisting of a bowl of green vegetables, slices of bread topped with a spread, and additional fresh ingredients. The food is arranged neatly on a wooden table, with the bowl and bread sharing the plate. The overhead view emphasizes.","A plate holds a healthy meal consisting of a bowl of green vegetables, slices of bread topped with a spread, and additional fresh ingredients. The food is arranged neatly on a wooden table, with the bowl and bread sharing the plate. The overhead view emphasizes.",/Users/yixiaoz/Desktop/cs348k_proj/outputs/controlNetScale/controlnet_seg/cfg_7p5_control_0p5/000000030785/target.png,/Users/yixiaoz/Desktop/cs348k_proj/outputs/controlNetScale/controlnet_seg/cfg_7p5_control_0p5/000000030785/seg.png,/Users/yixiaoz/Desktop/cs348k_proj/outputs/controlNetScale/controlnet_seg/cfg_7p5_control_0p5/000000030785/generated.png,dense_text_plus_seg,6,7.5,0.5,20,0.6557,0.4774,33.4059
76547,a male in a white shirt a bicycle and an orange and white train,"A man wearing a light-colored shirt sits at a table on a railway station platform near a parked bicycle. An orange and white passenger train is stopped alongside the platform, while overhead signs, metal beams, and station infrastructure extend into the background. The scene captures.","A man wearing a light-colored shirt sits at a table on a railway station platform near a parked bicycle. An orange and white passenger train is stopped alongside the platform, while overhead signs, metal beams, and station infrastructure extend into the background. The scene captures.",/Users/yixiaoz/Desktop/cs348k_proj/outputs/controlNetScale/controlnet_seg/cfg_7p5_control_0p5/000000076547/target.png,/Users/yixiaoz/Desktop/cs348k_proj/outputs/controlNetScale/controlnet_seg/cfg_7p5_control_0p5/000000076547/seg.png,/Users/yixiaoz/Desktop/cs348k_proj/outputs/controlNetScale/controlnet_seg/cfg_7p5_control_0p5/000000076547/generated.png,dense_text_plus_seg,6,7.5,0.5,20,0.6401,0.4496,28.8282
116362,A small bowl filled with chopped vegetables and spoon,"A bowl filled with chopped fruit pieces sits on a wooden table with a spoon resting inside. The food appears freshly prepared, with colorful slices arranged casually in the bowl. The photograph is taken from above, focusing closely on the meal while leaving the surrounding.","A bowl filled with chopped fruit pieces sits on a wooden table with a spoon resting inside. The food appears freshly prepared, with colorful slices arranged casually in the bowl. The photograph is taken from above, focusing closely on the meal while leaving the surrounding.",/Users/yixiaoz/Desktop/cs348k_proj/outputs/controlNetScale/controlnet_seg/cfg_7p5_control_0p5/000000116362/target.png,/Users/yixiaoz/Desktop/cs348k_proj/outputs/controlNetScale/controlnet_seg/cfg_7p5_control_0p5/000000116362/seg.png,/Users/yixiaoz/Desktop/cs348k_proj/outputs/controlNetScale/controlnet_seg/cfg_7p5_control_0p5/000000116362/generated.png,dense_text_plus_seg,6,7.5,0.5,20,0.7908,0.5851,33.4353
22371,A man in thought sitting in front of a laptop with a pen in his hand.,"A businessman sits at a desk in front of an open laptop computer while holding a pen and resting his head on one hand. He appears thoughtful and focused, possibly reviewing information or planning a project. The clean office setting includes a desk surface and.","A businessman sits at a desk in front of an open laptop computer while holding a pen and resting his head on one hand. He appears thoughtful and focused, possibly reviewing information or planning a project. The clean office setting includes a desk surface and.",/Users/yixiaoz/Desktop/cs348k_proj/outputs/controlNetScale/controlnet_seg/cfg_7p5_control_0p5/000000022371/target.png,/Users/yixiaoz/Desktop/cs348k_proj/outputs/controlNetScale/controlnet_seg/cfg_7p5_control_0p5/000000022371/seg.png,/Users/yixiaoz/Desktop/cs348k_proj/outputs/controlNetScale/controlnet_seg/cfg_7p5_control_0p5/000000022371/generated.png,dense_text_plus_seg,6,7.5,0.5,20,0.5658,0.3054,32.1164
69224,A man and woman eating doughnuts out of a box at a coffee shop.,"A man and woman sit together at a table inside a café or coffee shop while sharing food from a box. Drinks, containers, and personal belongings are spread across the table. The pair appear engaged in conversation as they eat, creating a friendly and relaxed.","A man and woman sit together at a table inside a café or coffee shop while sharing food from a box. Drinks, containers, and personal belongings are spread across the table. The pair appear engaged in conversation as they eat, creating a friendly and relaxed.",/Users/yixiaoz/Desktop/cs348k_proj/outputs/controlNetScale/controlnet_seg/cfg_7p5_control_0p5/000000069224/target.png,/Users/yixiaoz/Desktop/cs348k_proj/outputs/controlNetScale/controlnet_seg/cfg_7p5_control_0p5/000000069224/seg.png,/Users/yixiaoz/Desktop/cs348k_proj/outputs/controlNetScale/controlnet_seg/cfg_7p5_control_0p5/000000069224/generated.png,dense_text_plus_seg,6,7.5,0.5,20,0.6923,0.6295,31.9158
16249,It sure is a beautiful day to sit outside and read the paper.,"An older man sits outdoors on a bench reading a newspaper while enjoying a pleasant day in a public area. Several other people sit or stand nearby, creating a relaxed community setting. Sunlight illuminates the scene, and the man appears absorbed in reading while the.","An older man sits outdoors on a bench reading a newspaper while enjoying a pleasant day in a public area. Several other people sit or stand nearby, creating a relaxed community setting. Sunlight illuminates the scene, and the man appears absorbed in reading while the.",/Users/yixiaoz/Desktop/cs348k_proj/outputs/controlNetScale/controlnet_seg/cfg_7p5_control_0p5/000000016249/target.png,/Users/yixiaoz/Desktop/cs348k_proj/outputs/controlNetScale/controlnet_seg/cfg_7p5_control_0p5/000000016249/seg.png,/Users/yixiaoz/Desktop/cs348k_proj/outputs/controlNetScale/controlnet_seg/cfg_7p5_control_0p5/000000016249/generated.png,dense_text_plus_seg,6,7.5,0.5,20,0.6868,0.5837,34.4477
85157,A group of people sitting around a table have a meal and a drink.,"A group of people sit around a restaurant table sharing food and drinks. Plates, glasses, and table settings fill the dining area while the diners converse with one another. The gathering appears social and informal, with participants enjoying a meal together in a warm indoor.","A group of people sit around a restaurant table sharing food and drinks. Plates, glasses, and table settings fill the dining area while the diners converse with one another. The gathering appears social and informal, with participants enjoying a meal together in a warm indoor.",/Users/yixiaoz/Desktop/cs348k_proj/outputs/controlNetScale/controlnet_seg/cfg_7p5_control_0p5/000000085157/target.png,/Users/yixiaoz/Desktop/cs348k_proj/outputs/controlNetScale/controlnet_seg/cfg_7p5_control_0p5/000000085157/seg.png,/Users/yixiaoz/Desktop/cs348k_proj/outputs/controlNetScale/controlnet_seg/cfg_7p5_control_0p5/000000085157/generated.png,dense_text_plus_seg,6,7.5,0.5,20,0.7222,0.51,31.3664
20571,A tugboat sits beside a ferry on placid water with a mountain in the distance.,"Several fishing boats are docked beside a harbor on calm water, with hills or mountains visible in the distance. Ropes, masts, and harbor equipment line the waterfront while the boats rest quietly along the dock. The scene reflects a working maritime environment and highlights the.","Several fishing boats are docked beside a harbor on calm water, with hills or mountains visible in the distance. Ropes, masts, and harbor equipment line the waterfront while the boats rest quietly along the dock. The scene reflects a working maritime environment and highlights the.",/Users/yixiaoz/Desktop/cs348k_proj/outputs/controlNetScale/controlnet_seg/cfg_7p5_control_0p5/000000020571/target.png,/Users/yixiaoz/Desktop/cs348k_proj/outputs/controlNetScale/controlnet_seg/cfg_7p5_control_0p5/000000020571/seg.png,/Users/yixiaoz/Desktop/cs348k_proj/outputs/controlNetScale/controlnet_seg/cfg_7p5_control_0p5/000000020571/generated.png,dense_text_plus_seg,6,7.5,0.5,20,0.6646,0.5145,29.0047
84362,A toddler and cat are in a living room with open curtains.,"A toddler and a cat occupy a cozy living room illuminated by daylight coming through large windows with open curtains. Sofas and chairs surround the room, while the child sits or plays near the center of the space. The cat relaxes nearby, contributing to the.","A toddler and a cat occupy a cozy living room illuminated by daylight coming through large windows with open curtains. Sofas and chairs surround the room, while the child sits or plays near the center of the space. The cat relaxes nearby, contributing to the.",/Users/yixiaoz/Desktop/cs348k_proj/outputs/controlNetScale/controlnet_seg/cfg_7p5_control_0p5/000000084362/target.png,/Users/yixiaoz/Desktop/cs348k_proj/outputs/controlNetScale/controlnet_seg/cfg_7p5_control_0p5/000000084362/seg.png,/Users/yixiaoz/Desktop/cs348k_proj/outputs/controlNetScale/controlnet_seg/cfg_7p5_control_0p5/000000084362/generated.png,dense_text_plus_seg,6,7.5,0.5,20,0.6564,0.4262,35.8323
62808,Man photographing a fresh pizza his tired buddy just wants to eat,"A freshly baked pizza sits on a table in a restaurant while one man photographs it with a camera or phone. Another man sits nearby waiting to eat, looking toward the meal. Plates and dining items surround the pizza, suggesting the meal is about to.","A freshly baked pizza sits on a table in a restaurant while one man photographs it with a camera or phone. Another man sits nearby waiting to eat, looking toward the meal. Plates and dining items surround the pizza, suggesting the meal is about to.",/Users/yixiaoz/Desktop/cs348k_proj/outputs/controlNetScale/controlnet_seg/cfg_7p5_control_0p5/000000062808/target.png,/Users/yixiaoz/Desktop/cs348k_proj/outputs/controlNetScale/controlnet_seg/cfg_7p5_control_0p5/000000062808/seg.png,/Users/yixiaoz/Desktop/cs348k_proj/outputs/controlNetScale/controlnet_seg/cfg_7p5_control_0p5/000000062808/generated.png,dense_text_plus_seg,6,7.5,0.5,20,0.6258,0.3499,31.2288
106235,A living room featuring a comfortable seating arrangement of chairs and tables.,"A comfortable living room features sofas, armchairs, lamps, and a coffee table arranged around a central seating area. Warm lighting and decorative furnishings create a welcoming atmosphere. The room appears carefully organized for relaxation and conversation, with furniture positioned to encourage social interaction. Soft colors.","A comfortable living room features sofas, armchairs, lamps, and a coffee table arranged around a central seating area. Warm lighting and decorative furnishings create a welcoming atmosphere. The room appears carefully organized for relaxation and conversation, with furniture positioned to encourage social interaction. Soft colors.",/Users/yixiaoz/Desktop/cs348k_proj/outputs/controlNetScale/controlnet_seg/cfg_7p5_control_0p5/000000106235/target.png,/Users/yixiaoz/Desktop/cs348k_proj/outputs/controlNetScale/controlnet_seg/cfg_7p5_control_0p5/000000106235/seg.png,/Users/yixiaoz/Desktop/cs348k_proj/outputs/controlNetScale/controlnet_seg/cfg_7p5_control_0p5/000000106235/generated.png,dense_text_plus_seg,6,7.5,0.5,20,0.711,0.4139,32.5037
117425,A young boy with a spoon looking at a birthday cupcake.,"A young child sits at a wooden table while looking closely at a small birthday cupcake decorated with a candle. The toddler appears curious and fascinated by the treat positioned directly in front of them. An adult stands nearby, partially visible, supervising the moment. Warm.","A young child sits at a wooden table while looking closely at a small birthday cupcake decorated with a candle. The toddler appears curious and fascinated by the treat positioned directly in front of them. An adult stands nearby, partially visible, supervising the moment. Warm.",/Users/yixiaoz/Desktop/cs348k_proj/outputs/controlNetScale/controlnet_seg/cfg_7p5_control_0p5/000000117425/target.png,/Users/yixiaoz/Desktop/cs348k_proj/outputs/controlNetScale/controlnet_seg/cfg_7p5_control_0p5/000000117425/seg.png,/Users/yixiaoz/Desktop/cs348k_proj/outputs/controlNetScale/controlnet_seg/cfg_7p5_control_0p5/000000117425/generated.png,dense_text_plus_seg,6,7.5,0.5,20,0.728,0.4431,36.987
100624,A girl is standing by a storefront while talking on her phone.,"A young woman stands on a city sidewalk at night while talking on her mobile phone. Storefront windows, streetlights, and blurred city lights illuminate the background, creating an urban evening atmosphere. She appears focused on her conversation while standing near a shop entrance. The image.","A young woman stands on a city sidewalk at night while talking on her mobile phone. Storefront windows, streetlights, and blurred city lights illuminate the background, creating an urban evening atmosphere. She appears focused on her conversation while standing near a shop entrance. The image.",/Users/yixiaoz/Desktop/cs348k_proj/outputs/controlNetScale/controlnet_seg/cfg_7p5_control_0p5/000000100624/target.png,/Users/yixiaoz/Desktop/cs348k_proj/outputs/controlNetScale/controlnet_seg/cfg_7p5_control_0p5/000000100624/seg.png,/Users/yixiaoz/Desktop/cs348k_proj/outputs/controlNetScale/controlnet_seg/cfg_7p5_control_0p5/000000100624/generated.png,dense_text_plus_seg,6,7.5,0.5,20,0.7065,0.5035,36.1614
24243,"Two ladies seated with cups of drinks, one smoking while the other seated inside a fridge",Two women sit near a storefront or street-side seating area while holding drinks. One woman smokes a cigarette while the other sits inside a display-like enclosure resembling a refrigerator or booth. The unusual arrangement creates an eye-catching urban scene. Pedestrians and city elements appear in.,Two women sit near a storefront or street-side seating area while holding drinks. One woman smokes a cigarette while the other sits inside a display-like enclosure resembling a refrigerator or booth. The unusual arrangement creates an eye-catching urban scene. Pedestrians and city elements appear in.,/Users/yixiaoz/Desktop/cs348k_proj/outputs/controlNetScale/controlnet_seg/cfg_7p5_control_0p5/000000024243/target.png,/Users/yixiaoz/Desktop/cs348k_proj/outputs/controlNetScale/controlnet_seg/cfg_7p5_control_0p5/000000024243/seg.png,/Users/yixiaoz/Desktop/cs348k_proj/outputs/controlNetScale/controlnet_seg/cfg_7p5_control_0p5/000000024243/generated.png,dense_text_plus_seg,6,7.5,0.5,20,0.6622,0.4263,36.2261
31296,"A group of people, some in leftover US army clothing, sit at tables in a large dining room.","A large group of people gather around tables inside a spacious dining room decorated with military memorabilia and clothing. The diners appear engaged in conversation while sharing food and drinks. Wooden floors, warm lighting, and the arrangement of tables create a communal atmosphere. The image.","A large group of people gather around tables inside a spacious dining room decorated with military memorabilia and clothing. The diners appear engaged in conversation while sharing food and drinks. Wooden floors, warm lighting, and the arrangement of tables create a communal atmosphere. The image.",/Users/yixiaoz/Desktop/cs348k_proj/outputs/controlNetScale/controlnet_seg/cfg_7p5_control_0p5/000000031296/target.png,/Users/yixiaoz/Desktop/cs348k_proj/outputs/controlNetScale/controlnet_seg/cfg_7p5_control_0p5/000000031296/seg.png,/Users/yixiaoz/Desktop/cs348k_proj/outputs/controlNetScale/controlnet_seg/cfg_7p5_control_0p5/000000031296/generated.png,dense_text_plus_seg,6,7.5,0.5,20,0.6397,0.3953,41.1803
40083,a vintage photo of some people sitting under an umbrella,"This black-and-white photograph shows several people seated beneath a large umbrella beside a street or outdoor market area. Tables, chairs, and nearby structures suggest a casual public gathering place. The monochrome presentation gives the image a vintage appearance, emphasizing everyday social activity and street life.","This black-and-white photograph shows several people seated beneath a large umbrella beside a street or outdoor market area. Tables, chairs, and nearby structures suggest a casual public gathering place. The monochrome presentation gives the image a vintage appearance, emphasizing everyday social activity and street life.",/Users/yixiaoz/Desktop/cs348k_proj/outputs/controlNetScale/controlnet_seg/cfg_7p5_control_0p5/000000040083/target.png,/Users/yixiaoz/Desktop/cs348k_proj/outputs/controlNetScale/controlnet_seg/cfg_7p5_control_0p5/000000040083/seg.png,/Users/yixiaoz/Desktop/cs348k_proj/outputs/controlNetScale/controlnet_seg/cfg_7p5_control_0p5/000000040083/generated.png,dense_text_plus_seg,6,7.5,0.5,20,0.6332,0.4559,36.1263
36936,A man and woman sitting on a couch playing a video game.,"A man and woman sit together on a couch in a living room while playing a video game. A television displays the game in front of them, and snacks or drinks are visible on nearby tables. The indoor setting feels comfortable and informal, with warm.","A man and woman sit together on a couch in a living room while playing a video game. A television displays the game in front of them, and snacks or drinks are visible on nearby tables. The indoor setting feels comfortable and informal, with warm.",/Users/yixiaoz/Desktop/cs348k_proj/outputs/controlNetScale/controlnet_seg/cfg_7p5_control_0p5/000000036936/target.png,/Users/yixiaoz/Desktop/cs348k_proj/outputs/controlNetScale/controlnet_seg/cfg_7p5_control_0p5/000000036936/seg.png,/Users/yixiaoz/Desktop/cs348k_proj/outputs/controlNetScale/controlnet_seg/cfg_7p5_control_0p5/000000036936/generated.png,dense_text_plus_seg,6,7.5,0.5,20,0.6998,0.5128,33.0854
18150,A man with a receding hairline offers a slice of pizza to a toddler.,"A man with a receding hairline offers a slice of pizza to a young child seated nearby. The pair appear engaged in a friendly interaction, with the child focusing on the food being presented. The indoor setting suggests a casual family meal or gathering. The.","A man with a receding hairline offers a slice of pizza to a young child seated nearby. The pair appear engaged in a friendly interaction, with the child focusing on the food being presented. The indoor setting suggests a casual family meal or gathering. The.",/Users/yixiaoz/Desktop/cs348k_proj/outputs/controlNetScale/controlnet_seg/cfg_7p5_control_0p5/000000018150/target.png,/Users/yixiaoz/Desktop/cs348k_proj/outputs/controlNetScale/controlnet_seg/cfg_7p5_control_0p5/000000018150/seg.png,/Users/yixiaoz/Desktop/cs348k_proj/outputs/controlNetScale/controlnet_seg/cfg_7p5_control_0p5/000000018150/generated.png,dense_text_plus_seg,6,7.5,0.5,20,0.6942,0.5018,35.1002
115870,Some people hanging around in a living room with a big couch.,Several people relax in a spacious living room centered around a large couch and coffee table. Some sit while others stand and converse near large windows that bring natural light into the room. Household decorations and comfortable furniture create a welcoming atmosphere. The scene captures.,Several people relax in a spacious living room centered around a large couch and coffee table. Some sit while others stand and converse near large windows that bring natural light into the room. Household decorations and comfortable furniture create a welcoming atmosphere. The scene captures.,/Users/yixiaoz/Desktop/cs348k_proj/outputs/controlNetScale/controlnet_seg/cfg_7p5_control_0p5/000000115870/target.png,/Users/yixiaoz/Desktop/cs348k_proj/outputs/controlNetScale/controlnet_seg/cfg_7p5_control_0p5/000000115870/seg.png,/Users/yixiaoz/Desktop/cs348k_proj/outputs/controlNetScale/controlnet_seg/cfg_7p5_control_0p5/000000115870/generated.png,dense_text_plus_seg,6,7.5,0.5,20,0.686,0.5299,33.759
32901,Four men are standing together behind a group of red chairs.,"Four men stand together behind a row of red chairs in an indoor event or meeting room. They smile toward the camera and appear dressed in semi-formal attire, suggesting a gathering, celebration, or professional occasion. The composition resembles a group portrait, with the individuals positioned.","Four men stand together behind a row of red chairs in an indoor event or meeting room. They smile toward the camera and appear dressed in semi-formal attire, suggesting a gathering, celebration, or professional occasion. The composition resembles a group portrait, with the individuals positioned.",/Users/yixiaoz/Desktop/cs348k_proj/outputs/controlNetScale/controlnet_seg/cfg_7p5_control_0p5/000000032901/target.png,/Users/yixiaoz/Desktop/cs348k_proj/outputs/controlNetScale/controlnet_seg/cfg_7p5_control_0p5/000000032901/seg.png,/Users/yixiaoz/Desktop/cs348k_proj/outputs/controlNetScale/controlnet_seg/cfg_7p5_control_0p5/000000032901/generated.png,dense_text_plus_seg,6,7.5,0.5,20,0.7171,0.5056,30.4056
25560,A cat perches on top of an entertainment center in front of a TV.,"A cat perches on top of an entertainment center directly in front of a television screen. The television displays a person on screen, while the cat appears more interested in the elevated resting spot than the program itself. Household electronics and furniture surround the scene.","A cat perches on top of an entertainment center directly in front of a television screen. The television displays a person on screen, while the cat appears more interested in the elevated resting spot than the program itself. Household electronics and furniture surround the scene.",/Users/yixiaoz/Desktop/cs348k_proj/outputs/controlNetScale/controlnet_seg/cfg_7p5_control_0p5/000000025560/target.png,/Users/yixiaoz/Desktop/cs348k_proj/outputs/controlNetScale/controlnet_seg/cfg_7p5_control_0p5/000000025560/seg.png,/Users/yixiaoz/Desktop/cs348k_proj/outputs/controlNetScale/controlnet_seg/cfg_7p5_control_0p5/000000025560/generated.png,dense_text_plus_seg,6,7.5,0.5,20,0.6913,0.4162,36.4744
115245,Several suitcases on wheels leaning up against one long table with chairs.,"Several suitcases of different sizes stand upright beside a long table and a row of chairs in what appears to be a waiting area or meeting room. The luggage is grouped together on a polished wooden floor, suggesting recent travel, arrival, or preparation for departure.","Several suitcases of different sizes stand upright beside a long table and a row of chairs in what appears to be a waiting area or meeting room. The luggage is grouped together on a polished wooden floor, suggesting recent travel, arrival, or preparation for departure.",/Users/yixiaoz/Desktop/cs348k_proj/outputs/controlNetScale/controlnet_seg/cfg_7p5_control_0p5/000000115245/target.png,/Users/yixiaoz/Desktop/cs348k_proj/outputs/controlNetScale/controlnet_seg/cfg_7p5_control_0p5/000000115245/seg.png,/Users/yixiaoz/Desktop/cs348k_proj/outputs/controlNetScale/controlnet_seg/cfg_7p5_control_0p5/000000115245/generated.png,dense_text_plus_seg,6,7.5,0.5,20,0.6773,0.5009,36.3938
5001,A group of people holding a large pair of scissors to a ribbon.,"A crowd of adults and children gather around a ceremonial ribbon-cutting event. Several people smile and pose while a large pair of scissors is used to cut a ribbon stretched across the foreground. Balloons, cameras, and excited expressions contribute to the celebratory atmosphere. The gathering.","A crowd of adults and children gather around a ceremonial ribbon-cutting event. Several people smile and pose while a large pair of scissors is used to cut a ribbon stretched across the foreground. Balloons, cameras, and excited expressions contribute to the celebratory atmosphere. The gathering.",/Users/yixiaoz/Desktop/cs348k_proj/outputs/controlNetScale/controlnet_seg/cfg_7p5_control_0p5/000000005001/target.png,/Users/yixiaoz/Desktop/cs348k_proj/outputs/controlNetScale/controlnet_seg/cfg_7p5_control_0p5/000000005001/seg.png,/Users/yixiaoz/Desktop/cs348k_proj/outputs/controlNetScale/controlnet_seg/cfg_7p5_control_0p5/000000005001/generated.png,dense_text_plus_seg,6,7.5,0.5,20,0.6971,0.3365,35.9017
3934,A young girl in the foreground and a woman in a bridal dress and other adults in the background.,"A young girl wearing a light-colored dress stands in the foreground of a living room while adults gather in the background. Motion blur gives the impression of movement and activity throughout the room. Furniture, decorations, and warm indoor lighting create a family-oriented atmosphere. The scene.","A young girl wearing a light-colored dress stands in the foreground of a living room while adults gather in the background. Motion blur gives the impression of movement and activity throughout the room. Furniture, decorations, and warm indoor lighting create a family-oriented atmosphere. The scene.",/Users/yixiaoz/Desktop/cs348k_proj/outputs/controlNetScale/controlnet_seg/cfg_7p5_control_0p5/000000003934/target.png,/Users/yixiaoz/Desktop/cs348k_proj/outputs/controlNetScale/controlnet_seg/cfg_7p5_control_0p5/000000003934/seg.png,/Users/yixiaoz/Desktop/cs348k_proj/outputs/controlNetScale/controlnet_seg/cfg_7p5_control_0p5/000000003934/generated.png,dense_text_plus_seg,6,7.5,0.5,20,0.681,0.5153,32.4346
91500,Two kids hanging out playing video games on folding chairs.,"Two young men sit on folding chairs while playing a video game together indoors. Each player holds a game controller and focuses on an off-camera television or display. The room contains tables, chairs, and household furnishings that suggest a casual social gathering. Their relaxed posture.","Two young men sit on folding chairs while playing a video game together indoors. Each player holds a game controller and focuses on an off-camera television or display. The room contains tables, chairs, and household furnishings that suggest a casual social gathering. Their relaxed posture.",/Users/yixiaoz/Desktop/cs348k_proj/outputs/controlNetScale/controlnet_seg/cfg_7p5_control_0p5/000000091500/target.png,/Users/yixiaoz/Desktop/cs348k_proj/outputs/controlNetScale/controlnet_seg/cfg_7p5_control_0p5/000000091500/seg.png,/Users/yixiaoz/Desktop/cs348k_proj/outputs/controlNetScale/controlnet_seg/cfg_7p5_control_0p5/000000091500/generated.png,dense_text_plus_seg,6,7.5,0.5,20,0.777,0.5213,35.0427
82696,a white and black bird is walking by a table and some chairs,"A white and black bird walks across the floor of an indoor dining area filled with tables and chairs. The bird moves freely between the furniture, creating an unusual contrast between wildlife and a human-designed environment. Empty chairs and table arrangements suggest a cafeteria, restaurant.","A white and black bird walks across the floor of an indoor dining area filled with tables and chairs. The bird moves freely between the furniture, creating an unusual contrast between wildlife and a human-designed environment. Empty chairs and table arrangements suggest a cafeteria, restaurant.",/Users/yixiaoz/Desktop/cs348k_proj/outputs/controlNetScale/controlnet_seg/cfg_7p5_control_0p5/000000082696/target.png,/Users/yixiaoz/Desktop/cs348k_proj/outputs/controlNetScale/controlnet_seg/cfg_7p5_control_0p5/000000082696/seg.png,/Users/yixiaoz/Desktop/cs348k_proj/outputs/controlNetScale/controlnet_seg/cfg_7p5_control_0p5/000000082696/generated.png,dense_text_plus_seg,6,7.5,0.5,20,0.6688,0.5177,41.3049
25986,"Food is on the counter including a glass of water, rice, vegetables, and more","Several plates of food are arranged on a kitchen counter, including vegetables, rice, and prepared dishes ready to be served. Bowls, utensils, and drinking glasses surround the meal preparation area. The countertop is busy with ingredients and completed dishes, suggesting an active cooking session or.","Several plates of food are arranged on a kitchen counter, including vegetables, rice, and prepared dishes ready to be served. Bowls, utensils, and drinking glasses surround the meal preparation area. The countertop is busy with ingredients and completed dishes, suggesting an active cooking session or.",/Users/yixiaoz/Desktop/cs348k_proj/outputs/controlNetScale/controlnet_seg/cfg_7p5_control_0p5/000000025986/target.png,/Users/yixiaoz/Desktop/cs348k_proj/outputs/controlNetScale/controlnet_seg/cfg_7p5_control_0p5/000000025986/seg.png,/Users/yixiaoz/Desktop/cs348k_proj/outputs/controlNetScale/controlnet_seg/cfg_7p5_control_0p5/000000025986/generated.png,dense_text_plus_seg,6,7.5,0.5,20,0.6593,0.4448,29.7426
17899,Woman working with large assortment of baked goods at kitchen table.,An older woman works at a kitchen table covered with baking supplies and a large assortment of cookies or pastries. Trays of baked goods are arranged across the tabletop while ingredients and utensils remain nearby. The woman appears focused on decorating or organizing the treats.,An older woman works at a kitchen table covered with baking supplies and a large assortment of cookies or pastries. Trays of baked goods are arranged across the tabletop while ingredients and utensils remain nearby. The woman appears focused on decorating or organizing the treats.,/Users/yixiaoz/Desktop/cs348k_proj/outputs/controlNetScale/controlnet_seg/cfg_7p5_control_0p5/000000017899/target.png,/Users/yixiaoz/Desktop/cs348k_proj/outputs/controlNetScale/controlnet_seg/cfg_7p5_control_0p5/000000017899/seg.png,/Users/yixiaoz/Desktop/cs348k_proj/outputs/controlNetScale/controlnet_seg/cfg_7p5_control_0p5/000000017899/generated.png,dense_text_plus_seg,6,7.5,0.5,20,0.7077,0.4464,33.4757
36494,"A crowd of people sitting in a room, with a clock tower in front.","A large crowd gathers inside a spacious hall featuring an enormous illuminated clock structure mounted on the wall. People sit and stand around tables while enjoying food, drinks, and conversation. The architecture, lighting, and oversized clock create a dramatic focal point within the room. The.","A large crowd gathers inside a spacious hall featuring an enormous illuminated clock structure mounted on the wall. People sit and stand around tables while enjoying food, drinks, and conversation. The architecture, lighting, and oversized clock create a dramatic focal point within the room. The.",/Users/yixiaoz/Desktop/cs348k_proj/outputs/controlNetScale/controlnet_seg/cfg_7p5_control_0p5/000000036494/target.png,/Users/yixiaoz/Desktop/cs348k_proj/outputs/controlNetScale/controlnet_seg/cfg_7p5_control_0p5/000000036494/seg.png,/Users/yixiaoz/Desktop/cs348k_proj/outputs/controlNetScale/controlnet_seg/cfg_7p5_control_0p5/000000036494/generated.png,dense_text_plus_seg,6,7.5,0.5,20,0.6694,0.4183,30.9391
24610,There is a laptop computer in a room with a couch and a bookcase.,"A quiet room contains a desk with a laptop computer, bookshelves filled with books, and a couch positioned along one wall. Warm lighting and simple furnishings create a calm, comfortable environment suitable for reading, studying, or working. The arrangement suggests a personal living space or.","A quiet room contains a desk with a laptop computer, bookshelves filled with books, and a couch positioned along one wall. Warm lighting and simple furnishings create a calm, comfortable environment suitable for reading, studying, or working. The arrangement suggests a personal living space or.",/Users/yixiaoz/Desktop/cs348k_proj/outputs/controlNetScale/controlnet_seg/cfg_7p5_control_0p5/000000024610/target.png,/Users/yixiaoz/Desktop/cs348k_proj/outputs/controlNetScale/controlnet_seg/cfg_7p5_control_0p5/000000024610/seg.png,/Users/yixiaoz/Desktop/cs348k_proj/outputs/controlNetScale/controlnet_seg/cfg_7p5_control_0p5/000000024610/generated.png,dense_text_plus_seg,6,7.5,0.5,20,0.8264,0.5816,30.773
18380,a family sitting around a long table filled with a lot of food,"A large family gathers around a long dining table filled with food, drinks, and serving dishes. Adults and children smile toward the camera while seated closely together in a warm home environment. The table is crowded with meals prepared for sharing, creating a festive atmosphere.","A large family gathers around a long dining table filled with food, drinks, and serving dishes. Adults and children smile toward the camera while seated closely together in a warm home environment. The table is crowded with meals prepared for sharing, creating a festive atmosphere.",/Users/yixiaoz/Desktop/cs348k_proj/outputs/controlNetScale/controlnet_seg/cfg_7p5_control_0p5/000000018380/target.png,/Users/yixiaoz/Desktop/cs348k_proj/outputs/controlNetScale/controlnet_seg/cfg_7p5_control_0p5/000000018380/seg.png,/Users/yixiaoz/Desktop/cs348k_proj/outputs/controlNetScale/controlnet_seg/cfg_7p5_control_0p5/000000018380/generated.png,dense_text_plus_seg,6,7.5,0.5,20,0.6909,0.2514,37.6834
102411,Two people sitting on a motorcycle in the street next to a beach.,"Two people sit on a motorcycle parked beside a waterfront area near a beach. The ocean, shoreline, and distant scenery provide a scenic backdrop while the riders pause along the road. Nearby pedestrians and open coastal views contribute to the relaxed atmosphere. The image combines.","Two people sit on a motorcycle parked beside a waterfront area near a beach. The ocean, shoreline, and distant scenery provide a scenic backdrop while the riders pause along the road. Nearby pedestrians and open coastal views contribute to the relaxed atmosphere. The image combines.",/Users/yixiaoz/Desktop/cs348k_proj/outputs/controlNetScale/controlnet_seg/cfg_7p5_control_0p5/000000102411/target.png,/Users/yixiaoz/Desktop/cs348k_proj/outputs/controlNetScale/controlnet_seg/cfg_7p5_control_0p5/000000102411/seg.png,/Users/yixiaoz/Desktop/cs348k_proj/outputs/controlNetScale/controlnet_seg/cfg_7p5_control_0p5/000000102411/generated.png,dense_text_plus_seg,6,7.5,0.5,20,0.6371,0.4062,38.1111
99053,"A bowl of noodles, meat, broccoli and carrots in a sauce with a fork.","A bowl of noodles mixed with meat, broccoli, carrots, and vegetables sits on a table with a fork resting inside. The colorful ingredients are coated in sauce and arranged casually within the bowl. The close-up perspective focuses attention on the meal while minimizing background distractions.","A bowl of noodles mixed with meat, broccoli, carrots, and vegetables sits on a table with a fork resting inside. The colorful ingredients are coated in sauce and arranged casually within the bowl. The close-up perspective focuses attention on the meal while minimizing background distractions.",/Users/yixiaoz/Desktop/cs348k_proj/outputs/controlNetScale/controlnet_seg/cfg_7p5_control_0p5/000000099053/target.png,/Users/yixiaoz/Desktop/cs348k_proj/outputs/controlNetScale/controlnet_seg/cfg_7p5_control_0p5/000000099053/seg.png,/Users/yixiaoz/Desktop/cs348k_proj/outputs/controlNetScale/controlnet_seg/cfg_7p5_control_0p5/000000099053/generated.png,dense_text_plus_seg,6,7.5,0.5,20,0.7506,0.4286,34.5591
84650,THERE IS A CAT THAT IS SITTION ON TOP OF THE SUITCASE,A cat rests comfortably on top of a large suitcase surrounded by luggage and travel bags. The animal appears relaxed despite sitting among items associated with movement and transportation. The scene suggests preparation for a trip or recent arrival. The contrast between the cat’s calm.,A cat rests comfortably on top of a large suitcase surrounded by luggage and travel bags. The animal appears relaxed despite sitting among items associated with movement and transportation. The scene suggests preparation for a trip or recent arrival. The contrast between the cat’s calm.,/Users/yixiaoz/Desktop/cs348k_proj/outputs/controlNetScale/controlnet_seg/cfg_7p5_control_0p5/000000084650/target.png,/Users/yixiaoz/Desktop/cs348k_proj/outputs/controlNetScale/controlnet_seg/cfg_7p5_control_0p5/000000084650/seg.png,/Users/yixiaoz/Desktop/cs348k_proj/outputs/controlNetScale/controlnet_seg/cfg_7p5_control_0p5/000000084650/generated.png,dense_text_plus_seg,6,7.5,0.5,20,0.6456,0.4453,34.6393
114049,"People inside a commuter train, with their luggage and bicycles.","Passengers stand inside a crowded train car surrounded by luggage, bicycles, and personal belongings. The narrow aisle is filled with travelers preparing for or continuing their journey. Bicycle wheels, suitcases, and overhead fixtures emphasize the transportation setting. The image captures the realities of public transit.","Passengers stand inside a crowded train car surrounded by luggage, bicycles, and personal belongings. The narrow aisle is filled with travelers preparing for or continuing their journey. Bicycle wheels, suitcases, and overhead fixtures emphasize the transportation setting. The image captures the realities of public transit.",/Users/yixiaoz/Desktop/cs348k_proj/outputs/controlNetScale/controlnet_seg/cfg_7p5_control_0p5/000000114049/target.png,/Users/yixiaoz/Desktop/cs348k_proj/outputs/controlNetScale/controlnet_seg/cfg_7p5_control_0p5/000000114049/seg.png,/Users/yixiaoz/Desktop/cs348k_proj/outputs/controlNetScale/controlnet_seg/cfg_7p5_control_0p5/000000114049/generated.png,dense_text_plus_seg,6,7.5,0.5,20,0.6611,0.5844,35.0697
100723,Crown marching in one direction in a lightly attended protest.,"A group of protesters march through a public street carrying signs and banners while moving together in the same direction. Participants of different ages fill the scene, creating a visible demonstration of collective action. The signs suggest support for a social or political cause, while.","A group of protesters march through a public street carrying signs and banners while moving together in the same direction. Participants of different ages fill the scene, creating a visible demonstration of collective action. The signs suggest support for a social or political cause, while.",/Users/yixiaoz/Desktop/cs348k_proj/outputs/controlNetScale/controlnet_seg/cfg_7p5_control_0p5/000000100723/target.png,/Users/yixiaoz/Desktop/cs348k_proj/outputs/controlNetScale/controlnet_seg/cfg_7p5_control_0p5/000000100723/seg.png,/Users/yixiaoz/Desktop/cs348k_proj/outputs/controlNetScale/controlnet_seg/cfg_7p5_control_0p5/000000100723/generated.png,dense_text_plus_seg,6,7.5,0.5,20,0.7109,0.35,28.9827
40471,A painted white kitchen with a refrigerator and an automatic dish washer next to an oven stove.,"A clean white kitchen contains a refrigerator, oven, dishwasher, cabinets, and countertops arranged in a practical layout. Bright lighting reflects off the appliances and tiled surfaces, creating an organized and modern appearance. The room appears ready for cooking and daily household use. The image emphasizes.","A clean white kitchen contains a refrigerator, oven, dishwasher, cabinets, and countertops arranged in a practical layout. Bright lighting reflects off the appliances and tiled surfaces, creating an organized and modern appearance. The room appears ready for cooking and daily household use. The image emphasizes.",/Users/yixiaoz/Desktop/cs348k_proj/outputs/controlNetScale/controlnet_seg/cfg_7p5_control_0p5/000000040471/target.png,/Users/yixiaoz/Desktop/cs348k_proj/outputs/controlNetScale/controlnet_seg/cfg_7p5_control_0p5/000000040471/seg.png,/Users/yixiaoz/Desktop/cs348k_proj/outputs/controlNetScale/controlnet_seg/cfg_7p5_control_0p5/000000040471/generated.png,dense_text_plus_seg,6,7.5,0.5,20,0.6381,0.3988,32.7833
100238,A family standing next to each other while holding frisbees.,"A family stands outdoors together while holding colorful frisbees. Adults and children pose side by side in a grassy area, appearing relaxed and cheerful. The open environment suggests a park, recreational field, or family gathering. Their casual clothing and outdoor setting contribute to a friendly.","A family stands outdoors together while holding colorful frisbees. Adults and children pose side by side in a grassy area, appearing relaxed and cheerful. The open environment suggests a park, recreational field, or family gathering. Their casual clothing and outdoor setting contribute to a friendly.",/Users/yixiaoz/Desktop/cs348k_proj/outputs/controlNetScale/controlnet_seg/cfg_7p5_control_0p5/000000100238/target.png,/Users/yixiaoz/Desktop/cs348k_proj/outputs/controlNetScale/controlnet_seg/cfg_7p5_control_0p5/000000100238/seg.png,/Users/yixiaoz/Desktop/cs348k_proj/outputs/controlNetScale/controlnet_seg/cfg_7p5_control_0p5/000000100238/generated.png,dense_text_plus_seg,6,7.5,0.5,20,0.6627,0.3741,35.0977
39484,A street full of cars that are driving and parked and a group of people sitting outside eating.,"Cars move along a city street lined with buildings, storefronts, and restaurants. Some people sit outside dining establishments while traffic passes through the urban area. Signs, parked vehicles, and commercial activity contribute to a lively downtown atmosphere. The image captures the interaction between transportation, business.","Cars move along a city street lined with buildings, storefronts, and restaurants. Some people sit outside dining establishments while traffic passes through the urban area. Signs, parked vehicles, and commercial activity contribute to a lively downtown atmosphere. The image captures the interaction between transportation, business.",/Users/yixiaoz/Desktop/cs348k_proj/outputs/controlNetScale/controlnet_seg/cfg_7p5_control_0p5/000000039484/target.png,/Users/yixiaoz/Desktop/cs348k_proj/outputs/controlNetScale/controlnet_seg/cfg_7p5_control_0p5/000000039484/seg.png,/Users/yixiaoz/Desktop/cs348k_proj/outputs/controlNetScale/controlnet_seg/cfg_7p5_control_0p5/000000039484/generated.png,dense_text_plus_seg,6,7.5,0.5,20,0.6606,0.3514,28.1636
13729,A group of people playing with a Wii in the living room.,"Several people stand in a living room while playing a Nintendo Wii video game. Participants face a television and appear engaged in the activity, moving their bodies as part of the gameplay. Household furniture, decorations, and open floor space provide room for interaction. The image.","Several people stand in a living room while playing a Nintendo Wii video game. Participants face a television and appear engaged in the activity, moving their bodies as part of the gameplay. Household furniture, decorations, and open floor space provide room for interaction. The image.",/Users/yixiaoz/Desktop/cs348k_proj/outputs/controlNetScale/controlnet_seg/cfg_7p5_control_0p5/000000013729/target.png,/Users/yixiaoz/Desktop/cs348k_proj/outputs/controlNetScale/controlnet_seg/cfg_7p5_control_0p5/000000013729/seg.png,/Users/yixiaoz/Desktop/cs348k_proj/outputs/controlNetScale/controlnet_seg/cfg_7p5_control_0p5/000000013729/generated.png,dense_text_plus_seg,6,7.5,0.5,20,0.7108,0.5297,36.2978
80340,a small child wearing a tie and holding a suitcase with other people in the background,"A small child wearing a dress shirt, tie, and formal clothing stands on a sidewalk holding a rolling suitcase. Adults and other people gather nearby in the background, suggesting a family event, celebration, or travel occasion. The child’s serious posture contrasts with the oversized luggage.","A small child wearing a dress shirt, tie, and formal clothing stands on a sidewalk holding a rolling suitcase. Adults and other people gather nearby in the background, suggesting a family event, celebration, or travel occasion. The child’s serious posture contrasts with the oversized luggage.",/Users/yixiaoz/Desktop/cs348k_proj/outputs/controlNetScale/controlnet_seg/cfg_7p5_control_0p5/000000080340/target.png,/Users/yixiaoz/Desktop/cs348k_proj/outputs/controlNetScale/controlnet_seg/cfg_7p5_control_0p5/000000080340/seg.png,/Users/yixiaoz/Desktop/cs348k_proj/outputs/controlNetScale/controlnet_seg/cfg_7p5_control_0p5/000000080340/generated.png,dense_text_plus_seg,6,7.5,0.5,20,0.5854,0.4223,36.9403
38829,Two boys riding on a single bicycle on a city street,"Two people ride together through a busy city street on a single bicycle while surrounded by scooters, motorcycles, and other commuters. Urban storefronts, signs, and passing vehicles create a lively transportation scene. The riders appear relaxed as they navigate traffic alongside other travelers. The image.","Two people ride together through a busy city street on a single bicycle while surrounded by scooters, motorcycles, and other commuters. Urban storefronts, signs, and passing vehicles create a lively transportation scene. The riders appear relaxed as they navigate traffic alongside other travelers. The image.",/Users/yixiaoz/Desktop/cs348k_proj/outputs/controlNetScale/controlnet_seg/cfg_7p5_control_0p5/000000038829/target.png,/Users/yixiaoz/Desktop/cs348k_proj/outputs/controlNetScale/controlnet_seg/cfg_7p5_control_0p5/000000038829/seg.png,/Users/yixiaoz/Desktop/cs348k_proj/outputs/controlNetScale/controlnet_seg/cfg_7p5_control_0p5/000000038829/generated.png,dense_text_plus_seg,6,7.5,0.5,20,0.7391,0.4671,32.2841
66841,"A whimsical artistic toaster has eyes, a mouth, a nose, spoon feet, spoon ears, and a mixing beater tail.","A whimsical toaster has been creatively decorated with eyes, a nose, spoon-shaped ears, and other objects to resemble a human face. The appliance stands upright in a kitchen or dining area, transforming an ordinary household item into a playful character. Surrounding utensils and decorative elements.","A whimsical toaster has been creatively decorated with eyes, a nose, spoon-shaped ears, and other objects to resemble a human face. The appliance stands upright in a kitchen or dining area, transforming an ordinary household item into a playful character. Surrounding utensils and decorative elements.",/Users/yixiaoz/Desktop/cs348k_proj/outputs/controlNetScale/controlnet_seg/cfg_7p5_control_0p5/000000066841/target.png,/Users/yixiaoz/Desktop/cs348k_proj/outputs/controlNetScale/controlnet_seg/cfg_7p5_control_0p5/000000066841/seg.png,/Users/yixiaoz/Desktop/cs348k_proj/outputs/controlNetScale/controlnet_seg/cfg_7p5_control_0p5/000000066841/generated.png,dense_text_plus_seg,6,7.5,0.5,20,0.7399,0.6332,38.4042
25386,A man and woman are sitting together while the man eats with chopsticks.,"A man and woman sit together at a restaurant table while sharing a meal. Plates of food, chopsticks, drinks, and condiments are arranged in front of them as they look toward the camera. The indoor dining environment appears casual and welcoming. Their expressions suggest a.","A man and woman sit together at a restaurant table while sharing a meal. Plates of food, chopsticks, drinks, and condiments are arranged in front of them as they look toward the camera. The indoor dining environment appears casual and welcoming. Their expressions suggest a.",/Users/yixiaoz/Desktop/cs348k_proj/outputs/controlNetScale/controlnet_seg/cfg_7p5_control_0p5/000000025386/target.png,/Users/yixiaoz/Desktop/cs348k_proj/outputs/controlNetScale/controlnet_seg/cfg_7p5_control_0p5/000000025386/seg.png,/Users/yixiaoz/Desktop/cs348k_proj/outputs/controlNetScale/controlnet_seg/cfg_7p5_control_0p5/000000025386/generated.png,dense_text_plus_seg,6,7.5,0.5,20,0.7083,0.4106,33.4707
83531,A BBQ topped with lots of sausages sitting side by side.,"Several sausages cook on a barbecue grill above glowing heat while metal tongs rest nearby. The close-up perspective focuses on the food as it browns and develops grill marks. Smoke, cooking equipment, and the outdoor setting suggest a backyard gathering or cookout. The image emphasizes.","Several sausages cook on a barbecue grill above glowing heat while metal tongs rest nearby. The close-up perspective focuses on the food as it browns and develops grill marks. Smoke, cooking equipment, and the outdoor setting suggest a backyard gathering or cookout. The image emphasizes.",/Users/yixiaoz/Desktop/cs348k_proj/outputs/controlNetScale/controlnet_seg/cfg_7p5_control_0p5/000000083531/target.png,/Users/yixiaoz/Desktop/cs348k_proj/outputs/controlNetScale/controlnet_seg/cfg_7p5_control_0p5/000000083531/seg.png,/Users/yixiaoz/Desktop/cs348k_proj/outputs/controlNetScale/controlnet_seg/cfg_7p5_control_0p5/000000083531/generated.png,dense_text_plus_seg,6,7.5,0.5,20,0.7392,0.5264,35.3019
98392,"A photo of a busy intersection with a bus, several cars and a clock tower.","A busy city intersection contains multiple cars, a bus, and a prominent clock tower rising above nearby buildings. Traffic moves through the streets while pedestrians and commercial activity contribute to the urban atmosphere. Architectural details and transportation infrastructure create a recognizable downtown setting. The image.","A busy city intersection contains multiple cars, a bus, and a prominent clock tower rising above nearby buildings. Traffic moves through the streets while pedestrians and commercial activity contribute to the urban atmosphere. Architectural details and transportation infrastructure create a recognizable downtown setting. The image.",/Users/yixiaoz/Desktop/cs348k_proj/outputs/controlNetScale/controlnet_seg/cfg_7p5_control_0p5/000000098392/target.png,/Users/yixiaoz/Desktop/cs348k_proj/outputs/controlNetScale/controlnet_seg/cfg_7p5_control_0p5/000000098392/seg.png,/Users/yixiaoz/Desktop/cs348k_proj/outputs/controlNetScale/controlnet_seg/cfg_7p5_control_0p5/000000098392/generated.png,dense_text_plus_seg,6,7.5,0.5,20,0.6583,0.4335,31.1065
12576,An elderly woman seated at a table holding three pizzas.,"An elderly woman sits at a dining table with several pizzas placed in front of her. Glasses, dishes, and table settings suggest a meal shared with others outside the frame. The warm indoor environment creates a comfortable and social atmosphere. The image highlights casual dining.","An elderly woman sits at a dining table with several pizzas placed in front of her. Glasses, dishes, and table settings suggest a meal shared with others outside the frame. The warm indoor environment creates a comfortable and social atmosphere. The image highlights casual dining.",/Users/yixiaoz/Desktop/cs348k_proj/outputs/controlNetScale/controlnet_seg/cfg_7p5_control_0p5/000000012576/target.png,/Users/yixiaoz/Desktop/cs348k_proj/outputs/controlNetScale/controlnet_seg/cfg_7p5_control_0p5/000000012576/seg.png,/Users/yixiaoz/Desktop/cs348k_proj/outputs/controlNetScale/controlnet_seg/cfg_7p5_control_0p5/000000012576/generated.png,dense_text_plus_seg,6,7.5,0.5,20,0.6816,0.5319,38.9837
22705,A woman in a short black dress is holding a champagne flute and standing in front of a refrigerator.,"A woman wearing a black dress stands confidently in a kitchen while holding a champagne flute. Stainless steel appliances, wooden cabinets, and household furnishings form the background. Her posture and expression suggest she may be attending a celebration, gathering, or special occasion. The image combines.","A woman wearing a black dress stands confidently in a kitchen while holding a champagne flute. Stainless steel appliances, wooden cabinets, and household furnishings form the background. Her posture and expression suggest she may be attending a celebration, gathering, or special occasion. The image combines.",/Users/yixiaoz/Desktop/cs348k_proj/outputs/controlNetScale/controlnet_seg/cfg_7p5_control_0p5/000000022705/target.png,/Users/yixiaoz/Desktop/cs348k_proj/outputs/controlNetScale/controlnet_seg/cfg_7p5_control_0p5/000000022705/seg.png,/Users/yixiaoz/Desktop/cs348k_proj/outputs/controlNetScale/controlnet_seg/cfg_7p5_control_0p5/000000022705/generated.png,dense_text_plus_seg,6,7.5,0.5,20,0.6688,0.3992,34.9854
26204,A group of cars waiting at an intersection for the light to change,"Cars wait at an urban intersection lined with buildings, trees, and traffic infrastructure. Vehicles occupy multiple lanes as they pause for a traffic signal before continuing through the city. Sidewalks, storefronts, and street signs contribute to the metropolitan atmosphere. The image emphasizes transportation systems, traffic.","Cars wait at an urban intersection lined with buildings, trees, and traffic infrastructure. Vehicles occupy multiple lanes as they pause for a traffic signal before continuing through the city. Sidewalks, storefronts, and street signs contribute to the metropolitan atmosphere. The image emphasizes transportation systems, traffic.",/Users/yixiaoz/Desktop/cs348k_proj/outputs/controlNetScale/controlnet_seg/cfg_7p5_control_0p5/000000026204/target.png,/Users/yixiaoz/Desktop/cs348k_proj/outputs/controlNetScale/controlnet_seg/cfg_7p5_control_0p5/000000026204/seg.png,/Users/yixiaoz/Desktop/cs348k_proj/outputs/controlNetScale/controlnet_seg/cfg_7p5_control_0p5/000000026204/generated.png,dense_text_plus_seg,6,7.5,0.5,20,0.5425,0.2446,30.4933
31248,"Living room with white chairs and couches, fireplace and books on bookshelves.","A bright living room features white chairs, comfortable couches, bookshelves, and a fireplace serving as the central focal point. Decorative lamps, framed artwork, and neatly arranged furniture create an elegant and inviting atmosphere. Natural light and balanced interior design contribute to the room’s spacious appearance.","A bright living room features white chairs, comfortable couches, bookshelves, and a fireplace serving as the central focal point. Decorative lamps, framed artwork, and neatly arranged furniture create an elegant and inviting atmosphere. Natural light and balanced interior design contribute to the room’s spacious appearance.",/Users/yixiaoz/Desktop/cs348k_proj/outputs/controlNetScale/controlnet_seg/cfg_7p5_control_0p5/000000031248/target.png,/Users/yixiaoz/Desktop/cs348k_proj/outputs/controlNetScale/controlnet_seg/cfg_7p5_control_0p5/000000031248/seg.png,/Users/yixiaoz/Desktop/cs348k_proj/outputs/controlNetScale/controlnet_seg/cfg_7p5_control_0p5/000000031248/generated.png,dense_text_plus_seg,6,7.5,0.5,20,0.5857,0.3555,31.4951
107339,A pretty young lady standing in front of a couch behind a wooden table.,"A woman stands in a modern room near a couch and low wooden tables while another person sits nearby. Bright walls, large windows, and contemporary furniture create a clean and open interior space. The standing woman appears to be speaking, presenting, or interacting with the.","A woman stands in a modern room near a couch and low wooden tables while another person sits nearby. Bright walls, large windows, and contemporary furniture create a clean and open interior space. The standing woman appears to be speaking, presenting, or interacting with the.",/Users/yixiaoz/Desktop/cs348k_proj/outputs/controlNetScale/controlnet_seg/cfg_7p5_control_0p5/000000107339/target.png,/Users/yixiaoz/Desktop/cs348k_proj/outputs/controlNetScale/controlnet_seg/cfg_7p5_control_0p5/000000107339/seg.png,/Users/yixiaoz/Desktop/cs348k_proj/outputs/controlNetScale/controlnet_seg/cfg_7p5_control_0p5/000000107339/generated.png,dense_text_plus_seg,6,7.5,0.5,20,0.7125,0.5057,33.8755
87476,two people standing on the same skateboard and holding each other up.,"Two young people stand together at a public event while holding skateboards and interacting with one another. One person wears a helmet while colorful vehicles and event displays appear in the background. Their posture suggests friendship, instruction, or support during a skateboarding activity. The image.","Two young people stand together at a public event while holding skateboards and interacting with one another. One person wears a helmet while colorful vehicles and event displays appear in the background. Their posture suggests friendship, instruction, or support during a skateboarding activity. The image.",/Users/yixiaoz/Desktop/cs348k_proj/outputs/controlNetScale/controlnet_seg/cfg_7p5_control_0p5/000000087476/target.png,/Users/yixiaoz/Desktop/cs348k_proj/outputs/controlNetScale/controlnet_seg/cfg_7p5_control_0p5/000000087476/seg.png,/Users/yixiaoz/Desktop/cs348k_proj/outputs/controlNetScale/controlnet_seg/cfg_7p5_control_0p5/000000087476/generated.png,dense_text_plus_seg,6,7.5,0.5,20,0.7031,0.4242,38.595
78748,"A couple of motorcycles in front of sign, with people standing around.","Several motorcycles are parked in front of a display area featuring brand signage while people gather nearby. The polished bikes are arranged for viewing, suggesting a motorcycle show, dealership event, or public exhibition. Spectators walk around the display, examining the vehicles and socializing. The image.","Several motorcycles are parked in front of a display area featuring brand signage while people gather nearby. The polished bikes are arranged for viewing, suggesting a motorcycle show, dealership event, or public exhibition. Spectators walk around the display, examining the vehicles and socializing. The image.",/Users/yixiaoz/Desktop/cs348k_proj/outputs/controlNetScale/controlnet_seg/cfg_7p5_control_0p5/000000078748/target.png,/Users/yixiaoz/Desktop/cs348k_proj/outputs/controlNetScale/controlnet_seg/cfg_7p5_control_0p5/000000078748/seg.png,/Users/yixiaoz/Desktop/cs348k_proj/outputs/controlNetScale/controlnet_seg/cfg_7p5_control_0p5/000000078748/generated.png,dense_text_plus_seg,6,7.5,0.5,20,0.7349,0.5362,34.1976
29596,"A room with a couch, table set with dinnerware and a television.","A hotel-style room contains a couch, television, dining table, and neatly arranged place settings. Warm lighting, curtains, and decorative furnishings create a comfortable and welcoming atmosphere. The table is prepared for a meal, suggesting hospitality or room service. The image highlights interior design, temporary accommodations.","A hotel-style room contains a couch, television, dining table, and neatly arranged place settings. Warm lighting, curtains, and decorative furnishings create a comfortable and welcoming atmosphere. The table is prepared for a meal, suggesting hospitality or room service. The image highlights interior design, temporary accommodations.",/Users/yixiaoz/Desktop/cs348k_proj/outputs/controlNetScale/controlnet_seg/cfg_7p5_control_0p5/000000029596/target.png,/Users/yixiaoz/Desktop/cs348k_proj/outputs/controlNetScale/controlnet_seg/cfg_7p5_control_0p5/000000029596/seg.png,/Users/yixiaoz/Desktop/cs348k_proj/outputs/controlNetScale/controlnet_seg/cfg_7p5_control_0p5/000000029596/generated.png,dense_text_plus_seg,6,7.5,0.5,20,0.6237,0.3928,32.3029
33854,"parked cars, motorcycles and buses on a cobblestone parking lot next to a street.","Cars, buses, and motorcycles occupy a cobblestone parking area near a city street lined with buildings. The scene contains multiple forms of transportation gathered within a shared urban space. Pedestrians move through the area while parked vehicles await their drivers. The image captures urban infrastructure.","Cars, buses, and motorcycles occupy a cobblestone parking area near a city street lined with buildings. The scene contains multiple forms of transportation gathered within a shared urban space. Pedestrians move through the area while parked vehicles await their drivers. The image captures urban infrastructure.",/Users/yixiaoz/Desktop/cs348k_proj/outputs/controlNetScale/controlnet_seg/cfg_7p5_control_0p5/000000033854/target.png,/Users/yixiaoz/Desktop/cs348k_proj/outputs/controlNetScale/controlnet_seg/cfg_7p5_control_0p5/000000033854/seg.png,/Users/yixiaoz/Desktop/cs348k_proj/outputs/controlNetScale/controlnet_seg/cfg_7p5_control_0p5/000000033854/generated.png,dense_text_plus_seg,6,7.5,0.5,20,0.6511,0.5203,26.517
36844,a black couch a green chair a red chair a mirror and a ceiling fan,"A living room contains a black couch, colorful chairs, a ceiling fan, and large windows that allow natural light into the space. Various pieces of furniture and decorative items are arranged throughout the room, creating a comfortable residential environment. The layout suggests an area designed.","A living room contains a black couch, colorful chairs, a ceiling fan, and large windows that allow natural light into the space. Various pieces of furniture and decorative items are arranged throughout the room, creating a comfortable residential environment. The layout suggests an area designed.",/Users/yixiaoz/Desktop/cs348k_proj/outputs/controlNetScale/controlnet_seg/cfg_7p5_control_0p5/000000036844/target.png,/Users/yixiaoz/Desktop/cs348k_proj/outputs/controlNetScale/controlnet_seg/cfg_7p5_control_0p5/000000036844/seg.png,/Users/yixiaoz/Desktop/cs348k_proj/outputs/controlNetScale/controlnet_seg/cfg_7p5_control_0p5/000000036844/generated.png,dense_text_plus_seg,6,7.5,0.5,20,0.6856,0.5281,33.632
1000,A group of kids posing for a picture on a tennis court.,A large group of children gather together on a tennis court while posing for a photograph. Some hold tennis equipment while others stand closely beside teammates and friends. The outdoor sports facility provides a bright and energetic setting. Smiles and casual poses suggest a team.,A large group of children gather together on a tennis court while posing for a photograph. Some hold tennis equipment while others stand closely beside teammates and friends. The outdoor sports facility provides a bright and energetic setting. Smiles and casual poses suggest a team.,/Users/yixiaoz/Desktop/cs348k_proj/outputs/controlNetScale/controlnet_seg/cfg_7p5_control_0p5/000000001000/target.png,/Users/yixiaoz/Desktop/cs348k_proj/outputs/controlNetScale/controlnet_seg/cfg_7p5_control_0p5/000000001000/seg.png,/Users/yixiaoz/Desktop/cs348k_proj/outputs/controlNetScale/controlnet_seg/cfg_7p5_control_0p5/000000001000/generated.png,dense_text_plus_seg,6,7.5,0.5,20,0.7132,0.4268,36.714
55528,A man holding a paper bag while showing the camera a toothbrush.,"A man sits in a chair while holding a paper bag and displaying a toothbrush toward the camera. His expression suggests humor or casual conversation as he presents the object. The indoor environment appears relaxed and informal, with household furnishings visible around him. The image.","A man sits in a chair while holding a paper bag and displaying a toothbrush toward the camera. His expression suggests humor or casual conversation as he presents the object. The indoor environment appears relaxed and informal, with household furnishings visible around him. The image.",/Users/yixiaoz/Desktop/cs348k_proj/outputs/controlNetScale/controlnet_seg/cfg_7p5_control_0p5/000000055528/target.png,/Users/yixiaoz/Desktop/cs348k_proj/outputs/controlNetScale/controlnet_seg/cfg_7p5_control_0p5/000000055528/seg.png,/Users/yixiaoz/Desktop/cs348k_proj/outputs/controlNetScale/controlnet_seg/cfg_7p5_control_0p5/000000055528/generated.png,dense_text_plus_seg,6,7.5,0.5,20,0.6754,0.6406,33.8873
2006,City bus driving through pedestrian saturated area near crosswalk.,"A city bus travels through a busy urban area near a crosswalk while pedestrians and vehicles move through the surrounding streets. Buildings, signs, and transportation infrastructure create a dynamic city environment. The bus serves as the focal point, illustrating the role of public transit in.","A city bus travels through a busy urban area near a crosswalk while pedestrians and vehicles move through the surrounding streets. Buildings, signs, and transportation infrastructure create a dynamic city environment. The bus serves as the focal point, illustrating the role of public transit in.",/Users/yixiaoz/Desktop/cs348k_proj/outputs/controlNetScale/controlnet_seg/cfg_7p5_control_0p5/000000002006/target.png,/Users/yixiaoz/Desktop/cs348k_proj/outputs/controlNetScale/controlnet_seg/cfg_7p5_control_0p5/000000002006/seg.png,/Users/yixiaoz/Desktop/cs348k_proj/outputs/controlNetScale/controlnet_seg/cfg_7p5_control_0p5/000000002006/generated.png,dense_text_plus_seg,6,7.5,0.5,20,0.6878,0.3838,33.4984
113720,A couple are enjoying pizza and drinks at the restaurant,"A smiling couple sits together at a restaurant table enjoying pizza, drinks, and conversation. Plates of food and beverages are arranged neatly while the pair look toward the camera. The atmosphere appears relaxed and friendly, suggesting a casual meal shared between friends or partners. The.","A smiling couple sits together at a restaurant table enjoying pizza, drinks, and conversation. Plates of food and beverages are arranged neatly while the pair look toward the camera. The atmosphere appears relaxed and friendly, suggesting a casual meal shared between friends or partners. The.",/Users/yixiaoz/Desktop/cs348k_proj/outputs/controlNetScale/controlnet_seg/cfg_7p5_control_0p5/000000113720/target.png,/Users/yixiaoz/Desktop/cs348k_proj/outputs/controlNetScale/controlnet_seg/cfg_7p5_control_0p5/000000113720/seg.png,/Users/yixiaoz/Desktop/cs348k_proj/outputs/controlNetScale/controlnet_seg/cfg_7p5_control_0p5/000000113720/generated.png,dense_text_plus_seg,6,7.5,0.5,20,0.6722,0.3773,35.9824
52413,"A child holding a pink toy cell phone with ""Princess Aurora"" inside it.",A child holds a pink toy flip phone decorated with imagery inspired by a princess character. The toy is displayed prominently in the foreground while other people and objects appear nearby. Bright colors and playful design elements emphasize childhood interests and imaginative play. The image.,A child holds a pink toy flip phone decorated with imagery inspired by a princess character. The toy is displayed prominently in the foreground while other people and objects appear nearby. Bright colors and playful design elements emphasize childhood interests and imaginative play. The image.,/Users/yixiaoz/Desktop/cs348k_proj/outputs/controlNetScale/controlnet_seg/cfg_7p5_control_0p5/000000052413/target.png,/Users/yixiaoz/Desktop/cs348k_proj/outputs/controlNetScale/controlnet_seg/cfg_7p5_control_0p5/000000052413/seg.png,/Users/yixiaoz/Desktop/cs348k_proj/outputs/controlNetScale/controlnet_seg/cfg_7p5_control_0p5/000000052413/generated.png,dense_text_plus_seg,6,7.5,0.5,20,0.8188,0.4114,39.7097
60932,A man in a suit that is standing in front of a group of people.,"A man dressed in a formal suit stands confidently in front of a group of people at what appears to be a celebration or reception. The black-and-white image captures him smiling and raising a hand while guests gather in the background. Tables, decorations, and formally.","A man dressed in a formal suit stands confidently in front of a group of people at what appears to be a celebration or reception. The black-and-white image captures him smiling and raising a hand while guests gather in the background. Tables, decorations, and formally.",/Users/yixiaoz/Desktop/cs348k_proj/outputs/controlNetScale/controlnet_seg/cfg_7p5_control_0p5/000000060932/target.png,/Users/yixiaoz/Desktop/cs348k_proj/outputs/controlNetScale/controlnet_seg/cfg_7p5_control_0p5/000000060932/seg.png,/Users/yixiaoz/Desktop/cs348k_proj/outputs/controlNetScale/controlnet_seg/cfg_7p5_control_0p5/000000060932/generated.png,dense_text_plus_seg,6,7.5,0.5,20,0.5781,0.3997,37.1049
102805,A man in holds a Frisbee in the parking lot by the river.,"A man wearing a hat stands near a riverside parking area while holding a Frisbee in his hand. Mountains and water stretch across the background, creating a scenic outdoor setting. Several parked vehicles and open space suggest a recreational destination where people gather for leisure.","A man wearing a hat stands near a riverside parking area while holding a Frisbee in his hand. Mountains and water stretch across the background, creating a scenic outdoor setting. Several parked vehicles and open space suggest a recreational destination where people gather for leisure.",/Users/yixiaoz/Desktop/cs348k_proj/outputs/controlNetScale/controlnet_seg/cfg_7p5_control_0p5/000000102805/target.png,/Users/yixiaoz/Desktop/cs348k_proj/outputs/controlNetScale/controlnet_seg/cfg_7p5_control_0p5/000000102805/seg.png,/Users/yixiaoz/Desktop/cs348k_proj/outputs/controlNetScale/controlnet_seg/cfg_7p5_control_0p5/000000102805/generated.png,dense_text_plus_seg,6,7.5,0.5,20,0.6621,0.4381,31.5862
15254,These platters display healthy food choices of two entrees with a side  vegetable and fruit,"A neatly organized lunch container displays a balanced meal consisting of rice, vegetables, fruit, and other healthy foods arranged in separate compartments. Grapes, carrots, and a colorful entrée contribute to the vibrant appearance. The close-up perspective emphasizes nutrition, portioning, and meal preparation. The image reflects.","A neatly organized lunch container displays a balanced meal consisting of rice, vegetables, fruit, and other healthy foods arranged in separate compartments. Grapes, carrots, and a colorful entrée contribute to the vibrant appearance. The close-up perspective emphasizes nutrition, portioning, and meal preparation. The image reflects.",/Users/yixiaoz/Desktop/cs348k_proj/outputs/controlNetScale/controlnet_seg/cfg_7p5_control_0p5/000000015254/target.png,/Users/yixiaoz/Desktop/cs348k_proj/outputs/controlNetScale/controlnet_seg/cfg_7p5_control_0p5/000000015254/seg.png,/Users/yixiaoz/Desktop/cs348k_proj/outputs/controlNetScale/controlnet_seg/cfg_7p5_control_0p5/000000015254/generated.png,dense_text_plus_seg,6,7.5,0.5,20,0.6866,0.2934,38.4803
24567,There is a man looking at a lot if hot dogs in a bun in a pan,"A man wearing a hat looks down at a tray filled with hot dogs arranged in buns. The outdoor setting suggests a barbecue, picnic, or community gathering where food is being prepared and served. Bright colors from the toppings and buns create a festive appearance.","A man wearing a hat looks down at a tray filled with hot dogs arranged in buns. The outdoor setting suggests a barbecue, picnic, or community gathering where food is being prepared and served. Bright colors from the toppings and buns create a festive appearance.",/Users/yixiaoz/Desktop/cs348k_proj/outputs/controlNetScale/controlnet_seg/cfg_7p5_control_0p5/000000024567/target.png,/Users/yixiaoz/Desktop/cs348k_proj/outputs/controlNetScale/controlnet_seg/cfg_7p5_control_0p5/000000024567/seg.png,/Users/yixiaoz/Desktop/cs348k_proj/outputs/controlNetScale/controlnet_seg/cfg_7p5_control_0p5/000000024567/generated.png,dense_text_plus_seg,6,7.5,0.5,20,0.7545,0.497,36.8066
25603,A girl sitting around a table in a restaurant eating a pizza.,"A young girl sits at a restaurant table with a pizza placed in front of her. Glasses, plates, and table settings surround the meal while the warm indoor lighting creates a cozy atmosphere. She looks toward the camera as if waiting to eat or enjoying.","A young girl sits at a restaurant table with a pizza placed in front of her. Glasses, plates, and table settings surround the meal while the warm indoor lighting creates a cozy atmosphere. She looks toward the camera as if waiting to eat or enjoying.",/Users/yixiaoz/Desktop/cs348k_proj/outputs/controlNetScale/controlnet_seg/cfg_7p5_control_0p5/000000025603/target.png,/Users/yixiaoz/Desktop/cs348k_proj/outputs/controlNetScale/controlnet_seg/cfg_7p5_control_0p5/000000025603/seg.png,/Users/yixiaoz/Desktop/cs348k_proj/outputs/controlNetScale/controlnet_seg/cfg_7p5_control_0p5/000000025603/generated.png,dense_text_plus_seg,6,7.5,0.5,20,0.6892,0.5259,34.6026
55150,Two children sit atop their parent's luggage in the parking lot.,"Two children sit atop luggage carts in a parking lot while surrounded by parked vehicles. The scene appears to capture a family trip, airport arrival, or vacation departure. The children seem comfortable and playful as they ride on the luggage. Cars, travel equipment, and open.","Two children sit atop luggage carts in a parking lot while surrounded by parked vehicles. The scene appears to capture a family trip, airport arrival, or vacation departure. The children seem comfortable and playful as they ride on the luggage. Cars, travel equipment, and open.",/Users/yixiaoz/Desktop/cs348k_proj/outputs/controlNetScale/controlnet_seg/cfg_7p5_control_0p5/000000055150/target.png,/Users/yixiaoz/Desktop/cs348k_proj/outputs/controlNetScale/controlnet_seg/cfg_7p5_control_0p5/000000055150/seg.png,/Users/yixiaoz/Desktop/cs348k_proj/outputs/controlNetScale/controlnet_seg/cfg_7p5_control_0p5/000000055150/generated.png,dense_text_plus_seg,6,7.5,0.5,20,0.6613,0.5028,37.376
30828,A person covered with an orange sleeping bag rests his head on a blue back pack as he sleeps on a park bench.,"A person sleeps on a park bench while covered by an orange sleeping bag and resting beside a backpack. The outdoor setting includes grass, trees, and surrounding park features. The image captures a quiet moment of rest in a public space, contrasting the bright colors.","A person sleeps on a park bench while covered by an orange sleeping bag and resting beside a backpack. The outdoor setting includes grass, trees, and surrounding park features. The image captures a quiet moment of rest in a public space, contrasting the bright colors.",/Users/yixiaoz/Desktop/cs348k_proj/outputs/controlNetScale/controlnet_seg/cfg_7p5_control_0p5/000000030828/target.png,/Users/yixiaoz/Desktop/cs348k_proj/outputs/controlNetScale/controlnet_seg/cfg_7p5_control_0p5/000000030828/seg.png,/Users/yixiaoz/Desktop/cs348k_proj/outputs/controlNetScale/controlnet_seg/cfg_7p5_control_0p5/000000030828/generated.png,dense_text_plus_seg,6,7.5,0.5,20,0.7624,0.5264,34.9541
32334,"Two people, a man and a woman, are toasting with wine glasses.","A smiling man and woman hold wine glasses while posing together indoors. The casual setting appears to be a social gathering, dinner, or celebration where friends enjoy food and drinks. Warm lighting and relaxed expressions create a welcoming atmosphere. The image emphasizes companionship, hospitality, and.","A smiling man and woman hold wine glasses while posing together indoors. The casual setting appears to be a social gathering, dinner, or celebration where friends enjoy food and drinks. Warm lighting and relaxed expressions create a welcoming atmosphere. The image emphasizes companionship, hospitality, and.",/Users/yixiaoz/Desktop/cs348k_proj/outputs/controlNetScale/controlnet_seg/cfg_7p5_control_0p5/000000032334/target.png,/Users/yixiaoz/Desktop/cs348k_proj/outputs/controlNetScale/controlnet_seg/cfg_7p5_control_0p5/000000032334/seg.png,/Users/yixiaoz/Desktop/cs348k_proj/outputs/controlNetScale/controlnet_seg/cfg_7p5_control_0p5/000000032334/generated.png,dense_text_plus_seg,6,7.5,0.5,20,0.6187,0.4732,35.3814
92416,A male with a bottled beverage wearing a flower in his lapel.,"A young man wearing formal attire stands outdoors holding a bottled beverage. A flower pinned to his lapel suggests participation in a wedding, graduation, or other ceremonial event. Water and distant scenery form a pleasant background. His posture and clothing indicate a special occasion, while.","A young man wearing formal attire stands outdoors holding a bottled beverage. A flower pinned to his lapel suggests participation in a wedding, graduation, or other ceremonial event. Water and distant scenery form a pleasant background. His posture and clothing indicate a special occasion, while.",/Users/yixiaoz/Desktop/cs348k_proj/outputs/controlNetScale/controlnet_seg/cfg_7p5_control_0p5/000000092416/target.png,/Users/yixiaoz/Desktop/cs348k_proj/outputs/controlNetScale/controlnet_seg/cfg_7p5_control_0p5/000000092416/seg.png,/Users/yixiaoz/Desktop/cs348k_proj/outputs/controlNetScale/controlnet_seg/cfg_7p5_control_0p5/000000092416/generated.png,dense_text_plus_seg,6,7.5,0.5,20,0.5167,0.3488,37.3445
20553,Large stuffed animal posed outdoors as if sitting in a chair with beverages on a table.,A large stuffed animal is arranged outdoors in a desert-like environment while seated in a chair beside beverages and decorative items placed on a small table. The unusual setup creates a humorous and imaginative scene. Open ground and sparse surroundings emphasize the contrast between the.,A large stuffed animal is arranged outdoors in a desert-like environment while seated in a chair beside beverages and decorative items placed on a small table. The unusual setup creates a humorous and imaginative scene. Open ground and sparse surroundings emphasize the contrast between the.,/Users/yixiaoz/Desktop/cs348k_proj/outputs/controlNetScale/controlnet_seg/cfg_7p5_control_0p5/000000020553/target.png,/Users/yixiaoz/Desktop/cs348k_proj/outputs/controlNetScale/controlnet_seg/cfg_7p5_control_0p5/000000020553/seg.png,/Users/yixiaoz/Desktop/cs348k_proj/outputs/controlNetScale/controlnet_seg/cfg_7p5_control_0p5/000000020553/generated.png,dense_text_plus_seg,6,7.5,0.5,20,0.6697,0.5866,42.9628
93437,An older man is wearing a funny hat in his dining room.,"An elderly man wearing a distinctive hat stands inside a dining area or kitchen while smiling toward the camera. Household furnishings and cabinets appear in the background, creating a comfortable domestic setting. His expression suggests warmth and friendliness, while the unusual hat adds character and.","An elderly man wearing a distinctive hat stands inside a dining area or kitchen while smiling toward the camera. Household furnishings and cabinets appear in the background, creating a comfortable domestic setting. His expression suggests warmth and friendliness, while the unusual hat adds character and.",/Users/yixiaoz/Desktop/cs348k_proj/outputs/controlNetScale/controlnet_seg/cfg_7p5_control_0p5/000000093437/target.png,/Users/yixiaoz/Desktop/cs348k_proj/outputs/controlNetScale/controlnet_seg/cfg_7p5_control_0p5/000000093437/seg.png,/Users/yixiaoz/Desktop/cs348k_proj/outputs/controlNetScale/controlnet_seg/cfg_7p5_control_0p5/000000093437/generated.png,dense_text_plus_seg,6,7.5,0.5,20,0.5946,0.3454,37.256
89648,People using electronic devises all facing in the same direction.,"Several people sit in rows while using laptops and other electronic devices. Viewed from above, the scene resembles a classroom, workshop, conference, or training session focused on technology. Participants face the same direction and appear engaged with their screens. The arrangement emphasizes learning, collaboration, and.","Several people sit in rows while using laptops and other electronic devices. Viewed from above, the scene resembles a classroom, workshop, conference, or training session focused on technology. Participants face the same direction and appear engaged with their screens. The arrangement emphasizes learning, collaboration, and.",/Users/yixiaoz/Desktop/cs348k_proj/outputs/controlNetScale/controlnet_seg/cfg_7p5_control_0p5/000000089648/target.png,/Users/yixiaoz/Desktop/cs348k_proj/outputs/controlNetScale/controlnet_seg/cfg_7p5_control_0p5/000000089648/seg.png,/Users/yixiaoz/Desktop/cs348k_proj/outputs/controlNetScale/controlnet_seg/cfg_7p5_control_0p5/000000089648/generated.png,dense_text_plus_seg,6,7.5,0.5,20,0.6203,0.228,31.5495
7574,"A kitchen with two sinks, a counter, detergent, a stove and a refrigerator in it.","A kitchen interior contains wooden cabinets, a refrigerator, a stove, countertops, and cleaning supplies arranged around the room. Various household items are visible near the sink and work surfaces, creating a realistic lived-in appearance. The image emphasizes domestic functionality and organization while showcasing the appliances.","A kitchen interior contains wooden cabinets, a refrigerator, a stove, countertops, and cleaning supplies arranged around the room. Various household items are visible near the sink and work surfaces, creating a realistic lived-in appearance. The image emphasizes domestic functionality and organization while showcasing the appliances.",/Users/yixiaoz/Desktop/cs348k_proj/outputs/controlNetScale/controlnet_seg/cfg_7p5_control_0p5/000000007574/target.png,/Users/yixiaoz/Desktop/cs348k_proj/outputs/controlNetScale/controlnet_seg/cfg_7p5_control_0p5/000000007574/seg.png,/Users/yixiaoz/Desktop/cs348k_proj/outputs/controlNetScale/controlnet_seg/cfg_7p5_control_0p5/000000007574/generated.png,dense_text_plus_seg,6,7.5,0.5,20,0.6564,0.4441,30.5714
88040,"Plates of shrimp, vegetables, and noodles served with tea.","Several plates of food are arranged on a table viewed from above, including shrimp, vegetables, noodles, and accompanying beverages. Bowls, cups, and serving dishes contribute to the inviting dining presentation. The meal appears carefully prepared and shared among multiple people. The image highlights culinary variety.","Several plates of food are arranged on a table viewed from above, including shrimp, vegetables, noodles, and accompanying beverages. Bowls, cups, and serving dishes contribute to the inviting dining presentation. The meal appears carefully prepared and shared among multiple people. The image highlights culinary variety.",/Users/yixiaoz/Desktop/cs348k_proj/outputs/controlNetScale/controlnet_seg/cfg_7p5_control_0p5/000000088040/target.png,/Users/yixiaoz/Desktop/cs348k_proj/outputs/controlNetScale/controlnet_seg/cfg_7p5_control_0p5/000000088040/seg.png,/Users/yixiaoz/Desktop/cs348k_proj/outputs/controlNetScale/controlnet_seg/cfg_7p5_control_0p5/000000088040/generated.png,dense_text_plus_seg,6,7.5,0.5,20,0.6967,0.3651,33.7535
4134,Two men standing next to each other holding hands.,"Two men stand together at a formal event while greeting one another and shaking hands. Other attendees and banquet tables are visible in the background, suggesting a conference, reception, or celebration. Their professional attire and engaged expressions indicate a respectful social interaction. The image highlights.","Two men stand together at a formal event while greeting one another and shaking hands. Other attendees and banquet tables are visible in the background, suggesting a conference, reception, or celebration. Their professional attire and engaged expressions indicate a respectful social interaction. The image highlights.",/Users/yixiaoz/Desktop/cs348k_proj/outputs/controlNetScale/controlnet_seg/cfg_7p5_control_0p5/000000004134/target.png,/Users/yixiaoz/Desktop/cs348k_proj/outputs/controlNetScale/controlnet_seg/cfg_7p5_control_0p5/000000004134/seg.png,/Users/yixiaoz/Desktop/cs348k_proj/outputs/controlNetScale/controlnet_seg/cfg_7p5_control_0p5/000000004134/generated.png,dense_text_plus_seg,6,7.5,0.5,20,0.6468,0.4174,34.9189
39769,Two cats sleeping with a remote control near each of them.,Two cats sleep peacefully on a bright pink blanket with television remotes placed nearby. Their relaxed poses and stretched bodies create a calm and comfortable scene. The indoor setting suggests a living room or bedroom where the animals have chosen a soft resting place. The.,Two cats sleep peacefully on a bright pink blanket with television remotes placed nearby. Their relaxed poses and stretched bodies create a calm and comfortable scene. The indoor setting suggests a living room or bedroom where the animals have chosen a soft resting place. The.,/Users/yixiaoz/Desktop/cs348k_proj/outputs/controlNetScale/controlnet_seg/cfg_7p5_control_0p5/000000039769/target.png,/Users/yixiaoz/Desktop/cs348k_proj/outputs/controlNetScale/controlnet_seg/cfg_7p5_control_0p5/000000039769/seg.png,/Users/yixiaoz/Desktop/cs348k_proj/outputs/controlNetScale/controlnet_seg/cfg_7p5_control_0p5/000000039769/generated.png,dense_text_plus_seg,6,7.5,0.5,20,0.7543,0.4243,34.1605
14439,A group of people standing on a field flying a colorful kite.,"A group of people stand together in a grassy park while flying a large colorful kite. Open space, recreational equipment, and other visitors create a lively outdoor environment. Participants work together to manage the kite as it catches the wind above the field. The image.","A group of people stand together in a grassy park while flying a large colorful kite. Open space, recreational equipment, and other visitors create a lively outdoor environment. Participants work together to manage the kite as it catches the wind above the field. The image.",/Users/yixiaoz/Desktop/cs348k_proj/outputs/controlNetScale/controlnet_seg/cfg_7p5_control_0p5/000000014439/target.png,/Users/yixiaoz/Desktop/cs348k_proj/outputs/controlNetScale/controlnet_seg/cfg_7p5_control_0p5/000000014439/seg.png,/Users/yixiaoz/Desktop/cs348k_proj/outputs/controlNetScale/controlnet_seg/cfg_7p5_control_0p5/000000014439/generated.png,dense_text_plus_seg,6,7.5,0.5,20,0.6308,0.3313,37.0873
104669,"A plate with a meal of meat, potatoes, carrots, and broccoli.","A plate holds a complete meal featuring a piece of meat alongside potatoes, carrots, broccoli, and other vegetables. The arrangement is neatly presented, suggesting a restaurant dish or carefully prepared home-cooked dinner. Bright colors from the vegetables contrast with the darker entrée. The image emphasizes.","A plate holds a complete meal featuring a piece of meat alongside potatoes, carrots, broccoli, and other vegetables. The arrangement is neatly presented, suggesting a restaurant dish or carefully prepared home-cooked dinner. Bright colors from the vegetables contrast with the darker entrée. The image emphasizes.",/Users/yixiaoz/Desktop/cs348k_proj/outputs/controlNetScale/controlnet_seg/cfg_7p5_control_0p5/000000104669/target.png,/Users/yixiaoz/Desktop/cs348k_proj/outputs/controlNetScale/controlnet_seg/cfg_7p5_control_0p5/000000104669/seg.png,/Users/yixiaoz/Desktop/cs348k_proj/outputs/controlNetScale/controlnet_seg/cfg_7p5_control_0p5/000000104669/generated.png,dense_text_plus_seg,6,7.5,0.5,20,0.7475,0.3809,33.0833
11149,A man sitting on a motorcycle near several bicycles with a partially visible person standing nearby.,"A motorcycle is parked near several bicycles while people stand nearby in an outdoor setting. The collection of vehicles suggests a shared recreational or transportation area. Trees, pathways, and surrounding activity contribute to the public atmosphere. The image highlights different modes of personal transportation and.","A motorcycle is parked near several bicycles while people stand nearby in an outdoor setting. The collection of vehicles suggests a shared recreational or transportation area. Trees, pathways, and surrounding activity contribute to the public atmosphere. The image highlights different modes of personal transportation and.",/Users/yixiaoz/Desktop/cs348k_proj/outputs/controlNetScale/controlnet_seg/cfg_7p5_control_0p5/000000011149/target.png,/Users/yixiaoz/Desktop/cs348k_proj/outputs/controlNetScale/controlnet_seg/cfg_7p5_control_0p5/000000011149/seg.png,/Users/yixiaoz/Desktop/cs348k_proj/outputs/controlNetScale/controlnet_seg/cfg_7p5_control_0p5/000000011149/generated.png,dense_text_plus_seg,6,7.5,0.5,20,0.639,0.5305,31.2306
52996,A group of women in military outfits helping other women in a kitchen.,"A group of women wearing military-style uniforms work together in a kitchen while preparing food. Large pots, utensils, and work surfaces indicate an organized cooking effort intended to serve many people. Their coordinated activity reflects teamwork and shared responsibility. The image highlights food preparation, community.","A group of women wearing military-style uniforms work together in a kitchen while preparing food. Large pots, utensils, and work surfaces indicate an organized cooking effort intended to serve many people. Their coordinated activity reflects teamwork and shared responsibility. The image highlights food preparation, community.",/Users/yixiaoz/Desktop/cs348k_proj/outputs/controlNetScale/controlnet_seg/cfg_7p5_control_0p5/000000052996/target.png,/Users/yixiaoz/Desktop/cs348k_proj/outputs/controlNetScale/controlnet_seg/cfg_7p5_control_0p5/000000052996/seg.png,/Users/yixiaoz/Desktop/cs348k_proj/outputs/controlNetScale/controlnet_seg/cfg_7p5_control_0p5/000000052996/generated.png,dense_text_plus_seg,6,7.5,0.5,20,0.6393,0.5427,36.686
30213,"The picture shows the interior of a kitchen, with vintage refrigerator, stove, and other appliances.","The interior of a vintage-style kitchen is filled with retro appliances, patterned wallpaper, wooden cabinets, and decorative household items. A classic refrigerator, stove, sink, and dining furniture create a nostalgic atmosphere reminiscent of mid-century home design. Various utensils, containers, and decorations are arranged throughout the.","The interior of a vintage-style kitchen is filled with retro appliances, patterned wallpaper, wooden cabinets, and decorative household items. A classic refrigerator, stove, sink, and dining furniture create a nostalgic atmosphere reminiscent of mid-century home design. Various utensils, containers, and decorations are arranged throughout the.",/Users/yixiaoz/Desktop/cs348k_proj/outputs/controlNetScale/controlnet_seg/cfg_7p5_control_0p5/000000030213/target.png,/Users/yixiaoz/Desktop/cs348k_proj/outputs/controlNetScale/controlnet_seg/cfg_7p5_control_0p5/000000030213/seg.png,/Users/yixiaoz/Desktop/cs348k_proj/outputs/controlNetScale/controlnet_seg/cfg_7p5_control_0p5/000000030213/generated.png,dense_text_plus_seg,6,7.5,0.5,20,0.7294,0.4129,34.4571
56127,"A room with a fire extinguisher, mugs hanging from a shelf and several lights.","A narrow interior room contains shelves lined with mugs, a fire extinguisher, counters, hanging lights, and decorative details. Warm lighting and colorful walls create a welcoming atmosphere that resembles a small café, restaurant service area, or compact workspace. The room is carefully organized to maximize.","A narrow interior room contains shelves lined with mugs, a fire extinguisher, counters, hanging lights, and decorative details. Warm lighting and colorful walls create a welcoming atmosphere that resembles a small café, restaurant service area, or compact workspace. The room is carefully organized to maximize.",/Users/yixiaoz/Desktop/cs348k_proj/outputs/controlNetScale/controlnet_seg/cfg_7p5_control_0p5/000000056127/target.png,/Users/yixiaoz/Desktop/cs348k_proj/outputs/controlNetScale/controlnet_seg/cfg_7p5_control_0p5/000000056127/seg.png,/Users/yixiaoz/Desktop/cs348k_proj/outputs/controlNetScale/controlnet_seg/cfg_7p5_control_0p5/000000056127/generated.png,dense_text_plus_seg,6,7.5,0.5,20,0.7233,0.4458,32.2934
84031,A batter swinging a bat at a baseball with the catcher and umpire behind him.,A baseball player swings at a pitch while the catcher and umpire closely follow the action behind home plate. The game takes place on a well-maintained field surrounded by spectators and stadium structures. The batter’s posture captures the intensity and timing required in competitive baseball.,A baseball player swings at a pitch while the catcher and umpire closely follow the action behind home plate. The game takes place on a well-maintained field surrounded by spectators and stadium structures. The batter’s posture captures the intensity and timing required in competitive baseball.,/Users/yixiaoz/Desktop/cs348k_proj/outputs/controlNetScale/controlnet_seg/cfg_7p5_control_0p5/000000084031/target.png,/Users/yixiaoz/Desktop/cs348k_proj/outputs/controlNetScale/controlnet_seg/cfg_7p5_control_0p5/000000084031/seg.png,/Users/yixiaoz/Desktop/cs348k_proj/outputs/controlNetScale/controlnet_seg/cfg_7p5_control_0p5/000000084031/generated.png,dense_text_plus_seg,6,7.5,0.5,20,0.7072,0.5515,33.3387
74209,A black and stainless steel kitchen with a snack bar and bar stools.,"A modern kitchen features stainless steel appliances, polished countertops, pendant lighting, and a snack bar lined with stools. The clean design emphasizes contemporary architecture and efficient use of space. Cabinets, sinks, and work surfaces are neatly arranged to support cooking and dining activities. The room.","A modern kitchen features stainless steel appliances, polished countertops, pendant lighting, and a snack bar lined with stools. The clean design emphasizes contemporary architecture and efficient use of space. Cabinets, sinks, and work surfaces are neatly arranged to support cooking and dining activities. The room.",/Users/yixiaoz/Desktop/cs348k_proj/outputs/controlNetScale/controlnet_seg/cfg_7p5_control_0p5/000000074209/target.png,/Users/yixiaoz/Desktop/cs348k_proj/outputs/controlNetScale/controlnet_seg/cfg_7p5_control_0p5/000000074209/seg.png,/Users/yixiaoz/Desktop/cs348k_proj/outputs/controlNetScale/controlnet_seg/cfg_7p5_control_0p5/000000074209/generated.png,dense_text_plus_seg,6,7.5,0.5,20,0.6453,0.4227,30.9386
52891,A dog walking on the beach with a frizzbe in his month.,"A dog stands on a sandy beach while carrying a bright yellow frisbee in its mouth. Ocean water, waves, and distant shoreline scenery create a scenic coastal backdrop. The animal appears alert and energetic, as if engaged in a game of fetch with its owner.","A dog stands on a sandy beach while carrying a bright yellow frisbee in its mouth. Ocean water, waves, and distant shoreline scenery create a scenic coastal backdrop. The animal appears alert and energetic, as if engaged in a game of fetch with its owner.",/Users/yixiaoz/Desktop/cs348k_proj/outputs/controlNetScale/controlnet_seg/cfg_7p5_control_0p5/000000052891/target.png,/Users/yixiaoz/Desktop/cs348k_proj/outputs/controlNetScale/controlnet_seg/cfg_7p5_control_0p5/000000052891/seg.png,/Users/yixiaoz/Desktop/cs348k_proj/outputs/controlNetScale/controlnet_seg/cfg_7p5_control_0p5/000000052891/generated.png,dense_text_plus_seg,6,7.5,0.5,20,0.6348,0.4199,38.313
99039,Plates of food and two glasses of red wine are on a table.,Several plates of food and two glasses of red wine are arranged on a table beside a large window overlooking greenery and nearby buildings. The setting appears to be a restaurant or dining area where people are enjoying a meal together. Soft natural light enters.,Several plates of food and two glasses of red wine are arranged on a table beside a large window overlooking greenery and nearby buildings. The setting appears to be a restaurant or dining area where people are enjoying a meal together. Soft natural light enters.,/Users/yixiaoz/Desktop/cs348k_proj/outputs/controlNetScale/controlnet_seg/cfg_7p5_control_0p5/000000099039/target.png,/Users/yixiaoz/Desktop/cs348k_proj/outputs/controlNetScale/controlnet_seg/cfg_7p5_control_0p5/000000099039/seg.png,/Users/yixiaoz/Desktop/cs348k_proj/outputs/controlNetScale/controlnet_seg/cfg_7p5_control_0p5/000000099039/generated.png,dense_text_plus_seg,6,7.5,0.5,20,0.6691,0.5243,33.788
66635,"An apple computer monitor, keyboard and mouse sits on top of a clean wooden desk.","An Apple desktop computer sits on a clean wooden desk alongside a keyboard and mouse. The workspace is simple, organized, and free from clutter, emphasizing productivity and focus. The monitor occupies the center of the arrangement while the surrounding furniture provides ample working space. The.","An Apple desktop computer sits on a clean wooden desk alongside a keyboard and mouse. The workspace is simple, organized, and free from clutter, emphasizing productivity and focus. The monitor occupies the center of the arrangement while the surrounding furniture provides ample working space. The.",/Users/yixiaoz/Desktop/cs348k_proj/outputs/controlNetScale/controlnet_seg/cfg_7p5_control_0p5/000000066635/target.png,/Users/yixiaoz/Desktop/cs348k_proj/outputs/controlNetScale/controlnet_seg/cfg_7p5_control_0p5/000000066635/seg.png,/Users/yixiaoz/Desktop/cs348k_proj/outputs/controlNetScale/controlnet_seg/cfg_7p5_control_0p5/000000066635/generated.png,dense_text_plus_seg,6,7.5,0.5,20,0.642,0.271,33.4778
107226,Men race on wheeled vehicles towed by a group of husky dogs.,Competitors participate in a dog-powered racing event where huskies pull wheeled vehicles through an outdoor course. Spectators gather nearby to watch the action while handlers guide the dogs. The animals appear strong and energetic as they work together as a team. The image highlights sporting.,Competitors participate in a dog-powered racing event where huskies pull wheeled vehicles through an outdoor course. Spectators gather nearby to watch the action while handlers guide the dogs. The animals appear strong and energetic as they work together as a team. The image highlights sporting.,/Users/yixiaoz/Desktop/cs348k_proj/outputs/controlNetScale/controlnet_seg/cfg_7p5_control_0p5/000000107226/target.png,/Users/yixiaoz/Desktop/cs348k_proj/outputs/controlNetScale/controlnet_seg/cfg_7p5_control_0p5/000000107226/seg.png,/Users/yixiaoz/Desktop/cs348k_proj/outputs/controlNetScale/controlnet_seg/cfg_7p5_control_0p5/000000107226/generated.png,dense_text_plus_seg,6,7.5,0.5,20,0.7528,0.476,38.5804
14038,A kitchen with hard wood floors and a yellow smiley face balloon.,"A living room decorated for a celebration contains colorful balloons, furniture, and a large yellow smiley-face balloon suspended near the ceiling. The room features wooden flooring, entertainment equipment, and decorative touches that create a festive atmosphere. The arrangement suggests a birthday party or social gathering.","A living room decorated for a celebration contains colorful balloons, furniture, and a large yellow smiley-face balloon suspended near the ceiling. The room features wooden flooring, entertainment equipment, and decorative touches that create a festive atmosphere. The arrangement suggests a birthday party or social gathering.",/Users/yixiaoz/Desktop/cs348k_proj/outputs/controlNetScale/controlnet_seg/cfg_7p5_control_0p5/000000014038/target.png,/Users/yixiaoz/Desktop/cs348k_proj/outputs/controlNetScale/controlnet_seg/cfg_7p5_control_0p5/000000014038/seg.png,/Users/yixiaoz/Desktop/cs348k_proj/outputs/controlNetScale/controlnet_seg/cfg_7p5_control_0p5/000000014038/generated.png,dense_text_plus_seg,6,7.5,0.5,20,0.7932,0.5299,40.5462
114884,"A woman with a cigarette standing, while a group of people with luggage walk towards a bus.","A woman stands inside a transportation terminal while travelers carrying luggage move through the background toward buses or other transit services. The spacious facility contains seating areas, structural supports, and signs associated with public transportation. People appear focused on their journeys as they navigate the.","A woman stands inside a transportation terminal while travelers carrying luggage move through the background toward buses or other transit services. The spacious facility contains seating areas, structural supports, and signs associated with public transportation. People appear focused on their journeys as they navigate the.",/Users/yixiaoz/Desktop/cs348k_proj/outputs/controlNetScale/controlnet_seg/cfg_7p5_control_0p5/000000114884/target.png,/Users/yixiaoz/Desktop/cs348k_proj/outputs/controlNetScale/controlnet_seg/cfg_7p5_control_0p5/000000114884/seg.png,/Users/yixiaoz/Desktop/cs348k_proj/outputs/controlNetScale/controlnet_seg/cfg_7p5_control_0p5/000000114884/generated.png,dense_text_plus_seg,6,7.5,0.5,20,0.6572,0.4702,30.9852
12120,A couple of women playing a game of tennis on a tennis court.,"Two women compete in a tennis match on a professional court surrounded by spectators and stadium seating. Both athletes focus intensely on the ball as they move across the blue playing surface. The sporting venue includes advertising displays, officials, and fans observing the competition. The.","Two women compete in a tennis match on a professional court surrounded by spectators and stadium seating. Both athletes focus intensely on the ball as they move across the blue playing surface. The sporting venue includes advertising displays, officials, and fans observing the competition. The.",/Users/yixiaoz/Desktop/cs348k_proj/outputs/controlNetScale/controlnet_seg/cfg_7p5_control_0p5/000000012120/target.png,/Users/yixiaoz/Desktop/cs348k_proj/outputs/controlNetScale/controlnet_seg/cfg_7p5_control_0p5/000000012120/seg.png,/Users/yixiaoz/Desktop/cs348k_proj/outputs/controlNetScale/controlnet_seg/cfg_7p5_control_0p5/000000012120/generated.png,dense_text_plus_seg,6,7.5,0.5,20,0.7669,0.4201,35.5032
87470,a big heard of cows walking down a road in a row with green tags on their ears,A large herd of cattle walks together along a rural road bordered by open countryside. The animals move in an organized line while green ear tags help identify members of the herd. Rolling terrain and natural vegetation create an agricultural landscape in the background. The.,A large herd of cattle walks together along a rural road bordered by open countryside. The animals move in an organized line while green ear tags help identify members of the herd. Rolling terrain and natural vegetation create an agricultural landscape in the background. The.,/Users/yixiaoz/Desktop/cs348k_proj/outputs/controlNetScale/controlnet_seg/cfg_7p5_control_0p5/000000087470/target.png,/Users/yixiaoz/Desktop/cs348k_proj/outputs/controlNetScale/controlnet_seg/cfg_7p5_control_0p5/000000087470/seg.png,/Users/yixiaoz/Desktop/cs348k_proj/outputs/controlNetScale/controlnet_seg/cfg_7p5_control_0p5/000000087470/generated.png,dense_text_plus_seg,6,7.5,0.5,20,0.5991,0.3773,32.2705
41872,"A bedroom with  a large bed facing a fireplace that has a television over the top of it, in a shelf space.","A comfortable bedroom contains a large bed, fireplace, television, built-in shelving, and warm lighting. Soft furnishings and decorative details create a relaxing atmosphere designed for rest and comfort. The layout resembles a hotel suite or upscale residential bedroom where entertainment and relaxation are combined in.","A comfortable bedroom contains a large bed, fireplace, television, built-in shelving, and warm lighting. Soft furnishings and decorative details create a relaxing atmosphere designed for rest and comfort. The layout resembles a hotel suite or upscale residential bedroom where entertainment and relaxation are combined in.",/Users/yixiaoz/Desktop/cs348k_proj/outputs/controlNetScale/controlnet_seg/cfg_7p5_control_0p5/000000041872/target.png,/Users/yixiaoz/Desktop/cs348k_proj/outputs/controlNetScale/controlnet_seg/cfg_7p5_control_0p5/000000041872/seg.png,/Users/yixiaoz/Desktop/cs348k_proj/outputs/controlNetScale/controlnet_seg/cfg_7p5_control_0p5/000000041872/generated.png,dense_text_plus_seg,6,7.5,0.5,20,0.7955,0.5019,30.116
60899,The young boy is playing in the living room of his house.,"A young boy plays in a living room while raising an object above his head. Household furniture, rugs, and natural light create a comfortable domestic setting. The child appears energetic and engaged in imaginative play. The image captures a candid family moment that reflects childhood.","A young boy plays in a living room while raising an object above his head. Household furniture, rugs, and natural light create a comfortable domestic setting. The child appears energetic and engaged in imaginative play. The image captures a candid family moment that reflects childhood.",/Users/yixiaoz/Desktop/cs348k_proj/outputs/controlNetScale/controlnet_seg/cfg_7p5_control_0p5/000000060899/target.png,/Users/yixiaoz/Desktop/cs348k_proj/outputs/controlNetScale/controlnet_seg/cfg_7p5_control_0p5/000000060899/seg.png,/Users/yixiaoz/Desktop/cs348k_proj/outputs/controlNetScale/controlnet_seg/cfg_7p5_control_0p5/000000060899/generated.png,dense_text_plus_seg,6,7.5,0.5,20,0.6745,0.592,35.6076
46872,a man standing next to a truck with some stuff on it,"A man stands beside a flatbed truck loaded with large industrial materials and equipment. The outdoor setting suggests a construction, transportation, or delivery operation. The truck occupies most of the scene while the worker appears to inspect or supervise the cargo. The image highlights logistics.","A man stands beside a flatbed truck loaded with large industrial materials and equipment. The outdoor setting suggests a construction, transportation, or delivery operation. The truck occupies most of the scene while the worker appears to inspect or supervise the cargo. The image highlights logistics.",/Users/yixiaoz/Desktop/cs348k_proj/outputs/controlNetScale/controlnet_seg/cfg_7p5_control_0p5/000000046872/target.png,/Users/yixiaoz/Desktop/cs348k_proj/outputs/controlNetScale/controlnet_seg/cfg_7p5_control_0p5/000000046872/seg.png,/Users/yixiaoz/Desktop/cs348k_proj/outputs/controlNetScale/controlnet_seg/cfg_7p5_control_0p5/000000046872/generated.png,dense_text_plus_seg,6,7.5,0.5,20,0.6169,0.5591,31.4063
33638,A woman wearing shorts bends over a frying pan on a stove.,"A woman bends over a stove while preparing food in a traditional kitchen. Pots, utensils, and cooking equipment surround her as she works on a meal. The room contains functional appliances and furnishings that support everyday household cooking. The image emphasizes domestic life, food preparation.","A woman bends over a stove while preparing food in a traditional kitchen. Pots, utensils, and cooking equipment surround her as she works on a meal. The room contains functional appliances and furnishings that support everyday household cooking. The image emphasizes domestic life, food preparation.",/Users/yixiaoz/Desktop/cs348k_proj/outputs/controlNetScale/controlnet_seg/cfg_7p5_control_0p5/000000033638/target.png,/Users/yixiaoz/Desktop/cs348k_proj/outputs/controlNetScale/controlnet_seg/cfg_7p5_control_0p5/000000033638/seg.png,/Users/yixiaoz/Desktop/cs348k_proj/outputs/controlNetScale/controlnet_seg/cfg_7p5_control_0p5/000000033638/generated.png,dense_text_plus_seg,6,7.5,0.5,20,0.8331,0.6758,35.3434
66038,The father and daughter are under an umbrella on the beach.,"A father and daughter relax beneath colorful beach umbrellas near the shoreline. Sand, water, and bright weather create a pleasant coastal environment suited for recreation and family outings. The pair appear comfortable as they spend time together enjoying the outdoors. The image highlights family relationships.","A father and daughter relax beneath colorful beach umbrellas near the shoreline. Sand, water, and bright weather create a pleasant coastal environment suited for recreation and family outings. The pair appear comfortable as they spend time together enjoying the outdoors. The image highlights family relationships.",/Users/yixiaoz/Desktop/cs348k_proj/outputs/controlNetScale/controlnet_seg/cfg_7p5_control_0p5/000000066038/target.png,/Users/yixiaoz/Desktop/cs348k_proj/outputs/controlNetScale/controlnet_seg/cfg_7p5_control_0p5/000000066038/seg.png,/Users/yixiaoz/Desktop/cs348k_proj/outputs/controlNetScale/controlnet_seg/cfg_7p5_control_0p5/000000066038/generated.png,dense_text_plus_seg,6,7.5,0.5,20,0.6978,0.3777,36.9105
86582,A person watering plants with a computer in the foreground.,"A laptop computer sits prominently in the foreground while a person tends plants in the background. Potted plants, gardening supplies, and outdoor views create a peaceful setting that combines technology with nature. The scene suggests remote work, personal projects, or a lifestyle that balances digital.","A laptop computer sits prominently in the foreground while a person tends plants in the background. Potted plants, gardening supplies, and outdoor views create a peaceful setting that combines technology with nature. The scene suggests remote work, personal projects, or a lifestyle that balances digital.",/Users/yixiaoz/Desktop/cs348k_proj/outputs/controlNetScale/controlnet_seg/cfg_7p5_control_0p5/000000086582/target.png,/Users/yixiaoz/Desktop/cs348k_proj/outputs/controlNetScale/controlnet_seg/cfg_7p5_control_0p5/000000086582/seg.png,/Users/yixiaoz/Desktop/cs348k_proj/outputs/controlNetScale/controlnet_seg/cfg_7p5_control_0p5/000000086582/generated.png,dense_text_plus_seg,6,7.5,0.5,20,0.6981,0.4334,38.3693
32610,Assortment of laptop computers displayed on table with backpacks full of electronic cords.,"Multiple laptop computers, backpacks, cables, and electronic accessories are displayed across a table. The collection of equipment suggests a workshop, conference, classroom, or technology-focused event. Devices are arranged side by side, emphasizing preparation and connectivity. The image highlights digital tools used for communication, learning, and.","Multiple laptop computers, backpacks, cables, and electronic accessories are displayed across a table. The collection of equipment suggests a workshop, conference, classroom, or technology-focused event. Devices are arranged side by side, emphasizing preparation and connectivity. The image highlights digital tools used for communication, learning, and.",/Users/yixiaoz/Desktop/cs348k_proj/outputs/controlNetScale/controlnet_seg/cfg_7p5_control_0p5/000000032610/target.png,/Users/yixiaoz/Desktop/cs348k_proj/outputs/controlNetScale/controlnet_seg/cfg_7p5_control_0p5/000000032610/seg.png,/Users/yixiaoz/Desktop/cs348k_proj/outputs/controlNetScale/controlnet_seg/cfg_7p5_control_0p5/000000032610/generated.png,dense_text_plus_seg,6,7.5,0.5,20,0.6986,0.4977,31.5392
8021,An audience is looking at an film of a man taking that is projected onto a wall.,"A speaker stands in front of a large projected image while addressing an audience seated in a darkened room. The presentation appears to be part of a conference, lecture, or public event. Audience members focus on the stage while the presenter gestures toward visual material.","A speaker stands in front of a large projected image while addressing an audience seated in a darkened room. The presentation appears to be part of a conference, lecture, or public event. Audience members focus on the stage while the presenter gestures toward visual material.",/Users/yixiaoz/Desktop/cs348k_proj/outputs/controlNetScale/controlnet_seg/cfg_7p5_control_0p5/000000008021/target.png,/Users/yixiaoz/Desktop/cs348k_proj/outputs/controlNetScale/controlnet_seg/cfg_7p5_control_0p5/000000008021/seg.png,/Users/yixiaoz/Desktop/cs348k_proj/outputs/controlNetScale/controlnet_seg/cfg_7p5_control_0p5/000000008021/generated.png,dense_text_plus_seg,6,7.5,0.5,20,0.7273,0.5294,31.9262
81738,Someone about to cut and birthday cake with blue and yellow frosting.,"A rectangular birthday cake decorated with blue and yellow frosting sits on a kitchen counter while a person uses a knife to cut into it. The cake appears homemade or specially prepared for a celebration, with decorative writing and icing patterns spread across the surface.","A rectangular birthday cake decorated with blue and yellow frosting sits on a kitchen counter while a person uses a knife to cut into it. The cake appears homemade or specially prepared for a celebration, with decorative writing and icing patterns spread across the surface.",/Users/yixiaoz/Desktop/cs348k_proj/outputs/controlNetScale/controlnet_seg/cfg_7p5_control_0p5/000000081738/target.png,/Users/yixiaoz/Desktop/cs348k_proj/outputs/controlNetScale/controlnet_seg/cfg_7p5_control_0p5/000000081738/seg.png,/Users/yixiaoz/Desktop/cs348k_proj/outputs/controlNetScale/controlnet_seg/cfg_7p5_control_0p5/000000081738/generated.png,dense_text_plus_seg,6,7.5,0.5,20,0.7685,0.5567,39.2067
94944,A skier on skies and a snowboarder carrying a snowboard on a mountain slope.,"Several people are gathered on a snowy mountain slope surrounded by dramatic alpine scenery and distant snow-covered peaks. One individual carries a snowboard while others prepare equipment or rest nearby. The expansive landscape dominates the background, emphasizing the scale of the mountainous environment. The image.","Several people are gathered on a snowy mountain slope surrounded by dramatic alpine scenery and distant snow-covered peaks. One individual carries a snowboard while others prepare equipment or rest nearby. The expansive landscape dominates the background, emphasizing the scale of the mountainous environment. The image.",/Users/yixiaoz/Desktop/cs348k_proj/outputs/controlNetScale/controlnet_seg/cfg_7p5_control_0p5/000000094944/target.png,/Users/yixiaoz/Desktop/cs348k_proj/outputs/controlNetScale/controlnet_seg/cfg_7p5_control_0p5/000000094944/seg.png,/Users/yixiaoz/Desktop/cs348k_proj/outputs/controlNetScale/controlnet_seg/cfg_7p5_control_0p5/000000094944/generated.png,dense_text_plus_seg,6,7.5,0.5,20,0.5857,0.3997,30.3398
48504,A brown and a gray elephant are in a circus ring and the brown elephant is walking behind the gray elephant as well as two people training them are standing nearby.,Two elephants stand inside a large indoor training or exhibition space while handlers supervise them nearby. One elephant follows behind the other as they move across the floor beneath overhead lighting and structural beams. Equipment and barriers suggest a controlled environment designed for animal care.,Two elephants stand inside a large indoor training or exhibition space while handlers supervise them nearby. One elephant follows behind the other as they move across the floor beneath overhead lighting and structural beams. Equipment and barriers suggest a controlled environment designed for animal care.,/Users/yixiaoz/Desktop/cs348k_proj/outputs/controlNetScale/controlnet_seg/cfg_7p5_control_0p5/000000048504/target.png,/Users/yixiaoz/Desktop/cs348k_proj/outputs/controlNetScale/controlnet_seg/cfg_7p5_control_0p5/000000048504/seg.png,/Users/yixiaoz/Desktop/cs348k_proj/outputs/controlNetScale/controlnet_seg/cfg_7p5_control_0p5/000000048504/generated.png,dense_text_plus_seg,6,7.5,0.5,20,0.6272,0.5162,40.7786
69213,Two men who are wearing suits and hats standing next to each other.,"Two men wearing dark suits and matching hats stand side by side outdoors while looking toward the camera. Their formal attire contrasts with the busy background, where people and vehicles are visible. The pair appear composed and confident, suggesting they may be attending a formal.","Two men wearing dark suits and matching hats stand side by side outdoors while looking toward the camera. Their formal attire contrasts with the busy background, where people and vehicles are visible. The pair appear composed and confident, suggesting they may be attending a formal.",/Users/yixiaoz/Desktop/cs348k_proj/outputs/controlNetScale/controlnet_seg/cfg_7p5_control_0p5/000000069213/target.png,/Users/yixiaoz/Desktop/cs348k_proj/outputs/controlNetScale/controlnet_seg/cfg_7p5_control_0p5/000000069213/seg.png,/Users/yixiaoz/Desktop/cs348k_proj/outputs/controlNetScale/controlnet_seg/cfg_7p5_control_0p5/000000069213/generated.png,dense_text_plus_seg,6,7.5,0.5,20,0.5898,0.3782,35.1557
44877,Two people are in a wheelchair and only one of them is holding a racket.,"Two people are positioned on a tennis court, one seated in a wheelchair while holding a tennis racket. The scene highlights adaptive sports and athletic participation regardless of physical ability. Both individuals focus on the activity taking place on the court, surrounded by fencing and.","Two people are positioned on a tennis court, one seated in a wheelchair while holding a tennis racket. The scene highlights adaptive sports and athletic participation regardless of physical ability. Both individuals focus on the activity taking place on the court, surrounded by fencing and.",/Users/yixiaoz/Desktop/cs348k_proj/outputs/controlNetScale/controlnet_seg/cfg_7p5_control_0p5/000000044877/target.png,/Users/yixiaoz/Desktop/cs348k_proj/outputs/controlNetScale/controlnet_seg/cfg_7p5_control_0p5/000000044877/seg.png,/Users/yixiaoz/Desktop/cs348k_proj/outputs/controlNetScale/controlnet_seg/cfg_7p5_control_0p5/000000044877/generated.png,dense_text_plus_seg,6,7.5,0.5,20,0.7397,0.3883,34.1476
74058,A sidewalk next to the outdoor sitting area of a restaurant.,"A black-and-white street scene shows a sidewalk café or restaurant with outdoor seating positioned beside a busy road. Bicycles are parked nearby while tables and chairs extend beneath awnings. Cars line the street and pedestrians move through the area. The monochrome presentation emphasizes geometry, shadows.","A black-and-white street scene shows a sidewalk café or restaurant with outdoor seating positioned beside a busy road. Bicycles are parked nearby while tables and chairs extend beneath awnings. Cars line the street and pedestrians move through the area. The monochrome presentation emphasizes geometry, shadows.",/Users/yixiaoz/Desktop/cs348k_proj/outputs/controlNetScale/controlnet_seg/cfg_7p5_control_0p5/000000074058/target.png,/Users/yixiaoz/Desktop/cs348k_proj/outputs/controlNetScale/controlnet_seg/cfg_7p5_control_0p5/000000074058/seg.png,/Users/yixiaoz/Desktop/cs348k_proj/outputs/controlNetScale/controlnet_seg/cfg_7p5_control_0p5/000000074058/generated.png,dense_text_plus_seg,6,7.5,0.5,20,0.6544,0.408,33.9442
69356,An Indian woman stands in front of a man selling his fruit,"A fruit vendor stands beside a colorful outdoor market stall filled with oranges, bananas, and other produce. A woman stands nearby while additional people move through the area. Trees and buildings line the background, suggesting a neighborhood street market. The image highlights small-scale commerce, local.","A fruit vendor stands beside a colorful outdoor market stall filled with oranges, bananas, and other produce. A woman stands nearby while additional people move through the area. Trees and buildings line the background, suggesting a neighborhood street market. The image highlights small-scale commerce, local.",/Users/yixiaoz/Desktop/cs348k_proj/outputs/controlNetScale/controlnet_seg/cfg_7p5_control_0p5/000000069356/target.png,/Users/yixiaoz/Desktop/cs348k_proj/outputs/controlNetScale/controlnet_seg/cfg_7p5_control_0p5/000000069356/seg.png,/Users/yixiaoz/Desktop/cs348k_proj/outputs/controlNetScale/controlnet_seg/cfg_7p5_control_0p5/000000069356/generated.png,dense_text_plus_seg,6,7.5,0.5,20,0.7157,0.3622,34.6407
57232,A chair is fashioned from baseball bats and two cushions.,"A chair has been creatively constructed from baseball bats and cushioned seating materials, transforming sporting equipment into functional furniture. Additional decorative items, including a globe and various objects, surround the unusual piece. The craftsmanship demonstrates artistic repurposing and design innovation. The image highlights the intersection.","A chair has been creatively constructed from baseball bats and cushioned seating materials, transforming sporting equipment into functional furniture. Additional decorative items, including a globe and various objects, surround the unusual piece. The craftsmanship demonstrates artistic repurposing and design innovation. The image highlights the intersection.",/Users/yixiaoz/Desktop/cs348k_proj/outputs/controlNetScale/controlnet_seg/cfg_7p5_control_0p5/000000057232/target.png,/Users/yixiaoz/Desktop/cs348k_proj/outputs/controlNetScale/controlnet_seg/cfg_7p5_control_0p5/000000057232/seg.png,/Users/yixiaoz/Desktop/cs348k_proj/outputs/controlNetScale/controlnet_seg/cfg_7p5_control_0p5/000000057232/generated.png,dense_text_plus_seg,6,7.5,0.5,20,0.7248,0.5458,40.5435
5193,A group of people pose for a picture while a man holds two surfboards.,"A group of people gathers indoors for a photograph while one individual holds two colorful surfboards upright. Several children and adults pose together, smiling toward the camera. The surfboards act as focal points, suggesting a beach, surfing, or recreational theme. The image captures a celebratory.","A group of people gathers indoors for a photograph while one individual holds two colorful surfboards upright. Several children and adults pose together, smiling toward the camera. The surfboards act as focal points, suggesting a beach, surfing, or recreational theme. The image captures a celebratory.",/Users/yixiaoz/Desktop/cs348k_proj/outputs/controlNetScale/controlnet_seg/cfg_7p5_control_0p5/000000005193/target.png,/Users/yixiaoz/Desktop/cs348k_proj/outputs/controlNetScale/controlnet_seg/cfg_7p5_control_0p5/000000005193/seg.png,/Users/yixiaoz/Desktop/cs348k_proj/outputs/controlNetScale/controlnet_seg/cfg_7p5_control_0p5/000000005193/generated.png,dense_text_plus_seg,6,7.5,0.5,20,0.8063,0.5581,36.6979
94751,A traffic light and a signpost at a crossroads intersection near a waterway.,"Traffic lights and road signs stand at an intersection near a waterfront area. Fences, streets, and utility structures define the urban landscape while water and distant infrastructure appear in the background. The scene focuses on transportation systems and traffic management rather than people. The image.","Traffic lights and road signs stand at an intersection near a waterfront area. Fences, streets, and utility structures define the urban landscape while water and distant infrastructure appear in the background. The scene focuses on transportation systems and traffic management rather than people. The image.",/Users/yixiaoz/Desktop/cs348k_proj/outputs/controlNetScale/controlnet_seg/cfg_7p5_control_0p5/000000094751/target.png,/Users/yixiaoz/Desktop/cs348k_proj/outputs/controlNetScale/controlnet_seg/cfg_7p5_control_0p5/000000094751/seg.png,/Users/yixiaoz/Desktop/cs348k_proj/outputs/controlNetScale/controlnet_seg/cfg_7p5_control_0p5/000000094751/generated.png,dense_text_plus_seg,6,7.5,0.5,20,0.6613,0.5184,32.5734
13546,Young man on skate board balancing on concrete barrier near sidewalk with small park area near by.,"A skateboarder balances on a concrete structure within a small park while performing a trick. The rider’s posture demonstrates concentration and control as wheels contact the edge of the obstacle. Grass, pathways, and recreational facilities surround the scene. The image captures motion and athletic skill.","A skateboarder balances on a concrete structure within a small park while performing a trick. The rider’s posture demonstrates concentration and control as wheels contact the edge of the obstacle. Grass, pathways, and recreational facilities surround the scene. The image captures motion and athletic skill.",/Users/yixiaoz/Desktop/cs348k_proj/outputs/controlNetScale/controlnet_seg/cfg_7p5_control_0p5/000000013546/target.png,/Users/yixiaoz/Desktop/cs348k_proj/outputs/controlNetScale/controlnet_seg/cfg_7p5_control_0p5/000000013546/seg.png,/Users/yixiaoz/Desktop/cs348k_proj/outputs/controlNetScale/controlnet_seg/cfg_7p5_control_0p5/000000013546/generated.png,dense_text_plus_seg,6,7.5,0.5,20,0.7755,0.4654,34.6246
112378,A bunch of bananas on a wooden bench with hammocks in the background.,"A bunch of bananas rests on a wooden bench in an outdoor setting where hammocks and tropical vegetation appear in the background. The fruit is arranged casually, creating a simple still-life composition. Natural lighting and greenery contribute to a relaxed atmosphere. The image highlights everyday.","A bunch of bananas rests on a wooden bench in an outdoor setting where hammocks and tropical vegetation appear in the background. The fruit is arranged casually, creating a simple still-life composition. Natural lighting and greenery contribute to a relaxed atmosphere. The image highlights everyday.",/Users/yixiaoz/Desktop/cs348k_proj/outputs/controlNetScale/controlnet_seg/cfg_7p5_control_0p5/000000112378/target.png,/Users/yixiaoz/Desktop/cs348k_proj/outputs/controlNetScale/controlnet_seg/cfg_7p5_control_0p5/000000112378/seg.png,/Users/yixiaoz/Desktop/cs348k_proj/outputs/controlNetScale/controlnet_seg/cfg_7p5_control_0p5/000000112378/generated.png,dense_text_plus_seg,6,7.5,0.5,20,0.6874,0.4814,37.8887
57672,a river.A group of people with life jacket rowing a long boat in,"A long rowing boat moves across a calm river while a coordinated team of rowers wearing life jackets paddles together. Their synchronized effort propels the vessel through the water as spectators and shoreline features remain visible in the distance. The image highlights teamwork, endurance, and.","A long rowing boat moves across a calm river while a coordinated team of rowers wearing life jackets paddles together. Their synchronized effort propels the vessel through the water as spectators and shoreline features remain visible in the distance. The image highlights teamwork, endurance, and.",/Users/yixiaoz/Desktop/cs348k_proj/outputs/controlNetScale/controlnet_seg/cfg_7p5_control_0p5/000000057672/target.png,/Users/yixiaoz/Desktop/cs348k_proj/outputs/controlNetScale/controlnet_seg/cfg_7p5_control_0p5/000000057672/seg.png,/Users/yixiaoz/Desktop/cs348k_proj/outputs/controlNetScale/controlnet_seg/cfg_7p5_control_0p5/000000057672/generated.png,dense_text_plus_seg,6,7.5,0.5,20,0.5994,0.3357,31.096
19432,He's almost got this tennis ball at the end of his racket.,"A tennis player focuses intensely on a ball approaching the racket during a match on a professional court. Stadium seating and fencing create the backdrop while the athlete prepares to make contact. The composition freezes a precise moment that requires timing, concentration, and technical skill.","A tennis player focuses intensely on a ball approaching the racket during a match on a professional court. Stadium seating and fencing create the backdrop while the athlete prepares to make contact. The composition freezes a precise moment that requires timing, concentration, and technical skill.",/Users/yixiaoz/Desktop/cs348k_proj/outputs/controlNetScale/controlnet_seg/cfg_7p5_control_0p5/000000019432/target.png,/Users/yixiaoz/Desktop/cs348k_proj/outputs/controlNetScale/controlnet_seg/cfg_7p5_control_0p5/000000019432/seg.png,/Users/yixiaoz/Desktop/cs348k_proj/outputs/controlNetScale/controlnet_seg/cfg_7p5_control_0p5/000000019432/generated.png,dense_text_plus_seg,6,7.5,0.5,20,0.6414,0.3933,29.2835
73702,A couple of guys standingoutside in the sun talking to each other.,"Several people stand together outdoors near a transportation or public-service area while engaged in conversation. Some individuals carry bags or wear protective clothing, suggesting travel, work, or transit-related activities. The scene appears candid and documentary in nature, focusing on social interaction rather than posed photography.","Several people stand together outdoors near a transportation or public-service area while engaged in conversation. Some individuals carry bags or wear protective clothing, suggesting travel, work, or transit-related activities. The scene appears candid and documentary in nature, focusing on social interaction rather than posed photography.",/Users/yixiaoz/Desktop/cs348k_proj/outputs/controlNetScale/controlnet_seg/cfg_7p5_control_0p5/000000073702/target.png,/Users/yixiaoz/Desktop/cs348k_proj/outputs/controlNetScale/controlnet_seg/cfg_7p5_control_0p5/000000073702/seg.png,/Users/yixiaoz/Desktop/cs348k_proj/outputs/controlNetScale/controlnet_seg/cfg_7p5_control_0p5/000000073702/generated.png,dense_text_plus_seg,6,7.5,0.5,20,0.6929,0.5046,29.4346
84241,Three women cooking in a professional kitchen together.,"Three women work together inside a professional kitchen while preparing food. Large bowls of vegetables, cookware, and stainless-steel surfaces surround them as they coordinate meal preparation. The environment suggests a restaurant, catering operation, or culinary training setting. The image highlights teamwork, food service, and culinary.","Three women work together inside a professional kitchen while preparing food. Large bowls of vegetables, cookware, and stainless-steel surfaces surround them as they coordinate meal preparation. The environment suggests a restaurant, catering operation, or culinary training setting. The image highlights teamwork, food service, and culinary.",/Users/yixiaoz/Desktop/cs348k_proj/outputs/controlNetScale/controlnet_seg/cfg_7p5_control_0p5/000000084241/target.png,/Users/yixiaoz/Desktop/cs348k_proj/outputs/controlNetScale/controlnet_seg/cfg_7p5_control_0p5/000000084241/seg.png,/Users/yixiaoz/Desktop/cs348k_proj/outputs/controlNetScale/controlnet_seg/cfg_7p5_control_0p5/000000084241/generated.png,dense_text_plus_seg,6,7.5,0.5,20,0.71,0.4887,34.8624
34417,Donuts traveling down an assembly line in a factory while people work behind it.,"Donuts move along a production line inside a bakery or food-processing facility while workers supervise operations in the background. Conveyors, trays, and industrial equipment are visible throughout the workspace. The image illustrates large-scale food production and the systems used to manufacture baked goods efficiently. It.","Donuts move along a production line inside a bakery or food-processing facility while workers supervise operations in the background. Conveyors, trays, and industrial equipment are visible throughout the workspace. The image illustrates large-scale food production and the systems used to manufacture baked goods efficiently. It.",/Users/yixiaoz/Desktop/cs348k_proj/outputs/controlNetScale/controlnet_seg/cfg_7p5_control_0p5/000000034417/target.png,/Users/yixiaoz/Desktop/cs348k_proj/outputs/controlNetScale/controlnet_seg/cfg_7p5_control_0p5/000000034417/seg.png,/Users/yixiaoz/Desktop/cs348k_proj/outputs/controlNetScale/controlnet_seg/cfg_7p5_control_0p5/000000034417/generated.png,dense_text_plus_seg,6,7.5,0.5,20,0.7055,0.4189,39.7554
25181,A train station with an awning is depicted with a train on the right platform.,"A train station platform extends into the distance beneath a large canopy, creating strong lines and symmetry throughout the composition. A train sits along one side of the platform while signs and architectural details reinforce the sense of order. The black-and-white presentation emphasizes structure and.","A train station platform extends into the distance beneath a large canopy, creating strong lines and symmetry throughout the composition. A train sits along one side of the platform while signs and architectural details reinforce the sense of order. The black-and-white presentation emphasizes structure and.",/Users/yixiaoz/Desktop/cs348k_proj/outputs/controlNetScale/controlnet_seg/cfg_7p5_control_0p5/000000025181/target.png,/Users/yixiaoz/Desktop/cs348k_proj/outputs/controlNetScale/controlnet_seg/cfg_7p5_control_0p5/000000025181/seg.png,/Users/yixiaoz/Desktop/cs348k_proj/outputs/controlNetScale/controlnet_seg/cfg_7p5_control_0p5/000000025181/generated.png,dense_text_plus_seg,6,7.5,0.5,20,0.5762,0.3692,33.0583
67213,"A dog jumping through the air above a pool of water that has been marked for distance, with people watching in the distance.","A dog leaps high above a pool during a dock-diving competition while spectators watch from behind barriers. The animal is captured midair, demonstrating athletic ability, speed, and confidence. Water, measuring equipment, and event organizers suggest a structured sporting competition. The image highlights the bond between.","A dog leaps high above a pool during a dock-diving competition while spectators watch from behind barriers. The animal is captured midair, demonstrating athletic ability, speed, and confidence. Water, measuring equipment, and event organizers suggest a structured sporting competition. The image highlights the bond between.",/Users/yixiaoz/Desktop/cs348k_proj/outputs/controlNetScale/controlnet_seg/cfg_7p5_control_0p5/000000067213/target.png,/Users/yixiaoz/Desktop/cs348k_proj/outputs/controlNetScale/controlnet_seg/cfg_7p5_control_0p5/000000067213/seg.png,/Users/yixiaoz/Desktop/cs348k_proj/outputs/controlNetScale/controlnet_seg/cfg_7p5_control_0p5/000000067213/generated.png,dense_text_plus_seg,6,7.5,0.5,20,0.6996,0.589,33.9904
94871,A group of people standing around sheep on a field.,"Several sheep stand together in a field while people gather nearby. Different breeds and wool colors create visual variety across the scene. The setting resembles an agricultural fair, livestock exhibition, or rural community event where animals are displayed and evaluated. The image highlights farming culture.","Several sheep stand together in a field while people gather nearby. Different breeds and wool colors create visual variety across the scene. The setting resembles an agricultural fair, livestock exhibition, or rural community event where animals are displayed and evaluated. The image highlights farming culture.",/Users/yixiaoz/Desktop/cs348k_proj/outputs/controlNetScale/controlnet_seg/cfg_7p5_control_0p5/000000094871/target.png,/Users/yixiaoz/Desktop/cs348k_proj/outputs/controlNetScale/controlnet_seg/cfg_7p5_control_0p5/000000094871/seg.png,/Users/yixiaoz/Desktop/cs348k_proj/outputs/controlNetScale/controlnet_seg/cfg_7p5_control_0p5/000000094871/generated.png,dense_text_plus_seg,6,7.5,0.5,20,0.6172,0.381,34.1628
2685,A crowd of people stand near a man behind a bar with wine bottles on it.,"Several people are gathered around a wooden bar counter inside a restaurant, tasting room, or social event space. A man stands behind the counter near shelves filled with wine bottles while customers stand close together and talk in small groups. The room appears warmly lit.","Several people are gathered around a wooden bar counter inside a restaurant, tasting room, or social event space. A man stands behind the counter near shelves filled with wine bottles while customers stand close together and talk in small groups. The room appears warmly lit.",/Users/yixiaoz/Desktop/cs348k_proj/outputs/controlNetScale/controlnet_seg/cfg_7p5_control_1p0/000000002685/target.png,/Users/yixiaoz/Desktop/cs348k_proj/outputs/controlNetScale/controlnet_seg/cfg_7p5_control_1p0/000000002685/seg.png,/Users/yixiaoz/Desktop/cs348k_proj/outputs/controlNetScale/controlnet_seg/cfg_7p5_control_1p0/000000002685/generated.png,dense_text_plus_seg,6,7.5,1.0,20,0.6699,0.4321,32.3625
6763,A man and a women posing next to one another in front of a table.,"A man and a woman sit close together at a table inside a dimly lit restaurant or bar. The man wears a dress shirt and tie and has his arm around the smiling woman beside him. Plates, utensils, and drinks are visible on the table.","A man and a woman sit close together at a table inside a dimly lit restaurant or bar. The man wears a dress shirt and tie and has his arm around the smiling woman beside him. Plates, utensils, and drinks are visible on the table.",/Users/yixiaoz/Desktop/cs348k_proj/outputs/controlNetScale/controlnet_seg/cfg_7p5_control_1p0/000000006763/target.png,/Users/yixiaoz/Desktop/cs348k_proj/outputs/controlNetScale/controlnet_seg/cfg_7p5_control_1p0/000000006763/seg.png,/Users/yixiaoz/Desktop/cs348k_proj/outputs/controlNetScale/controlnet_seg/cfg_7p5_control_1p0/000000006763/generated.png,dense_text_plus_seg,6,7.5,1.0,20,0.6574,0.5954,31.9675
87144,A baby sitting between a lady and a man on a bench under a tree.,"A woman, a young child, and an elderly man sit on a park bench beneath the shade of a tree. The woman sits on the left wearing a patterned dress, the child sits near the center, and the older man sits on the right wearing.","A woman, a young child, and an elderly man sit on a park bench beneath the shade of a tree. The woman sits on the left wearing a patterned dress, the child sits near the center, and the older man sits on the right wearing.",/Users/yixiaoz/Desktop/cs348k_proj/outputs/controlNetScale/controlnet_seg/cfg_7p5_control_1p0/000000087144/target.png,/Users/yixiaoz/Desktop/cs348k_proj/outputs/controlNetScale/controlnet_seg/cfg_7p5_control_1p0/000000087144/seg.png,/Users/yixiaoz/Desktop/cs348k_proj/outputs/controlNetScale/controlnet_seg/cfg_7p5_control_1p0/000000087144/generated.png,dense_text_plus_seg,6,7.5,1.0,20,0.5921,0.3352,32.9497
2157,A table topped with a cake covered in berries next to a plate of sandwiches.,"A table covered with a red tablecloth is arranged with desserts and party food in an outdoor or bright dining setting. A large cake topped with blueberries and raspberries sits near the front beside plates of sandwiches, bread, grapes, wine glasses, napkins, and stacked dishes.","A table covered with a red tablecloth is arranged with desserts and party food in an outdoor or bright dining setting. A large cake topped with blueberries and raspberries sits near the front beside plates of sandwiches, bread, grapes, wine glasses, napkins, and stacked dishes.",/Users/yixiaoz/Desktop/cs348k_proj/outputs/controlNetScale/controlnet_seg/cfg_7p5_control_1p0/000000002157/target.png,/Users/yixiaoz/Desktop/cs348k_proj/outputs/controlNetScale/controlnet_seg/cfg_7p5_control_1p0/000000002157/seg.png,/Users/yixiaoz/Desktop/cs348k_proj/outputs/controlNetScale/controlnet_seg/cfg_7p5_control_1p0/000000002157/generated.png,dense_text_plus_seg,6,7.5,1.0,20,0.6594,0.3578,37.4402
14226,A person is sitting in a chair at a table with a laptop computer.,A man sits alone in a passenger train or railcar while using a laptop computer on a fold-out table in front of him. He wears a jacket and looks downward toward the screen with a focused expression. A large window beside him shows blurred scenery.,A man sits alone in a passenger train or railcar while using a laptop computer on a fold-out table in front of him. He wears a jacket and looks downward toward the screen with a focused expression. A large window beside him shows blurred scenery.,/Users/yixiaoz/Desktop/cs348k_proj/outputs/controlNetScale/controlnet_seg/cfg_7p5_control_1p0/000000014226/target.png,/Users/yixiaoz/Desktop/cs348k_proj/outputs/controlNetScale/controlnet_seg/cfg_7p5_control_1p0/000000014226/seg.png,/Users/yixiaoz/Desktop/cs348k_proj/outputs/controlNetScale/controlnet_seg/cfg_7p5_control_1p0/000000014226/generated.png,dense_text_plus_seg,6,7.5,1.0,20,0.5997,0.4423,34.4662
35279,"A man laying his head down next to electronics, a butterfly, and a book.","A cluttered workspace or floor area contains several electronic devices and accessories arranged close together. A laptop displays a simple image on its screen, while a smartphone, cables, speakers, papers, a bottle, and other gadgets sit nearby. Part of a person’s face appears near the.","A cluttered workspace or floor area contains several electronic devices and accessories arranged close together. A laptop displays a simple image on its screen, while a smartphone, cables, speakers, papers, a bottle, and other gadgets sit nearby. Part of a person’s face appears near the.",/Users/yixiaoz/Desktop/cs348k_proj/outputs/controlNetScale/controlnet_seg/cfg_7p5_control_1p0/000000035279/target.png,/Users/yixiaoz/Desktop/cs348k_proj/outputs/controlNetScale/controlnet_seg/cfg_7p5_control_1p0/000000035279/seg.png,/Users/yixiaoz/Desktop/cs348k_proj/outputs/controlNetScale/controlnet_seg/cfg_7p5_control_1p0/000000035279/generated.png,dense_text_plus_seg,6,7.5,1.0,20,0.6695,0.4383,31.8379
31620,A woman in a white dress and a man in gray stand near a cake on a white table under a white canopy.,"Inside a large white event tent, a woman in a white dress and a man in a gray suit stand near a decorated table. The table is covered with a white cloth and appears to hold a cake or centerpiece. Soft light filters through the.","Inside a large white event tent, a woman in a white dress and a man in a gray suit stand near a decorated table. The table is covered with a white cloth and appears to hold a cake or centerpiece. Soft light filters through the.",/Users/yixiaoz/Desktop/cs348k_proj/outputs/controlNetScale/controlnet_seg/cfg_7p5_control_1p0/000000031620/target.png,/Users/yixiaoz/Desktop/cs348k_proj/outputs/controlNetScale/controlnet_seg/cfg_7p5_control_1p0/000000031620/seg.png,/Users/yixiaoz/Desktop/cs348k_proj/outputs/controlNetScale/controlnet_seg/cfg_7p5_control_1p0/000000031620/generated.png,dense_text_plus_seg,6,7.5,1.0,20,0.6169,0.4748,33.9678
95707,Several pastries sitting on aluminum foil next to a bowl with a knife and spatula in it.,"Several pastries and baked goods are arranged on aluminum foil on a table, with a bowl, knife, and spatula placed nearby for serving. The food includes rectangular pieces and a pale frosted or light-colored dessert item, suggesting a dessert spread or homemade baked selection. The.","Several pastries and baked goods are arranged on aluminum foil on a table, with a bowl, knife, and spatula placed nearby for serving. The food includes rectangular pieces and a pale frosted or light-colored dessert item, suggesting a dessert spread or homemade baked selection. The.",/Users/yixiaoz/Desktop/cs348k_proj/outputs/controlNetScale/controlnet_seg/cfg_7p5_control_1p0/000000095707/target.png,/Users/yixiaoz/Desktop/cs348k_proj/outputs/controlNetScale/controlnet_seg/cfg_7p5_control_1p0/000000095707/seg.png,/Users/yixiaoz/Desktop/cs348k_proj/outputs/controlNetScale/controlnet_seg/cfg_7p5_control_1p0/000000095707/generated.png,dense_text_plus_seg,6,7.5,1.0,20,0.7184,0.5889,31.3149
54605,Milkshake in tall glass and piece of cake on plate near forks.,"A tall milkshake in a glass is topped with whipped cream and placed on a restaurant table beside a slice of layered cake on a white plate. A fork, napkins, and other table items sit nearby, while the background is dim and softly blurred. The.","A tall milkshake in a glass is topped with whipped cream and placed on a restaurant table beside a slice of layered cake on a white plate. A fork, napkins, and other table items sit nearby, while the background is dim and softly blurred. The.",/Users/yixiaoz/Desktop/cs348k_proj/outputs/controlNetScale/controlnet_seg/cfg_7p5_control_1p0/000000054605/target.png,/Users/yixiaoz/Desktop/cs348k_proj/outputs/controlNetScale/controlnet_seg/cfg_7p5_control_1p0/000000054605/seg.png,/Users/yixiaoz/Desktop/cs348k_proj/outputs/controlNetScale/controlnet_seg/cfg_7p5_control_1p0/000000054605/generated.png,dense_text_plus_seg,6,7.5,1.0,20,0.6706,0.3564,34.0688
27620,A laptop sitting on a desk next to a chair and another computer.,"A small home office or study area contains a glass-top desk, a laptop computer, a chair, and additional electronic equipment. The desk is positioned near a wall with windows and blinds, and another chair sits in front of the workspace. Cables, accessories, and a cup.","A small home office or study area contains a glass-top desk, a laptop computer, a chair, and additional electronic equipment. The desk is positioned near a wall with windows and blinds, and another chair sits in front of the workspace. Cables, accessories, and a cup.",/Users/yixiaoz/Desktop/cs348k_proj/outputs/controlNetScale/controlnet_seg/cfg_7p5_control_1p0/000000027620/target.png,/Users/yixiaoz/Desktop/cs348k_proj/outputs/controlNetScale/controlnet_seg/cfg_7p5_control_1p0/000000027620/seg.png,/Users/yixiaoz/Desktop/cs348k_proj/outputs/controlNetScale/controlnet_seg/cfg_7p5_control_1p0/000000027620/generated.png,dense_text_plus_seg,6,7.5,1.0,20,0.5464,0.2944,34.1242
66771,Two people sitting at a table with beverages on it and the woman holding her phone.,"Two people sit together at a restaurant table with beverages, cups, and small dishes in front of them. The man smiles while looking toward the woman, and the woman looks down at a smartphone in her hand. The table includes a drink with a straw.","Two people sit together at a restaurant table with beverages, cups, and small dishes in front of them. The man smiles while looking toward the woman, and the woman looks down at a smartphone in her hand. The table includes a drink with a straw.",/Users/yixiaoz/Desktop/cs348k_proj/outputs/controlNetScale/controlnet_seg/cfg_7p5_control_1p0/000000066771/target.png,/Users/yixiaoz/Desktop/cs348k_proj/outputs/controlNetScale/controlnet_seg/cfg_7p5_control_1p0/000000066771/seg.png,/Users/yixiaoz/Desktop/cs348k_proj/outputs/controlNetScale/controlnet_seg/cfg_7p5_control_1p0/000000066771/generated.png,dense_text_plus_seg,6,7.5,1.0,20,0.662,0.4621,31.8432
18575,"Two plates, one with a sandwich and fries, the other with just a sandwich and a pickle.","Two plates of food are served on a restaurant table. One plate contains a sandwich with French fries, while the other plate includes a sandwich and a pickle with sliced vegetables and condiments nearby. Drinks, small containers, and utensils surround the plates, suggesting a casual.","Two plates of food are served on a restaurant table. One plate contains a sandwich with French fries, while the other plate includes a sandwich and a pickle with sliced vegetables and condiments nearby. Drinks, small containers, and utensils surround the plates, suggesting a casual.",/Users/yixiaoz/Desktop/cs348k_proj/outputs/controlNetScale/controlnet_seg/cfg_7p5_control_1p0/000000018575/target.png,/Users/yixiaoz/Desktop/cs348k_proj/outputs/controlNetScale/controlnet_seg/cfg_7p5_control_1p0/000000018575/seg.png,/Users/yixiaoz/Desktop/cs348k_proj/outputs/controlNetScale/controlnet_seg/cfg_7p5_control_1p0/000000018575/generated.png,dense_text_plus_seg,6,7.5,1.0,20,0.5859,0.3607,35.0991
66817,This plate consists of rice with sauce and peas and meat patties on the side.,"A plate of food is photographed from above on a table, containing rice covered with sauce, peas, and several browned meat patties on the side. A cup of yogurt or creamy dessert and a small bowl of fruit sit near the plate, creating a complete.","A plate of food is photographed from above on a table, containing rice covered with sauce, peas, and several browned meat patties on the side. A cup of yogurt or creamy dessert and a small bowl of fruit sit near the plate, creating a complete.",/Users/yixiaoz/Desktop/cs348k_proj/outputs/controlNetScale/controlnet_seg/cfg_7p5_control_1p0/000000066817/target.png,/Users/yixiaoz/Desktop/cs348k_proj/outputs/controlNetScale/controlnet_seg/cfg_7p5_control_1p0/000000066817/seg.png,/Users/yixiaoz/Desktop/cs348k_proj/outputs/controlNetScale/controlnet_seg/cfg_7p5_control_1p0/000000066817/generated.png,dense_text_plus_seg,6,7.5,1.0,20,0.6557,0.3915,33.8514
84674,a girl holds a baby eating a bagel with a boy standing next to them,"A woman sits indoors holding a small child who is eating a bagel or bread roll, while a young boy stands next to them facing the camera. The group appears to be in a restaurant, event space, or public indoor setting, with people and warm.","A woman sits indoors holding a small child who is eating a bagel or bread roll, while a young boy stands next to them facing the camera. The group appears to be in a restaurant, event space, or public indoor setting, with people and warm.",/Users/yixiaoz/Desktop/cs348k_proj/outputs/controlNetScale/controlnet_seg/cfg_7p5_control_1p0/000000084674/target.png,/Users/yixiaoz/Desktop/cs348k_proj/outputs/controlNetScale/controlnet_seg/cfg_7p5_control_1p0/000000084674/seg.png,/Users/yixiaoz/Desktop/cs348k_proj/outputs/controlNetScale/controlnet_seg/cfg_7p5_control_1p0/000000084674/generated.png,dense_text_plus_seg,6,7.5,1.0,20,0.7126,0.4281,35.1481
47112,A pizza served on a white plate next to empty wine glass and beer.,"A freshly baked pizza sits on a white plate on a restaurant table, with a glass of beer and an empty wine glass positioned behind it. The pizza has visible cheese and toppings, and the background contains tables, chairs, and restaurant décor. The low angle.","A freshly baked pizza sits on a white plate on a restaurant table, with a glass of beer and an empty wine glass positioned behind it. The pizza has visible cheese and toppings, and the background contains tables, chairs, and restaurant décor. The low angle.",/Users/yixiaoz/Desktop/cs348k_proj/outputs/controlNetScale/controlnet_seg/cfg_7p5_control_1p0/000000047112/target.png,/Users/yixiaoz/Desktop/cs348k_proj/outputs/controlNetScale/controlnet_seg/cfg_7p5_control_1p0/000000047112/seg.png,/Users/yixiaoz/Desktop/cs348k_proj/outputs/controlNetScale/controlnet_seg/cfg_7p5_control_1p0/000000047112/generated.png,dense_text_plus_seg,6,7.5,1.0,20,0.6522,0.418,31.97
59598,"A table with a laptop a plate with a muffin and a banana, a can and a cellphone.","An open laptop sits on a table in a classroom, meeting room, or conference setting. Nearby are a plate with a muffin and banana, a soda can, a mobile phone, and other small items. In the background, a presentation screen or projector area is visible.","An open laptop sits on a table in a classroom, meeting room, or conference setting. Nearby are a plate with a muffin and banana, a soda can, a mobile phone, and other small items. In the background, a presentation screen or projector area is visible.",/Users/yixiaoz/Desktop/cs348k_proj/outputs/controlNetScale/controlnet_seg/cfg_7p5_control_1p0/000000059598/target.png,/Users/yixiaoz/Desktop/cs348k_proj/outputs/controlNetScale/controlnet_seg/cfg_7p5_control_1p0/000000059598/seg.png,/Users/yixiaoz/Desktop/cs348k_proj/outputs/controlNetScale/controlnet_seg/cfg_7p5_control_1p0/000000059598/generated.png,dense_text_plus_seg,6,7.5,1.0,20,0.6475,0.4839,31.8212
91779,Three hot dogs with different toppings lined up on a tabletop.,"Three hot dogs with different toppings are arranged side by side on a tray or tabletop. One appears topped with sauce or chili, another with bright red peppers, and the surrounding area contains side dishes, cups, and food wrappers. The close-up composition highlights the variety.","Three hot dogs with different toppings are arranged side by side on a tray or tabletop. One appears topped with sauce or chili, another with bright red peppers, and the surrounding area contains side dishes, cups, and food wrappers. The close-up composition highlights the variety.",/Users/yixiaoz/Desktop/cs348k_proj/outputs/controlNetScale/controlnet_seg/cfg_7p5_control_1p0/000000091779/target.png,/Users/yixiaoz/Desktop/cs348k_proj/outputs/controlNetScale/controlnet_seg/cfg_7p5_control_1p0/000000091779/seg.png,/Users/yixiaoz/Desktop/cs348k_proj/outputs/controlNetScale/controlnet_seg/cfg_7p5_control_1p0/000000091779/generated.png,dense_text_plus_seg,6,7.5,1.0,20,0.6824,0.4522,36.1079
22892,"A cat sitting on a table next to plants and a dog outside of a sliding glass door, looking in.","A gray cat sits indoors on a table beside potted plants near a sliding glass door, while a dog stands outside looking in through the glass. The cat faces downward toward the plants, and the dog is visible beyond the door on a balcony or.","A gray cat sits indoors on a table beside potted plants near a sliding glass door, while a dog stands outside looking in through the glass. The cat faces downward toward the plants, and the dog is visible beyond the door on a balcony or.",/Users/yixiaoz/Desktop/cs348k_proj/outputs/controlNetScale/controlnet_seg/cfg_7p5_control_1p0/000000022892/target.png,/Users/yixiaoz/Desktop/cs348k_proj/outputs/controlNetScale/controlnet_seg/cfg_7p5_control_1p0/000000022892/seg.png,/Users/yixiaoz/Desktop/cs348k_proj/outputs/controlNetScale/controlnet_seg/cfg_7p5_control_1p0/000000022892/generated.png,dense_text_plus_seg,6,7.5,1.0,20,0.6652,0.3519,37.8086
97337,This is a nice living room set up with two couches and a television.,"A cozy living room contains two couches arranged around a coffee table facing a television. The television displays a map or graphic image, while lamps, curtains, and decorative furniture create a warm indoor atmosphere. The room appears tidy and comfortable, with soft lighting and a.","A cozy living room contains two couches arranged around a coffee table facing a television. The television displays a map or graphic image, while lamps, curtains, and decorative furniture create a warm indoor atmosphere. The room appears tidy and comfortable, with soft lighting and a.",/Users/yixiaoz/Desktop/cs348k_proj/outputs/controlNetScale/controlnet_seg/cfg_7p5_control_1p0/000000097337/target.png,/Users/yixiaoz/Desktop/cs348k_proj/outputs/controlNetScale/controlnet_seg/cfg_7p5_control_1p0/000000097337/seg.png,/Users/yixiaoz/Desktop/cs348k_proj/outputs/controlNetScale/controlnet_seg/cfg_7p5_control_1p0/000000097337/generated.png,dense_text_plus_seg,6,7.5,1.0,20,0.6674,0.466,32.1947
10707,Man with video game controller in living room with onlooker seated nearby.,"Several people gather in a living room around a coffee table covered with drinks, snacks, and small items. One man stands holding a video game controller, while others sit nearby watching or participating. Sofas, warm lighting, and casual clothing create the feeling of a relaxed.","Several people gather in a living room around a coffee table covered with drinks, snacks, and small items. One man stands holding a video game controller, while others sit nearby watching or participating. Sofas, warm lighting, and casual clothing create the feeling of a relaxed.",/Users/yixiaoz/Desktop/cs348k_proj/outputs/controlNetScale/controlnet_seg/cfg_7p5_control_1p0/000000010707/target.png,/Users/yixiaoz/Desktop/cs348k_proj/outputs/controlNetScale/controlnet_seg/cfg_7p5_control_1p0/000000010707/seg.png,/Users/yixiaoz/Desktop/cs348k_proj/outputs/controlNetScale/controlnet_seg/cfg_7p5_control_1p0/000000010707/generated.png,dense_text_plus_seg,6,7.5,1.0,20,0.6551,0.4007,33.7634
65288,A yellow and green object with a brown bird perched on top of it.,"An ornate yellow and green decorative structure sits in the foreground, with a small brown bird perched on its top edge. Behind it, a crowd of people gathers outdoors near tables, chairs, plants, and shaded areas, suggesting a plaza, café, or public gathering space. The.","An ornate yellow and green decorative structure sits in the foreground, with a small brown bird perched on its top edge. Behind it, a crowd of people gathers outdoors near tables, chairs, plants, and shaded areas, suggesting a plaza, café, or public gathering space. The.",/Users/yixiaoz/Desktop/cs348k_proj/outputs/controlNetScale/controlnet_seg/cfg_7p5_control_1p0/000000065288/target.png,/Users/yixiaoz/Desktop/cs348k_proj/outputs/controlNetScale/controlnet_seg/cfg_7p5_control_1p0/000000065288/seg.png,/Users/yixiaoz/Desktop/cs348k_proj/outputs/controlNetScale/controlnet_seg/cfg_7p5_control_1p0/000000065288/generated.png,dense_text_plus_seg,6,7.5,1.0,20,0.6409,0.3741,35.6942
116208,"A large pizza is shown on a table, with bottles and glasses of wine.","A large pizza topped with cheese, mushrooms, and other ingredients is placed on a raised stand at the center of a restaurant table. Wine bottles, glasses, plates, utensils, and small dishes surround it, suggesting a shared meal among several diners. The pizza is viewed from.","A large pizza topped with cheese, mushrooms, and other ingredients is placed on a raised stand at the center of a restaurant table. Wine bottles, glasses, plates, utensils, and small dishes surround it, suggesting a shared meal among several diners. The pizza is viewed from.",/Users/yixiaoz/Desktop/cs348k_proj/outputs/controlNetScale/controlnet_seg/cfg_7p5_control_1p0/000000116208/target.png,/Users/yixiaoz/Desktop/cs348k_proj/outputs/controlNetScale/controlnet_seg/cfg_7p5_control_1p0/000000116208/seg.png,/Users/yixiaoz/Desktop/cs348k_proj/outputs/controlNetScale/controlnet_seg/cfg_7p5_control_1p0/000000116208/generated.png,dense_text_plus_seg,6,7.5,1.0,20,0.6043,0.251,35.1235
74733,two flatbread pieces covered with different ingredients in between a flight of beers,"Two rectangular flatbread dishes topped with different ingredients are served on a wooden board beside a flight of beers. Several small glasses of beer, dipping containers, and additional drinkware are arranged around the food. The warm indoor lighting and tabletop presentation suggest a restaurant, pub.","Two rectangular flatbread dishes topped with different ingredients are served on a wooden board beside a flight of beers. Several small glasses of beer, dipping containers, and additional drinkware are arranged around the food. The warm indoor lighting and tabletop presentation suggest a restaurant, pub.",/Users/yixiaoz/Desktop/cs348k_proj/outputs/controlNetScale/controlnet_seg/cfg_7p5_control_1p0/000000074733/target.png,/Users/yixiaoz/Desktop/cs348k_proj/outputs/controlNetScale/controlnet_seg/cfg_7p5_control_1p0/000000074733/seg.png,/Users/yixiaoz/Desktop/cs348k_proj/outputs/controlNetScale/controlnet_seg/cfg_7p5_control_1p0/000000074733/generated.png,dense_text_plus_seg,6,7.5,1.0,20,0.6331,0.2189,33.0742
114907,"A woman holding a milking attachment and standing in front of a cow, with a group of people in the audience.","A woman stands beside a large dairy cow while demonstrating or holding a milking attachment in front of a seated audience. The cow is positioned behind a metal barrier, and many people watch attentively from the foreground. The scene appears to be part of an.","A woman stands beside a large dairy cow while demonstrating or holding a milking attachment in front of a seated audience. The cow is positioned behind a metal barrier, and many people watch attentively from the foreground. The scene appears to be part of an.",/Users/yixiaoz/Desktop/cs348k_proj/outputs/controlNetScale/controlnet_seg/cfg_7p5_control_1p0/000000114907/target.png,/Users/yixiaoz/Desktop/cs348k_proj/outputs/controlNetScale/controlnet_seg/cfg_7p5_control_1p0/000000114907/seg.png,/Users/yixiaoz/Desktop/cs348k_proj/outputs/controlNetScale/controlnet_seg/cfg_7p5_control_1p0/000000114907/generated.png,dense_text_plus_seg,6,7.5,1.0,20,0.6191,0.3839,35.9972
61333,The caramel-colored kitten is  lying on the small blanket on top of the unmade bed.,"An orange tabby kitten lies curled up on a small blanket placed on top of an unmade bed. The cat appears relaxed and sleepy, with its body tucked close and its head resting near the blanket. A bookshelf filled with books lines the background, adding.","An orange tabby kitten lies curled up on a small blanket placed on top of an unmade bed. The cat appears relaxed and sleepy, with its body tucked close and its head resting near the blanket. A bookshelf filled with books lines the background, adding.",/Users/yixiaoz/Desktop/cs348k_proj/outputs/controlNetScale/controlnet_seg/cfg_7p5_control_1p0/000000061333/target.png,/Users/yixiaoz/Desktop/cs348k_proj/outputs/controlNetScale/controlnet_seg/cfg_7p5_control_1p0/000000061333/seg.png,/Users/yixiaoz/Desktop/cs348k_proj/outputs/controlNetScale/controlnet_seg/cfg_7p5_control_1p0/000000061333/generated.png,dense_text_plus_seg,6,7.5,1.0,20,0.8001,0.3932,33.1978
18837,A large truck on a city street with two works sitting on top and one worker climbing in through door.,"A large green utility truck is parked on a city street while workers perform maintenance tasks around it. One worker appears to be on top of the vehicle, and another is climbing into or standing near the door. Cars, buildings, traffic signs, and urban infrastructure.","A large green utility truck is parked on a city street while workers perform maintenance tasks around it. One worker appears to be on top of the vehicle, and another is climbing into or standing near the door. Cars, buildings, traffic signs, and urban infrastructure.",/Users/yixiaoz/Desktop/cs348k_proj/outputs/controlNetScale/controlnet_seg/cfg_7p5_control_1p0/000000018837/target.png,/Users/yixiaoz/Desktop/cs348k_proj/outputs/controlNetScale/controlnet_seg/cfg_7p5_control_1p0/000000018837/seg.png,/Users/yixiaoz/Desktop/cs348k_proj/outputs/controlNetScale/controlnet_seg/cfg_7p5_control_1p0/000000018837/generated.png,dense_text_plus_seg,6,7.5,1.0,20,0.6042,0.2514,37.9228
9914,"A sandwich, french fries, bowl of ketchup, onion slice, lettuce slice, tomato slice, and knife sit on the white plate.","A sandwich meal is served on a white plate with French fries, a small bowl of ketchup, sliced onion, tomato, lettuce, and a knife. The sandwich bun is topped with sesame seeds, and the fries are piled beside it. The close-up view focuses on the.","A sandwich meal is served on a white plate with French fries, a small bowl of ketchup, sliced onion, tomato, lettuce, and a knife. The sandwich bun is topped with sesame seeds, and the fries are piled beside it. The close-up view focuses on the.",/Users/yixiaoz/Desktop/cs348k_proj/outputs/controlNetScale/controlnet_seg/cfg_7p5_control_1p0/000000009914/target.png,/Users/yixiaoz/Desktop/cs348k_proj/outputs/controlNetScale/controlnet_seg/cfg_7p5_control_1p0/000000009914/seg.png,/Users/yixiaoz/Desktop/cs348k_proj/outputs/controlNetScale/controlnet_seg/cfg_7p5_control_1p0/000000009914/generated.png,dense_text_plus_seg,6,7.5,1.0,20,0.6946,0.4417,33.9596
39477,A beach towel covers a TV across from plants on the wall and in front of the window.,"A compact living room features a couch facing a television, with several plants placed near the window and on the wall. Natural light enters through a large curtained window, brightening the small room. A low table, rug, wall decorations, and shelving create a tidy residential.","A compact living room features a couch facing a television, with several plants placed near the window and on the wall. Natural light enters through a large curtained window, brightening the small room. A low table, rug, wall decorations, and shelving create a tidy residential.",/Users/yixiaoz/Desktop/cs348k_proj/outputs/controlNetScale/controlnet_seg/cfg_7p5_control_1p0/000000039477/target.png,/Users/yixiaoz/Desktop/cs348k_proj/outputs/controlNetScale/controlnet_seg/cfg_7p5_control_1p0/000000039477/seg.png,/Users/yixiaoz/Desktop/cs348k_proj/outputs/controlNetScale/controlnet_seg/cfg_7p5_control_1p0/000000039477/generated.png,dense_text_plus_seg,6,7.5,1.0,20,0.6212,0.4608,31.2339
61108,A blue bicycle with a puppy in its basket is parked next to the bleacher steps.,"A blue bicycle is parked beside outdoor bleacher steps, with a small puppy sitting inside a basket attached to the front. The bicycle rests near concrete steps and railings, suggesting a sports field, park, or recreational area. The puppy sits securely in the basket and.","A blue bicycle is parked beside outdoor bleacher steps, with a small puppy sitting inside a basket attached to the front. The bicycle rests near concrete steps and railings, suggesting a sports field, park, or recreational area. The puppy sits securely in the basket and.",/Users/yixiaoz/Desktop/cs348k_proj/outputs/controlNetScale/controlnet_seg/cfg_7p5_control_1p0/000000061108/target.png,/Users/yixiaoz/Desktop/cs348k_proj/outputs/controlNetScale/controlnet_seg/cfg_7p5_control_1p0/000000061108/seg.png,/Users/yixiaoz/Desktop/cs348k_proj/outputs/controlNetScale/controlnet_seg/cfg_7p5_control_1p0/000000061108/generated.png,dense_text_plus_seg,6,7.5,1.0,20,0.6228,0.5393,39.9748
91615,"A kitchen has light wooden colored cabinetry, beige countertops, and stainless steel appliances in an open concept house.","A clean modern kitchen features light wooden cabinets, beige countertops, stainless steel appliances, and a sink built into a central counter area. A microwave, oven, refrigerator, dishwasher, and decorative flowers are visible throughout the room. The space appears bright, organized, and open, with neutral colors.","A clean modern kitchen features light wooden cabinets, beige countertops, stainless steel appliances, and a sink built into a central counter area. A microwave, oven, refrigerator, dishwasher, and decorative flowers are visible throughout the room. The space appears bright, organized, and open, with neutral colors.",/Users/yixiaoz/Desktop/cs348k_proj/outputs/controlNetScale/controlnet_seg/cfg_7p5_control_1p0/000000091615/target.png,/Users/yixiaoz/Desktop/cs348k_proj/outputs/controlNetScale/controlnet_seg/cfg_7p5_control_1p0/000000091615/seg.png,/Users/yixiaoz/Desktop/cs348k_proj/outputs/controlNetScale/controlnet_seg/cfg_7p5_control_1p0/000000091615/generated.png,dense_text_plus_seg,6,7.5,1.0,20,0.5099,0.2343,33.156
77396,A cat being lazy and a cat being nozy in a living room with tv and a laptop displaying the same things.,"Two cats are in a living room facing a television and a laptop displaying similar imagery. One cat stands upright near the television, appearing curious about the screen, while another cat lies on the floor nearby. The room contains a TV stand, small table, and.","Two cats are in a living room facing a television and a laptop displaying similar imagery. One cat stands upright near the television, appearing curious about the screen, while another cat lies on the floor nearby. The room contains a TV stand, small table, and.",/Users/yixiaoz/Desktop/cs348k_proj/outputs/controlNetScale/controlnet_seg/cfg_7p5_control_1p0/000000077396/target.png,/Users/yixiaoz/Desktop/cs348k_proj/outputs/controlNetScale/controlnet_seg/cfg_7p5_control_1p0/000000077396/seg.png,/Users/yixiaoz/Desktop/cs348k_proj/outputs/controlNetScale/controlnet_seg/cfg_7p5_control_1p0/000000077396/generated.png,dense_text_plus_seg,6,7.5,1.0,20,0.5428,0.392,36.8877
119233,A cat sprawled out over the top of a laptop computer keyboard.,"A black-and-white cat sprawls across the keyboard area of an open laptop on a wooden desk or counter. The cat lies comfortably with its body stretched over the computer, partially blocking the screen and keyboard. Various household objects, office supplies, and plants are visible around.","A black-and-white cat sprawls across the keyboard area of an open laptop on a wooden desk or counter. The cat lies comfortably with its body stretched over the computer, partially blocking the screen and keyboard. Various household objects, office supplies, and plants are visible around.",/Users/yixiaoz/Desktop/cs348k_proj/outputs/controlNetScale/controlnet_seg/cfg_7p5_control_1p0/000000119233/target.png,/Users/yixiaoz/Desktop/cs348k_proj/outputs/controlNetScale/controlnet_seg/cfg_7p5_control_1p0/000000119233/seg.png,/Users/yixiaoz/Desktop/cs348k_proj/outputs/controlNetScale/controlnet_seg/cfg_7p5_control_1p0/000000119233/generated.png,dense_text_plus_seg,6,7.5,1.0,20,0.6916,0.3321,34.4807
2431,"A table with a plate, wine-filled glass, and bread, among other items","A restaurant table is set with a plate, a wine-filled glass, bread, napkins, utensils, and other dining items. The objects are arranged closely together on a wooden surface, suggesting an ongoing or prepared meal. The image is framed from above and at a slight angle.","A restaurant table is set with a plate, a wine-filled glass, bread, napkins, utensils, and other dining items. The objects are arranged closely together on a wooden surface, suggesting an ongoing or prepared meal. The image is framed from above and at a slight angle.",/Users/yixiaoz/Desktop/cs348k_proj/outputs/controlNetScale/controlnet_seg/cfg_7p5_control_1p0/000000002431/target.png,/Users/yixiaoz/Desktop/cs348k_proj/outputs/controlNetScale/controlnet_seg/cfg_7p5_control_1p0/000000002431/seg.png,/Users/yixiaoz/Desktop/cs348k_proj/outputs/controlNetScale/controlnet_seg/cfg_7p5_control_1p0/000000002431/generated.png,dense_text_plus_seg,6,7.5,1.0,20,0.6302,0.4007,33.7294
56344,"Looking down at a desktop with two monitors, a key board, mouse and cell phones on it.","A desk workstation contains two large computer monitors positioned side by side, along with a keyboard, mouse, mobile phones, and several electronic accessories. The screens display different windows or web pages, and cables and devices are spread across the desktop. The space appears dimly lit.","A desk workstation contains two large computer monitors positioned side by side, along with a keyboard, mouse, mobile phones, and several electronic accessories. The screens display different windows or web pages, and cables and devices are spread across the desktop. The space appears dimly lit.",/Users/yixiaoz/Desktop/cs348k_proj/outputs/controlNetScale/controlnet_seg/cfg_7p5_control_1p0/000000056344/target.png,/Users/yixiaoz/Desktop/cs348k_proj/outputs/controlNetScale/controlnet_seg/cfg_7p5_control_1p0/000000056344/seg.png,/Users/yixiaoz/Desktop/cs348k_proj/outputs/controlNetScale/controlnet_seg/cfg_7p5_control_1p0/000000056344/generated.png,dense_text_plus_seg,6,7.5,1.0,20,0.7336,0.3455,31.8787
54628,A tall multi layer cake sitting on top of a blue table cloth.,"A tall multi-layered decorative cake stands on a table covered with a blue tablecloth inside an elegant event venue. The cake is decorated with detailed patterns, flowers, and multiple tiers, making it the centerpiece of the room. Guests, tables, chairs, and chandeliers are visible in.","A tall multi-layered decorative cake stands on a table covered with a blue tablecloth inside an elegant event venue. The cake is decorated with detailed patterns, flowers, and multiple tiers, making it the centerpiece of the room. Guests, tables, chairs, and chandeliers are visible in.",/Users/yixiaoz/Desktop/cs348k_proj/outputs/controlNetScale/controlnet_seg/cfg_7p5_control_1p0/000000054628/target.png,/Users/yixiaoz/Desktop/cs348k_proj/outputs/controlNetScale/controlnet_seg/cfg_7p5_control_1p0/000000054628/seg.png,/Users/yixiaoz/Desktop/cs348k_proj/outputs/controlNetScale/controlnet_seg/cfg_7p5_control_1p0/000000054628/generated.png,dense_text_plus_seg,6,7.5,1.0,20,0.674,0.3921,35.2965
110999,"A painting of a bowl of fruit sitting in front of another painting,","A framed painting of a bowl of fruit hangs above a table where a real bowl of fruit and decorative objects are arranged below it. The dark background and warm lighting create a still-life atmosphere, connecting the artwork to the physical objects in front of.","A framed painting of a bowl of fruit hangs above a table where a real bowl of fruit and decorative objects are arranged below it. The dark background and warm lighting create a still-life atmosphere, connecting the artwork to the physical objects in front of.",/Users/yixiaoz/Desktop/cs348k_proj/outputs/controlNetScale/controlnet_seg/cfg_7p5_control_1p0/000000110999/target.png,/Users/yixiaoz/Desktop/cs348k_proj/outputs/controlNetScale/controlnet_seg/cfg_7p5_control_1p0/000000110999/seg.png,/Users/yixiaoz/Desktop/cs348k_proj/outputs/controlNetScale/controlnet_seg/cfg_7p5_control_1p0/000000110999/generated.png,dense_text_plus_seg,6,7.5,1.0,20,0.6116,0.3982,36.2558
72795,a group of ball players playing on a field in front of an audience,"Baseball players are positioned on a field during a game while a large audience watches from the stadium seats. The batter stands near home plate, with the catcher and umpire crouched behind him and other players visible on the field. The scene is viewed from.","Baseball players are positioned on a field during a game while a large audience watches from the stadium seats. The batter stands near home plate, with the catcher and umpire crouched behind him and other players visible on the field. The scene is viewed from.",/Users/yixiaoz/Desktop/cs348k_proj/outputs/controlNetScale/controlnet_seg/cfg_7p5_control_1p0/000000072795/target.png,/Users/yixiaoz/Desktop/cs348k_proj/outputs/controlNetScale/controlnet_seg/cfg_7p5_control_1p0/000000072795/seg.png,/Users/yixiaoz/Desktop/cs348k_proj/outputs/controlNetScale/controlnet_seg/cfg_7p5_control_1p0/000000072795/generated.png,dense_text_plus_seg,6,7.5,1.0,20,0.6628,0.4321,32.3778
92091,A little girl is using the toy brush for a chew toy rather than brushing the teddy.,"A young girl wearing a bright pink dress stands inside a cozy room while holding a toy brush near a stuffed teddy bear. The room includes wooden walls, chairs, a television, artwork, and home furnishings. The child appears to be playing pretend, possibly brushing the.","A young girl wearing a bright pink dress stands inside a cozy room while holding a toy brush near a stuffed teddy bear. The room includes wooden walls, chairs, a television, artwork, and home furnishings. The child appears to be playing pretend, possibly brushing the.",/Users/yixiaoz/Desktop/cs348k_proj/outputs/controlNetScale/controlnet_seg/cfg_7p5_control_1p0/000000092091/target.png,/Users/yixiaoz/Desktop/cs348k_proj/outputs/controlNetScale/controlnet_seg/cfg_7p5_control_1p0/000000092091/seg.png,/Users/yixiaoz/Desktop/cs348k_proj/outputs/controlNetScale/controlnet_seg/cfg_7p5_control_1p0/000000092091/generated.png,dense_text_plus_seg,6,7.5,1.0,20,0.7246,0.4506,33.464
108253,there are two plates of food and a beer in the middle of the table,"Two plates of food and a beer bottle are arranged on a restaurant table. The plates contain sandwiches, fries, and other side dishes, while condiments and utensils sit nearby. The bottle of beer stands prominently near the center of the table, suggesting a casual meal.","Two plates of food and a beer bottle are arranged on a restaurant table. The plates contain sandwiches, fries, and other side dishes, while condiments and utensils sit nearby. The bottle of beer stands prominently near the center of the table, suggesting a casual meal.",/Users/yixiaoz/Desktop/cs348k_proj/outputs/controlNetScale/controlnet_seg/cfg_7p5_control_1p0/000000108253/target.png,/Users/yixiaoz/Desktop/cs348k_proj/outputs/controlNetScale/controlnet_seg/cfg_7p5_control_1p0/000000108253/seg.png,/Users/yixiaoz/Desktop/cs348k_proj/outputs/controlNetScale/controlnet_seg/cfg_7p5_control_1p0/000000108253/generated.png,dense_text_plus_seg,6,7.5,1.0,20,0.7026,0.402,33.9624
80932,A little boy sits at a table in a restaurant eating a slice of pizza.,"A young boy sits at a restaurant table eating a large slice of pizza. He holds the pizza close to his mouth while leaning over a white plate, concentrating on the meal. Other diners and wooden booth seating are visible in the background, creating a.","A young boy sits at a restaurant table eating a large slice of pizza. He holds the pizza close to his mouth while leaning over a white plate, concentrating on the meal. Other diners and wooden booth seating are visible in the background, creating a.",/Users/yixiaoz/Desktop/cs348k_proj/outputs/controlNetScale/controlnet_seg/cfg_7p5_control_1p0/000000080932/target.png,/Users/yixiaoz/Desktop/cs348k_proj/outputs/controlNetScale/controlnet_seg/cfg_7p5_control_1p0/000000080932/seg.png,/Users/yixiaoz/Desktop/cs348k_proj/outputs/controlNetScale/controlnet_seg/cfg_7p5_control_1p0/000000080932/generated.png,dense_text_plus_seg,6,7.5,1.0,20,0.7045,0.4766,32.8108
50811,A man in a suit sitting a table with an empty bowl and empty beer bottles.,A man wearing a gray suit jacket sits alone at a wooden dining table with an empty bowl and several empty beer bottles placed in front of him. He smiles toward the camera in a simple indoor setting with a plain light-colored background. The table.,A man wearing a gray suit jacket sits alone at a wooden dining table with an empty bowl and several empty beer bottles placed in front of him. He smiles toward the camera in a simple indoor setting with a plain light-colored background. The table.,/Users/yixiaoz/Desktop/cs348k_proj/outputs/controlNetScale/controlnet_seg/cfg_7p5_control_1p0/000000050811/target.png,/Users/yixiaoz/Desktop/cs348k_proj/outputs/controlNetScale/controlnet_seg/cfg_7p5_control_1p0/000000050811/seg.png,/Users/yixiaoz/Desktop/cs348k_proj/outputs/controlNetScale/controlnet_seg/cfg_7p5_control_1p0/000000050811/generated.png,dense_text_plus_seg,6,7.5,1.0,20,0.561,0.3928,38.5752
13659,A man typing on a laptop keyboard in a cluttered work environment.,"Several people work in a busy, cluttered office environment filled with desks, laptops, papers, cardboard boxes, and electronic equipment. A man in the foreground sits at a desk typing on a laptop while wearing headphones, and other people work in the background. The room looks.","Several people work in a busy, cluttered office environment filled with desks, laptops, papers, cardboard boxes, and electronic equipment. A man in the foreground sits at a desk typing on a laptop while wearing headphones, and other people work in the background. The room looks.",/Users/yixiaoz/Desktop/cs348k_proj/outputs/controlNetScale/controlnet_seg/cfg_7p5_control_1p0/000000013659/target.png,/Users/yixiaoz/Desktop/cs348k_proj/outputs/controlNetScale/controlnet_seg/cfg_7p5_control_1p0/000000013659/seg.png,/Users/yixiaoz/Desktop/cs348k_proj/outputs/controlNetScale/controlnet_seg/cfg_7p5_control_1p0/000000013659/generated.png,dense_text_plus_seg,6,7.5,1.0,20,0.587,0.3973,33.6955
26465,The opened  laptop is sitting on the table along with other technological tools.,"An open laptop sits on a white tabletop surrounded by small technological tools and accessories, including a smartphone, a pen, and a compact electronic device. The laptop screen shows a dark desktop with a bright reflection near the center. The arrangement is simple and sparse.","An open laptop sits on a white tabletop surrounded by small technological tools and accessories, including a smartphone, a pen, and a compact electronic device. The laptop screen shows a dark desktop with a bright reflection near the center. The arrangement is simple and sparse.",/Users/yixiaoz/Desktop/cs348k_proj/outputs/controlNetScale/controlnet_seg/cfg_7p5_control_1p0/000000026465/target.png,/Users/yixiaoz/Desktop/cs348k_proj/outputs/controlNetScale/controlnet_seg/cfg_7p5_control_1p0/000000026465/seg.png,/Users/yixiaoz/Desktop/cs348k_proj/outputs/controlNetScale/controlnet_seg/cfg_7p5_control_1p0/000000026465/generated.png,dense_text_plus_seg,6,7.5,1.0,20,0.7018,0.5058,29.2052
25096,A boy sitting in front of cake fashioned to look like a skateboard.,"A young boy wearing a blue sports jersey sits at a table looking down at a cake designed to resemble a skateboard. The cake is decorated with bright colors and small details, and the boy appears focused on it as if preparing to cut or.","A young boy wearing a blue sports jersey sits at a table looking down at a cake designed to resemble a skateboard. The cake is decorated with bright colors and small details, and the boy appears focused on it as if preparing to cut or.",/Users/yixiaoz/Desktop/cs348k_proj/outputs/controlNetScale/controlnet_seg/cfg_7p5_control_1p0/000000025096/target.png,/Users/yixiaoz/Desktop/cs348k_proj/outputs/controlNetScale/controlnet_seg/cfg_7p5_control_1p0/000000025096/seg.png,/Users/yixiaoz/Desktop/cs348k_proj/outputs/controlNetScale/controlnet_seg/cfg_7p5_control_1p0/000000025096/generated.png,dense_text_plus_seg,6,7.5,1.0,20,0.7158,0.4285,38.8105
26564,An office desk with a row of books and a desktop computer and laptop computer on the desk.,"An office desk is arranged with a desktop computer, laptop, keyboard, mouse, books, papers, and a row of binders or reference materials. The monitor displays a document or screen of text, and large windows brighten the workspace. The corner desk is compact but well equipped.","An office desk is arranged with a desktop computer, laptop, keyboard, mouse, books, papers, and a row of binders or reference materials. The monitor displays a document or screen of text, and large windows brighten the workspace. The corner desk is compact but well equipped.",/Users/yixiaoz/Desktop/cs348k_proj/outputs/controlNetScale/controlnet_seg/cfg_7p5_control_1p0/000000026564/target.png,/Users/yixiaoz/Desktop/cs348k_proj/outputs/controlNetScale/controlnet_seg/cfg_7p5_control_1p0/000000026564/seg.png,/Users/yixiaoz/Desktop/cs348k_proj/outputs/controlNetScale/controlnet_seg/cfg_7p5_control_1p0/000000026564/generated.png,dense_text_plus_seg,6,7.5,1.0,20,0.5264,0.2604,32.2264
12670,A large crowd of people walking around while one owns a teddy bear.,"A large crowd of people walks and gathers in a busy outdoor public space, possibly a street, plaza, or festival area. The scene contains many individuals of different ages wearing colorful clothing, and one person appears to carry or hold a teddy bear among the.","A large crowd of people walks and gathers in a busy outdoor public space, possibly a street, plaza, or festival area. The scene contains many individuals of different ages wearing colorful clothing, and one person appears to carry or hold a teddy bear among the.",/Users/yixiaoz/Desktop/cs348k_proj/outputs/controlNetScale/controlnet_seg/cfg_7p5_control_1p0/000000012670/target.png,/Users/yixiaoz/Desktop/cs348k_proj/outputs/controlNetScale/controlnet_seg/cfg_7p5_control_1p0/000000012670/seg.png,/Users/yixiaoz/Desktop/cs348k_proj/outputs/controlNetScale/controlnet_seg/cfg_7p5_control_1p0/000000012670/generated.png,dense_text_plus_seg,6,7.5,1.0,20,0.6581,0.3421,33.1512
9400,Sever people are sitting next to each other while using laptops.,"Several people sit close together around a table while using laptop computers in a dimly lit indoor environment. Multiple screens glow in front of them, and drinks, cables, and computer accessories are spread across the table. The group appears to be collaborating, studying, or working.","Several people sit close together around a table while using laptop computers in a dimly lit indoor environment. Multiple screens glow in front of them, and drinks, cables, and computer accessories are spread across the table. The group appears to be collaborating, studying, or working.",/Users/yixiaoz/Desktop/cs348k_proj/outputs/controlNetScale/controlnet_seg/cfg_7p5_control_1p0/000000009400/target.png,/Users/yixiaoz/Desktop/cs348k_proj/outputs/controlNetScale/controlnet_seg/cfg_7p5_control_1p0/000000009400/seg.png,/Users/yixiaoz/Desktop/cs348k_proj/outputs/controlNetScale/controlnet_seg/cfg_7p5_control_1p0/000000009400/generated.png,dense_text_plus_seg,6,7.5,1.0,20,0.6585,0.4905,26.8161
92053,Three white dishes with three different sorts of food on them.,"Three white plates with different dishes are arranged on a restaurant table under warm, dim lighting. The food includes various items with sauces, sides, and garnishes, and a drink sits nearby. Utensils are placed on or beside the plates, suggesting the meal is in progress.","Three white plates with different dishes are arranged on a restaurant table under warm, dim lighting. The food includes various items with sauces, sides, and garnishes, and a drink sits nearby. Utensils are placed on or beside the plates, suggesting the meal is in progress.",/Users/yixiaoz/Desktop/cs348k_proj/outputs/controlNetScale/controlnet_seg/cfg_7p5_control_1p0/000000092053/target.png,/Users/yixiaoz/Desktop/cs348k_proj/outputs/controlNetScale/controlnet_seg/cfg_7p5_control_1p0/000000092053/seg.png,/Users/yixiaoz/Desktop/cs348k_proj/outputs/controlNetScale/controlnet_seg/cfg_7p5_control_1p0/000000092053/generated.png,dense_text_plus_seg,6,7.5,1.0,20,0.6446,0.4464,32.0772
74256,Two women standing in a train station looking at their phones.,"Two women stand together at an outdoor train station platform while looking down at their mobile phones. One woman wears a green scarf and dark clothing, while the other wears a patterned jacket. Train station signs, tracks, buildings, and platform structures appear in the background.","Two women stand together at an outdoor train station platform while looking down at their mobile phones. One woman wears a green scarf and dark clothing, while the other wears a patterned jacket. Train station signs, tracks, buildings, and platform structures appear in the background.",/Users/yixiaoz/Desktop/cs348k_proj/outputs/controlNetScale/controlnet_seg/cfg_7p5_control_1p0/000000074256/target.png,/Users/yixiaoz/Desktop/cs348k_proj/outputs/controlNetScale/controlnet_seg/cfg_7p5_control_1p0/000000074256/seg.png,/Users/yixiaoz/Desktop/cs348k_proj/outputs/controlNetScale/controlnet_seg/cfg_7p5_control_1p0/000000074256/generated.png,dense_text_plus_seg,6,7.5,1.0,20,0.6529,0.432,37.0437
7818,An illuminated floral display forms the centerpiece of the arrangement in this close up of a dining room table setting.,"A small illuminated floral display sits at the center of a dining table arranged with plates, napkins, glasses, and formal place settings. The image is softly focused with the centerpiece and table surface highlighted against a darker background. The scene appears elegant and quiet, possibly.","A small illuminated floral display sits at the center of a dining table arranged with plates, napkins, glasses, and formal place settings. The image is softly focused with the centerpiece and table surface highlighted against a darker background. The scene appears elegant and quiet, possibly.",/Users/yixiaoz/Desktop/cs348k_proj/outputs/controlNetScale/controlnet_seg/cfg_7p5_control_1p0/000000007818/target.png,/Users/yixiaoz/Desktop/cs348k_proj/outputs/controlNetScale/controlnet_seg/cfg_7p5_control_1p0/000000007818/seg.png,/Users/yixiaoz/Desktop/cs348k_proj/outputs/controlNetScale/controlnet_seg/cfg_7p5_control_1p0/000000007818/generated.png,dense_text_plus_seg,6,7.5,1.0,20,0.6904,0.3661,33.953
109313,A man holding a Wii game controller while standing in a living room.,"A man stands in a living room holding a Wii game controller while facing a television outside the frame. He wears casual clothes and stands among household items, toys, furniture, and a colorful floor mat. The room appears lived-in and informal, with a kitchen or.","A man stands in a living room holding a Wii game controller while facing a television outside the frame. He wears casual clothes and stands among household items, toys, furniture, and a colorful floor mat. The room appears lived-in and informal, with a kitchen or.",/Users/yixiaoz/Desktop/cs348k_proj/outputs/controlNetScale/controlnet_seg/cfg_7p5_control_1p0/000000109313/target.png,/Users/yixiaoz/Desktop/cs348k_proj/outputs/controlNetScale/controlnet_seg/cfg_7p5_control_1p0/000000109313/seg.png,/Users/yixiaoz/Desktop/cs348k_proj/outputs/controlNetScale/controlnet_seg/cfg_7p5_control_1p0/000000109313/generated.png,dense_text_plus_seg,6,7.5,1.0,20,0.6822,0.4323,37.4542
116439,A woman with a straw style hat sitting on a small row boat in the water and accessory items hanging behind her on the land area.,"A woman wearing a straw-style hat sits in a small wooden boat floating on water, surrounded by colorful fabrics and hanging accessories near the shoreline. The scene appears to take place in a riverside or floating market environment, with reflections on the water and goods.","A woman wearing a straw-style hat sits in a small wooden boat floating on water, surrounded by colorful fabrics and hanging accessories near the shoreline. The scene appears to take place in a riverside or floating market environment, with reflections on the water and goods.",/Users/yixiaoz/Desktop/cs348k_proj/outputs/controlNetScale/controlnet_seg/cfg_7p5_control_1p0/000000116439/target.png,/Users/yixiaoz/Desktop/cs348k_proj/outputs/controlNetScale/controlnet_seg/cfg_7p5_control_1p0/000000116439/seg.png,/Users/yixiaoz/Desktop/cs348k_proj/outputs/controlNetScale/controlnet_seg/cfg_7p5_control_1p0/000000116439/generated.png,dense_text_plus_seg,6,7.5,1.0,20,0.7133,0.3727,34.7111
11511,A sculpture of two women stting on a bench with their purses on the ground while people standing in a line behind them.,"A bronze sculpture of two women seated together on a bench is displayed in an outdoor public area. The figures sit close together with handbags or purses placed near their feet, and pedestrians stand or walk in the background. Strong light highlights the sculpture against.","A bronze sculpture of two women seated together on a bench is displayed in an outdoor public area. The figures sit close together with handbags or purses placed near their feet, and pedestrians stand or walk in the background. Strong light highlights the sculpture against.",/Users/yixiaoz/Desktop/cs348k_proj/outputs/controlNetScale/controlnet_seg/cfg_7p5_control_1p0/000000011511/target.png,/Users/yixiaoz/Desktop/cs348k_proj/outputs/controlNetScale/controlnet_seg/cfg_7p5_control_1p0/000000011511/seg.png,/Users/yixiaoz/Desktop/cs348k_proj/outputs/controlNetScale/controlnet_seg/cfg_7p5_control_1p0/000000011511/generated.png,dense_text_plus_seg,6,7.5,1.0,20,0.6472,0.3629,38.2628
17714,A banana frittata next to a plate of decoratively cut fruit and a cup of coffee.,"A breakfast or brunch meal is arranged on a wooden table, including a banana frittata, a plate of decorative cut fruit, and a cup of coffee. Sunlight falls across the tabletop, casting shadows and giving the meal a bright morning feel. The dishes are neatly.","A breakfast or brunch meal is arranged on a wooden table, including a banana frittata, a plate of decorative cut fruit, and a cup of coffee. Sunlight falls across the tabletop, casting shadows and giving the meal a bright morning feel. The dishes are neatly.",/Users/yixiaoz/Desktop/cs348k_proj/outputs/controlNetScale/controlnet_seg/cfg_7p5_control_1p0/000000017714/target.png,/Users/yixiaoz/Desktop/cs348k_proj/outputs/controlNetScale/controlnet_seg/cfg_7p5_control_1p0/000000017714/seg.png,/Users/yixiaoz/Desktop/cs348k_proj/outputs/controlNetScale/controlnet_seg/cfg_7p5_control_1p0/000000017714/generated.png,dense_text_plus_seg,6,7.5,1.0,20,0.6728,0.4332,34.4918
15335,"a young child, lady , and man sitting in a booth at a table","A young child sits in a restaurant booth between adults at a table, with plates, drinks, and food items visible in the dim interior. The child appears to be eating or touching their mouth, while the adults sit close on either side. Warm lighting and.","A young child sits in a restaurant booth between adults at a table, with plates, drinks, and food items visible in the dim interior. The child appears to be eating or touching their mouth, while the adults sit close on either side. Warm lighting and.",/Users/yixiaoz/Desktop/cs348k_proj/outputs/controlNetScale/controlnet_seg/cfg_7p5_control_1p0/000000015335/target.png,/Users/yixiaoz/Desktop/cs348k_proj/outputs/controlNetScale/controlnet_seg/cfg_7p5_control_1p0/000000015335/seg.png,/Users/yixiaoz/Desktop/cs348k_proj/outputs/controlNetScale/controlnet_seg/cfg_7p5_control_1p0/000000015335/generated.png,dense_text_plus_seg,6,7.5,1.0,20,0.7238,0.6057,33.9174
113589,"Two containers containing quiche, a salad, apples and a banana on the side.","A healthy prepared meal is arranged in two clear food containers and a small side area, including a slice of quiche, green salad, apple slices, and a banana. The food is neatly separated and photographed from above against a plain background. The composition emphasizes balanced.","A healthy prepared meal is arranged in two clear food containers and a small side area, including a slice of quiche, green salad, apple slices, and a banana. The food is neatly separated and photographed from above against a plain background. The composition emphasizes balanced.",/Users/yixiaoz/Desktop/cs348k_proj/outputs/controlNetScale/controlnet_seg/cfg_7p5_control_1p0/000000113589/target.png,/Users/yixiaoz/Desktop/cs348k_proj/outputs/controlNetScale/controlnet_seg/cfg_7p5_control_1p0/000000113589/seg.png,/Users/yixiaoz/Desktop/cs348k_proj/outputs/controlNetScale/controlnet_seg/cfg_7p5_control_1p0/000000113589/generated.png,dense_text_plus_seg,6,7.5,1.0,20,0.667,0.3714,35.2088
1503,A picture of an iMac desktop next to a Mac laptop on a desk.,"An older Apple iMac desktop computer sits on a desk beside a Mac laptop and several computer accessories. A keyboard, mouse, speakers, and monitor are arranged across the workspace, creating a technology-focused setup. The desk is positioned near a window with blinds, and the white.","An older Apple iMac desktop computer sits on a desk beside a Mac laptop and several computer accessories. A keyboard, mouse, speakers, and monitor are arranged across the workspace, creating a technology-focused setup. The desk is positioned near a window with blinds, and the white.",/Users/yixiaoz/Desktop/cs348k_proj/outputs/controlNetScale/controlnet_seg/cfg_7p5_control_1p0/000000001503/target.png,/Users/yixiaoz/Desktop/cs348k_proj/outputs/controlNetScale/controlnet_seg/cfg_7p5_control_1p0/000000001503/seg.png,/Users/yixiaoz/Desktop/cs348k_proj/outputs/controlNetScale/controlnet_seg/cfg_7p5_control_1p0/000000001503/generated.png,dense_text_plus_seg,6,7.5,1.0,20,0.5538,0.2713,37.2967
88848,"Multiple pictures of fire hydrants, a woman standing near a tree, and people posing in front of a boat.","A collage of multiple photographs shows several yellow fire hydrants, a woman standing near a tree, and people posing in front of a boat or outdoor landmark. The images are arranged together in a grid-like layout, combining different scenes into one visual composition. The subject.","A collage of multiple photographs shows several yellow fire hydrants, a woman standing near a tree, and people posing in front of a boat or outdoor landmark. The images are arranged together in a grid-like layout, combining different scenes into one visual composition. The subject.",/Users/yixiaoz/Desktop/cs348k_proj/outputs/controlNetScale/controlnet_seg/cfg_7p5_control_1p0/000000088848/target.png,/Users/yixiaoz/Desktop/cs348k_proj/outputs/controlNetScale/controlnet_seg/cfg_7p5_control_1p0/000000088848/seg.png,/Users/yixiaoz/Desktop/cs348k_proj/outputs/controlNetScale/controlnet_seg/cfg_7p5_control_1p0/000000088848/generated.png,dense_text_plus_seg,6,7.5,1.0,20,0.6404,0.3812,43.2105
6471,A man at bat waiting for a pitch with a catcher and umpire behind him and players from the opposing team in the dugout.,"A baseball player in a white uniform stands at home plate holding a bat while waiting for a pitch. A catcher and umpire crouch behind him, and members of the opposing team sit in the dugout watching the play. The green field and stadium seating.","A baseball player in a white uniform stands at home plate holding a bat while waiting for a pitch. A catcher and umpire crouch behind him, and members of the opposing team sit in the dugout watching the play. The green field and stadium seating.",/Users/yixiaoz/Desktop/cs348k_proj/outputs/controlNetScale/controlnet_seg/cfg_7p5_control_1p0/000000006471/target.png,/Users/yixiaoz/Desktop/cs348k_proj/outputs/controlNetScale/controlnet_seg/cfg_7p5_control_1p0/000000006471/seg.png,/Users/yixiaoz/Desktop/cs348k_proj/outputs/controlNetScale/controlnet_seg/cfg_7p5_control_1p0/000000006471/generated.png,dense_text_plus_seg,6,7.5,1.0,20,0.6006,0.3782,30.1396
92660,An unbaked pizza with cheese and herbs on one half and broccoli on the second.,"An uncooked pizza topped with cheese, herbs, and broccoli sits on a round baking tray or pan. One half of the pizza appears more heavily covered with broccoli, while the other has more cheese and herbs exposed. The crust and toppings are clearly visible from.","An uncooked pizza topped with cheese, herbs, and broccoli sits on a round baking tray or pan. One half of the pizza appears more heavily covered with broccoli, while the other has more cheese and herbs exposed. The crust and toppings are clearly visible from.",/Users/yixiaoz/Desktop/cs348k_proj/outputs/controlNetScale/controlnet_seg/cfg_7p5_control_1p0/000000092660/target.png,/Users/yixiaoz/Desktop/cs348k_proj/outputs/controlNetScale/controlnet_seg/cfg_7p5_control_1p0/000000092660/seg.png,/Users/yixiaoz/Desktop/cs348k_proj/outputs/controlNetScale/controlnet_seg/cfg_7p5_control_1p0/000000092660/generated.png,dense_text_plus_seg,6,7.5,1.0,20,0.6265,0.237,35.5573
105335,"A bowl of stew in a white bowl, being held by a person.","A bowl of stew in a white dish is being held by a person, with pieces of vegetables and meat visible in a warm broth. The stew contains colorful ingredients such as carrots, potatoes, and chunks of protein. The close-up framing focuses on the food.","A bowl of stew in a white dish is being held by a person, with pieces of vegetables and meat visible in a warm broth. The stew contains colorful ingredients such as carrots, potatoes, and chunks of protein. The close-up framing focuses on the food.",/Users/yixiaoz/Desktop/cs348k_proj/outputs/controlNetScale/controlnet_seg/cfg_7p5_control_1p0/000000105335/target.png,/Users/yixiaoz/Desktop/cs348k_proj/outputs/controlNetScale/controlnet_seg/cfg_7p5_control_1p0/000000105335/seg.png,/Users/yixiaoz/Desktop/cs348k_proj/outputs/controlNetScale/controlnet_seg/cfg_7p5_control_1p0/000000105335/generated.png,dense_text_plus_seg,6,7.5,1.0,20,0.6701,0.3466,33.775
117719,A man sits at a bar in front of dozens of bottles of alcohol.,"A man stands behind a warmly lit bar surrounded by dozens of bottles of alcohol arranged on shelves. The bar interior features dark wood, glowing lights, glassware, and a cozy pub-like atmosphere. The bartender or customer is partly silhouetted against the illuminated bottles, creating a.","A man stands behind a warmly lit bar surrounded by dozens of bottles of alcohol arranged on shelves. The bar interior features dark wood, glowing lights, glassware, and a cozy pub-like atmosphere. The bartender or customer is partly silhouetted against the illuminated bottles, creating a.",/Users/yixiaoz/Desktop/cs348k_proj/outputs/controlNetScale/controlnet_seg/cfg_7p5_control_1p0/000000117719/target.png,/Users/yixiaoz/Desktop/cs348k_proj/outputs/controlNetScale/controlnet_seg/cfg_7p5_control_1p0/000000117719/seg.png,/Users/yixiaoz/Desktop/cs348k_proj/outputs/controlNetScale/controlnet_seg/cfg_7p5_control_1p0/000000117719/generated.png,dense_text_plus_seg,6,7.5,1.0,20,0.6331,0.2873,32.6227
82085,A brightly colored train is stopped on the tracks to let passengers on.,"A brightly colored passenger train is stopped on railway tracks beside a platform, allowing passengers to board or exit. The train has yellow, blue, and red sections, and people stand nearby along the track area. Buildings, vegetation, and station infrastructure surround the scene. The image.","A brightly colored passenger train is stopped on railway tracks beside a platform, allowing passengers to board or exit. The train has yellow, blue, and red sections, and people stand nearby along the track area. Buildings, vegetation, and station infrastructure surround the scene. The image.",/Users/yixiaoz/Desktop/cs348k_proj/outputs/controlNetScale/controlnet_seg/cfg_7p5_control_1p0/000000082085/target.png,/Users/yixiaoz/Desktop/cs348k_proj/outputs/controlNetScale/controlnet_seg/cfg_7p5_control_1p0/000000082085/seg.png,/Users/yixiaoz/Desktop/cs348k_proj/outputs/controlNetScale/controlnet_seg/cfg_7p5_control_1p0/000000082085/generated.png,dense_text_plus_seg,6,7.5,1.0,20,0.6977,0.3621,33.4964
70048,"A glass of wine sits next to a bowl of soup, salad, and a plate with a sandwich.","A restaurant meal is arranged on a table, including a glass of wine, a bowl of soup, a green salad, and a sandwich served on a round bread roll. Condiments, utensils, napkins, and additional dining items sit nearby. The overhead view emphasizes the variety and.","A restaurant meal is arranged on a table, including a glass of wine, a bowl of soup, a green salad, and a sandwich served on a round bread roll. Condiments, utensils, napkins, and additional dining items sit nearby. The overhead view emphasizes the variety and.",/Users/yixiaoz/Desktop/cs348k_proj/outputs/controlNetScale/controlnet_seg/cfg_7p5_control_1p0/000000070048/target.png,/Users/yixiaoz/Desktop/cs348k_proj/outputs/controlNetScale/controlnet_seg/cfg_7p5_control_1p0/000000070048/seg.png,/Users/yixiaoz/Desktop/cs348k_proj/outputs/controlNetScale/controlnet_seg/cfg_7p5_control_1p0/000000070048/generated.png,dense_text_plus_seg,6,7.5,1.0,20,0.6063,0.3383,31.8947
3845,A dinner plate that has white steamed rice with stir fry vegetables and chicken.,A large dinner plate holds a mound of white steamed rice next to stir-fried vegetables and pieces of chicken in a colorful sauce. The food is arranged on a patterned plate and viewed from above on a wooden table. The bright vegetables and sauce contrast.,A large dinner plate holds a mound of white steamed rice next to stir-fried vegetables and pieces of chicken in a colorful sauce. The food is arranged on a patterned plate and viewed from above on a wooden table. The bright vegetables and sauce contrast.,/Users/yixiaoz/Desktop/cs348k_proj/outputs/controlNetScale/controlnet_seg/cfg_7p5_control_1p0/000000003845/target.png,/Users/yixiaoz/Desktop/cs348k_proj/outputs/controlNetScale/controlnet_seg/cfg_7p5_control_1p0/000000003845/seg.png,/Users/yixiaoz/Desktop/cs348k_proj/outputs/controlNetScale/controlnet_seg/cfg_7p5_control_1p0/000000003845/generated.png,dense_text_plus_seg,6,7.5,1.0,20,0.6467,0.3331,31.7796
92939,a man and female standing side by side with a cake cutter in their hand,"A smiling man and woman stand side by side beside a small decorated cake, holding a cake knife together. The woman wears a light-colored strapless dress and the man wears a white shirt, suggesting a wedding, anniversary, or celebratory event. Palm trees and outdoor lighting.","A smiling man and woman stand side by side beside a small decorated cake, holding a cake knife together. The woman wears a light-colored strapless dress and the man wears a white shirt, suggesting a wedding, anniversary, or celebratory event. Palm trees and outdoor lighting.",/Users/yixiaoz/Desktop/cs348k_proj/outputs/controlNetScale/controlnet_seg/cfg_7p5_control_1p0/000000092939/target.png,/Users/yixiaoz/Desktop/cs348k_proj/outputs/controlNetScale/controlnet_seg/cfg_7p5_control_1p0/000000092939/seg.png,/Users/yixiaoz/Desktop/cs348k_proj/outputs/controlNetScale/controlnet_seg/cfg_7p5_control_1p0/000000092939/generated.png,dense_text_plus_seg,6,7.5,1.0,20,0.5833,0.2747,36.7133
1268,A waterway under a bridge with people sitting down and a woman taking a photo.,"People sit and relax under a large bridge beside a waterfront, with sunlight reflecting brightly off the water. A woman stands in the foreground taking a photograph, while several people sit along the edge facing the river. The bridge structure forms a strong curved frame.","People sit and relax under a large bridge beside a waterfront, with sunlight reflecting brightly off the water. A woman stands in the foreground taking a photograph, while several people sit along the edge facing the river. The bridge structure forms a strong curved frame.",/Users/yixiaoz/Desktop/cs348k_proj/outputs/controlNetScale/controlnet_seg/cfg_7p5_control_1p0/000000001268/target.png,/Users/yixiaoz/Desktop/cs348k_proj/outputs/controlNetScale/controlnet_seg/cfg_7p5_control_1p0/000000001268/seg.png,/Users/yixiaoz/Desktop/cs348k_proj/outputs/controlNetScale/controlnet_seg/cfg_7p5_control_1p0/000000001268/generated.png,dense_text_plus_seg,6,7.5,1.0,20,0.5431,0.3592,32.5235
33221,Two women at a beach with tennis rackets in their hands and one girl looking very excited with her tennis racket in the air.,"Two women stand on a sandy beach holding tennis rackets while people walk nearby in the background. One woman raises her racket enthusiastically above her head, while the other stands beside her wearing a hood or scarf. The beach, distant hills, flags, and open sky.","Two women stand on a sandy beach holding tennis rackets while people walk nearby in the background. One woman raises her racket enthusiastically above her head, while the other stands beside her wearing a hood or scarf. The beach, distant hills, flags, and open sky.",/Users/yixiaoz/Desktop/cs348k_proj/outputs/controlNetScale/controlnet_seg/cfg_7p5_control_1p0/000000033221/target.png,/Users/yixiaoz/Desktop/cs348k_proj/outputs/controlNetScale/controlnet_seg/cfg_7p5_control_1p0/000000033221/seg.png,/Users/yixiaoz/Desktop/cs348k_proj/outputs/controlNetScale/controlnet_seg/cfg_7p5_control_1p0/000000033221/generated.png,dense_text_plus_seg,6,7.5,1.0,20,0.6935,0.5116,36.0005
68409,School boys sit cross legged in front of a chalkboard sign in a vintage black and white photo.,A vintage black-and-white photograph shows a group of schoolboys sitting cross-legged in a row in front of a chalkboard sign. The boys wear similar school uniforms and pose formally for the camera outdoors. Trees and a simple background are visible behind them. The image has.,A vintage black-and-white photograph shows a group of schoolboys sitting cross-legged in a row in front of a chalkboard sign. The boys wear similar school uniforms and pose formally for the camera outdoors. Trees and a simple background are visible behind them. The image has.,/Users/yixiaoz/Desktop/cs348k_proj/outputs/controlNetScale/controlnet_seg/cfg_7p5_control_1p0/000000068409/target.png,/Users/yixiaoz/Desktop/cs348k_proj/outputs/controlNetScale/controlnet_seg/cfg_7p5_control_1p0/000000068409/seg.png,/Users/yixiaoz/Desktop/cs348k_proj/outputs/controlNetScale/controlnet_seg/cfg_7p5_control_1p0/000000068409/generated.png,dense_text_plus_seg,6,7.5,1.0,20,0.6632,0.4584,29.6858
78170,"PASSENGER TRAIN IN THE NIGHT HOURS WITH NO SMOKING SIGN, AND TWO WOMEN","A black-and-white nighttime image shows passengers visible through the windows of a train car. A no-smoking sign and interior lights can be seen inside, while reflections and shadows create a dramatic atmosphere. Two women or passengers are visible near separate windows, framed by the train.","A black-and-white nighttime image shows passengers visible through the windows of a train car. A no-smoking sign and interior lights can be seen inside, while reflections and shadows create a dramatic atmosphere. Two women or passengers are visible near separate windows, framed by the train.",/Users/yixiaoz/Desktop/cs348k_proj/outputs/controlNetScale/controlnet_seg/cfg_7p5_control_1p0/000000078170/target.png,/Users/yixiaoz/Desktop/cs348k_proj/outputs/controlNetScale/controlnet_seg/cfg_7p5_control_1p0/000000078170/seg.png,/Users/yixiaoz/Desktop/cs348k_proj/outputs/controlNetScale/controlnet_seg/cfg_7p5_control_1p0/000000078170/generated.png,dense_text_plus_seg,6,7.5,1.0,20,0.6095,0.4667,34.789
62554,a plate of broccoli on a table next to some other plates of food,"A plate or bowl of broccoli sits on a table next to other plates of food, including pasta or noodles and additional dishes in the background. The broccoli is bright green and placed prominently in the foreground, while the other foods are slightly out of.","A plate or bowl of broccoli sits on a table next to other plates of food, including pasta or noodles and additional dishes in the background. The broccoli is bright green and placed prominently in the foreground, while the other foods are slightly out of.",/Users/yixiaoz/Desktop/cs348k_proj/outputs/controlNetScale/controlnet_seg/cfg_7p5_control_1p0/000000062554/target.png,/Users/yixiaoz/Desktop/cs348k_proj/outputs/controlNetScale/controlnet_seg/cfg_7p5_control_1p0/000000062554/seg.png,/Users/yixiaoz/Desktop/cs348k_proj/outputs/controlNetScale/controlnet_seg/cfg_7p5_control_1p0/000000062554/generated.png,dense_text_plus_seg,6,7.5,1.0,20,0.6713,0.3617,34.4878
58539,"A man in a red hat, suit, and blue striped tie walks past two other men on a street.","A man wearing a bright red hat, dark suit, and blue striped tie walks along a city street while other men and pedestrians stand nearby. Cars, buildings, and urban activity fill the background. The red hat makes the man stand out clearly from the crowd.","A man wearing a bright red hat, dark suit, and blue striped tie walks along a city street while other men and pedestrians stand nearby. Cars, buildings, and urban activity fill the background. The red hat makes the man stand out clearly from the crowd.",/Users/yixiaoz/Desktop/cs348k_proj/outputs/controlNetScale/controlnet_seg/cfg_7p5_control_1p0/000000058539/target.png,/Users/yixiaoz/Desktop/cs348k_proj/outputs/controlNetScale/controlnet_seg/cfg_7p5_control_1p0/000000058539/seg.png,/Users/yixiaoz/Desktop/cs348k_proj/outputs/controlNetScale/controlnet_seg/cfg_7p5_control_1p0/000000058539/generated.png,dense_text_plus_seg,6,7.5,1.0,20,0.5881,0.3838,32.8079
46031,A small tablet computer next to a larger monitor and keyboard.,"A laptop computer sits on a small desk beside a larger external monitor, keyboard, mouse, speakers, and other electronic devices. The laptop and monitor display green leaf or plant imagery, creating a matching visual theme across the screens. The desk is placed near a window.","A laptop computer sits on a small desk beside a larger external monitor, keyboard, mouse, speakers, and other electronic devices. The laptop and monitor display green leaf or plant imagery, creating a matching visual theme across the screens. The desk is placed near a window.",/Users/yixiaoz/Desktop/cs348k_proj/outputs/controlNetScale/controlnet_seg/cfg_7p5_control_1p0/000000046031/target.png,/Users/yixiaoz/Desktop/cs348k_proj/outputs/controlNetScale/controlnet_seg/cfg_7p5_control_1p0/000000046031/seg.png,/Users/yixiaoz/Desktop/cs348k_proj/outputs/controlNetScale/controlnet_seg/cfg_7p5_control_1p0/000000046031/generated.png,dense_text_plus_seg,6,7.5,1.0,20,0.644,0.3158,33.8881
9891,The man is loading luggage suitcases onto the cart in the parking lot.,"A man loads luggage and suitcases onto a metal cart in a parking lot filled with vehicles. He bends over while handling the bags beside a parked car, suggesting travel, airport transport, or hotel arrival. Other cars and a parking garage or covered structure are.","A man loads luggage and suitcases onto a metal cart in a parking lot filled with vehicles. He bends over while handling the bags beside a parked car, suggesting travel, airport transport, or hotel arrival. Other cars and a parking garage or covered structure are.",/Users/yixiaoz/Desktop/cs348k_proj/outputs/controlNetScale/controlnet_seg/cfg_7p5_control_1p0/000000009891/target.png,/Users/yixiaoz/Desktop/cs348k_proj/outputs/controlNetScale/controlnet_seg/cfg_7p5_control_1p0/000000009891/seg.png,/Users/yixiaoz/Desktop/cs348k_proj/outputs/controlNetScale/controlnet_seg/cfg_7p5_control_1p0/000000009891/generated.png,dense_text_plus_seg,6,7.5,1.0,20,0.6025,0.4414,34.6826
37777,The dining table near the kitchen has a bowl of fruit on it.,"A bright open kitchen and dining area features wooden cabinets, white appliances, tiled flooring, and a small table with a bowl of fruit on top. Sunlight enters through windows and illuminates the clean interior. The kitchen includes counters, a refrigerator, stove, and cabinets arranged along.","A bright open kitchen and dining area features wooden cabinets, white appliances, tiled flooring, and a small table with a bowl of fruit on top. Sunlight enters through windows and illuminates the clean interior. The kitchen includes counters, a refrigerator, stove, and cabinets arranged along.",/Users/yixiaoz/Desktop/cs348k_proj/outputs/controlNetScale/controlnet_seg/cfg_7p5_control_1p0/000000037777/target.png,/Users/yixiaoz/Desktop/cs348k_proj/outputs/controlNetScale/controlnet_seg/cfg_7p5_control_1p0/000000037777/seg.png,/Users/yixiaoz/Desktop/cs348k_proj/outputs/controlNetScale/controlnet_seg/cfg_7p5_control_1p0/000000037777/generated.png,dense_text_plus_seg,6,7.5,1.0,20,0.6884,0.3683,33.3406
65350,"Two young people are skateboarding on the ramp, trying to pull off tricks.","Two young people are skateboarding on a skate park ramp while attempting tricks. One skater lies or slides on the ramp with a skateboard nearby, while another stands or moves close by. Other people and bicycles are visible in the background near concrete walls. The.","Two young people are skateboarding on a skate park ramp while attempting tricks. One skater lies or slides on the ramp with a skateboard nearby, while another stands or moves close by. Other people and bicycles are visible in the background near concrete walls. The.",/Users/yixiaoz/Desktop/cs348k_proj/outputs/controlNetScale/controlnet_seg/cfg_7p5_control_1p0/000000065350/target.png,/Users/yixiaoz/Desktop/cs348k_proj/outputs/controlNetScale/controlnet_seg/cfg_7p5_control_1p0/000000065350/seg.png,/Users/yixiaoz/Desktop/cs348k_proj/outputs/controlNetScale/controlnet_seg/cfg_7p5_control_1p0/000000065350/generated.png,dense_text_plus_seg,6,7.5,1.0,20,0.624,0.3729,35.8856
48396,A woman in a tan sweater holding a knife by a young boy in a plaid shirt.,"A woman wearing a tan or light-colored sweater stands beside a young boy in a plaid shirt near a table with cups and food items. The woman holds a knife, possibly preparing to cut or serve something. Both subjects face the camera in an indoor.","A woman wearing a tan or light-colored sweater stands beside a young boy in a plaid shirt near a table with cups and food items. The woman holds a knife, possibly preparing to cut or serve something. Both subjects face the camera in an indoor.",/Users/yixiaoz/Desktop/cs348k_proj/outputs/controlNetScale/controlnet_seg/cfg_7p5_control_1p0/000000048396/target.png,/Users/yixiaoz/Desktop/cs348k_proj/outputs/controlNetScale/controlnet_seg/cfg_7p5_control_1p0/000000048396/seg.png,/Users/yixiaoz/Desktop/cs348k_proj/outputs/controlNetScale/controlnet_seg/cfg_7p5_control_1p0/000000048396/generated.png,dense_text_plus_seg,6,7.5,1.0,20,0.644,0.4014,38.1314
117908,A man looking in the refrigerator with a cat also looking inside,"A man bends over and looks inside an open refrigerator while a cat stands nearby also peering into the fridge. Food, bottles, and containers are visible on the refrigerator shelves, and the cat appears curious about the contents. The warm indoor lighting and humorous interaction.","A man bends over and looks inside an open refrigerator while a cat stands nearby also peering into the fridge. Food, bottles, and containers are visible on the refrigerator shelves, and the cat appears curious about the contents. The warm indoor lighting and humorous interaction.",/Users/yixiaoz/Desktop/cs348k_proj/outputs/controlNetScale/controlnet_seg/cfg_7p5_control_1p0/000000117908/target.png,/Users/yixiaoz/Desktop/cs348k_proj/outputs/controlNetScale/controlnet_seg/cfg_7p5_control_1p0/000000117908/seg.png,/Users/yixiaoz/Desktop/cs348k_proj/outputs/controlNetScale/controlnet_seg/cfg_7p5_control_1p0/000000117908/generated.png,dense_text_plus_seg,6,7.5,1.0,20,0.7544,0.5388,36.0956
97994,Three laptop computers and a desktop computer sit next to each other.,"Three laptop computers and a desktop workstation are arranged together on a desk in a compact home office or technical workspace. Several screens, keyboards, cables, and electronic accessories fill the tabletop, suggesting multitasking or computer-intensive work. A microphone or lamp stands near the setup, and.","Three laptop computers and a desktop workstation are arranged together on a desk in a compact home office or technical workspace. Several screens, keyboards, cables, and electronic accessories fill the tabletop, suggesting multitasking or computer-intensive work. A microphone or lamp stands near the setup, and.",/Users/yixiaoz/Desktop/cs348k_proj/outputs/controlNetScale/controlnet_seg/cfg_7p5_control_1p0/000000097994/target.png,/Users/yixiaoz/Desktop/cs348k_proj/outputs/controlNetScale/controlnet_seg/cfg_7p5_control_1p0/000000097994/seg.png,/Users/yixiaoz/Desktop/cs348k_proj/outputs/controlNetScale/controlnet_seg/cfg_7p5_control_1p0/000000097994/generated.png,dense_text_plus_seg,6,7.5,1.0,20,0.5738,0.3945,29.0781
30785,A plate filled with a bowl of vegetables and two slices of bread with a spread on them.,"A plate holds a healthy meal consisting of a bowl of green vegetables, slices of bread topped with a spread, and additional fresh ingredients. The food is arranged neatly on a wooden table, with the bowl and bread sharing the plate. The overhead view emphasizes.","A plate holds a healthy meal consisting of a bowl of green vegetables, slices of bread topped with a spread, and additional fresh ingredients. The food is arranged neatly on a wooden table, with the bowl and bread sharing the plate. The overhead view emphasizes.",/Users/yixiaoz/Desktop/cs348k_proj/outputs/controlNetScale/controlnet_seg/cfg_7p5_control_1p0/000000030785/target.png,/Users/yixiaoz/Desktop/cs348k_proj/outputs/controlNetScale/controlnet_seg/cfg_7p5_control_1p0/000000030785/seg.png,/Users/yixiaoz/Desktop/cs348k_proj/outputs/controlNetScale/controlnet_seg/cfg_7p5_control_1p0/000000030785/generated.png,dense_text_plus_seg,6,7.5,1.0,20,0.5327,0.3647,35.7486
76547,a male in a white shirt a bicycle and an orange and white train,"A man wearing a light-colored shirt sits at a table on a railway station platform near a parked bicycle. An orange and white passenger train is stopped alongside the platform, while overhead signs, metal beams, and station infrastructure extend into the background. The scene captures.","A man wearing a light-colored shirt sits at a table on a railway station platform near a parked bicycle. An orange and white passenger train is stopped alongside the platform, while overhead signs, metal beams, and station infrastructure extend into the background. The scene captures.",/Users/yixiaoz/Desktop/cs348k_proj/outputs/controlNetScale/controlnet_seg/cfg_7p5_control_1p0/000000076547/target.png,/Users/yixiaoz/Desktop/cs348k_proj/outputs/controlNetScale/controlnet_seg/cfg_7p5_control_1p0/000000076547/seg.png,/Users/yixiaoz/Desktop/cs348k_proj/outputs/controlNetScale/controlnet_seg/cfg_7p5_control_1p0/000000076547/generated.png,dense_text_plus_seg,6,7.5,1.0,20,0.5888,0.4137,36.9403
116362,A small bowl filled with chopped vegetables and spoon,"A bowl filled with chopped fruit pieces sits on a wooden table with a spoon resting inside. The food appears freshly prepared, with colorful slices arranged casually in the bowl. The photograph is taken from above, focusing closely on the meal while leaving the surrounding.","A bowl filled with chopped fruit pieces sits on a wooden table with a spoon resting inside. The food appears freshly prepared, with colorful slices arranged casually in the bowl. The photograph is taken from above, focusing closely on the meal while leaving the surrounding.",/Users/yixiaoz/Desktop/cs348k_proj/outputs/controlNetScale/controlnet_seg/cfg_7p5_control_1p0/000000116362/target.png,/Users/yixiaoz/Desktop/cs348k_proj/outputs/controlNetScale/controlnet_seg/cfg_7p5_control_1p0/000000116362/seg.png,/Users/yixiaoz/Desktop/cs348k_proj/outputs/controlNetScale/controlnet_seg/cfg_7p5_control_1p0/000000116362/generated.png,dense_text_plus_seg,6,7.5,1.0,20,0.7659,0.6569,35.2182
22371,A man in thought sitting in front of a laptop with a pen in his hand.,"A businessman sits at a desk in front of an open laptop computer while holding a pen and resting his head on one hand. He appears thoughtful and focused, possibly reviewing information or planning a project. The clean office setting includes a desk surface and.","A businessman sits at a desk in front of an open laptop computer while holding a pen and resting his head on one hand. He appears thoughtful and focused, possibly reviewing information or planning a project. The clean office setting includes a desk surface and.",/Users/yixiaoz/Desktop/cs348k_proj/outputs/controlNetScale/controlnet_seg/cfg_7p5_control_1p0/000000022371/target.png,/Users/yixiaoz/Desktop/cs348k_proj/outputs/controlNetScale/controlnet_seg/cfg_7p5_control_1p0/000000022371/seg.png,/Users/yixiaoz/Desktop/cs348k_proj/outputs/controlNetScale/controlnet_seg/cfg_7p5_control_1p0/000000022371/generated.png,dense_text_plus_seg,6,7.5,1.0,20,0.621,0.3826,29.6649
69224,A man and woman eating doughnuts out of a box at a coffee shop.,"A man and woman sit together at a table inside a café or coffee shop while sharing food from a box. Drinks, containers, and personal belongings are spread across the table. The pair appear engaged in conversation as they eat, creating a friendly and relaxed.","A man and woman sit together at a table inside a café or coffee shop while sharing food from a box. Drinks, containers, and personal belongings are spread across the table. The pair appear engaged in conversation as they eat, creating a friendly and relaxed.",/Users/yixiaoz/Desktop/cs348k_proj/outputs/controlNetScale/controlnet_seg/cfg_7p5_control_1p0/000000069224/target.png,/Users/yixiaoz/Desktop/cs348k_proj/outputs/controlNetScale/controlnet_seg/cfg_7p5_control_1p0/000000069224/seg.png,/Users/yixiaoz/Desktop/cs348k_proj/outputs/controlNetScale/controlnet_seg/cfg_7p5_control_1p0/000000069224/generated.png,dense_text_plus_seg,6,7.5,1.0,20,0.7035,0.6145,31.4163
16249,It sure is a beautiful day to sit outside and read the paper.,"An older man sits outdoors on a bench reading a newspaper while enjoying a pleasant day in a public area. Several other people sit or stand nearby, creating a relaxed community setting. Sunlight illuminates the scene, and the man appears absorbed in reading while the.","An older man sits outdoors on a bench reading a newspaper while enjoying a pleasant day in a public area. Several other people sit or stand nearby, creating a relaxed community setting. Sunlight illuminates the scene, and the man appears absorbed in reading while the.",/Users/yixiaoz/Desktop/cs348k_proj/outputs/controlNetScale/controlnet_seg/cfg_7p5_control_1p0/000000016249/target.png,/Users/yixiaoz/Desktop/cs348k_proj/outputs/controlNetScale/controlnet_seg/cfg_7p5_control_1p0/000000016249/seg.png,/Users/yixiaoz/Desktop/cs348k_proj/outputs/controlNetScale/controlnet_seg/cfg_7p5_control_1p0/000000016249/generated.png,dense_text_plus_seg,6,7.5,1.0,20,0.6133,0.396,34.8159
85157,A group of people sitting around a table have a meal and a drink.,"A group of people sit around a restaurant table sharing food and drinks. Plates, glasses, and table settings fill the dining area while the diners converse with one another. The gathering appears social and informal, with participants enjoying a meal together in a warm indoor.","A group of people sit around a restaurant table sharing food and drinks. Plates, glasses, and table settings fill the dining area while the diners converse with one another. The gathering appears social and informal, with participants enjoying a meal together in a warm indoor.",/Users/yixiaoz/Desktop/cs348k_proj/outputs/controlNetScale/controlnet_seg/cfg_7p5_control_1p0/000000085157/target.png,/Users/yixiaoz/Desktop/cs348k_proj/outputs/controlNetScale/controlnet_seg/cfg_7p5_control_1p0/000000085157/seg.png,/Users/yixiaoz/Desktop/cs348k_proj/outputs/controlNetScale/controlnet_seg/cfg_7p5_control_1p0/000000085157/generated.png,dense_text_plus_seg,6,7.5,1.0,20,0.6698,0.432,32.7482
20571,A tugboat sits beside a ferry on placid water with a mountain in the distance.,"Several fishing boats are docked beside a harbor on calm water, with hills or mountains visible in the distance. Ropes, masts, and harbor equipment line the waterfront while the boats rest quietly along the dock. The scene reflects a working maritime environment and highlights the.","Several fishing boats are docked beside a harbor on calm water, with hills or mountains visible in the distance. Ropes, masts, and harbor equipment line the waterfront while the boats rest quietly along the dock. The scene reflects a working maritime environment and highlights the.",/Users/yixiaoz/Desktop/cs348k_proj/outputs/controlNetScale/controlnet_seg/cfg_7p5_control_1p0/000000020571/target.png,/Users/yixiaoz/Desktop/cs348k_proj/outputs/controlNetScale/controlnet_seg/cfg_7p5_control_1p0/000000020571/seg.png,/Users/yixiaoz/Desktop/cs348k_proj/outputs/controlNetScale/controlnet_seg/cfg_7p5_control_1p0/000000020571/generated.png,dense_text_plus_seg,6,7.5,1.0,20,0.6144,0.4037,30.6389
84362,A toddler and cat are in a living room with open curtains.,"A toddler and a cat occupy a cozy living room illuminated by daylight coming through large windows with open curtains. Sofas and chairs surround the room, while the child sits or plays near the center of the space. The cat relaxes nearby, contributing to the.","A toddler and a cat occupy a cozy living room illuminated by daylight coming through large windows with open curtains. Sofas and chairs surround the room, while the child sits or plays near the center of the space. The cat relaxes nearby, contributing to the.",/Users/yixiaoz/Desktop/cs348k_proj/outputs/controlNetScale/controlnet_seg/cfg_7p5_control_1p0/000000084362/target.png,/Users/yixiaoz/Desktop/cs348k_proj/outputs/controlNetScale/controlnet_seg/cfg_7p5_control_1p0/000000084362/seg.png,/Users/yixiaoz/Desktop/cs348k_proj/outputs/controlNetScale/controlnet_seg/cfg_7p5_control_1p0/000000084362/generated.png,dense_text_plus_seg,6,7.5,1.0,20,0.6397,0.4256,32.2015
62808,Man photographing a fresh pizza his tired buddy just wants to eat,"A freshly baked pizza sits on a table in a restaurant while one man photographs it with a camera or phone. Another man sits nearby waiting to eat, looking toward the meal. Plates and dining items surround the pizza, suggesting the meal is about to.","A freshly baked pizza sits on a table in a restaurant while one man photographs it with a camera or phone. Another man sits nearby waiting to eat, looking toward the meal. Plates and dining items surround the pizza, suggesting the meal is about to.",/Users/yixiaoz/Desktop/cs348k_proj/outputs/controlNetScale/controlnet_seg/cfg_7p5_control_1p0/000000062808/target.png,/Users/yixiaoz/Desktop/cs348k_proj/outputs/controlNetScale/controlnet_seg/cfg_7p5_control_1p0/000000062808/seg.png,/Users/yixiaoz/Desktop/cs348k_proj/outputs/controlNetScale/controlnet_seg/cfg_7p5_control_1p0/000000062808/generated.png,dense_text_plus_seg,6,7.5,1.0,20,0.6013,0.4264,31.3637
106235,A living room featuring a comfortable seating arrangement of chairs and tables.,"A comfortable living room features sofas, armchairs, lamps, and a coffee table arranged around a central seating area. Warm lighting and decorative furnishings create a welcoming atmosphere. The room appears carefully organized for relaxation and conversation, with furniture positioned to encourage social interaction. Soft colors.","A comfortable living room features sofas, armchairs, lamps, and a coffee table arranged around a central seating area. Warm lighting and decorative furnishings create a welcoming atmosphere. The room appears carefully organized for relaxation and conversation, with furniture positioned to encourage social interaction. Soft colors.",/Users/yixiaoz/Desktop/cs348k_proj/outputs/controlNetScale/controlnet_seg/cfg_7p5_control_1p0/000000106235/target.png,/Users/yixiaoz/Desktop/cs348k_proj/outputs/controlNetScale/controlnet_seg/cfg_7p5_control_1p0/000000106235/seg.png,/Users/yixiaoz/Desktop/cs348k_proj/outputs/controlNetScale/controlnet_seg/cfg_7p5_control_1p0/000000106235/generated.png,dense_text_plus_seg,6,7.5,1.0,20,0.6108,0.3346,34.4431
117425,A young boy with a spoon looking at a birthday cupcake.,"A young child sits at a wooden table while looking closely at a small birthday cupcake decorated with a candle. The toddler appears curious and fascinated by the treat positioned directly in front of them. An adult stands nearby, partially visible, supervising the moment. Warm.","A young child sits at a wooden table while looking closely at a small birthday cupcake decorated with a candle. The toddler appears curious and fascinated by the treat positioned directly in front of them. An adult stands nearby, partially visible, supervising the moment. Warm.",/Users/yixiaoz/Desktop/cs348k_proj/outputs/controlNetScale/controlnet_seg/cfg_7p5_control_1p0/000000117425/target.png,/Users/yixiaoz/Desktop/cs348k_proj/outputs/controlNetScale/controlnet_seg/cfg_7p5_control_1p0/000000117425/seg.png,/Users/yixiaoz/Desktop/cs348k_proj/outputs/controlNetScale/controlnet_seg/cfg_7p5_control_1p0/000000117425/generated.png,dense_text_plus_seg,6,7.5,1.0,20,0.6783,0.3154,39.933
100624,A girl is standing by a storefront while talking on her phone.,"A young woman stands on a city sidewalk at night while talking on her mobile phone. Storefront windows, streetlights, and blurred city lights illuminate the background, creating an urban evening atmosphere. She appears focused on her conversation while standing near a shop entrance. The image.","A young woman stands on a city sidewalk at night while talking on her mobile phone. Storefront windows, streetlights, and blurred city lights illuminate the background, creating an urban evening atmosphere. She appears focused on her conversation while standing near a shop entrance. The image.",/Users/yixiaoz/Desktop/cs348k_proj/outputs/controlNetScale/controlnet_seg/cfg_7p5_control_1p0/000000100624/target.png,/Users/yixiaoz/Desktop/cs348k_proj/outputs/controlNetScale/controlnet_seg/cfg_7p5_control_1p0/000000100624/seg.png,/Users/yixiaoz/Desktop/cs348k_proj/outputs/controlNetScale/controlnet_seg/cfg_7p5_control_1p0/000000100624/generated.png,dense_text_plus_seg,6,7.5,1.0,20,0.8487,0.6104,32.5814
24243,"Two ladies seated with cups of drinks, one smoking while the other seated inside a fridge",Two women sit near a storefront or street-side seating area while holding drinks. One woman smokes a cigarette while the other sits inside a display-like enclosure resembling a refrigerator or booth. The unusual arrangement creates an eye-catching urban scene. Pedestrians and city elements appear in.,Two women sit near a storefront or street-side seating area while holding drinks. One woman smokes a cigarette while the other sits inside a display-like enclosure resembling a refrigerator or booth. The unusual arrangement creates an eye-catching urban scene. Pedestrians and city elements appear in.,/Users/yixiaoz/Desktop/cs348k_proj/outputs/controlNetScale/controlnet_seg/cfg_7p5_control_1p0/000000024243/target.png,/Users/yixiaoz/Desktop/cs348k_proj/outputs/controlNetScale/controlnet_seg/cfg_7p5_control_1p0/000000024243/seg.png,/Users/yixiaoz/Desktop/cs348k_proj/outputs/controlNetScale/controlnet_seg/cfg_7p5_control_1p0/000000024243/generated.png,dense_text_plus_seg,6,7.5,1.0,20,0.6552,0.4954,40.1775
31296,"A group of people, some in leftover US army clothing, sit at tables in a large dining room.","A large group of people gather around tables inside a spacious dining room decorated with military memorabilia and clothing. The diners appear engaged in conversation while sharing food and drinks. Wooden floors, warm lighting, and the arrangement of tables create a communal atmosphere. The image.","A large group of people gather around tables inside a spacious dining room decorated with military memorabilia and clothing. The diners appear engaged in conversation while sharing food and drinks. Wooden floors, warm lighting, and the arrangement of tables create a communal atmosphere. The image.",/Users/yixiaoz/Desktop/cs348k_proj/outputs/controlNetScale/controlnet_seg/cfg_7p5_control_1p0/000000031296/target.png,/Users/yixiaoz/Desktop/cs348k_proj/outputs/controlNetScale/controlnet_seg/cfg_7p5_control_1p0/000000031296/seg.png,/Users/yixiaoz/Desktop/cs348k_proj/outputs/controlNetScale/controlnet_seg/cfg_7p5_control_1p0/000000031296/generated.png,dense_text_plus_seg,6,7.5,1.0,20,0.6193,0.4344,37.4596
40083,a vintage photo of some people sitting under an umbrella,"This black-and-white photograph shows several people seated beneath a large umbrella beside a street or outdoor market area. Tables, chairs, and nearby structures suggest a casual public gathering place. The monochrome presentation gives the image a vintage appearance, emphasizing everyday social activity and street life.","This black-and-white photograph shows several people seated beneath a large umbrella beside a street or outdoor market area. Tables, chairs, and nearby structures suggest a casual public gathering place. The monochrome presentation gives the image a vintage appearance, emphasizing everyday social activity and street life.",/Users/yixiaoz/Desktop/cs348k_proj/outputs/controlNetScale/controlnet_seg/cfg_7p5_control_1p0/000000040083/target.png,/Users/yixiaoz/Desktop/cs348k_proj/outputs/controlNetScale/controlnet_seg/cfg_7p5_control_1p0/000000040083/seg.png,/Users/yixiaoz/Desktop/cs348k_proj/outputs/controlNetScale/controlnet_seg/cfg_7p5_control_1p0/000000040083/generated.png,dense_text_plus_seg,6,7.5,1.0,20,0.6065,0.4278,34.1902
36936,A man and woman sitting on a couch playing a video game.,"A man and woman sit together on a couch in a living room while playing a video game. A television displays the game in front of them, and snacks or drinks are visible on nearby tables. The indoor setting feels comfortable and informal, with warm.","A man and woman sit together on a couch in a living room while playing a video game. A television displays the game in front of them, and snacks or drinks are visible on nearby tables. The indoor setting feels comfortable and informal, with warm.",/Users/yixiaoz/Desktop/cs348k_proj/outputs/controlNetScale/controlnet_seg/cfg_7p5_control_1p0/000000036936/target.png,/Users/yixiaoz/Desktop/cs348k_proj/outputs/controlNetScale/controlnet_seg/cfg_7p5_control_1p0/000000036936/seg.png,/Users/yixiaoz/Desktop/cs348k_proj/outputs/controlNetScale/controlnet_seg/cfg_7p5_control_1p0/000000036936/generated.png,dense_text_plus_seg,6,7.5,1.0,20,0.6564,0.5011,31.3711
18150,A man with a receding hairline offers a slice of pizza to a toddler.,"A man with a receding hairline offers a slice of pizza to a young child seated nearby. The pair appear engaged in a friendly interaction, with the child focusing on the food being presented. The indoor setting suggests a casual family meal or gathering. The.","A man with a receding hairline offers a slice of pizza to a young child seated nearby. The pair appear engaged in a friendly interaction, with the child focusing on the food being presented. The indoor setting suggests a casual family meal or gathering. The.",/Users/yixiaoz/Desktop/cs348k_proj/outputs/controlNetScale/controlnet_seg/cfg_7p5_control_1p0/000000018150/target.png,/Users/yixiaoz/Desktop/cs348k_proj/outputs/controlNetScale/controlnet_seg/cfg_7p5_control_1p0/000000018150/seg.png,/Users/yixiaoz/Desktop/cs348k_proj/outputs/controlNetScale/controlnet_seg/cfg_7p5_control_1p0/000000018150/generated.png,dense_text_plus_seg,6,7.5,1.0,20,0.66,0.3187,38.5267
115870,Some people hanging around in a living room with a big couch.,Several people relax in a spacious living room centered around a large couch and coffee table. Some sit while others stand and converse near large windows that bring natural light into the room. Household decorations and comfortable furniture create a welcoming atmosphere. The scene captures.,Several people relax in a spacious living room centered around a large couch and coffee table. Some sit while others stand and converse near large windows that bring natural light into the room. Household decorations and comfortable furniture create a welcoming atmosphere. The scene captures.,/Users/yixiaoz/Desktop/cs348k_proj/outputs/controlNetScale/controlnet_seg/cfg_7p5_control_1p0/000000115870/target.png,/Users/yixiaoz/Desktop/cs348k_proj/outputs/controlNetScale/controlnet_seg/cfg_7p5_control_1p0/000000115870/seg.png,/Users/yixiaoz/Desktop/cs348k_proj/outputs/controlNetScale/controlnet_seg/cfg_7p5_control_1p0/000000115870/generated.png,dense_text_plus_seg,6,7.5,1.0,20,0.5964,0.3714,35.4843
32901,Four men are standing together behind a group of red chairs.,"Four men stand together behind a row of red chairs in an indoor event or meeting room. They smile toward the camera and appear dressed in semi-formal attire, suggesting a gathering, celebration, or professional occasion. The composition resembles a group portrait, with the individuals positioned.","Four men stand together behind a row of red chairs in an indoor event or meeting room. They smile toward the camera and appear dressed in semi-formal attire, suggesting a gathering, celebration, or professional occasion. The composition resembles a group portrait, with the individuals positioned.",/Users/yixiaoz/Desktop/cs348k_proj/outputs/controlNetScale/controlnet_seg/cfg_7p5_control_1p0/000000032901/target.png,/Users/yixiaoz/Desktop/cs348k_proj/outputs/controlNetScale/controlnet_seg/cfg_7p5_control_1p0/000000032901/seg.png,/Users/yixiaoz/Desktop/cs348k_proj/outputs/controlNetScale/controlnet_seg/cfg_7p5_control_1p0/000000032901/generated.png,dense_text_plus_seg,6,7.5,1.0,20,0.713,0.4958,34.4626
25560,A cat perches on top of an entertainment center in front of a TV.,"A cat perches on top of an entertainment center directly in front of a television screen. The television displays a person on screen, while the cat appears more interested in the elevated resting spot than the program itself. Household electronics and furniture surround the scene.","A cat perches on top of an entertainment center directly in front of a television screen. The television displays a person on screen, while the cat appears more interested in the elevated resting spot than the program itself. Household electronics and furniture surround the scene.",/Users/yixiaoz/Desktop/cs348k_proj/outputs/controlNetScale/controlnet_seg/cfg_7p5_control_1p0/000000025560/target.png,/Users/yixiaoz/Desktop/cs348k_proj/outputs/controlNetScale/controlnet_seg/cfg_7p5_control_1p0/000000025560/seg.png,/Users/yixiaoz/Desktop/cs348k_proj/outputs/controlNetScale/controlnet_seg/cfg_7p5_control_1p0/000000025560/generated.png,dense_text_plus_seg,6,7.5,1.0,20,0.6123,0.435,37.2141
115245,Several suitcases on wheels leaning up against one long table with chairs.,"Several suitcases of different sizes stand upright beside a long table and a row of chairs in what appears to be a waiting area or meeting room. The luggage is grouped together on a polished wooden floor, suggesting recent travel, arrival, or preparation for departure.","Several suitcases of different sizes stand upright beside a long table and a row of chairs in what appears to be a waiting area or meeting room. The luggage is grouped together on a polished wooden floor, suggesting recent travel, arrival, or preparation for departure.",/Users/yixiaoz/Desktop/cs348k_proj/outputs/controlNetScale/controlnet_seg/cfg_7p5_control_1p0/000000115245/target.png,/Users/yixiaoz/Desktop/cs348k_proj/outputs/controlNetScale/controlnet_seg/cfg_7p5_control_1p0/000000115245/seg.png,/Users/yixiaoz/Desktop/cs348k_proj/outputs/controlNetScale/controlnet_seg/cfg_7p5_control_1p0/000000115245/generated.png,dense_text_plus_seg,6,7.5,1.0,20,0.674,0.4291,36.2722
5001,A group of people holding a large pair of scissors to a ribbon.,"A crowd of adults and children gather around a ceremonial ribbon-cutting event. Several people smile and pose while a large pair of scissors is used to cut a ribbon stretched across the foreground. Balloons, cameras, and excited expressions contribute to the celebratory atmosphere. The gathering.","A crowd of adults and children gather around a ceremonial ribbon-cutting event. Several people smile and pose while a large pair of scissors is used to cut a ribbon stretched across the foreground. Balloons, cameras, and excited expressions contribute to the celebratory atmosphere. The gathering.",/Users/yixiaoz/Desktop/cs348k_proj/outputs/controlNetScale/controlnet_seg/cfg_7p5_control_1p0/000000005001/target.png,/Users/yixiaoz/Desktop/cs348k_proj/outputs/controlNetScale/controlnet_seg/cfg_7p5_control_1p0/000000005001/seg.png,/Users/yixiaoz/Desktop/cs348k_proj/outputs/controlNetScale/controlnet_seg/cfg_7p5_control_1p0/000000005001/generated.png,dense_text_plus_seg,6,7.5,1.0,20,0.6974,0.3866,37.1084
3934,A young girl in the foreground and a woman in a bridal dress and other adults in the background.,"A young girl wearing a light-colored dress stands in the foreground of a living room while adults gather in the background. Motion blur gives the impression of movement and activity throughout the room. Furniture, decorations, and warm indoor lighting create a family-oriented atmosphere. The scene.","A young girl wearing a light-colored dress stands in the foreground of a living room while adults gather in the background. Motion blur gives the impression of movement and activity throughout the room. Furniture, decorations, and warm indoor lighting create a family-oriented atmosphere. The scene.",/Users/yixiaoz/Desktop/cs348k_proj/outputs/controlNetScale/controlnet_seg/cfg_7p5_control_1p0/000000003934/target.png,/Users/yixiaoz/Desktop/cs348k_proj/outputs/controlNetScale/controlnet_seg/cfg_7p5_control_1p0/000000003934/seg.png,/Users/yixiaoz/Desktop/cs348k_proj/outputs/controlNetScale/controlnet_seg/cfg_7p5_control_1p0/000000003934/generated.png,dense_text_plus_seg,6,7.5,1.0,20,0.5881,0.4354,35.2612
91500,Two kids hanging out playing video games on folding chairs.,"Two young men sit on folding chairs while playing a video game together indoors. Each player holds a game controller and focuses on an off-camera television or display. The room contains tables, chairs, and household furnishings that suggest a casual social gathering. Their relaxed posture.","Two young men sit on folding chairs while playing a video game together indoors. Each player holds a game controller and focuses on an off-camera television or display. The room contains tables, chairs, and household furnishings that suggest a casual social gathering. Their relaxed posture.",/Users/yixiaoz/Desktop/cs348k_proj/outputs/controlNetScale/controlnet_seg/cfg_7p5_control_1p0/000000091500/target.png,/Users/yixiaoz/Desktop/cs348k_proj/outputs/controlNetScale/controlnet_seg/cfg_7p5_control_1p0/000000091500/seg.png,/Users/yixiaoz/Desktop/cs348k_proj/outputs/controlNetScale/controlnet_seg/cfg_7p5_control_1p0/000000091500/generated.png,dense_text_plus_seg,6,7.5,1.0,20,0.6206,0.4131,38.8821
82696,a white and black bird is walking by a table and some chairs,"A white and black bird walks across the floor of an indoor dining area filled with tables and chairs. The bird moves freely between the furniture, creating an unusual contrast between wildlife and a human-designed environment. Empty chairs and table arrangements suggest a cafeteria, restaurant.","A white and black bird walks across the floor of an indoor dining area filled with tables and chairs. The bird moves freely between the furniture, creating an unusual contrast between wildlife and a human-designed environment. Empty chairs and table arrangements suggest a cafeteria, restaurant.",/Users/yixiaoz/Desktop/cs348k_proj/outputs/controlNetScale/controlnet_seg/cfg_7p5_control_1p0/000000082696/target.png,/Users/yixiaoz/Desktop/cs348k_proj/outputs/controlNetScale/controlnet_seg/cfg_7p5_control_1p0/000000082696/seg.png,/Users/yixiaoz/Desktop/cs348k_proj/outputs/controlNetScale/controlnet_seg/cfg_7p5_control_1p0/000000082696/generated.png,dense_text_plus_seg,6,7.5,1.0,20,0.5871,0.4231,39.4763
25986,"Food is on the counter including a glass of water, rice, vegetables, and more","Several plates of food are arranged on a kitchen counter, including vegetables, rice, and prepared dishes ready to be served. Bowls, utensils, and drinking glasses surround the meal preparation area. The countertop is busy with ingredients and completed dishes, suggesting an active cooking session or.","Several plates of food are arranged on a kitchen counter, including vegetables, rice, and prepared dishes ready to be served. Bowls, utensils, and drinking glasses surround the meal preparation area. The countertop is busy with ingredients and completed dishes, suggesting an active cooking session or.",/Users/yixiaoz/Desktop/cs348k_proj/outputs/controlNetScale/controlnet_seg/cfg_7p5_control_1p0/000000025986/target.png,/Users/yixiaoz/Desktop/cs348k_proj/outputs/controlNetScale/controlnet_seg/cfg_7p5_control_1p0/000000025986/seg.png,/Users/yixiaoz/Desktop/cs348k_proj/outputs/controlNetScale/controlnet_seg/cfg_7p5_control_1p0/000000025986/generated.png,dense_text_plus_seg,6,7.5,1.0,20,0.6534,0.39,30.9801
17899,Woman working with large assortment of baked goods at kitchen table.,An older woman works at a kitchen table covered with baking supplies and a large assortment of cookies or pastries. Trays of baked goods are arranged across the tabletop while ingredients and utensils remain nearby. The woman appears focused on decorating or organizing the treats.,An older woman works at a kitchen table covered with baking supplies and a large assortment of cookies or pastries. Trays of baked goods are arranged across the tabletop while ingredients and utensils remain nearby. The woman appears focused on decorating or organizing the treats.,/Users/yixiaoz/Desktop/cs348k_proj/outputs/controlNetScale/controlnet_seg/cfg_7p5_control_1p0/000000017899/target.png,/Users/yixiaoz/Desktop/cs348k_proj/outputs/controlNetScale/controlnet_seg/cfg_7p5_control_1p0/000000017899/seg.png,/Users/yixiaoz/Desktop/cs348k_proj/outputs/controlNetScale/controlnet_seg/cfg_7p5_control_1p0/000000017899/generated.png,dense_text_plus_seg,6,7.5,1.0,20,0.6599,0.4462,36.971
36494,"A crowd of people sitting in a room, with a clock tower in front.","A large crowd gathers inside a spacious hall featuring an enormous illuminated clock structure mounted on the wall. People sit and stand around tables while enjoying food, drinks, and conversation. The architecture, lighting, and oversized clock create a dramatic focal point within the room. The.","A large crowd gathers inside a spacious hall featuring an enormous illuminated clock structure mounted on the wall. People sit and stand around tables while enjoying food, drinks, and conversation. The architecture, lighting, and oversized clock create a dramatic focal point within the room. The.",/Users/yixiaoz/Desktop/cs348k_proj/outputs/controlNetScale/controlnet_seg/cfg_7p5_control_1p0/000000036494/target.png,/Users/yixiaoz/Desktop/cs348k_proj/outputs/controlNetScale/controlnet_seg/cfg_7p5_control_1p0/000000036494/seg.png,/Users/yixiaoz/Desktop/cs348k_proj/outputs/controlNetScale/controlnet_seg/cfg_7p5_control_1p0/000000036494/generated.png,dense_text_plus_seg,6,7.5,1.0,20,0.6328,0.4467,35.36
24610,There is a laptop computer in a room with a couch and a bookcase.,"A quiet room contains a desk with a laptop computer, bookshelves filled with books, and a couch positioned along one wall. Warm lighting and simple furnishings create a calm, comfortable environment suitable for reading, studying, or working. The arrangement suggests a personal living space or.","A quiet room contains a desk with a laptop computer, bookshelves filled with books, and a couch positioned along one wall. Warm lighting and simple furnishings create a calm, comfortable environment suitable for reading, studying, or working. The arrangement suggests a personal living space or.",/Users/yixiaoz/Desktop/cs348k_proj/outputs/controlNetScale/controlnet_seg/cfg_7p5_control_1p0/000000024610/target.png,/Users/yixiaoz/Desktop/cs348k_proj/outputs/controlNetScale/controlnet_seg/cfg_7p5_control_1p0/000000024610/seg.png,/Users/yixiaoz/Desktop/cs348k_proj/outputs/controlNetScale/controlnet_seg/cfg_7p5_control_1p0/000000024610/generated.png,dense_text_plus_seg,6,7.5,1.0,20,0.7498,0.493,31.3291
18380,a family sitting around a long table filled with a lot of food,"A large family gathers around a long dining table filled with food, drinks, and serving dishes. Adults and children smile toward the camera while seated closely together in a warm home environment. The table is crowded with meals prepared for sharing, creating a festive atmosphere.","A large family gathers around a long dining table filled with food, drinks, and serving dishes. Adults and children smile toward the camera while seated closely together in a warm home environment. The table is crowded with meals prepared for sharing, creating a festive atmosphere.",/Users/yixiaoz/Desktop/cs348k_proj/outputs/controlNetScale/controlnet_seg/cfg_7p5_control_1p0/000000018380/target.png,/Users/yixiaoz/Desktop/cs348k_proj/outputs/controlNetScale/controlnet_seg/cfg_7p5_control_1p0/000000018380/seg.png,/Users/yixiaoz/Desktop/cs348k_proj/outputs/controlNetScale/controlnet_seg/cfg_7p5_control_1p0/000000018380/generated.png,dense_text_plus_seg,6,7.5,1.0,20,0.618,0.2141,37.031
102411,Two people sitting on a motorcycle in the street next to a beach.,"Two people sit on a motorcycle parked beside a waterfront area near a beach. The ocean, shoreline, and distant scenery provide a scenic backdrop while the riders pause along the road. Nearby pedestrians and open coastal views contribute to the relaxed atmosphere. The image combines.","Two people sit on a motorcycle parked beside a waterfront area near a beach. The ocean, shoreline, and distant scenery provide a scenic backdrop while the riders pause along the road. Nearby pedestrians and open coastal views contribute to the relaxed atmosphere. The image combines.",/Users/yixiaoz/Desktop/cs348k_proj/outputs/controlNetScale/controlnet_seg/cfg_7p5_control_1p0/000000102411/target.png,/Users/yixiaoz/Desktop/cs348k_proj/outputs/controlNetScale/controlnet_seg/cfg_7p5_control_1p0/000000102411/seg.png,/Users/yixiaoz/Desktop/cs348k_proj/outputs/controlNetScale/controlnet_seg/cfg_7p5_control_1p0/000000102411/generated.png,dense_text_plus_seg,6,7.5,1.0,20,0.5424,0.356,35.4045
99053,"A bowl of noodles, meat, broccoli and carrots in a sauce with a fork.","A bowl of noodles mixed with meat, broccoli, carrots, and vegetables sits on a table with a fork resting inside. The colorful ingredients are coated in sauce and arranged casually within the bowl. The close-up perspective focuses attention on the meal while minimizing background distractions.","A bowl of noodles mixed with meat, broccoli, carrots, and vegetables sits on a table with a fork resting inside. The colorful ingredients are coated in sauce and arranged casually within the bowl. The close-up perspective focuses attention on the meal while minimizing background distractions.",/Users/yixiaoz/Desktop/cs348k_proj/outputs/controlNetScale/controlnet_seg/cfg_7p5_control_1p0/000000099053/target.png,/Users/yixiaoz/Desktop/cs348k_proj/outputs/controlNetScale/controlnet_seg/cfg_7p5_control_1p0/000000099053/seg.png,/Users/yixiaoz/Desktop/cs348k_proj/outputs/controlNetScale/controlnet_seg/cfg_7p5_control_1p0/000000099053/generated.png,dense_text_plus_seg,6,7.5,1.0,20,0.7599,0.3941,33.2735
84650,THERE IS A CAT THAT IS SITTION ON TOP OF THE SUITCASE,A cat rests comfortably on top of a large suitcase surrounded by luggage and travel bags. The animal appears relaxed despite sitting among items associated with movement and transportation. The scene suggests preparation for a trip or recent arrival. The contrast between the cat’s calm.,A cat rests comfortably on top of a large suitcase surrounded by luggage and travel bags. The animal appears relaxed despite sitting among items associated with movement and transportation. The scene suggests preparation for a trip or recent arrival. The contrast between the cat’s calm.,/Users/yixiaoz/Desktop/cs348k_proj/outputs/controlNetScale/controlnet_seg/cfg_7p5_control_1p0/000000084650/target.png,/Users/yixiaoz/Desktop/cs348k_proj/outputs/controlNetScale/controlnet_seg/cfg_7p5_control_1p0/000000084650/seg.png,/Users/yixiaoz/Desktop/cs348k_proj/outputs/controlNetScale/controlnet_seg/cfg_7p5_control_1p0/000000084650/generated.png,dense_text_plus_seg,6,7.5,1.0,20,0.6207,0.5049,34.5154
114049,"People inside a commuter train, with their luggage and bicycles.","Passengers stand inside a crowded train car surrounded by luggage, bicycles, and personal belongings. The narrow aisle is filled with travelers preparing for or continuing their journey. Bicycle wheels, suitcases, and overhead fixtures emphasize the transportation setting. The image captures the realities of public transit.","Passengers stand inside a crowded train car surrounded by luggage, bicycles, and personal belongings. The narrow aisle is filled with travelers preparing for or continuing their journey. Bicycle wheels, suitcases, and overhead fixtures emphasize the transportation setting. The image captures the realities of public transit.",/Users/yixiaoz/Desktop/cs348k_proj/outputs/controlNetScale/controlnet_seg/cfg_7p5_control_1p0/000000114049/target.png,/Users/yixiaoz/Desktop/cs348k_proj/outputs/controlNetScale/controlnet_seg/cfg_7p5_control_1p0/000000114049/seg.png,/Users/yixiaoz/Desktop/cs348k_proj/outputs/controlNetScale/controlnet_seg/cfg_7p5_control_1p0/000000114049/generated.png,dense_text_plus_seg,6,7.5,1.0,20,0.6195,0.498,32.2485
100723,Crown marching in one direction in a lightly attended protest.,"A group of protesters march through a public street carrying signs and banners while moving together in the same direction. Participants of different ages fill the scene, creating a visible demonstration of collective action. The signs suggest support for a social or political cause, while.","A group of protesters march through a public street carrying signs and banners while moving together in the same direction. Participants of different ages fill the scene, creating a visible demonstration of collective action. The signs suggest support for a social or political cause, while.",/Users/yixiaoz/Desktop/cs348k_proj/outputs/controlNetScale/controlnet_seg/cfg_7p5_control_1p0/000000100723/target.png,/Users/yixiaoz/Desktop/cs348k_proj/outputs/controlNetScale/controlnet_seg/cfg_7p5_control_1p0/000000100723/seg.png,/Users/yixiaoz/Desktop/cs348k_proj/outputs/controlNetScale/controlnet_seg/cfg_7p5_control_1p0/000000100723/generated.png,dense_text_plus_seg,6,7.5,1.0,20,0.631,0.403,29.7893
40471,A painted white kitchen with a refrigerator and an automatic dish washer next to an oven stove.,"A clean white kitchen contains a refrigerator, oven, dishwasher, cabinets, and countertops arranged in a practical layout. Bright lighting reflects off the appliances and tiled surfaces, creating an organized and modern appearance. The room appears ready for cooking and daily household use. The image emphasizes.","A clean white kitchen contains a refrigerator, oven, dishwasher, cabinets, and countertops arranged in a practical layout. Bright lighting reflects off the appliances and tiled surfaces, creating an organized and modern appearance. The room appears ready for cooking and daily household use. The image emphasizes.",/Users/yixiaoz/Desktop/cs348k_proj/outputs/controlNetScale/controlnet_seg/cfg_7p5_control_1p0/000000040471/target.png,/Users/yixiaoz/Desktop/cs348k_proj/outputs/controlNetScale/controlnet_seg/cfg_7p5_control_1p0/000000040471/seg.png,/Users/yixiaoz/Desktop/cs348k_proj/outputs/controlNetScale/controlnet_seg/cfg_7p5_control_1p0/000000040471/generated.png,dense_text_plus_seg,6,7.5,1.0,20,0.587,0.3362,32.5593
100238,A family standing next to each other while holding frisbees.,"A family stands outdoors together while holding colorful frisbees. Adults and children pose side by side in a grassy area, appearing relaxed and cheerful. The open environment suggests a park, recreational field, or family gathering. Their casual clothing and outdoor setting contribute to a friendly.","A family stands outdoors together while holding colorful frisbees. Adults and children pose side by side in a grassy area, appearing relaxed and cheerful. The open environment suggests a park, recreational field, or family gathering. Their casual clothing and outdoor setting contribute to a friendly.",/Users/yixiaoz/Desktop/cs348k_proj/outputs/controlNetScale/controlnet_seg/cfg_7p5_control_1p0/000000100238/target.png,/Users/yixiaoz/Desktop/cs348k_proj/outputs/controlNetScale/controlnet_seg/cfg_7p5_control_1p0/000000100238/seg.png,/Users/yixiaoz/Desktop/cs348k_proj/outputs/controlNetScale/controlnet_seg/cfg_7p5_control_1p0/000000100238/generated.png,dense_text_plus_seg,6,7.5,1.0,20,0.5567,0.3973,39.5144
39484,A street full of cars that are driving and parked and a group of people sitting outside eating.,"Cars move along a city street lined with buildings, storefronts, and restaurants. Some people sit outside dining establishments while traffic passes through the urban area. Signs, parked vehicles, and commercial activity contribute to a lively downtown atmosphere. The image captures the interaction between transportation, business.","Cars move along a city street lined with buildings, storefronts, and restaurants. Some people sit outside dining establishments while traffic passes through the urban area. Signs, parked vehicles, and commercial activity contribute to a lively downtown atmosphere. The image captures the interaction between transportation, business.",/Users/yixiaoz/Desktop/cs348k_proj/outputs/controlNetScale/controlnet_seg/cfg_7p5_control_1p0/000000039484/target.png,/Users/yixiaoz/Desktop/cs348k_proj/outputs/controlNetScale/controlnet_seg/cfg_7p5_control_1p0/000000039484/seg.png,/Users/yixiaoz/Desktop/cs348k_proj/outputs/controlNetScale/controlnet_seg/cfg_7p5_control_1p0/000000039484/generated.png,dense_text_plus_seg,6,7.5,1.0,20,0.5802,0.329,27.9937
13729,A group of people playing with a Wii in the living room.,"Several people stand in a living room while playing a Nintendo Wii video game. Participants face a television and appear engaged in the activity, moving their bodies as part of the gameplay. Household furniture, decorations, and open floor space provide room for interaction. The image.","Several people stand in a living room while playing a Nintendo Wii video game. Participants face a television and appear engaged in the activity, moving their bodies as part of the gameplay. Household furniture, decorations, and open floor space provide room for interaction. The image.",/Users/yixiaoz/Desktop/cs348k_proj/outputs/controlNetScale/controlnet_seg/cfg_7p5_control_1p0/000000013729/target.png,/Users/yixiaoz/Desktop/cs348k_proj/outputs/controlNetScale/controlnet_seg/cfg_7p5_control_1p0/000000013729/seg.png,/Users/yixiaoz/Desktop/cs348k_proj/outputs/controlNetScale/controlnet_seg/cfg_7p5_control_1p0/000000013729/generated.png,dense_text_plus_seg,6,7.5,1.0,20,0.644,0.4982,36.7394
80340,a small child wearing a tie and holding a suitcase with other people in the background,"A small child wearing a dress shirt, tie, and formal clothing stands on a sidewalk holding a rolling suitcase. Adults and other people gather nearby in the background, suggesting a family event, celebration, or travel occasion. The child’s serious posture contrasts with the oversized luggage.","A small child wearing a dress shirt, tie, and formal clothing stands on a sidewalk holding a rolling suitcase. Adults and other people gather nearby in the background, suggesting a family event, celebration, or travel occasion. The child’s serious posture contrasts with the oversized luggage.",/Users/yixiaoz/Desktop/cs348k_proj/outputs/controlNetScale/controlnet_seg/cfg_7p5_control_1p0/000000080340/target.png,/Users/yixiaoz/Desktop/cs348k_proj/outputs/controlNetScale/controlnet_seg/cfg_7p5_control_1p0/000000080340/seg.png,/Users/yixiaoz/Desktop/cs348k_proj/outputs/controlNetScale/controlnet_seg/cfg_7p5_control_1p0/000000080340/generated.png,dense_text_plus_seg,6,7.5,1.0,20,0.5697,0.4101,38.0577
38829,Two boys riding on a single bicycle on a city street,"Two people ride together through a busy city street on a single bicycle while surrounded by scooters, motorcycles, and other commuters. Urban storefronts, signs, and passing vehicles create a lively transportation scene. The riders appear relaxed as they navigate traffic alongside other travelers. The image.","Two people ride together through a busy city street on a single bicycle while surrounded by scooters, motorcycles, and other commuters. Urban storefronts, signs, and passing vehicles create a lively transportation scene. The riders appear relaxed as they navigate traffic alongside other travelers. The image.",/Users/yixiaoz/Desktop/cs348k_proj/outputs/controlNetScale/controlnet_seg/cfg_7p5_control_1p0/000000038829/target.png,/Users/yixiaoz/Desktop/cs348k_proj/outputs/controlNetScale/controlnet_seg/cfg_7p5_control_1p0/000000038829/seg.png,/Users/yixiaoz/Desktop/cs348k_proj/outputs/controlNetScale/controlnet_seg/cfg_7p5_control_1p0/000000038829/generated.png,dense_text_plus_seg,6,7.5,1.0,20,0.6389,0.3736,32.7791
66841,"A whimsical artistic toaster has eyes, a mouth, a nose, spoon feet, spoon ears, and a mixing beater tail.","A whimsical toaster has been creatively decorated with eyes, a nose, spoon-shaped ears, and other objects to resemble a human face. The appliance stands upright in a kitchen or dining area, transforming an ordinary household item into a playful character. Surrounding utensils and decorative elements.","A whimsical toaster has been creatively decorated with eyes, a nose, spoon-shaped ears, and other objects to resemble a human face. The appliance stands upright in a kitchen or dining area, transforming an ordinary household item into a playful character. Surrounding utensils and decorative elements.",/Users/yixiaoz/Desktop/cs348k_proj/outputs/controlNetScale/controlnet_seg/cfg_7p5_control_1p0/000000066841/target.png,/Users/yixiaoz/Desktop/cs348k_proj/outputs/controlNetScale/controlnet_seg/cfg_7p5_control_1p0/000000066841/seg.png,/Users/yixiaoz/Desktop/cs348k_proj/outputs/controlNetScale/controlnet_seg/cfg_7p5_control_1p0/000000066841/generated.png,dense_text_plus_seg,6,7.5,1.0,20,0.7225,0.5291,36.1949
25386,A man and woman are sitting together while the man eats with chopsticks.,"A man and woman sit together at a restaurant table while sharing a meal. Plates of food, chopsticks, drinks, and condiments are arranged in front of them as they look toward the camera. The indoor dining environment appears casual and welcoming. Their expressions suggest a.","A man and woman sit together at a restaurant table while sharing a meal. Plates of food, chopsticks, drinks, and condiments are arranged in front of them as they look toward the camera. The indoor dining environment appears casual and welcoming. Their expressions suggest a.",/Users/yixiaoz/Desktop/cs348k_proj/outputs/controlNetScale/controlnet_seg/cfg_7p5_control_1p0/000000025386/target.png,/Users/yixiaoz/Desktop/cs348k_proj/outputs/controlNetScale/controlnet_seg/cfg_7p5_control_1p0/000000025386/seg.png,/Users/yixiaoz/Desktop/cs348k_proj/outputs/controlNetScale/controlnet_seg/cfg_7p5_control_1p0/000000025386/generated.png,dense_text_plus_seg,6,7.5,1.0,20,0.6367,0.417,35.4995
83531,A BBQ topped with lots of sausages sitting side by side.,"Several sausages cook on a barbecue grill above glowing heat while metal tongs rest nearby. The close-up perspective focuses on the food as it browns and develops grill marks. Smoke, cooking equipment, and the outdoor setting suggest a backyard gathering or cookout. The image emphasizes.","Several sausages cook on a barbecue grill above glowing heat while metal tongs rest nearby. The close-up perspective focuses on the food as it browns and develops grill marks. Smoke, cooking equipment, and the outdoor setting suggest a backyard gathering or cookout. The image emphasizes.",/Users/yixiaoz/Desktop/cs348k_proj/outputs/controlNetScale/controlnet_seg/cfg_7p5_control_1p0/000000083531/target.png,/Users/yixiaoz/Desktop/cs348k_proj/outputs/controlNetScale/controlnet_seg/cfg_7p5_control_1p0/000000083531/seg.png,/Users/yixiaoz/Desktop/cs348k_proj/outputs/controlNetScale/controlnet_seg/cfg_7p5_control_1p0/000000083531/generated.png,dense_text_plus_seg,6,7.5,1.0,20,0.7767,0.4467,34.2364
98392,"A photo of a busy intersection with a bus, several cars and a clock tower.","A busy city intersection contains multiple cars, a bus, and a prominent clock tower rising above nearby buildings. Traffic moves through the streets while pedestrians and commercial activity contribute to the urban atmosphere. Architectural details and transportation infrastructure create a recognizable downtown setting. The image.","A busy city intersection contains multiple cars, a bus, and a prominent clock tower rising above nearby buildings. Traffic moves through the streets while pedestrians and commercial activity contribute to the urban atmosphere. Architectural details and transportation infrastructure create a recognizable downtown setting. The image.",/Users/yixiaoz/Desktop/cs348k_proj/outputs/controlNetScale/controlnet_seg/cfg_7p5_control_1p0/000000098392/target.png,/Users/yixiaoz/Desktop/cs348k_proj/outputs/controlNetScale/controlnet_seg/cfg_7p5_control_1p0/000000098392/seg.png,/Users/yixiaoz/Desktop/cs348k_proj/outputs/controlNetScale/controlnet_seg/cfg_7p5_control_1p0/000000098392/generated.png,dense_text_plus_seg,6,7.5,1.0,20,0.5887,0.3862,32.3052
12576,An elderly woman seated at a table holding three pizzas.,"An elderly woman sits at a dining table with several pizzas placed in front of her. Glasses, dishes, and table settings suggest a meal shared with others outside the frame. The warm indoor environment creates a comfortable and social atmosphere. The image highlights casual dining.","An elderly woman sits at a dining table with several pizzas placed in front of her. Glasses, dishes, and table settings suggest a meal shared with others outside the frame. The warm indoor environment creates a comfortable and social atmosphere. The image highlights casual dining.",/Users/yixiaoz/Desktop/cs348k_proj/outputs/controlNetScale/controlnet_seg/cfg_7p5_control_1p0/000000012576/target.png,/Users/yixiaoz/Desktop/cs348k_proj/outputs/controlNetScale/controlnet_seg/cfg_7p5_control_1p0/000000012576/seg.png,/Users/yixiaoz/Desktop/cs348k_proj/outputs/controlNetScale/controlnet_seg/cfg_7p5_control_1p0/000000012576/generated.png,dense_text_plus_seg,6,7.5,1.0,20,0.7809,0.6181,37.2709
22705,A woman in a short black dress is holding a champagne flute and standing in front of a refrigerator.,"A woman wearing a black dress stands confidently in a kitchen while holding a champagne flute. Stainless steel appliances, wooden cabinets, and household furnishings form the background. Her posture and expression suggest she may be attending a celebration, gathering, or special occasion. The image combines.","A woman wearing a black dress stands confidently in a kitchen while holding a champagne flute. Stainless steel appliances, wooden cabinets, and household furnishings form the background. Her posture and expression suggest she may be attending a celebration, gathering, or special occasion. The image combines.",/Users/yixiaoz/Desktop/cs348k_proj/outputs/controlNetScale/controlnet_seg/cfg_7p5_control_1p0/000000022705/target.png,/Users/yixiaoz/Desktop/cs348k_proj/outputs/controlNetScale/controlnet_seg/cfg_7p5_control_1p0/000000022705/seg.png,/Users/yixiaoz/Desktop/cs348k_proj/outputs/controlNetScale/controlnet_seg/cfg_7p5_control_1p0/000000022705/generated.png,dense_text_plus_seg,6,7.5,1.0,20,0.5793,0.3358,36.679
26204,A group of cars waiting at an intersection for the light to change,"Cars wait at an urban intersection lined with buildings, trees, and traffic infrastructure. Vehicles occupy multiple lanes as they pause for a traffic signal before continuing through the city. Sidewalks, storefronts, and street signs contribute to the metropolitan atmosphere. The image emphasizes transportation systems, traffic.","Cars wait at an urban intersection lined with buildings, trees, and traffic infrastructure. Vehicles occupy multiple lanes as they pause for a traffic signal before continuing through the city. Sidewalks, storefronts, and street signs contribute to the metropolitan atmosphere. The image emphasizes transportation systems, traffic.",/Users/yixiaoz/Desktop/cs348k_proj/outputs/controlNetScale/controlnet_seg/cfg_7p5_control_1p0/000000026204/target.png,/Users/yixiaoz/Desktop/cs348k_proj/outputs/controlNetScale/controlnet_seg/cfg_7p5_control_1p0/000000026204/seg.png,/Users/yixiaoz/Desktop/cs348k_proj/outputs/controlNetScale/controlnet_seg/cfg_7p5_control_1p0/000000026204/generated.png,dense_text_plus_seg,6,7.5,1.0,20,0.5401,0.3409,30.9978
31248,"Living room with white chairs and couches, fireplace and books on bookshelves.","A bright living room features white chairs, comfortable couches, bookshelves, and a fireplace serving as the central focal point. Decorative lamps, framed artwork, and neatly arranged furniture create an elegant and inviting atmosphere. Natural light and balanced interior design contribute to the room’s spacious appearance.","A bright living room features white chairs, comfortable couches, bookshelves, and a fireplace serving as the central focal point. Decorative lamps, framed artwork, and neatly arranged furniture create an elegant and inviting atmosphere. Natural light and balanced interior design contribute to the room’s spacious appearance.",/Users/yixiaoz/Desktop/cs348k_proj/outputs/controlNetScale/controlnet_seg/cfg_7p5_control_1p0/000000031248/target.png,/Users/yixiaoz/Desktop/cs348k_proj/outputs/controlNetScale/controlnet_seg/cfg_7p5_control_1p0/000000031248/seg.png,/Users/yixiaoz/Desktop/cs348k_proj/outputs/controlNetScale/controlnet_seg/cfg_7p5_control_1p0/000000031248/generated.png,dense_text_plus_seg,6,7.5,1.0,20,0.5363,0.2395,30.0829
107339,A pretty young lady standing in front of a couch behind a wooden table.,"A woman stands in a modern room near a couch and low wooden tables while another person sits nearby. Bright walls, large windows, and contemporary furniture create a clean and open interior space. The standing woman appears to be speaking, presenting, or interacting with the.","A woman stands in a modern room near a couch and low wooden tables while another person sits nearby. Bright walls, large windows, and contemporary furniture create a clean and open interior space. The standing woman appears to be speaking, presenting, or interacting with the.",/Users/yixiaoz/Desktop/cs348k_proj/outputs/controlNetScale/controlnet_seg/cfg_7p5_control_1p0/000000107339/target.png,/Users/yixiaoz/Desktop/cs348k_proj/outputs/controlNetScale/controlnet_seg/cfg_7p5_control_1p0/000000107339/seg.png,/Users/yixiaoz/Desktop/cs348k_proj/outputs/controlNetScale/controlnet_seg/cfg_7p5_control_1p0/000000107339/generated.png,dense_text_plus_seg,6,7.5,1.0,20,0.6845,0.5538,33.7084
87476,two people standing on the same skateboard and holding each other up.,"Two young people stand together at a public event while holding skateboards and interacting with one another. One person wears a helmet while colorful vehicles and event displays appear in the background. Their posture suggests friendship, instruction, or support during a skateboarding activity. The image.","Two young people stand together at a public event while holding skateboards and interacting with one another. One person wears a helmet while colorful vehicles and event displays appear in the background. Their posture suggests friendship, instruction, or support during a skateboarding activity. The image.",/Users/yixiaoz/Desktop/cs348k_proj/outputs/controlNetScale/controlnet_seg/cfg_7p5_control_1p0/000000087476/target.png,/Users/yixiaoz/Desktop/cs348k_proj/outputs/controlNetScale/controlnet_seg/cfg_7p5_control_1p0/000000087476/seg.png,/Users/yixiaoz/Desktop/cs348k_proj/outputs/controlNetScale/controlnet_seg/cfg_7p5_control_1p0/000000087476/generated.png,dense_text_plus_seg,6,7.5,1.0,20,0.6838,0.4407,35.134
78748,"A couple of motorcycles in front of sign, with people standing around.","Several motorcycles are parked in front of a display area featuring brand signage while people gather nearby. The polished bikes are arranged for viewing, suggesting a motorcycle show, dealership event, or public exhibition. Spectators walk around the display, examining the vehicles and socializing. The image.","Several motorcycles are parked in front of a display area featuring brand signage while people gather nearby. The polished bikes are arranged for viewing, suggesting a motorcycle show, dealership event, or public exhibition. Spectators walk around the display, examining the vehicles and socializing. The image.",/Users/yixiaoz/Desktop/cs348k_proj/outputs/controlNetScale/controlnet_seg/cfg_7p5_control_1p0/000000078748/target.png,/Users/yixiaoz/Desktop/cs348k_proj/outputs/controlNetScale/controlnet_seg/cfg_7p5_control_1p0/000000078748/seg.png,/Users/yixiaoz/Desktop/cs348k_proj/outputs/controlNetScale/controlnet_seg/cfg_7p5_control_1p0/000000078748/generated.png,dense_text_plus_seg,6,7.5,1.0,20,0.6188,0.4433,33.8311
29596,"A room with a couch, table set with dinnerware and a television.","A hotel-style room contains a couch, television, dining table, and neatly arranged place settings. Warm lighting, curtains, and decorative furnishings create a comfortable and welcoming atmosphere. The table is prepared for a meal, suggesting hospitality or room service. The image highlights interior design, temporary accommodations.","A hotel-style room contains a couch, television, dining table, and neatly arranged place settings. Warm lighting, curtains, and decorative furnishings create a comfortable and welcoming atmosphere. The table is prepared for a meal, suggesting hospitality or room service. The image highlights interior design, temporary accommodations.",/Users/yixiaoz/Desktop/cs348k_proj/outputs/controlNetScale/controlnet_seg/cfg_7p5_control_1p0/000000029596/target.png,/Users/yixiaoz/Desktop/cs348k_proj/outputs/controlNetScale/controlnet_seg/cfg_7p5_control_1p0/000000029596/seg.png,/Users/yixiaoz/Desktop/cs348k_proj/outputs/controlNetScale/controlnet_seg/cfg_7p5_control_1p0/000000029596/generated.png,dense_text_plus_seg,6,7.5,1.0,20,0.5148,0.3204,32.443
33854,"parked cars, motorcycles and buses on a cobblestone parking lot next to a street.","Cars, buses, and motorcycles occupy a cobblestone parking area near a city street lined with buildings. The scene contains multiple forms of transportation gathered within a shared urban space. Pedestrians move through the area while parked vehicles await their drivers. The image captures urban infrastructure.","Cars, buses, and motorcycles occupy a cobblestone parking area near a city street lined with buildings. The scene contains multiple forms of transportation gathered within a shared urban space. Pedestrians move through the area while parked vehicles await their drivers. The image captures urban infrastructure.",/Users/yixiaoz/Desktop/cs348k_proj/outputs/controlNetScale/controlnet_seg/cfg_7p5_control_1p0/000000033854/target.png,/Users/yixiaoz/Desktop/cs348k_proj/outputs/controlNetScale/controlnet_seg/cfg_7p5_control_1p0/000000033854/seg.png,/Users/yixiaoz/Desktop/cs348k_proj/outputs/controlNetScale/controlnet_seg/cfg_7p5_control_1p0/000000033854/generated.png,dense_text_plus_seg,6,7.5,1.0,20,0.5899,0.4862,29.6408
36844,a black couch a green chair a red chair a mirror and a ceiling fan,"A living room contains a black couch, colorful chairs, a ceiling fan, and large windows that allow natural light into the space. Various pieces of furniture and decorative items are arranged throughout the room, creating a comfortable residential environment. The layout suggests an area designed.","A living room contains a black couch, colorful chairs, a ceiling fan, and large windows that allow natural light into the space. Various pieces of furniture and decorative items are arranged throughout the room, creating a comfortable residential environment. The layout suggests an area designed.",/Users/yixiaoz/Desktop/cs348k_proj/outputs/controlNetScale/controlnet_seg/cfg_7p5_control_1p0/000000036844/target.png,/Users/yixiaoz/Desktop/cs348k_proj/outputs/controlNetScale/controlnet_seg/cfg_7p5_control_1p0/000000036844/seg.png,/Users/yixiaoz/Desktop/cs348k_proj/outputs/controlNetScale/controlnet_seg/cfg_7p5_control_1p0/000000036844/generated.png,dense_text_plus_seg,6,7.5,1.0,20,0.6314,0.418,34.1358
1000,A group of kids posing for a picture on a tennis court.,A large group of children gather together on a tennis court while posing for a photograph. Some hold tennis equipment while others stand closely beside teammates and friends. The outdoor sports facility provides a bright and energetic setting. Smiles and casual poses suggest a team.,A large group of children gather together on a tennis court while posing for a photograph. Some hold tennis equipment while others stand closely beside teammates and friends. The outdoor sports facility provides a bright and energetic setting. Smiles and casual poses suggest a team.,/Users/yixiaoz/Desktop/cs348k_proj/outputs/controlNetScale/controlnet_seg/cfg_7p5_control_1p0/000000001000/target.png,/Users/yixiaoz/Desktop/cs348k_proj/outputs/controlNetScale/controlnet_seg/cfg_7p5_control_1p0/000000001000/seg.png,/Users/yixiaoz/Desktop/cs348k_proj/outputs/controlNetScale/controlnet_seg/cfg_7p5_control_1p0/000000001000/generated.png,dense_text_plus_seg,6,7.5,1.0,20,0.6339,0.353,38.7238
55528,A man holding a paper bag while showing the camera a toothbrush.,"A man sits in a chair while holding a paper bag and displaying a toothbrush toward the camera. His expression suggests humor or casual conversation as he presents the object. The indoor environment appears relaxed and informal, with household furnishings visible around him. The image.","A man sits in a chair while holding a paper bag and displaying a toothbrush toward the camera. His expression suggests humor or casual conversation as he presents the object. The indoor environment appears relaxed and informal, with household furnishings visible around him. The image.",/Users/yixiaoz/Desktop/cs348k_proj/outputs/controlNetScale/controlnet_seg/cfg_7p5_control_1p0/000000055528/target.png,/Users/yixiaoz/Desktop/cs348k_proj/outputs/controlNetScale/controlnet_seg/cfg_7p5_control_1p0/000000055528/seg.png,/Users/yixiaoz/Desktop/cs348k_proj/outputs/controlNetScale/controlnet_seg/cfg_7p5_control_1p0/000000055528/generated.png,dense_text_plus_seg,6,7.5,1.0,20,0.6103,0.543,33.6084
2006,City bus driving through pedestrian saturated area near crosswalk.,"A city bus travels through a busy urban area near a crosswalk while pedestrians and vehicles move through the surrounding streets. Buildings, signs, and transportation infrastructure create a dynamic city environment. The bus serves as the focal point, illustrating the role of public transit in.","A city bus travels through a busy urban area near a crosswalk while pedestrians and vehicles move through the surrounding streets. Buildings, signs, and transportation infrastructure create a dynamic city environment. The bus serves as the focal point, illustrating the role of public transit in.",/Users/yixiaoz/Desktop/cs348k_proj/outputs/controlNetScale/controlnet_seg/cfg_7p5_control_1p0/000000002006/target.png,/Users/yixiaoz/Desktop/cs348k_proj/outputs/controlNetScale/controlnet_seg/cfg_7p5_control_1p0/000000002006/seg.png,/Users/yixiaoz/Desktop/cs348k_proj/outputs/controlNetScale/controlnet_seg/cfg_7p5_control_1p0/000000002006/generated.png,dense_text_plus_seg,6,7.5,1.0,20,0.6071,0.3681,32.2477
113720,A couple are enjoying pizza and drinks at the restaurant,"A smiling couple sits together at a restaurant table enjoying pizza, drinks, and conversation. Plates of food and beverages are arranged neatly while the pair look toward the camera. The atmosphere appears relaxed and friendly, suggesting a casual meal shared between friends or partners. The.","A smiling couple sits together at a restaurant table enjoying pizza, drinks, and conversation. Plates of food and beverages are arranged neatly while the pair look toward the camera. The atmosphere appears relaxed and friendly, suggesting a casual meal shared between friends or partners. The.",/Users/yixiaoz/Desktop/cs348k_proj/outputs/controlNetScale/controlnet_seg/cfg_7p5_control_1p0/000000113720/target.png,/Users/yixiaoz/Desktop/cs348k_proj/outputs/controlNetScale/controlnet_seg/cfg_7p5_control_1p0/000000113720/seg.png,/Users/yixiaoz/Desktop/cs348k_proj/outputs/controlNetScale/controlnet_seg/cfg_7p5_control_1p0/000000113720/generated.png,dense_text_plus_seg,6,7.5,1.0,20,0.6235,0.3155,35.6578
52413,"A child holding a pink toy cell phone with ""Princess Aurora"" inside it.",A child holds a pink toy flip phone decorated with imagery inspired by a princess character. The toy is displayed prominently in the foreground while other people and objects appear nearby. Bright colors and playful design elements emphasize childhood interests and imaginative play. The image.,A child holds a pink toy flip phone decorated with imagery inspired by a princess character. The toy is displayed prominently in the foreground while other people and objects appear nearby. Bright colors and playful design elements emphasize childhood interests and imaginative play. The image.,/Users/yixiaoz/Desktop/cs348k_proj/outputs/controlNetScale/controlnet_seg/cfg_7p5_control_1p0/000000052413/target.png,/Users/yixiaoz/Desktop/cs348k_proj/outputs/controlNetScale/controlnet_seg/cfg_7p5_control_1p0/000000052413/seg.png,/Users/yixiaoz/Desktop/cs348k_proj/outputs/controlNetScale/controlnet_seg/cfg_7p5_control_1p0/000000052413/generated.png,dense_text_plus_seg,6,7.5,1.0,20,0.7863,0.4207,34.2519
60932,A man in a suit that is standing in front of a group of people.,"A man dressed in a formal suit stands confidently in front of a group of people at what appears to be a celebration or reception. The black-and-white image captures him smiling and raising a hand while guests gather in the background. Tables, decorations, and formally.","A man dressed in a formal suit stands confidently in front of a group of people at what appears to be a celebration or reception. The black-and-white image captures him smiling and raising a hand while guests gather in the background. Tables, decorations, and formally.",/Users/yixiaoz/Desktop/cs348k_proj/outputs/controlNetScale/controlnet_seg/cfg_7p5_control_1p0/000000060932/target.png,/Users/yixiaoz/Desktop/cs348k_proj/outputs/controlNetScale/controlnet_seg/cfg_7p5_control_1p0/000000060932/seg.png,/Users/yixiaoz/Desktop/cs348k_proj/outputs/controlNetScale/controlnet_seg/cfg_7p5_control_1p0/000000060932/generated.png,dense_text_plus_seg,6,7.5,1.0,20,0.5593,0.3717,34.7638
102805,A man in holds a Frisbee in the parking lot by the river.,"A man wearing a hat stands near a riverside parking area while holding a Frisbee in his hand. Mountains and water stretch across the background, creating a scenic outdoor setting. Several parked vehicles and open space suggest a recreational destination where people gather for leisure.","A man wearing a hat stands near a riverside parking area while holding a Frisbee in his hand. Mountains and water stretch across the background, creating a scenic outdoor setting. Several parked vehicles and open space suggest a recreational destination where people gather for leisure.",/Users/yixiaoz/Desktop/cs348k_proj/outputs/controlNetScale/controlnet_seg/cfg_7p5_control_1p0/000000102805/target.png,/Users/yixiaoz/Desktop/cs348k_proj/outputs/controlNetScale/controlnet_seg/cfg_7p5_control_1p0/000000102805/seg.png,/Users/yixiaoz/Desktop/cs348k_proj/outputs/controlNetScale/controlnet_seg/cfg_7p5_control_1p0/000000102805/generated.png,dense_text_plus_seg,6,7.5,1.0,20,0.5976,0.5036,32.3917
15254,These platters display healthy food choices of two entrees with a side  vegetable and fruit,"A neatly organized lunch container displays a balanced meal consisting of rice, vegetables, fruit, and other healthy foods arranged in separate compartments. Grapes, carrots, and a colorful entrée contribute to the vibrant appearance. The close-up perspective emphasizes nutrition, portioning, and meal preparation. The image reflects.","A neatly organized lunch container displays a balanced meal consisting of rice, vegetables, fruit, and other healthy foods arranged in separate compartments. Grapes, carrots, and a colorful entrée contribute to the vibrant appearance. The close-up perspective emphasizes nutrition, portioning, and meal preparation. The image reflects.",/Users/yixiaoz/Desktop/cs348k_proj/outputs/controlNetScale/controlnet_seg/cfg_7p5_control_1p0/000000015254/target.png,/Users/yixiaoz/Desktop/cs348k_proj/outputs/controlNetScale/controlnet_seg/cfg_7p5_control_1p0/000000015254/seg.png,/Users/yixiaoz/Desktop/cs348k_proj/outputs/controlNetScale/controlnet_seg/cfg_7p5_control_1p0/000000015254/generated.png,dense_text_plus_seg,6,7.5,1.0,20,0.6468,0.3261,37.7763
24567,There is a man looking at a lot if hot dogs in a bun in a pan,"A man wearing a hat looks down at a tray filled with hot dogs arranged in buns. The outdoor setting suggests a barbecue, picnic, or community gathering where food is being prepared and served. Bright colors from the toppings and buns create a festive appearance.","A man wearing a hat looks down at a tray filled with hot dogs arranged in buns. The outdoor setting suggests a barbecue, picnic, or community gathering where food is being prepared and served. Bright colors from the toppings and buns create a festive appearance.",/Users/yixiaoz/Desktop/cs348k_proj/outputs/controlNetScale/controlnet_seg/cfg_7p5_control_1p0/000000024567/target.png,/Users/yixiaoz/Desktop/cs348k_proj/outputs/controlNetScale/controlnet_seg/cfg_7p5_control_1p0/000000024567/seg.png,/Users/yixiaoz/Desktop/cs348k_proj/outputs/controlNetScale/controlnet_seg/cfg_7p5_control_1p0/000000024567/generated.png,dense_text_plus_seg,6,7.5,1.0,20,0.7056,0.4648,38.531
25603,A girl sitting around a table in a restaurant eating a pizza.,"A young girl sits at a restaurant table with a pizza placed in front of her. Glasses, plates, and table settings surround the meal while the warm indoor lighting creates a cozy atmosphere. She looks toward the camera as if waiting to eat or enjoying.","A young girl sits at a restaurant table with a pizza placed in front of her. Glasses, plates, and table settings surround the meal while the warm indoor lighting creates a cozy atmosphere. She looks toward the camera as if waiting to eat or enjoying.",/Users/yixiaoz/Desktop/cs348k_proj/outputs/controlNetScale/controlnet_seg/cfg_7p5_control_1p0/000000025603/target.png,/Users/yixiaoz/Desktop/cs348k_proj/outputs/controlNetScale/controlnet_seg/cfg_7p5_control_1p0/000000025603/seg.png,/Users/yixiaoz/Desktop/cs348k_proj/outputs/controlNetScale/controlnet_seg/cfg_7p5_control_1p0/000000025603/generated.png,dense_text_plus_seg,6,7.5,1.0,20,0.6687,0.4096,36.8576
55150,Two children sit atop their parent's luggage in the parking lot.,"Two children sit atop luggage carts in a parking lot while surrounded by parked vehicles. The scene appears to capture a family trip, airport arrival, or vacation departure. The children seem comfortable and playful as they ride on the luggage. Cars, travel equipment, and open.","Two children sit atop luggage carts in a parking lot while surrounded by parked vehicles. The scene appears to capture a family trip, airport arrival, or vacation departure. The children seem comfortable and playful as they ride on the luggage. Cars, travel equipment, and open.",/Users/yixiaoz/Desktop/cs348k_proj/outputs/controlNetScale/controlnet_seg/cfg_7p5_control_1p0/000000055150/target.png,/Users/yixiaoz/Desktop/cs348k_proj/outputs/controlNetScale/controlnet_seg/cfg_7p5_control_1p0/000000055150/seg.png,/Users/yixiaoz/Desktop/cs348k_proj/outputs/controlNetScale/controlnet_seg/cfg_7p5_control_1p0/000000055150/generated.png,dense_text_plus_seg,6,7.5,1.0,20,0.6089,0.5169,37.6194
30828,A person covered with an orange sleeping bag rests his head on a blue back pack as he sleeps on a park bench.,"A person sleeps on a park bench while covered by an orange sleeping bag and resting beside a backpack. The outdoor setting includes grass, trees, and surrounding park features. The image captures a quiet moment of rest in a public space, contrasting the bright colors.","A person sleeps on a park bench while covered by an orange sleeping bag and resting beside a backpack. The outdoor setting includes grass, trees, and surrounding park features. The image captures a quiet moment of rest in a public space, contrasting the bright colors.",/Users/yixiaoz/Desktop/cs348k_proj/outputs/controlNetScale/controlnet_seg/cfg_7p5_control_1p0/000000030828/target.png,/Users/yixiaoz/Desktop/cs348k_proj/outputs/controlNetScale/controlnet_seg/cfg_7p5_control_1p0/000000030828/seg.png,/Users/yixiaoz/Desktop/cs348k_proj/outputs/controlNetScale/controlnet_seg/cfg_7p5_control_1p0/000000030828/generated.png,dense_text_plus_seg,6,7.5,1.0,20,0.733,0.5397,37.173
32334,"Two people, a man and a woman, are toasting with wine glasses.","A smiling man and woman hold wine glasses while posing together indoors. The casual setting appears to be a social gathering, dinner, or celebration where friends enjoy food and drinks. Warm lighting and relaxed expressions create a welcoming atmosphere. The image emphasizes companionship, hospitality, and.","A smiling man and woman hold wine glasses while posing together indoors. The casual setting appears to be a social gathering, dinner, or celebration where friends enjoy food and drinks. Warm lighting and relaxed expressions create a welcoming atmosphere. The image emphasizes companionship, hospitality, and.",/Users/yixiaoz/Desktop/cs348k_proj/outputs/controlNetScale/controlnet_seg/cfg_7p5_control_1p0/000000032334/target.png,/Users/yixiaoz/Desktop/cs348k_proj/outputs/controlNetScale/controlnet_seg/cfg_7p5_control_1p0/000000032334/seg.png,/Users/yixiaoz/Desktop/cs348k_proj/outputs/controlNetScale/controlnet_seg/cfg_7p5_control_1p0/000000032334/generated.png,dense_text_plus_seg,6,7.5,1.0,20,0.5905,0.4518,35.6059
92416,A male with a bottled beverage wearing a flower in his lapel.,"A young man wearing formal attire stands outdoors holding a bottled beverage. A flower pinned to his lapel suggests participation in a wedding, graduation, or other ceremonial event. Water and distant scenery form a pleasant background. His posture and clothing indicate a special occasion, while.","A young man wearing formal attire stands outdoors holding a bottled beverage. A flower pinned to his lapel suggests participation in a wedding, graduation, or other ceremonial event. Water and distant scenery form a pleasant background. His posture and clothing indicate a special occasion, while.",/Users/yixiaoz/Desktop/cs348k_proj/outputs/controlNetScale/controlnet_seg/cfg_7p5_control_1p0/000000092416/target.png,/Users/yixiaoz/Desktop/cs348k_proj/outputs/controlNetScale/controlnet_seg/cfg_7p5_control_1p0/000000092416/seg.png,/Users/yixiaoz/Desktop/cs348k_proj/outputs/controlNetScale/controlnet_seg/cfg_7p5_control_1p0/000000092416/generated.png,dense_text_plus_seg,6,7.5,1.0,20,0.5878,0.4077,31.1428
20553,Large stuffed animal posed outdoors as if sitting in a chair with beverages on a table.,A large stuffed animal is arranged outdoors in a desert-like environment while seated in a chair beside beverages and decorative items placed on a small table. The unusual setup creates a humorous and imaginative scene. Open ground and sparse surroundings emphasize the contrast between the.,A large stuffed animal is arranged outdoors in a desert-like environment while seated in a chair beside beverages and decorative items placed on a small table. The unusual setup creates a humorous and imaginative scene. Open ground and sparse surroundings emphasize the contrast between the.,/Users/yixiaoz/Desktop/cs348k_proj/outputs/controlNetScale/controlnet_seg/cfg_7p5_control_1p0/000000020553/target.png,/Users/yixiaoz/Desktop/cs348k_proj/outputs/controlNetScale/controlnet_seg/cfg_7p5_control_1p0/000000020553/seg.png,/Users/yixiaoz/Desktop/cs348k_proj/outputs/controlNetScale/controlnet_seg/cfg_7p5_control_1p0/000000020553/generated.png,dense_text_plus_seg,6,7.5,1.0,20,0.6231,0.5381,39.0153
93437,An older man is wearing a funny hat in his dining room.,"An elderly man wearing a distinctive hat stands inside a dining area or kitchen while smiling toward the camera. Household furnishings and cabinets appear in the background, creating a comfortable domestic setting. His expression suggests warmth and friendliness, while the unusual hat adds character and.","An elderly man wearing a distinctive hat stands inside a dining area or kitchen while smiling toward the camera. Household furnishings and cabinets appear in the background, creating a comfortable domestic setting. His expression suggests warmth and friendliness, while the unusual hat adds character and.",/Users/yixiaoz/Desktop/cs348k_proj/outputs/controlNetScale/controlnet_seg/cfg_7p5_control_1p0/000000093437/target.png,/Users/yixiaoz/Desktop/cs348k_proj/outputs/controlNetScale/controlnet_seg/cfg_7p5_control_1p0/000000093437/seg.png,/Users/yixiaoz/Desktop/cs348k_proj/outputs/controlNetScale/controlnet_seg/cfg_7p5_control_1p0/000000093437/generated.png,dense_text_plus_seg,6,7.5,1.0,20,0.6225,0.5037,35.5104
89648,People using electronic devises all facing in the same direction.,"Several people sit in rows while using laptops and other electronic devices. Viewed from above, the scene resembles a classroom, workshop, conference, or training session focused on technology. Participants face the same direction and appear engaged with their screens. The arrangement emphasizes learning, collaboration, and.","Several people sit in rows while using laptops and other electronic devices. Viewed from above, the scene resembles a classroom, workshop, conference, or training session focused on technology. Participants face the same direction and appear engaged with their screens. The arrangement emphasizes learning, collaboration, and.",/Users/yixiaoz/Desktop/cs348k_proj/outputs/controlNetScale/controlnet_seg/cfg_7p5_control_1p0/000000089648/target.png,/Users/yixiaoz/Desktop/cs348k_proj/outputs/controlNetScale/controlnet_seg/cfg_7p5_control_1p0/000000089648/seg.png,/Users/yixiaoz/Desktop/cs348k_proj/outputs/controlNetScale/controlnet_seg/cfg_7p5_control_1p0/000000089648/generated.png,dense_text_plus_seg,6,7.5,1.0,20,0.5769,0.2628,30.705
7574,"A kitchen with two sinks, a counter, detergent, a stove and a refrigerator in it.","A kitchen interior contains wooden cabinets, a refrigerator, a stove, countertops, and cleaning supplies arranged around the room. Various household items are visible near the sink and work surfaces, creating a realistic lived-in appearance. The image emphasizes domestic functionality and organization while showcasing the appliances.","A kitchen interior contains wooden cabinets, a refrigerator, a stove, countertops, and cleaning supplies arranged around the room. Various household items are visible near the sink and work surfaces, creating a realistic lived-in appearance. The image emphasizes domestic functionality and organization while showcasing the appliances.",/Users/yixiaoz/Desktop/cs348k_proj/outputs/controlNetScale/controlnet_seg/cfg_7p5_control_1p0/000000007574/target.png,/Users/yixiaoz/Desktop/cs348k_proj/outputs/controlNetScale/controlnet_seg/cfg_7p5_control_1p0/000000007574/seg.png,/Users/yixiaoz/Desktop/cs348k_proj/outputs/controlNetScale/controlnet_seg/cfg_7p5_control_1p0/000000007574/generated.png,dense_text_plus_seg,6,7.5,1.0,20,0.6275,0.3633,32.0753
88040,"Plates of shrimp, vegetables, and noodles served with tea.","Several plates of food are arranged on a table viewed from above, including shrimp, vegetables, noodles, and accompanying beverages. Bowls, cups, and serving dishes contribute to the inviting dining presentation. The meal appears carefully prepared and shared among multiple people. The image highlights culinary variety.","Several plates of food are arranged on a table viewed from above, including shrimp, vegetables, noodles, and accompanying beverages. Bowls, cups, and serving dishes contribute to the inviting dining presentation. The meal appears carefully prepared and shared among multiple people. The image highlights culinary variety.",/Users/yixiaoz/Desktop/cs348k_proj/outputs/controlNetScale/controlnet_seg/cfg_7p5_control_1p0/000000088040/target.png,/Users/yixiaoz/Desktop/cs348k_proj/outputs/controlNetScale/controlnet_seg/cfg_7p5_control_1p0/000000088040/seg.png,/Users/yixiaoz/Desktop/cs348k_proj/outputs/controlNetScale/controlnet_seg/cfg_7p5_control_1p0/000000088040/generated.png,dense_text_plus_seg,6,7.5,1.0,20,0.6226,0.2827,32.8916
4134,Two men standing next to each other holding hands.,"Two men stand together at a formal event while greeting one another and shaking hands. Other attendees and banquet tables are visible in the background, suggesting a conference, reception, or celebration. Their professional attire and engaged expressions indicate a respectful social interaction. The image highlights.","Two men stand together at a formal event while greeting one another and shaking hands. Other attendees and banquet tables are visible in the background, suggesting a conference, reception, or celebration. Their professional attire and engaged expressions indicate a respectful social interaction. The image highlights.",/Users/yixiaoz/Desktop/cs348k_proj/outputs/controlNetScale/controlnet_seg/cfg_7p5_control_1p0/000000004134/target.png,/Users/yixiaoz/Desktop/cs348k_proj/outputs/controlNetScale/controlnet_seg/cfg_7p5_control_1p0/000000004134/seg.png,/Users/yixiaoz/Desktop/cs348k_proj/outputs/controlNetScale/controlnet_seg/cfg_7p5_control_1p0/000000004134/generated.png,dense_text_plus_seg,6,7.5,1.0,20,0.6265,0.4529,36.8997
39769,Two cats sleeping with a remote control near each of them.,Two cats sleep peacefully on a bright pink blanket with television remotes placed nearby. Their relaxed poses and stretched bodies create a calm and comfortable scene. The indoor setting suggests a living room or bedroom where the animals have chosen a soft resting place. The.,Two cats sleep peacefully on a bright pink blanket with television remotes placed nearby. Their relaxed poses and stretched bodies create a calm and comfortable scene. The indoor setting suggests a living room or bedroom where the animals have chosen a soft resting place. The.,/Users/yixiaoz/Desktop/cs348k_proj/outputs/controlNetScale/controlnet_seg/cfg_7p5_control_1p0/000000039769/target.png,/Users/yixiaoz/Desktop/cs348k_proj/outputs/controlNetScale/controlnet_seg/cfg_7p5_control_1p0/000000039769/seg.png,/Users/yixiaoz/Desktop/cs348k_proj/outputs/controlNetScale/controlnet_seg/cfg_7p5_control_1p0/000000039769/generated.png,dense_text_plus_seg,6,7.5,1.0,20,0.6348,0.3732,32.5084
14439,A group of people standing on a field flying a colorful kite.,"A group of people stand together in a grassy park while flying a large colorful kite. Open space, recreational equipment, and other visitors create a lively outdoor environment. Participants work together to manage the kite as it catches the wind above the field. The image.","A group of people stand together in a grassy park while flying a large colorful kite. Open space, recreational equipment, and other visitors create a lively outdoor environment. Participants work together to manage the kite as it catches the wind above the field. The image.",/Users/yixiaoz/Desktop/cs348k_proj/outputs/controlNetScale/controlnet_seg/cfg_7p5_control_1p0/000000014439/target.png,/Users/yixiaoz/Desktop/cs348k_proj/outputs/controlNetScale/controlnet_seg/cfg_7p5_control_1p0/000000014439/seg.png,/Users/yixiaoz/Desktop/cs348k_proj/outputs/controlNetScale/controlnet_seg/cfg_7p5_control_1p0/000000014439/generated.png,dense_text_plus_seg,6,7.5,1.0,20,0.5009,0.3264,38.7337
104669,"A plate with a meal of meat, potatoes, carrots, and broccoli.","A plate holds a complete meal featuring a piece of meat alongside potatoes, carrots, broccoli, and other vegetables. The arrangement is neatly presented, suggesting a restaurant dish or carefully prepared home-cooked dinner. Bright colors from the vegetables contrast with the darker entrée. The image emphasizes.","A plate holds a complete meal featuring a piece of meat alongside potatoes, carrots, broccoli, and other vegetables. The arrangement is neatly presented, suggesting a restaurant dish or carefully prepared home-cooked dinner. Bright colors from the vegetables contrast with the darker entrée. The image emphasizes.",/Users/yixiaoz/Desktop/cs348k_proj/outputs/controlNetScale/controlnet_seg/cfg_7p5_control_1p0/000000104669/target.png,/Users/yixiaoz/Desktop/cs348k_proj/outputs/controlNetScale/controlnet_seg/cfg_7p5_control_1p0/000000104669/seg.png,/Users/yixiaoz/Desktop/cs348k_proj/outputs/controlNetScale/controlnet_seg/cfg_7p5_control_1p0/000000104669/generated.png,dense_text_plus_seg,6,7.5,1.0,20,0.6641,0.3395,34.3419
11149,A man sitting on a motorcycle near several bicycles with a partially visible person standing nearby.,"A motorcycle is parked near several bicycles while people stand nearby in an outdoor setting. The collection of vehicles suggests a shared recreational or transportation area. Trees, pathways, and surrounding activity contribute to the public atmosphere. The image highlights different modes of personal transportation and.","A motorcycle is parked near several bicycles while people stand nearby in an outdoor setting. The collection of vehicles suggests a shared recreational or transportation area. Trees, pathways, and surrounding activity contribute to the public atmosphere. The image highlights different modes of personal transportation and.",/Users/yixiaoz/Desktop/cs348k_proj/outputs/controlNetScale/controlnet_seg/cfg_7p5_control_1p0/000000011149/target.png,/Users/yixiaoz/Desktop/cs348k_proj/outputs/controlNetScale/controlnet_seg/cfg_7p5_control_1p0/000000011149/seg.png,/Users/yixiaoz/Desktop/cs348k_proj/outputs/controlNetScale/controlnet_seg/cfg_7p5_control_1p0/000000011149/generated.png,dense_text_plus_seg,6,7.5,1.0,20,0.612,0.4818,32.3137
52996,A group of women in military outfits helping other women in a kitchen.,"A group of women wearing military-style uniforms work together in a kitchen while preparing food. Large pots, utensils, and work surfaces indicate an organized cooking effort intended to serve many people. Their coordinated activity reflects teamwork and shared responsibility. The image highlights food preparation, community.","A group of women wearing military-style uniforms work together in a kitchen while preparing food. Large pots, utensils, and work surfaces indicate an organized cooking effort intended to serve many people. Their coordinated activity reflects teamwork and shared responsibility. The image highlights food preparation, community.",/Users/yixiaoz/Desktop/cs348k_proj/outputs/controlNetScale/controlnet_seg/cfg_7p5_control_1p0/000000052996/target.png,/Users/yixiaoz/Desktop/cs348k_proj/outputs/controlNetScale/controlnet_seg/cfg_7p5_control_1p0/000000052996/seg.png,/Users/yixiaoz/Desktop/cs348k_proj/outputs/controlNetScale/controlnet_seg/cfg_7p5_control_1p0/000000052996/generated.png,dense_text_plus_seg,6,7.5,1.0,20,0.6102,0.4842,34.441
30213,"The picture shows the interior of a kitchen, with vintage refrigerator, stove, and other appliances.","The interior of a vintage-style kitchen is filled with retro appliances, patterned wallpaper, wooden cabinets, and decorative household items. A classic refrigerator, stove, sink, and dining furniture create a nostalgic atmosphere reminiscent of mid-century home design. Various utensils, containers, and decorations are arranged throughout the.","The interior of a vintage-style kitchen is filled with retro appliances, patterned wallpaper, wooden cabinets, and decorative household items. A classic refrigerator, stove, sink, and dining furniture create a nostalgic atmosphere reminiscent of mid-century home design. Various utensils, containers, and decorations are arranged throughout the.",/Users/yixiaoz/Desktop/cs348k_proj/outputs/controlNetScale/controlnet_seg/cfg_7p5_control_1p0/000000030213/target.png,/Users/yixiaoz/Desktop/cs348k_proj/outputs/controlNetScale/controlnet_seg/cfg_7p5_control_1p0/000000030213/seg.png,/Users/yixiaoz/Desktop/cs348k_proj/outputs/controlNetScale/controlnet_seg/cfg_7p5_control_1p0/000000030213/generated.png,dense_text_plus_seg,6,7.5,1.0,20,0.6771,0.3561,33.826
56127,"A room with a fire extinguisher, mugs hanging from a shelf and several lights.","A narrow interior room contains shelves lined with mugs, a fire extinguisher, counters, hanging lights, and decorative details. Warm lighting and colorful walls create a welcoming atmosphere that resembles a small café, restaurant service area, or compact workspace. The room is carefully organized to maximize.","A narrow interior room contains shelves lined with mugs, a fire extinguisher, counters, hanging lights, and decorative details. Warm lighting and colorful walls create a welcoming atmosphere that resembles a small café, restaurant service area, or compact workspace. The room is carefully organized to maximize.",/Users/yixiaoz/Desktop/cs348k_proj/outputs/controlNetScale/controlnet_seg/cfg_7p5_control_1p0/000000056127/target.png,/Users/yixiaoz/Desktop/cs348k_proj/outputs/controlNetScale/controlnet_seg/cfg_7p5_control_1p0/000000056127/seg.png,/Users/yixiaoz/Desktop/cs348k_proj/outputs/controlNetScale/controlnet_seg/cfg_7p5_control_1p0/000000056127/generated.png,dense_text_plus_seg,6,7.5,1.0,20,0.7457,0.3735,34.5939
84031,A batter swinging a bat at a baseball with the catcher and umpire behind him.,A baseball player swings at a pitch while the catcher and umpire closely follow the action behind home plate. The game takes place on a well-maintained field surrounded by spectators and stadium structures. The batter’s posture captures the intensity and timing required in competitive baseball.,A baseball player swings at a pitch while the catcher and umpire closely follow the action behind home plate. The game takes place on a well-maintained field surrounded by spectators and stadium structures. The batter’s posture captures the intensity and timing required in competitive baseball.,/Users/yixiaoz/Desktop/cs348k_proj/outputs/controlNetScale/controlnet_seg/cfg_7p5_control_1p0/000000084031/target.png,/Users/yixiaoz/Desktop/cs348k_proj/outputs/controlNetScale/controlnet_seg/cfg_7p5_control_1p0/000000084031/seg.png,/Users/yixiaoz/Desktop/cs348k_proj/outputs/controlNetScale/controlnet_seg/cfg_7p5_control_1p0/000000084031/generated.png,dense_text_plus_seg,6,7.5,1.0,20,0.6824,0.3569,33.4595
74209,A black and stainless steel kitchen with a snack bar and bar stools.,"A modern kitchen features stainless steel appliances, polished countertops, pendant lighting, and a snack bar lined with stools. The clean design emphasizes contemporary architecture and efficient use of space. Cabinets, sinks, and work surfaces are neatly arranged to support cooking and dining activities. The room.","A modern kitchen features stainless steel appliances, polished countertops, pendant lighting, and a snack bar lined with stools. The clean design emphasizes contemporary architecture and efficient use of space. Cabinets, sinks, and work surfaces are neatly arranged to support cooking and dining activities. The room.",/Users/yixiaoz/Desktop/cs348k_proj/outputs/controlNetScale/controlnet_seg/cfg_7p5_control_1p0/000000074209/target.png,/Users/yixiaoz/Desktop/cs348k_proj/outputs/controlNetScale/controlnet_seg/cfg_7p5_control_1p0/000000074209/seg.png,/Users/yixiaoz/Desktop/cs348k_proj/outputs/controlNetScale/controlnet_seg/cfg_7p5_control_1p0/000000074209/generated.png,dense_text_plus_seg,6,7.5,1.0,20,0.5409,0.3605,31.6684
52891,A dog walking on the beach with a frizzbe in his month.,"A dog stands on a sandy beach while carrying a bright yellow frisbee in its mouth. Ocean water, waves, and distant shoreline scenery create a scenic coastal backdrop. The animal appears alert and energetic, as if engaged in a game of fetch with its owner.","A dog stands on a sandy beach while carrying a bright yellow frisbee in its mouth. Ocean water, waves, and distant shoreline scenery create a scenic coastal backdrop. The animal appears alert and energetic, as if engaged in a game of fetch with its owner.",/Users/yixiaoz/Desktop/cs348k_proj/outputs/controlNetScale/controlnet_seg/cfg_7p5_control_1p0/000000052891/target.png,/Users/yixiaoz/Desktop/cs348k_proj/outputs/controlNetScale/controlnet_seg/cfg_7p5_control_1p0/000000052891/seg.png,/Users/yixiaoz/Desktop/cs348k_proj/outputs/controlNetScale/controlnet_seg/cfg_7p5_control_1p0/000000052891/generated.png,dense_text_plus_seg,6,7.5,1.0,20,0.6173,0.4022,36.6241
99039,Plates of food and two glasses of red wine are on a table.,Several plates of food and two glasses of red wine are arranged on a table beside a large window overlooking greenery and nearby buildings. The setting appears to be a restaurant or dining area where people are enjoying a meal together. Soft natural light enters.,Several plates of food and two glasses of red wine are arranged on a table beside a large window overlooking greenery and nearby buildings. The setting appears to be a restaurant or dining area where people are enjoying a meal together. Soft natural light enters.,/Users/yixiaoz/Desktop/cs348k_proj/outputs/controlNetScale/controlnet_seg/cfg_7p5_control_1p0/000000099039/target.png,/Users/yixiaoz/Desktop/cs348k_proj/outputs/controlNetScale/controlnet_seg/cfg_7p5_control_1p0/000000099039/seg.png,/Users/yixiaoz/Desktop/cs348k_proj/outputs/controlNetScale/controlnet_seg/cfg_7p5_control_1p0/000000099039/generated.png,dense_text_plus_seg,6,7.5,1.0,20,0.6011,0.4379,35.1121
66635,"An apple computer monitor, keyboard and mouse sits on top of a clean wooden desk.","An Apple desktop computer sits on a clean wooden desk alongside a keyboard and mouse. The workspace is simple, organized, and free from clutter, emphasizing productivity and focus. The monitor occupies the center of the arrangement while the surrounding furniture provides ample working space. The.","An Apple desktop computer sits on a clean wooden desk alongside a keyboard and mouse. The workspace is simple, organized, and free from clutter, emphasizing productivity and focus. The monitor occupies the center of the arrangement while the surrounding furniture provides ample working space. The.",/Users/yixiaoz/Desktop/cs348k_proj/outputs/controlNetScale/controlnet_seg/cfg_7p5_control_1p0/000000066635/target.png,/Users/yixiaoz/Desktop/cs348k_proj/outputs/controlNetScale/controlnet_seg/cfg_7p5_control_1p0/000000066635/seg.png,/Users/yixiaoz/Desktop/cs348k_proj/outputs/controlNetScale/controlnet_seg/cfg_7p5_control_1p0/000000066635/generated.png,dense_text_plus_seg,6,7.5,1.0,20,0.5381,0.4289,33.9392
107226,Men race on wheeled vehicles towed by a group of husky dogs.,Competitors participate in a dog-powered racing event where huskies pull wheeled vehicles through an outdoor course. Spectators gather nearby to watch the action while handlers guide the dogs. The animals appear strong and energetic as they work together as a team. The image highlights sporting.,Competitors participate in a dog-powered racing event where huskies pull wheeled vehicles through an outdoor course. Spectators gather nearby to watch the action while handlers guide the dogs. The animals appear strong and energetic as they work together as a team. The image highlights sporting.,/Users/yixiaoz/Desktop/cs348k_proj/outputs/controlNetScale/controlnet_seg/cfg_7p5_control_1p0/000000107226/target.png,/Users/yixiaoz/Desktop/cs348k_proj/outputs/controlNetScale/controlnet_seg/cfg_7p5_control_1p0/000000107226/seg.png,/Users/yixiaoz/Desktop/cs348k_proj/outputs/controlNetScale/controlnet_seg/cfg_7p5_control_1p0/000000107226/generated.png,dense_text_plus_seg,6,7.5,1.0,20,0.7217,0.43,39.6819
14038,A kitchen with hard wood floors and a yellow smiley face balloon.,"A living room decorated for a celebration contains colorful balloons, furniture, and a large yellow smiley-face balloon suspended near the ceiling. The room features wooden flooring, entertainment equipment, and decorative touches that create a festive atmosphere. The arrangement suggests a birthday party or social gathering.","A living room decorated for a celebration contains colorful balloons, furniture, and a large yellow smiley-face balloon suspended near the ceiling. The room features wooden flooring, entertainment equipment, and decorative touches that create a festive atmosphere. The arrangement suggests a birthday party or social gathering.",/Users/yixiaoz/Desktop/cs348k_proj/outputs/controlNetScale/controlnet_seg/cfg_7p5_control_1p0/000000014038/target.png,/Users/yixiaoz/Desktop/cs348k_proj/outputs/controlNetScale/controlnet_seg/cfg_7p5_control_1p0/000000014038/seg.png,/Users/yixiaoz/Desktop/cs348k_proj/outputs/controlNetScale/controlnet_seg/cfg_7p5_control_1p0/000000014038/generated.png,dense_text_plus_seg,6,7.5,1.0,20,0.6928,0.477,39.2588
114884,"A woman with a cigarette standing, while a group of people with luggage walk towards a bus.","A woman stands inside a transportation terminal while travelers carrying luggage move through the background toward buses or other transit services. The spacious facility contains seating areas, structural supports, and signs associated with public transportation. People appear focused on their journeys as they navigate the.","A woman stands inside a transportation terminal while travelers carrying luggage move through the background toward buses or other transit services. The spacious facility contains seating areas, structural supports, and signs associated with public transportation. People appear focused on their journeys as they navigate the.",/Users/yixiaoz/Desktop/cs348k_proj/outputs/controlNetScale/controlnet_seg/cfg_7p5_control_1p0/000000114884/target.png,/Users/yixiaoz/Desktop/cs348k_proj/outputs/controlNetScale/controlnet_seg/cfg_7p5_control_1p0/000000114884/seg.png,/Users/yixiaoz/Desktop/cs348k_proj/outputs/controlNetScale/controlnet_seg/cfg_7p5_control_1p0/000000114884/generated.png,dense_text_plus_seg,6,7.5,1.0,20,0.6351,0.4278,32.2964
12120,A couple of women playing a game of tennis on a tennis court.,"Two women compete in a tennis match on a professional court surrounded by spectators and stadium seating. Both athletes focus intensely on the ball as they move across the blue playing surface. The sporting venue includes advertising displays, officials, and fans observing the competition. The.","Two women compete in a tennis match on a professional court surrounded by spectators and stadium seating. Both athletes focus intensely on the ball as they move across the blue playing surface. The sporting venue includes advertising displays, officials, and fans observing the competition. The.",/Users/yixiaoz/Desktop/cs348k_proj/outputs/controlNetScale/controlnet_seg/cfg_7p5_control_1p0/000000012120/target.png,/Users/yixiaoz/Desktop/cs348k_proj/outputs/controlNetScale/controlnet_seg/cfg_7p5_control_1p0/000000012120/seg.png,/Users/yixiaoz/Desktop/cs348k_proj/outputs/controlNetScale/controlnet_seg/cfg_7p5_control_1p0/000000012120/generated.png,dense_text_plus_seg,6,7.5,1.0,20,0.5662,0.2804,34.5837
87470,a big heard of cows walking down a road in a row with green tags on their ears,A large herd of cattle walks together along a rural road bordered by open countryside. The animals move in an organized line while green ear tags help identify members of the herd. Rolling terrain and natural vegetation create an agricultural landscape in the background. The.,A large herd of cattle walks together along a rural road bordered by open countryside. The animals move in an organized line while green ear tags help identify members of the herd. Rolling terrain and natural vegetation create an agricultural landscape in the background. The.,/Users/yixiaoz/Desktop/cs348k_proj/outputs/controlNetScale/controlnet_seg/cfg_7p5_control_1p0/000000087470/target.png,/Users/yixiaoz/Desktop/cs348k_proj/outputs/controlNetScale/controlnet_seg/cfg_7p5_control_1p0/000000087470/seg.png,/Users/yixiaoz/Desktop/cs348k_proj/outputs/controlNetScale/controlnet_seg/cfg_7p5_control_1p0/000000087470/generated.png,dense_text_plus_seg,6,7.5,1.0,20,0.6055,0.3959,31.2693
41872,"A bedroom with  a large bed facing a fireplace that has a television over the top of it, in a shelf space.","A comfortable bedroom contains a large bed, fireplace, television, built-in shelving, and warm lighting. Soft furnishings and decorative details create a relaxing atmosphere designed for rest and comfort. The layout resembles a hotel suite or upscale residential bedroom where entertainment and relaxation are combined in.","A comfortable bedroom contains a large bed, fireplace, television, built-in shelving, and warm lighting. Soft furnishings and decorative details create a relaxing atmosphere designed for rest and comfort. The layout resembles a hotel suite or upscale residential bedroom where entertainment and relaxation are combined in.",/Users/yixiaoz/Desktop/cs348k_proj/outputs/controlNetScale/controlnet_seg/cfg_7p5_control_1p0/000000041872/target.png,/Users/yixiaoz/Desktop/cs348k_proj/outputs/controlNetScale/controlnet_seg/cfg_7p5_control_1p0/000000041872/seg.png,/Users/yixiaoz/Desktop/cs348k_proj/outputs/controlNetScale/controlnet_seg/cfg_7p5_control_1p0/000000041872/generated.png,dense_text_plus_seg,6,7.5,1.0,20,0.7523,0.4829,29.166
60899,The young boy is playing in the living room of his house.,"A young boy plays in a living room while raising an object above his head. Household furniture, rugs, and natural light create a comfortable domestic setting. The child appears energetic and engaged in imaginative play. The image captures a candid family moment that reflects childhood.","A young boy plays in a living room while raising an object above his head. Household furniture, rugs, and natural light create a comfortable domestic setting. The child appears energetic and engaged in imaginative play. The image captures a candid family moment that reflects childhood.",/Users/yixiaoz/Desktop/cs348k_proj/outputs/controlNetScale/controlnet_seg/cfg_7p5_control_1p0/000000060899/target.png,/Users/yixiaoz/Desktop/cs348k_proj/outputs/controlNetScale/controlnet_seg/cfg_7p5_control_1p0/000000060899/seg.png,/Users/yixiaoz/Desktop/cs348k_proj/outputs/controlNetScale/controlnet_seg/cfg_7p5_control_1p0/000000060899/generated.png,dense_text_plus_seg,6,7.5,1.0,20,0.6344,0.4438,36.8568
46872,a man standing next to a truck with some stuff on it,"A man stands beside a flatbed truck loaded with large industrial materials and equipment. The outdoor setting suggests a construction, transportation, or delivery operation. The truck occupies most of the scene while the worker appears to inspect or supervise the cargo. The image highlights logistics.","A man stands beside a flatbed truck loaded with large industrial materials and equipment. The outdoor setting suggests a construction, transportation, or delivery operation. The truck occupies most of the scene while the worker appears to inspect or supervise the cargo. The image highlights logistics.",/Users/yixiaoz/Desktop/cs348k_proj/outputs/controlNetScale/controlnet_seg/cfg_7p5_control_1p0/000000046872/target.png,/Users/yixiaoz/Desktop/cs348k_proj/outputs/controlNetScale/controlnet_seg/cfg_7p5_control_1p0/000000046872/seg.png,/Users/yixiaoz/Desktop/cs348k_proj/outputs/controlNetScale/controlnet_seg/cfg_7p5_control_1p0/000000046872/generated.png,dense_text_plus_seg,6,7.5,1.0,20,0.5736,0.5364,29.5302
33638,A woman wearing shorts bends over a frying pan on a stove.,"A woman bends over a stove while preparing food in a traditional kitchen. Pots, utensils, and cooking equipment surround her as she works on a meal. The room contains functional appliances and furnishings that support everyday household cooking. The image emphasizes domestic life, food preparation.","A woman bends over a stove while preparing food in a traditional kitchen. Pots, utensils, and cooking equipment surround her as she works on a meal. The room contains functional appliances and furnishings that support everyday household cooking. The image emphasizes domestic life, food preparation.",/Users/yixiaoz/Desktop/cs348k_proj/outputs/controlNetScale/controlnet_seg/cfg_7p5_control_1p0/000000033638/target.png,/Users/yixiaoz/Desktop/cs348k_proj/outputs/controlNetScale/controlnet_seg/cfg_7p5_control_1p0/000000033638/seg.png,/Users/yixiaoz/Desktop/cs348k_proj/outputs/controlNetScale/controlnet_seg/cfg_7p5_control_1p0/000000033638/generated.png,dense_text_plus_seg,6,7.5,1.0,20,0.7604,0.6002,33.6828
66038,The father and daughter are under an umbrella on the beach.,"A father and daughter relax beneath colorful beach umbrellas near the shoreline. Sand, water, and bright weather create a pleasant coastal environment suited for recreation and family outings. The pair appear comfortable as they spend time together enjoying the outdoors. The image highlights family relationships.","A father and daughter relax beneath colorful beach umbrellas near the shoreline. Sand, water, and bright weather create a pleasant coastal environment suited for recreation and family outings. The pair appear comfortable as they spend time together enjoying the outdoors. The image highlights family relationships.",/Users/yixiaoz/Desktop/cs348k_proj/outputs/controlNetScale/controlnet_seg/cfg_7p5_control_1p0/000000066038/target.png,/Users/yixiaoz/Desktop/cs348k_proj/outputs/controlNetScale/controlnet_seg/cfg_7p5_control_1p0/000000066038/seg.png,/Users/yixiaoz/Desktop/cs348k_proj/outputs/controlNetScale/controlnet_seg/cfg_7p5_control_1p0/000000066038/generated.png,dense_text_plus_seg,6,7.5,1.0,20,0.6336,0.3509,31.1617
86582,A person watering plants with a computer in the foreground.,"A laptop computer sits prominently in the foreground while a person tends plants in the background. Potted plants, gardening supplies, and outdoor views create a peaceful setting that combines technology with nature. The scene suggests remote work, personal projects, or a lifestyle that balances digital.","A laptop computer sits prominently in the foreground while a person tends plants in the background. Potted plants, gardening supplies, and outdoor views create a peaceful setting that combines technology with nature. The scene suggests remote work, personal projects, or a lifestyle that balances digital.",/Users/yixiaoz/Desktop/cs348k_proj/outputs/controlNetScale/controlnet_seg/cfg_7p5_control_1p0/000000086582/target.png,/Users/yixiaoz/Desktop/cs348k_proj/outputs/controlNetScale/controlnet_seg/cfg_7p5_control_1p0/000000086582/seg.png,/Users/yixiaoz/Desktop/cs348k_proj/outputs/controlNetScale/controlnet_seg/cfg_7p5_control_1p0/000000086582/generated.png,dense_text_plus_seg,6,7.5,1.0,20,0.6281,0.4208,36.8308
32610,Assortment of laptop computers displayed on table with backpacks full of electronic cords.,"Multiple laptop computers, backpacks, cables, and electronic accessories are displayed across a table. The collection of equipment suggests a workshop, conference, classroom, or technology-focused event. Devices are arranged side by side, emphasizing preparation and connectivity. The image highlights digital tools used for communication, learning, and.","Multiple laptop computers, backpacks, cables, and electronic accessories are displayed across a table. The collection of equipment suggests a workshop, conference, classroom, or technology-focused event. Devices are arranged side by side, emphasizing preparation and connectivity. The image highlights digital tools used for communication, learning, and.",/Users/yixiaoz/Desktop/cs348k_proj/outputs/controlNetScale/controlnet_seg/cfg_7p5_control_1p0/000000032610/target.png,/Users/yixiaoz/Desktop/cs348k_proj/outputs/controlNetScale/controlnet_seg/cfg_7p5_control_1p0/000000032610/seg.png,/Users/yixiaoz/Desktop/cs348k_proj/outputs/controlNetScale/controlnet_seg/cfg_7p5_control_1p0/000000032610/generated.png,dense_text_plus_seg,6,7.5,1.0,20,0.6491,0.3916,32.7788
8021,An audience is looking at an film of a man taking that is projected onto a wall.,"A speaker stands in front of a large projected image while addressing an audience seated in a darkened room. The presentation appears to be part of a conference, lecture, or public event. Audience members focus on the stage while the presenter gestures toward visual material.","A speaker stands in front of a large projected image while addressing an audience seated in a darkened room. The presentation appears to be part of a conference, lecture, or public event. Audience members focus on the stage while the presenter gestures toward visual material.",/Users/yixiaoz/Desktop/cs348k_proj/outputs/controlNetScale/controlnet_seg/cfg_7p5_control_1p0/000000008021/target.png,/Users/yixiaoz/Desktop/cs348k_proj/outputs/controlNetScale/controlnet_seg/cfg_7p5_control_1p0/000000008021/seg.png,/Users/yixiaoz/Desktop/cs348k_proj/outputs/controlNetScale/controlnet_seg/cfg_7p5_control_1p0/000000008021/generated.png,dense_text_plus_seg,6,7.5,1.0,20,0.6787,0.5188,34.2568
81738,Someone about to cut and birthday cake with blue and yellow frosting.,"A rectangular birthday cake decorated with blue and yellow frosting sits on a kitchen counter while a person uses a knife to cut into it. The cake appears homemade or specially prepared for a celebration, with decorative writing and icing patterns spread across the surface.","A rectangular birthday cake decorated with blue and yellow frosting sits on a kitchen counter while a person uses a knife to cut into it. The cake appears homemade or specially prepared for a celebration, with decorative writing and icing patterns spread across the surface.",/Users/yixiaoz/Desktop/cs348k_proj/outputs/controlNetScale/controlnet_seg/cfg_7p5_control_1p0/000000081738/target.png,/Users/yixiaoz/Desktop/cs348k_proj/outputs/controlNetScale/controlnet_seg/cfg_7p5_control_1p0/000000081738/seg.png,/Users/yixiaoz/Desktop/cs348k_proj/outputs/controlNetScale/controlnet_seg/cfg_7p5_control_1p0/000000081738/generated.png,dense_text_plus_seg,6,7.5,1.0,20,0.741,0.548,39.1169
94944,A skier on skies and a snowboarder carrying a snowboard on a mountain slope.,"Several people are gathered on a snowy mountain slope surrounded by dramatic alpine scenery and distant snow-covered peaks. One individual carries a snowboard while others prepare equipment or rest nearby. The expansive landscape dominates the background, emphasizing the scale of the mountainous environment. The image.","Several people are gathered on a snowy mountain slope surrounded by dramatic alpine scenery and distant snow-covered peaks. One individual carries a snowboard while others prepare equipment or rest nearby. The expansive landscape dominates the background, emphasizing the scale of the mountainous environment. The image.",/Users/yixiaoz/Desktop/cs348k_proj/outputs/controlNetScale/controlnet_seg/cfg_7p5_control_1p0/000000094944/target.png,/Users/yixiaoz/Desktop/cs348k_proj/outputs/controlNetScale/controlnet_seg/cfg_7p5_control_1p0/000000094944/seg.png,/Users/yixiaoz/Desktop/cs348k_proj/outputs/controlNetScale/controlnet_seg/cfg_7p5_control_1p0/000000094944/generated.png,dense_text_plus_seg,6,7.5,1.0,20,0.5835,0.3603,31.1157
48504,A brown and a gray elephant are in a circus ring and the brown elephant is walking behind the gray elephant as well as two people training them are standing nearby.,Two elephants stand inside a large indoor training or exhibition space while handlers supervise them nearby. One elephant follows behind the other as they move across the floor beneath overhead lighting and structural beams. Equipment and barriers suggest a controlled environment designed for animal care.,Two elephants stand inside a large indoor training or exhibition space while handlers supervise them nearby. One elephant follows behind the other as they move across the floor beneath overhead lighting and structural beams. Equipment and barriers suggest a controlled environment designed for animal care.,/Users/yixiaoz/Desktop/cs348k_proj/outputs/controlNetScale/controlnet_seg/cfg_7p5_control_1p0/000000048504/target.png,/Users/yixiaoz/Desktop/cs348k_proj/outputs/controlNetScale/controlnet_seg/cfg_7p5_control_1p0/000000048504/seg.png,/Users/yixiaoz/Desktop/cs348k_proj/outputs/controlNetScale/controlnet_seg/cfg_7p5_control_1p0/000000048504/generated.png,dense_text_plus_seg,6,7.5,1.0,20,0.5932,0.4405,38.6915
69213,Two men who are wearing suits and hats standing next to each other.,"Two men wearing dark suits and matching hats stand side by side outdoors while looking toward the camera. Their formal attire contrasts with the busy background, where people and vehicles are visible. The pair appear composed and confident, suggesting they may be attending a formal.","Two men wearing dark suits and matching hats stand side by side outdoors while looking toward the camera. Their formal attire contrasts with the busy background, where people and vehicles are visible. The pair appear composed and confident, suggesting they may be attending a formal.",/Users/yixiaoz/Desktop/cs348k_proj/outputs/controlNetScale/controlnet_seg/cfg_7p5_control_1p0/000000069213/target.png,/Users/yixiaoz/Desktop/cs348k_proj/outputs/controlNetScale/controlnet_seg/cfg_7p5_control_1p0/000000069213/seg.png,/Users/yixiaoz/Desktop/cs348k_proj/outputs/controlNetScale/controlnet_seg/cfg_7p5_control_1p0/000000069213/generated.png,dense_text_plus_seg,6,7.5,1.0,20,0.6065,0.4127,36.3994
44877,Two people are in a wheelchair and only one of them is holding a racket.,"Two people are positioned on a tennis court, one seated in a wheelchair while holding a tennis racket. The scene highlights adaptive sports and athletic participation regardless of physical ability. Both individuals focus on the activity taking place on the court, surrounded by fencing and.","Two people are positioned on a tennis court, one seated in a wheelchair while holding a tennis racket. The scene highlights adaptive sports and athletic participation regardless of physical ability. Both individuals focus on the activity taking place on the court, surrounded by fencing and.",/Users/yixiaoz/Desktop/cs348k_proj/outputs/controlNetScale/controlnet_seg/cfg_7p5_control_1p0/000000044877/target.png,/Users/yixiaoz/Desktop/cs348k_proj/outputs/controlNetScale/controlnet_seg/cfg_7p5_control_1p0/000000044877/seg.png,/Users/yixiaoz/Desktop/cs348k_proj/outputs/controlNetScale/controlnet_seg/cfg_7p5_control_1p0/000000044877/generated.png,dense_text_plus_seg,6,7.5,1.0,20,0.5674,0.331,33.3726
74058,A sidewalk next to the outdoor sitting area of a restaurant.,"A black-and-white street scene shows a sidewalk café or restaurant with outdoor seating positioned beside a busy road. Bicycles are parked nearby while tables and chairs extend beneath awnings. Cars line the street and pedestrians move through the area. The monochrome presentation emphasizes geometry, shadows.","A black-and-white street scene shows a sidewalk café or restaurant with outdoor seating positioned beside a busy road. Bicycles are parked nearby while tables and chairs extend beneath awnings. Cars line the street and pedestrians move through the area. The monochrome presentation emphasizes geometry, shadows.",/Users/yixiaoz/Desktop/cs348k_proj/outputs/controlNetScale/controlnet_seg/cfg_7p5_control_1p0/000000074058/target.png,/Users/yixiaoz/Desktop/cs348k_proj/outputs/controlNetScale/controlnet_seg/cfg_7p5_control_1p0/000000074058/seg.png,/Users/yixiaoz/Desktop/cs348k_proj/outputs/controlNetScale/controlnet_seg/cfg_7p5_control_1p0/000000074058/generated.png,dense_text_plus_seg,6,7.5,1.0,20,0.5824,0.3407,33.4949
69356,An Indian woman stands in front of a man selling his fruit,"A fruit vendor stands beside a colorful outdoor market stall filled with oranges, bananas, and other produce. A woman stands nearby while additional people move through the area. Trees and buildings line the background, suggesting a neighborhood street market. The image highlights small-scale commerce, local.","A fruit vendor stands beside a colorful outdoor market stall filled with oranges, bananas, and other produce. A woman stands nearby while additional people move through the area. Trees and buildings line the background, suggesting a neighborhood street market. The image highlights small-scale commerce, local.",/Users/yixiaoz/Desktop/cs348k_proj/outputs/controlNetScale/controlnet_seg/cfg_7p5_control_1p0/000000069356/target.png,/Users/yixiaoz/Desktop/cs348k_proj/outputs/controlNetScale/controlnet_seg/cfg_7p5_control_1p0/000000069356/seg.png,/Users/yixiaoz/Desktop/cs348k_proj/outputs/controlNetScale/controlnet_seg/cfg_7p5_control_1p0/000000069356/generated.png,dense_text_plus_seg,6,7.5,1.0,20,0.6299,0.2893,35.7032
57232,A chair is fashioned from baseball bats and two cushions.,"A chair has been creatively constructed from baseball bats and cushioned seating materials, transforming sporting equipment into functional furniture. Additional decorative items, including a globe and various objects, surround the unusual piece. The craftsmanship demonstrates artistic repurposing and design innovation. The image highlights the intersection.","A chair has been creatively constructed from baseball bats and cushioned seating materials, transforming sporting equipment into functional furniture. Additional decorative items, including a globe and various objects, surround the unusual piece. The craftsmanship demonstrates artistic repurposing and design innovation. The image highlights the intersection.",/Users/yixiaoz/Desktop/cs348k_proj/outputs/controlNetScale/controlnet_seg/cfg_7p5_control_1p0/000000057232/target.png,/Users/yixiaoz/Desktop/cs348k_proj/outputs/controlNetScale/controlnet_seg/cfg_7p5_control_1p0/000000057232/seg.png,/Users/yixiaoz/Desktop/cs348k_proj/outputs/controlNetScale/controlnet_seg/cfg_7p5_control_1p0/000000057232/generated.png,dense_text_plus_seg,6,7.5,1.0,20,0.6535,0.4459,36.6914
5193,A group of people pose for a picture while a man holds two surfboards.,"A group of people gathers indoors for a photograph while one individual holds two colorful surfboards upright. Several children and adults pose together, smiling toward the camera. The surfboards act as focal points, suggesting a beach, surfing, or recreational theme. The image captures a celebratory.","A group of people gathers indoors for a photograph while one individual holds two colorful surfboards upright. Several children and adults pose together, smiling toward the camera. The surfboards act as focal points, suggesting a beach, surfing, or recreational theme. The image captures a celebratory.",/Users/yixiaoz/Desktop/cs348k_proj/outputs/controlNetScale/controlnet_seg/cfg_7p5_control_1p0/000000005193/target.png,/Users/yixiaoz/Desktop/cs348k_proj/outputs/controlNetScale/controlnet_seg/cfg_7p5_control_1p0/000000005193/seg.png,/Users/yixiaoz/Desktop/cs348k_proj/outputs/controlNetScale/controlnet_seg/cfg_7p5_control_1p0/000000005193/generated.png,dense_text_plus_seg,6,7.5,1.0,20,0.6534,0.5562,41.9071
94751,A traffic light and a signpost at a crossroads intersection near a waterway.,"Traffic lights and road signs stand at an intersection near a waterfront area. Fences, streets, and utility structures define the urban landscape while water and distant infrastructure appear in the background. The scene focuses on transportation systems and traffic management rather than people. The image.","Traffic lights and road signs stand at an intersection near a waterfront area. Fences, streets, and utility structures define the urban landscape while water and distant infrastructure appear in the background. The scene focuses on transportation systems and traffic management rather than people. The image.",/Users/yixiaoz/Desktop/cs348k_proj/outputs/controlNetScale/controlnet_seg/cfg_7p5_control_1p0/000000094751/target.png,/Users/yixiaoz/Desktop/cs348k_proj/outputs/controlNetScale/controlnet_seg/cfg_7p5_control_1p0/000000094751/seg.png,/Users/yixiaoz/Desktop/cs348k_proj/outputs/controlNetScale/controlnet_seg/cfg_7p5_control_1p0/000000094751/generated.png,dense_text_plus_seg,6,7.5,1.0,20,0.6992,0.5968,31.7049
13546,Young man on skate board balancing on concrete barrier near sidewalk with small park area near by.,"A skateboarder balances on a concrete structure within a small park while performing a trick. The rider’s posture demonstrates concentration and control as wheels contact the edge of the obstacle. Grass, pathways, and recreational facilities surround the scene. The image captures motion and athletic skill.","A skateboarder balances on a concrete structure within a small park while performing a trick. The rider’s posture demonstrates concentration and control as wheels contact the edge of the obstacle. Grass, pathways, and recreational facilities surround the scene. The image captures motion and athletic skill.",/Users/yixiaoz/Desktop/cs348k_proj/outputs/controlNetScale/controlnet_seg/cfg_7p5_control_1p0/000000013546/target.png,/Users/yixiaoz/Desktop/cs348k_proj/outputs/controlNetScale/controlnet_seg/cfg_7p5_control_1p0/000000013546/seg.png,/Users/yixiaoz/Desktop/cs348k_proj/outputs/controlNetScale/controlnet_seg/cfg_7p5_control_1p0/000000013546/generated.png,dense_text_plus_seg,6,7.5,1.0,20,0.5201,0.2788,31.2533
112378,A bunch of bananas on a wooden bench with hammocks in the background.,"A bunch of bananas rests on a wooden bench in an outdoor setting where hammocks and tropical vegetation appear in the background. The fruit is arranged casually, creating a simple still-life composition. Natural lighting and greenery contribute to a relaxed atmosphere. The image highlights everyday.","A bunch of bananas rests on a wooden bench in an outdoor setting where hammocks and tropical vegetation appear in the background. The fruit is arranged casually, creating a simple still-life composition. Natural lighting and greenery contribute to a relaxed atmosphere. The image highlights everyday.",/Users/yixiaoz/Desktop/cs348k_proj/outputs/controlNetScale/controlnet_seg/cfg_7p5_control_1p0/000000112378/target.png,/Users/yixiaoz/Desktop/cs348k_proj/outputs/controlNetScale/controlnet_seg/cfg_7p5_control_1p0/000000112378/seg.png,/Users/yixiaoz/Desktop/cs348k_proj/outputs/controlNetScale/controlnet_seg/cfg_7p5_control_1p0/000000112378/generated.png,dense_text_plus_seg,6,7.5,1.0,20,0.6728,0.3893,37.0382
57672,a river.A group of people with life jacket rowing a long boat in,"A long rowing boat moves across a calm river while a coordinated team of rowers wearing life jackets paddles together. Their synchronized effort propels the vessel through the water as spectators and shoreline features remain visible in the distance. The image highlights teamwork, endurance, and.","A long rowing boat moves across a calm river while a coordinated team of rowers wearing life jackets paddles together. Their synchronized effort propels the vessel through the water as spectators and shoreline features remain visible in the distance. The image highlights teamwork, endurance, and.",/Users/yixiaoz/Desktop/cs348k_proj/outputs/controlNetScale/controlnet_seg/cfg_7p5_control_1p0/000000057672/target.png,/Users/yixiaoz/Desktop/cs348k_proj/outputs/controlNetScale/controlnet_seg/cfg_7p5_control_1p0/000000057672/seg.png,/Users/yixiaoz/Desktop/cs348k_proj/outputs/controlNetScale/controlnet_seg/cfg_7p5_control_1p0/000000057672/generated.png,dense_text_plus_seg,6,7.5,1.0,20,0.5373,0.3285,30.6518
19432,He's almost got this tennis ball at the end of his racket.,"A tennis player focuses intensely on a ball approaching the racket during a match on a professional court. Stadium seating and fencing create the backdrop while the athlete prepares to make contact. The composition freezes a precise moment that requires timing, concentration, and technical skill.","A tennis player focuses intensely on a ball approaching the racket during a match on a professional court. Stadium seating and fencing create the backdrop while the athlete prepares to make contact. The composition freezes a precise moment that requires timing, concentration, and technical skill.",/Users/yixiaoz/Desktop/cs348k_proj/outputs/controlNetScale/controlnet_seg/cfg_7p5_control_1p0/000000019432/target.png,/Users/yixiaoz/Desktop/cs348k_proj/outputs/controlNetScale/controlnet_seg/cfg_7p5_control_1p0/000000019432/seg.png,/Users/yixiaoz/Desktop/cs348k_proj/outputs/controlNetScale/controlnet_seg/cfg_7p5_control_1p0/000000019432/generated.png,dense_text_plus_seg,6,7.5,1.0,20,0.663,0.4248,32.2765
73702,A couple of guys standingoutside in the sun talking to each other.,"Several people stand together outdoors near a transportation or public-service area while engaged in conversation. Some individuals carry bags or wear protective clothing, suggesting travel, work, or transit-related activities. The scene appears candid and documentary in nature, focusing on social interaction rather than posed photography.","Several people stand together outdoors near a transportation or public-service area while engaged in conversation. Some individuals carry bags or wear protective clothing, suggesting travel, work, or transit-related activities. The scene appears candid and documentary in nature, focusing on social interaction rather than posed photography.",/Users/yixiaoz/Desktop/cs348k_proj/outputs/controlNetScale/controlnet_seg/cfg_7p5_control_1p0/000000073702/target.png,/Users/yixiaoz/Desktop/cs348k_proj/outputs/controlNetScale/controlnet_seg/cfg_7p5_control_1p0/000000073702/seg.png,/Users/yixiaoz/Desktop/cs348k_proj/outputs/controlNetScale/controlnet_seg/cfg_7p5_control_1p0/000000073702/generated.png,dense_text_plus_seg,6,7.5,1.0,20,0.6651,0.5362,32.849
84241,Three women cooking in a professional kitchen together.,"Three women work together inside a professional kitchen while preparing food. Large bowls of vegetables, cookware, and stainless-steel surfaces surround them as they coordinate meal preparation. The environment suggests a restaurant, catering operation, or culinary training setting. The image highlights teamwork, food service, and culinary.","Three women work together inside a professional kitchen while preparing food. Large bowls of vegetables, cookware, and stainless-steel surfaces surround them as they coordinate meal preparation. The environment suggests a restaurant, catering operation, or culinary training setting. The image highlights teamwork, food service, and culinary.",/Users/yixiaoz/Desktop/cs348k_proj/outputs/controlNetScale/controlnet_seg/cfg_7p5_control_1p0/000000084241/target.png,/Users/yixiaoz/Desktop/cs348k_proj/outputs/controlNetScale/controlnet_seg/cfg_7p5_control_1p0/000000084241/seg.png,/Users/yixiaoz/Desktop/cs348k_proj/outputs/controlNetScale/controlnet_seg/cfg_7p5_control_1p0/000000084241/generated.png,dense_text_plus_seg,6,7.5,1.0,20,0.7023,0.4985,34.2722
34417,Donuts traveling down an assembly line in a factory while people work behind it.,"Donuts move along a production line inside a bakery or food-processing facility while workers supervise operations in the background. Conveyors, trays, and industrial equipment are visible throughout the workspace. The image illustrates large-scale food production and the systems used to manufacture baked goods efficiently. It.","Donuts move along a production line inside a bakery or food-processing facility while workers supervise operations in the background. Conveyors, trays, and industrial equipment are visible throughout the workspace. The image illustrates large-scale food production and the systems used to manufacture baked goods efficiently. It.",/Users/yixiaoz/Desktop/cs348k_proj/outputs/controlNetScale/controlnet_seg/cfg_7p5_control_1p0/000000034417/target.png,/Users/yixiaoz/Desktop/cs348k_proj/outputs/controlNetScale/controlnet_seg/cfg_7p5_control_1p0/000000034417/seg.png,/Users/yixiaoz/Desktop/cs348k_proj/outputs/controlNetScale/controlnet_seg/cfg_7p5_control_1p0/000000034417/generated.png,dense_text_plus_seg,6,7.5,1.0,20,0.6602,0.4627,38.9748
25181,A train station with an awning is depicted with a train on the right platform.,"A train station platform extends into the distance beneath a large canopy, creating strong lines and symmetry throughout the composition. A train sits along one side of the platform while signs and architectural details reinforce the sense of order. The black-and-white presentation emphasizes structure and.","A train station platform extends into the distance beneath a large canopy, creating strong lines and symmetry throughout the composition. A train sits along one side of the platform while signs and architectural details reinforce the sense of order. The black-and-white presentation emphasizes structure and.",/Users/yixiaoz/Desktop/cs348k_proj/outputs/controlNetScale/controlnet_seg/cfg_7p5_control_1p0/000000025181/target.png,/Users/yixiaoz/Desktop/cs348k_proj/outputs/controlNetScale/controlnet_seg/cfg_7p5_control_1p0/000000025181/seg.png,/Users/yixiaoz/Desktop/cs348k_proj/outputs/controlNetScale/controlnet_seg/cfg_7p5_control_1p0/000000025181/generated.png,dense_text_plus_seg,6,7.5,1.0,20,0.5268,0.3068,34.5749
67213,"A dog jumping through the air above a pool of water that has been marked for distance, with people watching in the distance.","A dog leaps high above a pool during a dock-diving competition while spectators watch from behind barriers. The animal is captured midair, demonstrating athletic ability, speed, and confidence. Water, measuring equipment, and event organizers suggest a structured sporting competition. The image highlights the bond between.","A dog leaps high above a pool during a dock-diving competition while spectators watch from behind barriers. The animal is captured midair, demonstrating athletic ability, speed, and confidence. Water, measuring equipment, and event organizers suggest a structured sporting competition. The image highlights the bond between.",/Users/yixiaoz/Desktop/cs348k_proj/outputs/controlNetScale/controlnet_seg/cfg_7p5_control_1p0/000000067213/target.png,/Users/yixiaoz/Desktop/cs348k_proj/outputs/controlNetScale/controlnet_seg/cfg_7p5_control_1p0/000000067213/seg.png,/Users/yixiaoz/Desktop/cs348k_proj/outputs/controlNetScale/controlnet_seg/cfg_7p5_control_1p0/000000067213/generated.png,dense_text_plus_seg,6,7.5,1.0,20,0.6227,0.4764,37.024
94871,A group of people standing around sheep on a field.,"Several sheep stand together in a field while people gather nearby. Different breeds and wool colors create visual variety across the scene. The setting resembles an agricultural fair, livestock exhibition, or rural community event where animals are displayed and evaluated. The image highlights farming culture.","Several sheep stand together in a field while people gather nearby. Different breeds and wool colors create visual variety across the scene. The setting resembles an agricultural fair, livestock exhibition, or rural community event where animals are displayed and evaluated. The image highlights farming culture.",/Users/yixiaoz/Desktop/cs348k_proj/outputs/controlNetScale/controlnet_seg/cfg_7p5_control_1p0/000000094871/target.png,/Users/yixiaoz/Desktop/cs348k_proj/outputs/controlNetScale/controlnet_seg/cfg_7p5_control_1p0/000000094871/seg.png,/Users/yixiaoz/Desktop/cs348k_proj/outputs/controlNetScale/controlnet_seg/cfg_7p5_control_1p0/000000094871/generated.png,dense_text_plus_seg,6,7.5,1.0,20,0.5512,0.3845,32.6445
2685,A crowd of people stand near a man behind a bar with wine bottles on it.,"Several people are gathered around a wooden bar counter inside a restaurant, tasting room, or social event space. A man stands behind the counter near shelves filled with wine bottles while customers stand close together and talk in small groups. The room appears warmly lit.","Several people are gathered around a wooden bar counter inside a restaurant, tasting room, or social event space. A man stands behind the counter near shelves filled with wine bottles while customers stand close together and talk in small groups. The room appears warmly lit.",/Users/yixiaoz/Desktop/cs348k_proj/outputs/controlNetScale/controlnet_seg/cfg_7p5_control_1p5/000000002685/target.png,/Users/yixiaoz/Desktop/cs348k_proj/outputs/controlNetScale/controlnet_seg/cfg_7p5_control_1p5/000000002685/seg.png,/Users/yixiaoz/Desktop/cs348k_proj/outputs/controlNetScale/controlnet_seg/cfg_7p5_control_1p5/000000002685/generated.png,dense_text_plus_seg,6,7.5,1.5,20,0.6534,0.3898,33.7243
6763,A man and a women posing next to one another in front of a table.,"A man and a woman sit close together at a table inside a dimly lit restaurant or bar. The man wears a dress shirt and tie and has his arm around the smiling woman beside him. Plates, utensils, and drinks are visible on the table.","A man and a woman sit close together at a table inside a dimly lit restaurant or bar. The man wears a dress shirt and tie and has his arm around the smiling woman beside him. Plates, utensils, and drinks are visible on the table.",/Users/yixiaoz/Desktop/cs348k_proj/outputs/controlNetScale/controlnet_seg/cfg_7p5_control_1p5/000000006763/target.png,/Users/yixiaoz/Desktop/cs348k_proj/outputs/controlNetScale/controlnet_seg/cfg_7p5_control_1p5/000000006763/seg.png,/Users/yixiaoz/Desktop/cs348k_proj/outputs/controlNetScale/controlnet_seg/cfg_7p5_control_1p5/000000006763/generated.png,dense_text_plus_seg,6,7.5,1.5,20,0.7025,0.6007,32.4944
87144,A baby sitting between a lady and a man on a bench under a tree.,"A woman, a young child, and an elderly man sit on a park bench beneath the shade of a tree. The woman sits on the left wearing a patterned dress, the child sits near the center, and the older man sits on the right wearing.","A woman, a young child, and an elderly man sit on a park bench beneath the shade of a tree. The woman sits on the left wearing a patterned dress, the child sits near the center, and the older man sits on the right wearing.",/Users/yixiaoz/Desktop/cs348k_proj/outputs/controlNetScale/controlnet_seg/cfg_7p5_control_1p5/000000087144/target.png,/Users/yixiaoz/Desktop/cs348k_proj/outputs/controlNetScale/controlnet_seg/cfg_7p5_control_1p5/000000087144/seg.png,/Users/yixiaoz/Desktop/cs348k_proj/outputs/controlNetScale/controlnet_seg/cfg_7p5_control_1p5/000000087144/generated.png,dense_text_plus_seg,6,7.5,1.5,20,0.6148,0.4349,33.2115
2157,A table topped with a cake covered in berries next to a plate of sandwiches.,"A table covered with a red tablecloth is arranged with desserts and party food in an outdoor or bright dining setting. A large cake topped with blueberries and raspberries sits near the front beside plates of sandwiches, bread, grapes, wine glasses, napkins, and stacked dishes.","A table covered with a red tablecloth is arranged with desserts and party food in an outdoor or bright dining setting. A large cake topped with blueberries and raspberries sits near the front beside plates of sandwiches, bread, grapes, wine glasses, napkins, and stacked dishes.",/Users/yixiaoz/Desktop/cs348k_proj/outputs/controlNetScale/controlnet_seg/cfg_7p5_control_1p5/000000002157/target.png,/Users/yixiaoz/Desktop/cs348k_proj/outputs/controlNetScale/controlnet_seg/cfg_7p5_control_1p5/000000002157/seg.png,/Users/yixiaoz/Desktop/cs348k_proj/outputs/controlNetScale/controlnet_seg/cfg_7p5_control_1p5/000000002157/generated.png,dense_text_plus_seg,6,7.5,1.5,20,0.6352,0.347,37.8686
14226,A person is sitting in a chair at a table with a laptop computer.,A man sits alone in a passenger train or railcar while using a laptop computer on a fold-out table in front of him. He wears a jacket and looks downward toward the screen with a focused expression. A large window beside him shows blurred scenery.,A man sits alone in a passenger train or railcar while using a laptop computer on a fold-out table in front of him. He wears a jacket and looks downward toward the screen with a focused expression. A large window beside him shows blurred scenery.,/Users/yixiaoz/Desktop/cs348k_proj/outputs/controlNetScale/controlnet_seg/cfg_7p5_control_1p5/000000014226/target.png,/Users/yixiaoz/Desktop/cs348k_proj/outputs/controlNetScale/controlnet_seg/cfg_7p5_control_1p5/000000014226/seg.png,/Users/yixiaoz/Desktop/cs348k_proj/outputs/controlNetScale/controlnet_seg/cfg_7p5_control_1p5/000000014226/generated.png,dense_text_plus_seg,6,7.5,1.5,20,0.5787,0.4422,34.9456
35279,"A man laying his head down next to electronics, a butterfly, and a book.","A cluttered workspace or floor area contains several electronic devices and accessories arranged close together. A laptop displays a simple image on its screen, while a smartphone, cables, speakers, papers, a bottle, and other gadgets sit nearby. Part of a person’s face appears near the.","A cluttered workspace or floor area contains several electronic devices and accessories arranged close together. A laptop displays a simple image on its screen, while a smartphone, cables, speakers, papers, a bottle, and other gadgets sit nearby. Part of a person’s face appears near the.",/Users/yixiaoz/Desktop/cs348k_proj/outputs/controlNetScale/controlnet_seg/cfg_7p5_control_1p5/000000035279/target.png,/Users/yixiaoz/Desktop/cs348k_proj/outputs/controlNetScale/controlnet_seg/cfg_7p5_control_1p5/000000035279/seg.png,/Users/yixiaoz/Desktop/cs348k_proj/outputs/controlNetScale/controlnet_seg/cfg_7p5_control_1p5/000000035279/generated.png,dense_text_plus_seg,6,7.5,1.5,20,0.6591,0.388,32.1304
31620,A woman in a white dress and a man in gray stand near a cake on a white table under a white canopy.,"Inside a large white event tent, a woman in a white dress and a man in a gray suit stand near a decorated table. The table is covered with a white cloth and appears to hold a cake or centerpiece. Soft light filters through the.","Inside a large white event tent, a woman in a white dress and a man in a gray suit stand near a decorated table. The table is covered with a white cloth and appears to hold a cake or centerpiece. Soft light filters through the.",/Users/yixiaoz/Desktop/cs348k_proj/outputs/controlNetScale/controlnet_seg/cfg_7p5_control_1p5/000000031620/target.png,/Users/yixiaoz/Desktop/cs348k_proj/outputs/controlNetScale/controlnet_seg/cfg_7p5_control_1p5/000000031620/seg.png,/Users/yixiaoz/Desktop/cs348k_proj/outputs/controlNetScale/controlnet_seg/cfg_7p5_control_1p5/000000031620/generated.png,dense_text_plus_seg,6,7.5,1.5,20,0.6279,0.4732,35.7163
95707,Several pastries sitting on aluminum foil next to a bowl with a knife and spatula in it.,"Several pastries and baked goods are arranged on aluminum foil on a table, with a bowl, knife, and spatula placed nearby for serving. The food includes rectangular pieces and a pale frosted or light-colored dessert item, suggesting a dessert spread or homemade baked selection. The.","Several pastries and baked goods are arranged on aluminum foil on a table, with a bowl, knife, and spatula placed nearby for serving. The food includes rectangular pieces and a pale frosted or light-colored dessert item, suggesting a dessert spread or homemade baked selection. The.",/Users/yixiaoz/Desktop/cs348k_proj/outputs/controlNetScale/controlnet_seg/cfg_7p5_control_1p5/000000095707/target.png,/Users/yixiaoz/Desktop/cs348k_proj/outputs/controlNetScale/controlnet_seg/cfg_7p5_control_1p5/000000095707/seg.png,/Users/yixiaoz/Desktop/cs348k_proj/outputs/controlNetScale/controlnet_seg/cfg_7p5_control_1p5/000000095707/generated.png,dense_text_plus_seg,6,7.5,1.5,20,0.7235,0.6612,31.8842
54605,Milkshake in tall glass and piece of cake on plate near forks.,"A tall milkshake in a glass is topped with whipped cream and placed on a restaurant table beside a slice of layered cake on a white plate. A fork, napkins, and other table items sit nearby, while the background is dim and softly blurred. The.","A tall milkshake in a glass is topped with whipped cream and placed on a restaurant table beside a slice of layered cake on a white plate. A fork, napkins, and other table items sit nearby, while the background is dim and softly blurred. The.",/Users/yixiaoz/Desktop/cs348k_proj/outputs/controlNetScale/controlnet_seg/cfg_7p5_control_1p5/000000054605/target.png,/Users/yixiaoz/Desktop/cs348k_proj/outputs/controlNetScale/controlnet_seg/cfg_7p5_control_1p5/000000054605/seg.png,/Users/yixiaoz/Desktop/cs348k_proj/outputs/controlNetScale/controlnet_seg/cfg_7p5_control_1p5/000000054605/generated.png,dense_text_plus_seg,6,7.5,1.5,20,0.6293,0.3662,32.4897
27620,A laptop sitting on a desk next to a chair and another computer.,"A small home office or study area contains a glass-top desk, a laptop computer, a chair, and additional electronic equipment. The desk is positioned near a wall with windows and blinds, and another chair sits in front of the workspace. Cables, accessories, and a cup.","A small home office or study area contains a glass-top desk, a laptop computer, a chair, and additional electronic equipment. The desk is positioned near a wall with windows and blinds, and another chair sits in front of the workspace. Cables, accessories, and a cup.",/Users/yixiaoz/Desktop/cs348k_proj/outputs/controlNetScale/controlnet_seg/cfg_7p5_control_1p5/000000027620/target.png,/Users/yixiaoz/Desktop/cs348k_proj/outputs/controlNetScale/controlnet_seg/cfg_7p5_control_1p5/000000027620/seg.png,/Users/yixiaoz/Desktop/cs348k_proj/outputs/controlNetScale/controlnet_seg/cfg_7p5_control_1p5/000000027620/generated.png,dense_text_plus_seg,6,7.5,1.5,20,0.6122,0.4178,35.2414
66771,Two people sitting at a table with beverages on it and the woman holding her phone.,"Two people sit together at a restaurant table with beverages, cups, and small dishes in front of them. The man smiles while looking toward the woman, and the woman looks down at a smartphone in her hand. The table includes a drink with a straw.","Two people sit together at a restaurant table with beverages, cups, and small dishes in front of them. The man smiles while looking toward the woman, and the woman looks down at a smartphone in her hand. The table includes a drink with a straw.",/Users/yixiaoz/Desktop/cs348k_proj/outputs/controlNetScale/controlnet_seg/cfg_7p5_control_1p5/000000066771/target.png,/Users/yixiaoz/Desktop/cs348k_proj/outputs/controlNetScale/controlnet_seg/cfg_7p5_control_1p5/000000066771/seg.png,/Users/yixiaoz/Desktop/cs348k_proj/outputs/controlNetScale/controlnet_seg/cfg_7p5_control_1p5/000000066771/generated.png,dense_text_plus_seg,6,7.5,1.5,20,0.5997,0.5675,30.8869
18575,"Two plates, one with a sandwich and fries, the other with just a sandwich and a pickle.","Two plates of food are served on a restaurant table. One plate contains a sandwich with French fries, while the other plate includes a sandwich and a pickle with sliced vegetables and condiments nearby. Drinks, small containers, and utensils surround the plates, suggesting a casual.","Two plates of food are served on a restaurant table. One plate contains a sandwich with French fries, while the other plate includes a sandwich and a pickle with sliced vegetables and condiments nearby. Drinks, small containers, and utensils surround the plates, suggesting a casual.",/Users/yixiaoz/Desktop/cs348k_proj/outputs/controlNetScale/controlnet_seg/cfg_7p5_control_1p5/000000018575/target.png,/Users/yixiaoz/Desktop/cs348k_proj/outputs/controlNetScale/controlnet_seg/cfg_7p5_control_1p5/000000018575/seg.png,/Users/yixiaoz/Desktop/cs348k_proj/outputs/controlNetScale/controlnet_seg/cfg_7p5_control_1p5/000000018575/generated.png,dense_text_plus_seg,6,7.5,1.5,20,0.6616,0.3854,33.2963
66817,This plate consists of rice with sauce and peas and meat patties on the side.,"A plate of food is photographed from above on a table, containing rice covered with sauce, peas, and several browned meat patties on the side. A cup of yogurt or creamy dessert and a small bowl of fruit sit near the plate, creating a complete.","A plate of food is photographed from above on a table, containing rice covered with sauce, peas, and several browned meat patties on the side. A cup of yogurt or creamy dessert and a small bowl of fruit sit near the plate, creating a complete.",/Users/yixiaoz/Desktop/cs348k_proj/outputs/controlNetScale/controlnet_seg/cfg_7p5_control_1p5/000000066817/target.png,/Users/yixiaoz/Desktop/cs348k_proj/outputs/controlNetScale/controlnet_seg/cfg_7p5_control_1p5/000000066817/seg.png,/Users/yixiaoz/Desktop/cs348k_proj/outputs/controlNetScale/controlnet_seg/cfg_7p5_control_1p5/000000066817/generated.png,dense_text_plus_seg,6,7.5,1.5,20,0.664,0.4067,33.0405
84674,a girl holds a baby eating a bagel with a boy standing next to them,"A woman sits indoors holding a small child who is eating a bagel or bread roll, while a young boy stands next to them facing the camera. The group appears to be in a restaurant, event space, or public indoor setting, with people and warm.","A woman sits indoors holding a small child who is eating a bagel or bread roll, while a young boy stands next to them facing the camera. The group appears to be in a restaurant, event space, or public indoor setting, with people and warm.",/Users/yixiaoz/Desktop/cs348k_proj/outputs/controlNetScale/controlnet_seg/cfg_7p5_control_1p5/000000084674/target.png,/Users/yixiaoz/Desktop/cs348k_proj/outputs/controlNetScale/controlnet_seg/cfg_7p5_control_1p5/000000084674/seg.png,/Users/yixiaoz/Desktop/cs348k_proj/outputs/controlNetScale/controlnet_seg/cfg_7p5_control_1p5/000000084674/generated.png,dense_text_plus_seg,6,7.5,1.5,20,0.6965,0.5054,34.5259
47112,A pizza served on a white plate next to empty wine glass and beer.,"A freshly baked pizza sits on a white plate on a restaurant table, with a glass of beer and an empty wine glass positioned behind it. The pizza has visible cheese and toppings, and the background contains tables, chairs, and restaurant décor. The low angle.","A freshly baked pizza sits on a white plate on a restaurant table, with a glass of beer and an empty wine glass positioned behind it. The pizza has visible cheese and toppings, and the background contains tables, chairs, and restaurant décor. The low angle.",/Users/yixiaoz/Desktop/cs348k_proj/outputs/controlNetScale/controlnet_seg/cfg_7p5_control_1p5/000000047112/target.png,/Users/yixiaoz/Desktop/cs348k_proj/outputs/controlNetScale/controlnet_seg/cfg_7p5_control_1p5/000000047112/seg.png,/Users/yixiaoz/Desktop/cs348k_proj/outputs/controlNetScale/controlnet_seg/cfg_7p5_control_1p5/000000047112/generated.png,dense_text_plus_seg,6,7.5,1.5,20,0.6872,0.3741,32.6422
59598,"A table with a laptop a plate with a muffin and a banana, a can and a cellphone.","An open laptop sits on a table in a classroom, meeting room, or conference setting. Nearby are a plate with a muffin and banana, a soda can, a mobile phone, and other small items. In the background, a presentation screen or projector area is visible.","An open laptop sits on a table in a classroom, meeting room, or conference setting. Nearby are a plate with a muffin and banana, a soda can, a mobile phone, and other small items. In the background, a presentation screen or projector area is visible.",/Users/yixiaoz/Desktop/cs348k_proj/outputs/controlNetScale/controlnet_seg/cfg_7p5_control_1p5/000000059598/target.png,/Users/yixiaoz/Desktop/cs348k_proj/outputs/controlNetScale/controlnet_seg/cfg_7p5_control_1p5/000000059598/seg.png,/Users/yixiaoz/Desktop/cs348k_proj/outputs/controlNetScale/controlnet_seg/cfg_7p5_control_1p5/000000059598/generated.png,dense_text_plus_seg,6,7.5,1.5,20,0.6653,0.3595,32.9704
91779,Three hot dogs with different toppings lined up on a tabletop.,"Three hot dogs with different toppings are arranged side by side on a tray or tabletop. One appears topped with sauce or chili, another with bright red peppers, and the surrounding area contains side dishes, cups, and food wrappers. The close-up composition highlights the variety.","Three hot dogs with different toppings are arranged side by side on a tray or tabletop. One appears topped with sauce or chili, another with bright red peppers, and the surrounding area contains side dishes, cups, and food wrappers. The close-up composition highlights the variety.",/Users/yixiaoz/Desktop/cs348k_proj/outputs/controlNetScale/controlnet_seg/cfg_7p5_control_1p5/000000091779/target.png,/Users/yixiaoz/Desktop/cs348k_proj/outputs/controlNetScale/controlnet_seg/cfg_7p5_control_1p5/000000091779/seg.png,/Users/yixiaoz/Desktop/cs348k_proj/outputs/controlNetScale/controlnet_seg/cfg_7p5_control_1p5/000000091779/generated.png,dense_text_plus_seg,6,7.5,1.5,20,0.6692,0.4207,35.8458
22892,"A cat sitting on a table next to plants and a dog outside of a sliding glass door, looking in.","A gray cat sits indoors on a table beside potted plants near a sliding glass door, while a dog stands outside looking in through the glass. The cat faces downward toward the plants, and the dog is visible beyond the door on a balcony or.","A gray cat sits indoors on a table beside potted plants near a sliding glass door, while a dog stands outside looking in through the glass. The cat faces downward toward the plants, and the dog is visible beyond the door on a balcony or.",/Users/yixiaoz/Desktop/cs348k_proj/outputs/controlNetScale/controlnet_seg/cfg_7p5_control_1p5/000000022892/target.png,/Users/yixiaoz/Desktop/cs348k_proj/outputs/controlNetScale/controlnet_seg/cfg_7p5_control_1p5/000000022892/seg.png,/Users/yixiaoz/Desktop/cs348k_proj/outputs/controlNetScale/controlnet_seg/cfg_7p5_control_1p5/000000022892/generated.png,dense_text_plus_seg,6,7.5,1.5,20,0.6637,0.4132,32.4771
97337,This is a nice living room set up with two couches and a television.,"A cozy living room contains two couches arranged around a coffee table facing a television. The television displays a map or graphic image, while lamps, curtains, and decorative furniture create a warm indoor atmosphere. The room appears tidy and comfortable, with soft lighting and a.","A cozy living room contains two couches arranged around a coffee table facing a television. The television displays a map or graphic image, while lamps, curtains, and decorative furniture create a warm indoor atmosphere. The room appears tidy and comfortable, with soft lighting and a.",/Users/yixiaoz/Desktop/cs348k_proj/outputs/controlNetScale/controlnet_seg/cfg_7p5_control_1p5/000000097337/target.png,/Users/yixiaoz/Desktop/cs348k_proj/outputs/controlNetScale/controlnet_seg/cfg_7p5_control_1p5/000000097337/seg.png,/Users/yixiaoz/Desktop/cs348k_proj/outputs/controlNetScale/controlnet_seg/cfg_7p5_control_1p5/000000097337/generated.png,dense_text_plus_seg,6,7.5,1.5,20,0.6134,0.3527,32.2276
10707,Man with video game controller in living room with onlooker seated nearby.,"Several people gather in a living room around a coffee table covered with drinks, snacks, and small items. One man stands holding a video game controller, while others sit nearby watching or participating. Sofas, warm lighting, and casual clothing create the feeling of a relaxed.","Several people gather in a living room around a coffee table covered with drinks, snacks, and small items. One man stands holding a video game controller, while others sit nearby watching or participating. Sofas, warm lighting, and casual clothing create the feeling of a relaxed.",/Users/yixiaoz/Desktop/cs348k_proj/outputs/controlNetScale/controlnet_seg/cfg_7p5_control_1p5/000000010707/target.png,/Users/yixiaoz/Desktop/cs348k_proj/outputs/controlNetScale/controlnet_seg/cfg_7p5_control_1p5/000000010707/seg.png,/Users/yixiaoz/Desktop/cs348k_proj/outputs/controlNetScale/controlnet_seg/cfg_7p5_control_1p5/000000010707/generated.png,dense_text_plus_seg,6,7.5,1.5,20,0.6907,0.3823,32.3954
65288,A yellow and green object with a brown bird perched on top of it.,"An ornate yellow and green decorative structure sits in the foreground, with a small brown bird perched on its top edge. Behind it, a crowd of people gathers outdoors near tables, chairs, plants, and shaded areas, suggesting a plaza, café, or public gathering space. The.","An ornate yellow and green decorative structure sits in the foreground, with a small brown bird perched on its top edge. Behind it, a crowd of people gathers outdoors near tables, chairs, plants, and shaded areas, suggesting a plaza, café, or public gathering space. The.",/Users/yixiaoz/Desktop/cs348k_proj/outputs/controlNetScale/controlnet_seg/cfg_7p5_control_1p5/000000065288/target.png,/Users/yixiaoz/Desktop/cs348k_proj/outputs/controlNetScale/controlnet_seg/cfg_7p5_control_1p5/000000065288/seg.png,/Users/yixiaoz/Desktop/cs348k_proj/outputs/controlNetScale/controlnet_seg/cfg_7p5_control_1p5/000000065288/generated.png,dense_text_plus_seg,6,7.5,1.5,20,0.6523,0.3556,36.2953
116208,"A large pizza is shown on a table, with bottles and glasses of wine.","A large pizza topped with cheese, mushrooms, and other ingredients is placed on a raised stand at the center of a restaurant table. Wine bottles, glasses, plates, utensils, and small dishes surround it, suggesting a shared meal among several diners. The pizza is viewed from.","A large pizza topped with cheese, mushrooms, and other ingredients is placed on a raised stand at the center of a restaurant table. Wine bottles, glasses, plates, utensils, and small dishes surround it, suggesting a shared meal among several diners. The pizza is viewed from.",/Users/yixiaoz/Desktop/cs348k_proj/outputs/controlNetScale/controlnet_seg/cfg_7p5_control_1p5/000000116208/target.png,/Users/yixiaoz/Desktop/cs348k_proj/outputs/controlNetScale/controlnet_seg/cfg_7p5_control_1p5/000000116208/seg.png,/Users/yixiaoz/Desktop/cs348k_proj/outputs/controlNetScale/controlnet_seg/cfg_7p5_control_1p5/000000116208/generated.png,dense_text_plus_seg,6,7.5,1.5,20,0.6168,0.2677,33.6823
74733,two flatbread pieces covered with different ingredients in between a flight of beers,"Two rectangular flatbread dishes topped with different ingredients are served on a wooden board beside a flight of beers. Several small glasses of beer, dipping containers, and additional drinkware are arranged around the food. The warm indoor lighting and tabletop presentation suggest a restaurant, pub.","Two rectangular flatbread dishes topped with different ingredients are served on a wooden board beside a flight of beers. Several small glasses of beer, dipping containers, and additional drinkware are arranged around the food. The warm indoor lighting and tabletop presentation suggest a restaurant, pub.",/Users/yixiaoz/Desktop/cs348k_proj/outputs/controlNetScale/controlnet_seg/cfg_7p5_control_1p5/000000074733/target.png,/Users/yixiaoz/Desktop/cs348k_proj/outputs/controlNetScale/controlnet_seg/cfg_7p5_control_1p5/000000074733/seg.png,/Users/yixiaoz/Desktop/cs348k_proj/outputs/controlNetScale/controlnet_seg/cfg_7p5_control_1p5/000000074733/generated.png,dense_text_plus_seg,6,7.5,1.5,20,0.6259,0.2586,37.3504
114907,"A woman holding a milking attachment and standing in front of a cow, with a group of people in the audience.","A woman stands beside a large dairy cow while demonstrating or holding a milking attachment in front of a seated audience. The cow is positioned behind a metal barrier, and many people watch attentively from the foreground. The scene appears to be part of an.","A woman stands beside a large dairy cow while demonstrating or holding a milking attachment in front of a seated audience. The cow is positioned behind a metal barrier, and many people watch attentively from the foreground. The scene appears to be part of an.",/Users/yixiaoz/Desktop/cs348k_proj/outputs/controlNetScale/controlnet_seg/cfg_7p5_control_1p5/000000114907/target.png,/Users/yixiaoz/Desktop/cs348k_proj/outputs/controlNetScale/controlnet_seg/cfg_7p5_control_1p5/000000114907/seg.png,/Users/yixiaoz/Desktop/cs348k_proj/outputs/controlNetScale/controlnet_seg/cfg_7p5_control_1p5/000000114907/generated.png,dense_text_plus_seg,6,7.5,1.5,20,0.6081,0.4634,40.011
61333,The caramel-colored kitten is  lying on the small blanket on top of the unmade bed.,"An orange tabby kitten lies curled up on a small blanket placed on top of an unmade bed. The cat appears relaxed and sleepy, with its body tucked close and its head resting near the blanket. A bookshelf filled with books lines the background, adding.","An orange tabby kitten lies curled up on a small blanket placed on top of an unmade bed. The cat appears relaxed and sleepy, with its body tucked close and its head resting near the blanket. A bookshelf filled with books lines the background, adding.",/Users/yixiaoz/Desktop/cs348k_proj/outputs/controlNetScale/controlnet_seg/cfg_7p5_control_1p5/000000061333/target.png,/Users/yixiaoz/Desktop/cs348k_proj/outputs/controlNetScale/controlnet_seg/cfg_7p5_control_1p5/000000061333/seg.png,/Users/yixiaoz/Desktop/cs348k_proj/outputs/controlNetScale/controlnet_seg/cfg_7p5_control_1p5/000000061333/generated.png,dense_text_plus_seg,6,7.5,1.5,20,0.6565,0.362,38.0312
18837,A large truck on a city street with two works sitting on top and one worker climbing in through door.,"A large green utility truck is parked on a city street while workers perform maintenance tasks around it. One worker appears to be on top of the vehicle, and another is climbing into or standing near the door. Cars, buildings, traffic signs, and urban infrastructure.","A large green utility truck is parked on a city street while workers perform maintenance tasks around it. One worker appears to be on top of the vehicle, and another is climbing into or standing near the door. Cars, buildings, traffic signs, and urban infrastructure.",/Users/yixiaoz/Desktop/cs348k_proj/outputs/controlNetScale/controlnet_seg/cfg_7p5_control_1p5/000000018837/target.png,/Users/yixiaoz/Desktop/cs348k_proj/outputs/controlNetScale/controlnet_seg/cfg_7p5_control_1p5/000000018837/seg.png,/Users/yixiaoz/Desktop/cs348k_proj/outputs/controlNetScale/controlnet_seg/cfg_7p5_control_1p5/000000018837/generated.png,dense_text_plus_seg,6,7.5,1.5,20,0.622,0.2939,35.6788
9914,"A sandwich, french fries, bowl of ketchup, onion slice, lettuce slice, tomato slice, and knife sit on the white plate.","A sandwich meal is served on a white plate with French fries, a small bowl of ketchup, sliced onion, tomato, lettuce, and a knife. The sandwich bun is topped with sesame seeds, and the fries are piled beside it. The close-up view focuses on the.","A sandwich meal is served on a white plate with French fries, a small bowl of ketchup, sliced onion, tomato, lettuce, and a knife. The sandwich bun is topped with sesame seeds, and the fries are piled beside it. The close-up view focuses on the.",/Users/yixiaoz/Desktop/cs348k_proj/outputs/controlNetScale/controlnet_seg/cfg_7p5_control_1p5/000000009914/target.png,/Users/yixiaoz/Desktop/cs348k_proj/outputs/controlNetScale/controlnet_seg/cfg_7p5_control_1p5/000000009914/seg.png,/Users/yixiaoz/Desktop/cs348k_proj/outputs/controlNetScale/controlnet_seg/cfg_7p5_control_1p5/000000009914/generated.png,dense_text_plus_seg,6,7.5,1.5,20,0.6733,0.3939,36.2578
39477,A beach towel covers a TV across from plants on the wall and in front of the window.,"A compact living room features a couch facing a television, with several plants placed near the window and on the wall. Natural light enters through a large curtained window, brightening the small room. A low table, rug, wall decorations, and shelving create a tidy residential.","A compact living room features a couch facing a television, with several plants placed near the window and on the wall. Natural light enters through a large curtained window, brightening the small room. A low table, rug, wall decorations, and shelving create a tidy residential.",/Users/yixiaoz/Desktop/cs348k_proj/outputs/controlNetScale/controlnet_seg/cfg_7p5_control_1p5/000000039477/target.png,/Users/yixiaoz/Desktop/cs348k_proj/outputs/controlNetScale/controlnet_seg/cfg_7p5_control_1p5/000000039477/seg.png,/Users/yixiaoz/Desktop/cs348k_proj/outputs/controlNetScale/controlnet_seg/cfg_7p5_control_1p5/000000039477/generated.png,dense_text_plus_seg,6,7.5,1.5,20,0.5848,0.3717,33.4206
61108,A blue bicycle with a puppy in its basket is parked next to the bleacher steps.,"A blue bicycle is parked beside outdoor bleacher steps, with a small puppy sitting inside a basket attached to the front. The bicycle rests near concrete steps and railings, suggesting a sports field, park, or recreational area. The puppy sits securely in the basket and.","A blue bicycle is parked beside outdoor bleacher steps, with a small puppy sitting inside a basket attached to the front. The bicycle rests near concrete steps and railings, suggesting a sports field, park, or recreational area. The puppy sits securely in the basket and.",/Users/yixiaoz/Desktop/cs348k_proj/outputs/controlNetScale/controlnet_seg/cfg_7p5_control_1p5/000000061108/target.png,/Users/yixiaoz/Desktop/cs348k_proj/outputs/controlNetScale/controlnet_seg/cfg_7p5_control_1p5/000000061108/seg.png,/Users/yixiaoz/Desktop/cs348k_proj/outputs/controlNetScale/controlnet_seg/cfg_7p5_control_1p5/000000061108/generated.png,dense_text_plus_seg,6,7.5,1.5,20,0.5932,0.5196,34.072
91615,"A kitchen has light wooden colored cabinetry, beige countertops, and stainless steel appliances in an open concept house.","A clean modern kitchen features light wooden cabinets, beige countertops, stainless steel appliances, and a sink built into a central counter area. A microwave, oven, refrigerator, dishwasher, and decorative flowers are visible throughout the room. The space appears bright, organized, and open, with neutral colors.","A clean modern kitchen features light wooden cabinets, beige countertops, stainless steel appliances, and a sink built into a central counter area. A microwave, oven, refrigerator, dishwasher, and decorative flowers are visible throughout the room. The space appears bright, organized, and open, with neutral colors.",/Users/yixiaoz/Desktop/cs348k_proj/outputs/controlNetScale/controlnet_seg/cfg_7p5_control_1p5/000000091615/target.png,/Users/yixiaoz/Desktop/cs348k_proj/outputs/controlNetScale/controlnet_seg/cfg_7p5_control_1p5/000000091615/seg.png,/Users/yixiaoz/Desktop/cs348k_proj/outputs/controlNetScale/controlnet_seg/cfg_7p5_control_1p5/000000091615/generated.png,dense_text_plus_seg,6,7.5,1.5,20,0.5487,0.2658,31.491
77396,A cat being lazy and a cat being nozy in a living room with tv and a laptop displaying the same things.,"Two cats are in a living room facing a television and a laptop displaying similar imagery. One cat stands upright near the television, appearing curious about the screen, while another cat lies on the floor nearby. The room contains a TV stand, small table, and.","Two cats are in a living room facing a television and a laptop displaying similar imagery. One cat stands upright near the television, appearing curious about the screen, while another cat lies on the floor nearby. The room contains a TV stand, small table, and.",/Users/yixiaoz/Desktop/cs348k_proj/outputs/controlNetScale/controlnet_seg/cfg_7p5_control_1p5/000000077396/target.png,/Users/yixiaoz/Desktop/cs348k_proj/outputs/controlNetScale/controlnet_seg/cfg_7p5_control_1p5/000000077396/seg.png,/Users/yixiaoz/Desktop/cs348k_proj/outputs/controlNetScale/controlnet_seg/cfg_7p5_control_1p5/000000077396/generated.png,dense_text_plus_seg,6,7.5,1.5,20,0.5375,0.3848,36.0061
119233,A cat sprawled out over the top of a laptop computer keyboard.,"A black-and-white cat sprawls across the keyboard area of an open laptop on a wooden desk or counter. The cat lies comfortably with its body stretched over the computer, partially blocking the screen and keyboard. Various household objects, office supplies, and plants are visible around.","A black-and-white cat sprawls across the keyboard area of an open laptop on a wooden desk or counter. The cat lies comfortably with its body stretched over the computer, partially blocking the screen and keyboard. Various household objects, office supplies, and plants are visible around.",/Users/yixiaoz/Desktop/cs348k_proj/outputs/controlNetScale/controlnet_seg/cfg_7p5_control_1p5/000000119233/target.png,/Users/yixiaoz/Desktop/cs348k_proj/outputs/controlNetScale/controlnet_seg/cfg_7p5_control_1p5/000000119233/seg.png,/Users/yixiaoz/Desktop/cs348k_proj/outputs/controlNetScale/controlnet_seg/cfg_7p5_control_1p5/000000119233/generated.png,dense_text_plus_seg,6,7.5,1.5,20,0.8228,0.4244,36.1644
2431,"A table with a plate, wine-filled glass, and bread, among other items","A restaurant table is set with a plate, a wine-filled glass, bread, napkins, utensils, and other dining items. The objects are arranged closely together on a wooden surface, suggesting an ongoing or prepared meal. The image is framed from above and at a slight angle.","A restaurant table is set with a plate, a wine-filled glass, bread, napkins, utensils, and other dining items. The objects are arranged closely together on a wooden surface, suggesting an ongoing or prepared meal. The image is framed from above and at a slight angle.",/Users/yixiaoz/Desktop/cs348k_proj/outputs/controlNetScale/controlnet_seg/cfg_7p5_control_1p5/000000002431/target.png,/Users/yixiaoz/Desktop/cs348k_proj/outputs/controlNetScale/controlnet_seg/cfg_7p5_control_1p5/000000002431/seg.png,/Users/yixiaoz/Desktop/cs348k_proj/outputs/controlNetScale/controlnet_seg/cfg_7p5_control_1p5/000000002431/generated.png,dense_text_plus_seg,6,7.5,1.5,20,0.6128,0.3901,34.1697
56344,"Looking down at a desktop with two monitors, a key board, mouse and cell phones on it.","A desk workstation contains two large computer monitors positioned side by side, along with a keyboard, mouse, mobile phones, and several electronic accessories. The screens display different windows or web pages, and cables and devices are spread across the desktop. The space appears dimly lit.","A desk workstation contains two large computer monitors positioned side by side, along with a keyboard, mouse, mobile phones, and several electronic accessories. The screens display different windows or web pages, and cables and devices are spread across the desktop. The space appears dimly lit.",/Users/yixiaoz/Desktop/cs348k_proj/outputs/controlNetScale/controlnet_seg/cfg_7p5_control_1p5/000000056344/target.png,/Users/yixiaoz/Desktop/cs348k_proj/outputs/controlNetScale/controlnet_seg/cfg_7p5_control_1p5/000000056344/seg.png,/Users/yixiaoz/Desktop/cs348k_proj/outputs/controlNetScale/controlnet_seg/cfg_7p5_control_1p5/000000056344/generated.png,dense_text_plus_seg,6,7.5,1.5,20,0.6384,0.33,30.0779
54628,A tall multi layer cake sitting on top of a blue table cloth.,"A tall multi-layered decorative cake stands on a table covered with a blue tablecloth inside an elegant event venue. The cake is decorated with detailed patterns, flowers, and multiple tiers, making it the centerpiece of the room. Guests, tables, chairs, and chandeliers are visible in.","A tall multi-layered decorative cake stands on a table covered with a blue tablecloth inside an elegant event venue. The cake is decorated with detailed patterns, flowers, and multiple tiers, making it the centerpiece of the room. Guests, tables, chairs, and chandeliers are visible in.",/Users/yixiaoz/Desktop/cs348k_proj/outputs/controlNetScale/controlnet_seg/cfg_7p5_control_1p5/000000054628/target.png,/Users/yixiaoz/Desktop/cs348k_proj/outputs/controlNetScale/controlnet_seg/cfg_7p5_control_1p5/000000054628/seg.png,/Users/yixiaoz/Desktop/cs348k_proj/outputs/controlNetScale/controlnet_seg/cfg_7p5_control_1p5/000000054628/generated.png,dense_text_plus_seg,6,7.5,1.5,20,0.6293,0.252,36.502
110999,"A painting of a bowl of fruit sitting in front of another painting,","A framed painting of a bowl of fruit hangs above a table where a real bowl of fruit and decorative objects are arranged below it. The dark background and warm lighting create a still-life atmosphere, connecting the artwork to the physical objects in front of.","A framed painting of a bowl of fruit hangs above a table where a real bowl of fruit and decorative objects are arranged below it. The dark background and warm lighting create a still-life atmosphere, connecting the artwork to the physical objects in front of.",/Users/yixiaoz/Desktop/cs348k_proj/outputs/controlNetScale/controlnet_seg/cfg_7p5_control_1p5/000000110999/target.png,/Users/yixiaoz/Desktop/cs348k_proj/outputs/controlNetScale/controlnet_seg/cfg_7p5_control_1p5/000000110999/seg.png,/Users/yixiaoz/Desktop/cs348k_proj/outputs/controlNetScale/controlnet_seg/cfg_7p5_control_1p5/000000110999/generated.png,dense_text_plus_seg,6,7.5,1.5,20,0.6071,0.3899,37.5082
72795,a group of ball players playing on a field in front of an audience,"Baseball players are positioned on a field during a game while a large audience watches from the stadium seats. The batter stands near home plate, with the catcher and umpire crouched behind him and other players visible on the field. The scene is viewed from.","Baseball players are positioned on a field during a game while a large audience watches from the stadium seats. The batter stands near home plate, with the catcher and umpire crouched behind him and other players visible on the field. The scene is viewed from.",/Users/yixiaoz/Desktop/cs348k_proj/outputs/controlNetScale/controlnet_seg/cfg_7p5_control_1p5/000000072795/target.png,/Users/yixiaoz/Desktop/cs348k_proj/outputs/controlNetScale/controlnet_seg/cfg_7p5_control_1p5/000000072795/seg.png,/Users/yixiaoz/Desktop/cs348k_proj/outputs/controlNetScale/controlnet_seg/cfg_7p5_control_1p5/000000072795/generated.png,dense_text_plus_seg,6,7.5,1.5,20,0.6931,0.5188,31.1161
92091,A little girl is using the toy brush for a chew toy rather than brushing the teddy.,"A young girl wearing a bright pink dress stands inside a cozy room while holding a toy brush near a stuffed teddy bear. The room includes wooden walls, chairs, a television, artwork, and home furnishings. The child appears to be playing pretend, possibly brushing the.","A young girl wearing a bright pink dress stands inside a cozy room while holding a toy brush near a stuffed teddy bear. The room includes wooden walls, chairs, a television, artwork, and home furnishings. The child appears to be playing pretend, possibly brushing the.",/Users/yixiaoz/Desktop/cs348k_proj/outputs/controlNetScale/controlnet_seg/cfg_7p5_control_1p5/000000092091/target.png,/Users/yixiaoz/Desktop/cs348k_proj/outputs/controlNetScale/controlnet_seg/cfg_7p5_control_1p5/000000092091/seg.png,/Users/yixiaoz/Desktop/cs348k_proj/outputs/controlNetScale/controlnet_seg/cfg_7p5_control_1p5/000000092091/generated.png,dense_text_plus_seg,6,7.5,1.5,20,0.6946,0.5006,38.1253
108253,there are two plates of food and a beer in the middle of the table,"Two plates of food and a beer bottle are arranged on a restaurant table. The plates contain sandwiches, fries, and other side dishes, while condiments and utensils sit nearby. The bottle of beer stands prominently near the center of the table, suggesting a casual meal.","Two plates of food and a beer bottle are arranged on a restaurant table. The plates contain sandwiches, fries, and other side dishes, while condiments and utensils sit nearby. The bottle of beer stands prominently near the center of the table, suggesting a casual meal.",/Users/yixiaoz/Desktop/cs348k_proj/outputs/controlNetScale/controlnet_seg/cfg_7p5_control_1p5/000000108253/target.png,/Users/yixiaoz/Desktop/cs348k_proj/outputs/controlNetScale/controlnet_seg/cfg_7p5_control_1p5/000000108253/seg.png,/Users/yixiaoz/Desktop/cs348k_proj/outputs/controlNetScale/controlnet_seg/cfg_7p5_control_1p5/000000108253/generated.png,dense_text_plus_seg,6,7.5,1.5,20,0.66,0.4432,34.8421
80932,A little boy sits at a table in a restaurant eating a slice of pizza.,"A young boy sits at a restaurant table eating a large slice of pizza. He holds the pizza close to his mouth while leaning over a white plate, concentrating on the meal. Other diners and wooden booth seating are visible in the background, creating a.","A young boy sits at a restaurant table eating a large slice of pizza. He holds the pizza close to his mouth while leaning over a white plate, concentrating on the meal. Other diners and wooden booth seating are visible in the background, creating a.",/Users/yixiaoz/Desktop/cs348k_proj/outputs/controlNetScale/controlnet_seg/cfg_7p5_control_1p5/000000080932/target.png,/Users/yixiaoz/Desktop/cs348k_proj/outputs/controlNetScale/controlnet_seg/cfg_7p5_control_1p5/000000080932/seg.png,/Users/yixiaoz/Desktop/cs348k_proj/outputs/controlNetScale/controlnet_seg/cfg_7p5_control_1p5/000000080932/generated.png,dense_text_plus_seg,6,7.5,1.5,20,0.654,0.4367,34.02
50811,A man in a suit sitting a table with an empty bowl and empty beer bottles.,A man wearing a gray suit jacket sits alone at a wooden dining table with an empty bowl and several empty beer bottles placed in front of him. He smiles toward the camera in a simple indoor setting with a plain light-colored background. The table.,A man wearing a gray suit jacket sits alone at a wooden dining table with an empty bowl and several empty beer bottles placed in front of him. He smiles toward the camera in a simple indoor setting with a plain light-colored background. The table.,/Users/yixiaoz/Desktop/cs348k_proj/outputs/controlNetScale/controlnet_seg/cfg_7p5_control_1p5/000000050811/target.png,/Users/yixiaoz/Desktop/cs348k_proj/outputs/controlNetScale/controlnet_seg/cfg_7p5_control_1p5/000000050811/seg.png,/Users/yixiaoz/Desktop/cs348k_proj/outputs/controlNetScale/controlnet_seg/cfg_7p5_control_1p5/000000050811/generated.png,dense_text_plus_seg,6,7.5,1.5,20,0.6533,0.583,33.302
13659,A man typing on a laptop keyboard in a cluttered work environment.,"Several people work in a busy, cluttered office environment filled with desks, laptops, papers, cardboard boxes, and electronic equipment. A man in the foreground sits at a desk typing on a laptop while wearing headphones, and other people work in the background. The room looks.","Several people work in a busy, cluttered office environment filled with desks, laptops, papers, cardboard boxes, and electronic equipment. A man in the foreground sits at a desk typing on a laptop while wearing headphones, and other people work in the background. The room looks.",/Users/yixiaoz/Desktop/cs348k_proj/outputs/controlNetScale/controlnet_seg/cfg_7p5_control_1p5/000000013659/target.png,/Users/yixiaoz/Desktop/cs348k_proj/outputs/controlNetScale/controlnet_seg/cfg_7p5_control_1p5/000000013659/seg.png,/Users/yixiaoz/Desktop/cs348k_proj/outputs/controlNetScale/controlnet_seg/cfg_7p5_control_1p5/000000013659/generated.png,dense_text_plus_seg,6,7.5,1.5,20,0.5801,0.3259,34.1523
26465,The opened  laptop is sitting on the table along with other technological tools.,"An open laptop sits on a white tabletop surrounded by small technological tools and accessories, including a smartphone, a pen, and a compact electronic device. The laptop screen shows a dark desktop with a bright reflection near the center. The arrangement is simple and sparse.","An open laptop sits on a white tabletop surrounded by small technological tools and accessories, including a smartphone, a pen, and a compact electronic device. The laptop screen shows a dark desktop with a bright reflection near the center. The arrangement is simple and sparse.",/Users/yixiaoz/Desktop/cs348k_proj/outputs/controlNetScale/controlnet_seg/cfg_7p5_control_1p5/000000026465/target.png,/Users/yixiaoz/Desktop/cs348k_proj/outputs/controlNetScale/controlnet_seg/cfg_7p5_control_1p5/000000026465/seg.png,/Users/yixiaoz/Desktop/cs348k_proj/outputs/controlNetScale/controlnet_seg/cfg_7p5_control_1p5/000000026465/generated.png,dense_text_plus_seg,6,7.5,1.5,20,0.6221,0.4511,30.7559
25096,A boy sitting in front of cake fashioned to look like a skateboard.,"A young boy wearing a blue sports jersey sits at a table looking down at a cake designed to resemble a skateboard. The cake is decorated with bright colors and small details, and the boy appears focused on it as if preparing to cut or.","A young boy wearing a blue sports jersey sits at a table looking down at a cake designed to resemble a skateboard. The cake is decorated with bright colors and small details, and the boy appears focused on it as if preparing to cut or.",/Users/yixiaoz/Desktop/cs348k_proj/outputs/controlNetScale/controlnet_seg/cfg_7p5_control_1p5/000000025096/target.png,/Users/yixiaoz/Desktop/cs348k_proj/outputs/controlNetScale/controlnet_seg/cfg_7p5_control_1p5/000000025096/seg.png,/Users/yixiaoz/Desktop/cs348k_proj/outputs/controlNetScale/controlnet_seg/cfg_7p5_control_1p5/000000025096/generated.png,dense_text_plus_seg,6,7.5,1.5,20,0.7302,0.4813,33.2774
26564,An office desk with a row of books and a desktop computer and laptop computer on the desk.,"An office desk is arranged with a desktop computer, laptop, keyboard, mouse, books, papers, and a row of binders or reference materials. The monitor displays a document or screen of text, and large windows brighten the workspace. The corner desk is compact but well equipped.","An office desk is arranged with a desktop computer, laptop, keyboard, mouse, books, papers, and a row of binders or reference materials. The monitor displays a document or screen of text, and large windows brighten the workspace. The corner desk is compact but well equipped.",/Users/yixiaoz/Desktop/cs348k_proj/outputs/controlNetScale/controlnet_seg/cfg_7p5_control_1p5/000000026564/target.png,/Users/yixiaoz/Desktop/cs348k_proj/outputs/controlNetScale/controlnet_seg/cfg_7p5_control_1p5/000000026564/seg.png,/Users/yixiaoz/Desktop/cs348k_proj/outputs/controlNetScale/controlnet_seg/cfg_7p5_control_1p5/000000026564/generated.png,dense_text_plus_seg,6,7.5,1.5,20,0.5466,0.2621,33.9938
12670,A large crowd of people walking around while one owns a teddy bear.,"A large crowd of people walks and gathers in a busy outdoor public space, possibly a street, plaza, or festival area. The scene contains many individuals of different ages wearing colorful clothing, and one person appears to carry or hold a teddy bear among the.","A large crowd of people walks and gathers in a busy outdoor public space, possibly a street, plaza, or festival area. The scene contains many individuals of different ages wearing colorful clothing, and one person appears to carry or hold a teddy bear among the.",/Users/yixiaoz/Desktop/cs348k_proj/outputs/controlNetScale/controlnet_seg/cfg_7p5_control_1p5/000000012670/target.png,/Users/yixiaoz/Desktop/cs348k_proj/outputs/controlNetScale/controlnet_seg/cfg_7p5_control_1p5/000000012670/seg.png,/Users/yixiaoz/Desktop/cs348k_proj/outputs/controlNetScale/controlnet_seg/cfg_7p5_control_1p5/000000012670/generated.png,dense_text_plus_seg,6,7.5,1.5,20,0.6957,0.433,38.9434
9400,Sever people are sitting next to each other while using laptops.,"Several people sit close together around a table while using laptop computers in a dimly lit indoor environment. Multiple screens glow in front of them, and drinks, cables, and computer accessories are spread across the table. The group appears to be collaborating, studying, or working.","Several people sit close together around a table while using laptop computers in a dimly lit indoor environment. Multiple screens glow in front of them, and drinks, cables, and computer accessories are spread across the table. The group appears to be collaborating, studying, or working.",/Users/yixiaoz/Desktop/cs348k_proj/outputs/controlNetScale/controlnet_seg/cfg_7p5_control_1p5/000000009400/target.png,/Users/yixiaoz/Desktop/cs348k_proj/outputs/controlNetScale/controlnet_seg/cfg_7p5_control_1p5/000000009400/seg.png,/Users/yixiaoz/Desktop/cs348k_proj/outputs/controlNetScale/controlnet_seg/cfg_7p5_control_1p5/000000009400/generated.png,dense_text_plus_seg,6,7.5,1.5,20,0.6548,0.4557,30.3995
92053,Three white dishes with three different sorts of food on them.,"Three white plates with different dishes are arranged on a restaurant table under warm, dim lighting. The food includes various items with sauces, sides, and garnishes, and a drink sits nearby. Utensils are placed on or beside the plates, suggesting the meal is in progress.","Three white plates with different dishes are arranged on a restaurant table under warm, dim lighting. The food includes various items with sauces, sides, and garnishes, and a drink sits nearby. Utensils are placed on or beside the plates, suggesting the meal is in progress.",/Users/yixiaoz/Desktop/cs348k_proj/outputs/controlNetScale/controlnet_seg/cfg_7p5_control_1p5/000000092053/target.png,/Users/yixiaoz/Desktop/cs348k_proj/outputs/controlNetScale/controlnet_seg/cfg_7p5_control_1p5/000000092053/seg.png,/Users/yixiaoz/Desktop/cs348k_proj/outputs/controlNetScale/controlnet_seg/cfg_7p5_control_1p5/000000092053/generated.png,dense_text_plus_seg,6,7.5,1.5,20,0.646,0.4576,31.696
74256,Two women standing in a train station looking at their phones.,"Two women stand together at an outdoor train station platform while looking down at their mobile phones. One woman wears a green scarf and dark clothing, while the other wears a patterned jacket. Train station signs, tracks, buildings, and platform structures appear in the background.","Two women stand together at an outdoor train station platform while looking down at their mobile phones. One woman wears a green scarf and dark clothing, while the other wears a patterned jacket. Train station signs, tracks, buildings, and platform structures appear in the background.",/Users/yixiaoz/Desktop/cs348k_proj/outputs/controlNetScale/controlnet_seg/cfg_7p5_control_1p5/000000074256/target.png,/Users/yixiaoz/Desktop/cs348k_proj/outputs/controlNetScale/controlnet_seg/cfg_7p5_control_1p5/000000074256/seg.png,/Users/yixiaoz/Desktop/cs348k_proj/outputs/controlNetScale/controlnet_seg/cfg_7p5_control_1p5/000000074256/generated.png,dense_text_plus_seg,6,7.5,1.5,20,0.6478,0.5007,37.0152
7818,An illuminated floral display forms the centerpiece of the arrangement in this close up of a dining room table setting.,"A small illuminated floral display sits at the center of a dining table arranged with plates, napkins, glasses, and formal place settings. The image is softly focused with the centerpiece and table surface highlighted against a darker background. The scene appears elegant and quiet, possibly.","A small illuminated floral display sits at the center of a dining table arranged with plates, napkins, glasses, and formal place settings. The image is softly focused with the centerpiece and table surface highlighted against a darker background. The scene appears elegant and quiet, possibly.",/Users/yixiaoz/Desktop/cs348k_proj/outputs/controlNetScale/controlnet_seg/cfg_7p5_control_1p5/000000007818/target.png,/Users/yixiaoz/Desktop/cs348k_proj/outputs/controlNetScale/controlnet_seg/cfg_7p5_control_1p5/000000007818/seg.png,/Users/yixiaoz/Desktop/cs348k_proj/outputs/controlNetScale/controlnet_seg/cfg_7p5_control_1p5/000000007818/generated.png,dense_text_plus_seg,6,7.5,1.5,20,0.6561,0.4421,30.7871
109313,A man holding a Wii game controller while standing in a living room.,"A man stands in a living room holding a Wii game controller while facing a television outside the frame. He wears casual clothes and stands among household items, toys, furniture, and a colorful floor mat. The room appears lived-in and informal, with a kitchen or.","A man stands in a living room holding a Wii game controller while facing a television outside the frame. He wears casual clothes and stands among household items, toys, furniture, and a colorful floor mat. The room appears lived-in and informal, with a kitchen or.",/Users/yixiaoz/Desktop/cs348k_proj/outputs/controlNetScale/controlnet_seg/cfg_7p5_control_1p5/000000109313/target.png,/Users/yixiaoz/Desktop/cs348k_proj/outputs/controlNetScale/controlnet_seg/cfg_7p5_control_1p5/000000109313/seg.png,/Users/yixiaoz/Desktop/cs348k_proj/outputs/controlNetScale/controlnet_seg/cfg_7p5_control_1p5/000000109313/generated.png,dense_text_plus_seg,6,7.5,1.5,20,0.689,0.4331,40.3148
116439,A woman with a straw style hat sitting on a small row boat in the water and accessory items hanging behind her on the land area.,"A woman wearing a straw-style hat sits in a small wooden boat floating on water, surrounded by colorful fabrics and hanging accessories near the shoreline. The scene appears to take place in a riverside or floating market environment, with reflections on the water and goods.","A woman wearing a straw-style hat sits in a small wooden boat floating on water, surrounded by colorful fabrics and hanging accessories near the shoreline. The scene appears to take place in a riverside or floating market environment, with reflections on the water and goods.",/Users/yixiaoz/Desktop/cs348k_proj/outputs/controlNetScale/controlnet_seg/cfg_7p5_control_1p5/000000116439/target.png,/Users/yixiaoz/Desktop/cs348k_proj/outputs/controlNetScale/controlnet_seg/cfg_7p5_control_1p5/000000116439/seg.png,/Users/yixiaoz/Desktop/cs348k_proj/outputs/controlNetScale/controlnet_seg/cfg_7p5_control_1p5/000000116439/generated.png,dense_text_plus_seg,6,7.5,1.5,20,0.6912,0.3666,39.5387
11511,A sculpture of two women stting on a bench with their purses on the ground while people standing in a line behind them.,"A bronze sculpture of two women seated together on a bench is displayed in an outdoor public area. The figures sit close together with handbags or purses placed near their feet, and pedestrians stand or walk in the background. Strong light highlights the sculpture against.","A bronze sculpture of two women seated together on a bench is displayed in an outdoor public area. The figures sit close together with handbags or purses placed near their feet, and pedestrians stand or walk in the background. Strong light highlights the sculpture against.",/Users/yixiaoz/Desktop/cs348k_proj/outputs/controlNetScale/controlnet_seg/cfg_7p5_control_1p5/000000011511/target.png,/Users/yixiaoz/Desktop/cs348k_proj/outputs/controlNetScale/controlnet_seg/cfg_7p5_control_1p5/000000011511/seg.png,/Users/yixiaoz/Desktop/cs348k_proj/outputs/controlNetScale/controlnet_seg/cfg_7p5_control_1p5/000000011511/generated.png,dense_text_plus_seg,6,7.5,1.5,20,0.6453,0.3901,37.8042
17714,A banana frittata next to a plate of decoratively cut fruit and a cup of coffee.,"A breakfast or brunch meal is arranged on a wooden table, including a banana frittata, a plate of decorative cut fruit, and a cup of coffee. Sunlight falls across the tabletop, casting shadows and giving the meal a bright morning feel. The dishes are neatly.","A breakfast or brunch meal is arranged on a wooden table, including a banana frittata, a plate of decorative cut fruit, and a cup of coffee. Sunlight falls across the tabletop, casting shadows and giving the meal a bright morning feel. The dishes are neatly.",/Users/yixiaoz/Desktop/cs348k_proj/outputs/controlNetScale/controlnet_seg/cfg_7p5_control_1p5/000000017714/target.png,/Users/yixiaoz/Desktop/cs348k_proj/outputs/controlNetScale/controlnet_seg/cfg_7p5_control_1p5/000000017714/seg.png,/Users/yixiaoz/Desktop/cs348k_proj/outputs/controlNetScale/controlnet_seg/cfg_7p5_control_1p5/000000017714/generated.png,dense_text_plus_seg,6,7.5,1.5,20,0.6084,0.3991,32.5466
15335,"a young child, lady , and man sitting in a booth at a table","A young child sits in a restaurant booth between adults at a table, with plates, drinks, and food items visible in the dim interior. The child appears to be eating or touching their mouth, while the adults sit close on either side. Warm lighting and.","A young child sits in a restaurant booth between adults at a table, with plates, drinks, and food items visible in the dim interior. The child appears to be eating or touching their mouth, while the adults sit close on either side. Warm lighting and.",/Users/yixiaoz/Desktop/cs348k_proj/outputs/controlNetScale/controlnet_seg/cfg_7p5_control_1p5/000000015335/target.png,/Users/yixiaoz/Desktop/cs348k_proj/outputs/controlNetScale/controlnet_seg/cfg_7p5_control_1p5/000000015335/seg.png,/Users/yixiaoz/Desktop/cs348k_proj/outputs/controlNetScale/controlnet_seg/cfg_7p5_control_1p5/000000015335/generated.png,dense_text_plus_seg,6,7.5,1.5,20,0.7076,0.5884,32.4288
113589,"Two containers containing quiche, a salad, apples and a banana on the side.","A healthy prepared meal is arranged in two clear food containers and a small side area, including a slice of quiche, green salad, apple slices, and a banana. The food is neatly separated and photographed from above against a plain background. The composition emphasizes balanced.","A healthy prepared meal is arranged in two clear food containers and a small side area, including a slice of quiche, green salad, apple slices, and a banana. The food is neatly separated and photographed from above against a plain background. The composition emphasizes balanced.",/Users/yixiaoz/Desktop/cs348k_proj/outputs/controlNetScale/controlnet_seg/cfg_7p5_control_1p5/000000113589/target.png,/Users/yixiaoz/Desktop/cs348k_proj/outputs/controlNetScale/controlnet_seg/cfg_7p5_control_1p5/000000113589/seg.png,/Users/yixiaoz/Desktop/cs348k_proj/outputs/controlNetScale/controlnet_seg/cfg_7p5_control_1p5/000000113589/generated.png,dense_text_plus_seg,6,7.5,1.5,20,0.6898,0.3859,34.5096
1503,A picture of an iMac desktop next to a Mac laptop on a desk.,"An older Apple iMac desktop computer sits on a desk beside a Mac laptop and several computer accessories. A keyboard, mouse, speakers, and monitor are arranged across the workspace, creating a technology-focused setup. The desk is positioned near a window with blinds, and the white.","An older Apple iMac desktop computer sits on a desk beside a Mac laptop and several computer accessories. A keyboard, mouse, speakers, and monitor are arranged across the workspace, creating a technology-focused setup. The desk is positioned near a window with blinds, and the white.",/Users/yixiaoz/Desktop/cs348k_proj/outputs/controlNetScale/controlnet_seg/cfg_7p5_control_1p5/000000001503/target.png,/Users/yixiaoz/Desktop/cs348k_proj/outputs/controlNetScale/controlnet_seg/cfg_7p5_control_1p5/000000001503/seg.png,/Users/yixiaoz/Desktop/cs348k_proj/outputs/controlNetScale/controlnet_seg/cfg_7p5_control_1p5/000000001503/generated.png,dense_text_plus_seg,6,7.5,1.5,20,0.5375,0.3523,33.4103
88848,"Multiple pictures of fire hydrants, a woman standing near a tree, and people posing in front of a boat.","A collage of multiple photographs shows several yellow fire hydrants, a woman standing near a tree, and people posing in front of a boat or outdoor landmark. The images are arranged together in a grid-like layout, combining different scenes into one visual composition. The subject.","A collage of multiple photographs shows several yellow fire hydrants, a woman standing near a tree, and people posing in front of a boat or outdoor landmark. The images are arranged together in a grid-like layout, combining different scenes into one visual composition. The subject.",/Users/yixiaoz/Desktop/cs348k_proj/outputs/controlNetScale/controlnet_seg/cfg_7p5_control_1p5/000000088848/target.png,/Users/yixiaoz/Desktop/cs348k_proj/outputs/controlNetScale/controlnet_seg/cfg_7p5_control_1p5/000000088848/seg.png,/Users/yixiaoz/Desktop/cs348k_proj/outputs/controlNetScale/controlnet_seg/cfg_7p5_control_1p5/000000088848/generated.png,dense_text_plus_seg,6,7.5,1.5,20,0.6854,0.4106,40.2425
6471,A man at bat waiting for a pitch with a catcher and umpire behind him and players from the opposing team in the dugout.,"A baseball player in a white uniform stands at home plate holding a bat while waiting for a pitch. A catcher and umpire crouch behind him, and members of the opposing team sit in the dugout watching the play. The green field and stadium seating.","A baseball player in a white uniform stands at home plate holding a bat while waiting for a pitch. A catcher and umpire crouch behind him, and members of the opposing team sit in the dugout watching the play. The green field and stadium seating.",/Users/yixiaoz/Desktop/cs348k_proj/outputs/controlNetScale/controlnet_seg/cfg_7p5_control_1p5/000000006471/target.png,/Users/yixiaoz/Desktop/cs348k_proj/outputs/controlNetScale/controlnet_seg/cfg_7p5_control_1p5/000000006471/seg.png,/Users/yixiaoz/Desktop/cs348k_proj/outputs/controlNetScale/controlnet_seg/cfg_7p5_control_1p5/000000006471/generated.png,dense_text_plus_seg,6,7.5,1.5,20,0.5605,0.4125,29.2518
92660,An unbaked pizza with cheese and herbs on one half and broccoli on the second.,"An uncooked pizza topped with cheese, herbs, and broccoli sits on a round baking tray or pan. One half of the pizza appears more heavily covered with broccoli, while the other has more cheese and herbs exposed. The crust and toppings are clearly visible from.","An uncooked pizza topped with cheese, herbs, and broccoli sits on a round baking tray or pan. One half of the pizza appears more heavily covered with broccoli, while the other has more cheese and herbs exposed. The crust and toppings are clearly visible from.",/Users/yixiaoz/Desktop/cs348k_proj/outputs/controlNetScale/controlnet_seg/cfg_7p5_control_1p5/000000092660/target.png,/Users/yixiaoz/Desktop/cs348k_proj/outputs/controlNetScale/controlnet_seg/cfg_7p5_control_1p5/000000092660/seg.png,/Users/yixiaoz/Desktop/cs348k_proj/outputs/controlNetScale/controlnet_seg/cfg_7p5_control_1p5/000000092660/generated.png,dense_text_plus_seg,6,7.5,1.5,20,0.626,0.2033,36.0936
105335,"A bowl of stew in a white bowl, being held by a person.","A bowl of stew in a white dish is being held by a person, with pieces of vegetables and meat visible in a warm broth. The stew contains colorful ingredients such as carrots, potatoes, and chunks of protein. The close-up framing focuses on the food.","A bowl of stew in a white dish is being held by a person, with pieces of vegetables and meat visible in a warm broth. The stew contains colorful ingredients such as carrots, potatoes, and chunks of protein. The close-up framing focuses on the food.",/Users/yixiaoz/Desktop/cs348k_proj/outputs/controlNetScale/controlnet_seg/cfg_7p5_control_1p5/000000105335/target.png,/Users/yixiaoz/Desktop/cs348k_proj/outputs/controlNetScale/controlnet_seg/cfg_7p5_control_1p5/000000105335/seg.png,/Users/yixiaoz/Desktop/cs348k_proj/outputs/controlNetScale/controlnet_seg/cfg_7p5_control_1p5/000000105335/generated.png,dense_text_plus_seg,6,7.5,1.5,20,0.6661,0.3736,33.9413
117719,A man sits at a bar in front of dozens of bottles of alcohol.,"A man stands behind a warmly lit bar surrounded by dozens of bottles of alcohol arranged on shelves. The bar interior features dark wood, glowing lights, glassware, and a cozy pub-like atmosphere. The bartender or customer is partly silhouetted against the illuminated bottles, creating a.","A man stands behind a warmly lit bar surrounded by dozens of bottles of alcohol arranged on shelves. The bar interior features dark wood, glowing lights, glassware, and a cozy pub-like atmosphere. The bartender or customer is partly silhouetted against the illuminated bottles, creating a.",/Users/yixiaoz/Desktop/cs348k_proj/outputs/controlNetScale/controlnet_seg/cfg_7p5_control_1p5/000000117719/target.png,/Users/yixiaoz/Desktop/cs348k_proj/outputs/controlNetScale/controlnet_seg/cfg_7p5_control_1p5/000000117719/seg.png,/Users/yixiaoz/Desktop/cs348k_proj/outputs/controlNetScale/controlnet_seg/cfg_7p5_control_1p5/000000117719/generated.png,dense_text_plus_seg,6,7.5,1.5,20,0.6475,0.3619,34.6722
82085,A brightly colored train is stopped on the tracks to let passengers on.,"A brightly colored passenger train is stopped on railway tracks beside a platform, allowing passengers to board or exit. The train has yellow, blue, and red sections, and people stand nearby along the track area. Buildings, vegetation, and station infrastructure surround the scene. The image.","A brightly colored passenger train is stopped on railway tracks beside a platform, allowing passengers to board or exit. The train has yellow, blue, and red sections, and people stand nearby along the track area. Buildings, vegetation, and station infrastructure surround the scene. The image.",/Users/yixiaoz/Desktop/cs348k_proj/outputs/controlNetScale/controlnet_seg/cfg_7p5_control_1p5/000000082085/target.png,/Users/yixiaoz/Desktop/cs348k_proj/outputs/controlNetScale/controlnet_seg/cfg_7p5_control_1p5/000000082085/seg.png,/Users/yixiaoz/Desktop/cs348k_proj/outputs/controlNetScale/controlnet_seg/cfg_7p5_control_1p5/000000082085/generated.png,dense_text_plus_seg,6,7.5,1.5,20,0.6377,0.5056,34.9425
70048,"A glass of wine sits next to a bowl of soup, salad, and a plate with a sandwich.","A restaurant meal is arranged on a table, including a glass of wine, a bowl of soup, a green salad, and a sandwich served on a round bread roll. Condiments, utensils, napkins, and additional dining items sit nearby. The overhead view emphasizes the variety and.","A restaurant meal is arranged on a table, including a glass of wine, a bowl of soup, a green salad, and a sandwich served on a round bread roll. Condiments, utensils, napkins, and additional dining items sit nearby. The overhead view emphasizes the variety and.",/Users/yixiaoz/Desktop/cs348k_proj/outputs/controlNetScale/controlnet_seg/cfg_7p5_control_1p5/000000070048/target.png,/Users/yixiaoz/Desktop/cs348k_proj/outputs/controlNetScale/controlnet_seg/cfg_7p5_control_1p5/000000070048/seg.png,/Users/yixiaoz/Desktop/cs348k_proj/outputs/controlNetScale/controlnet_seg/cfg_7p5_control_1p5/000000070048/generated.png,dense_text_plus_seg,6,7.5,1.5,20,0.6522,0.406,31.5616
3845,A dinner plate that has white steamed rice with stir fry vegetables and chicken.,A large dinner plate holds a mound of white steamed rice next to stir-fried vegetables and pieces of chicken in a colorful sauce. The food is arranged on a patterned plate and viewed from above on a wooden table. The bright vegetables and sauce contrast.,A large dinner plate holds a mound of white steamed rice next to stir-fried vegetables and pieces of chicken in a colorful sauce. The food is arranged on a patterned plate and viewed from above on a wooden table. The bright vegetables and sauce contrast.,/Users/yixiaoz/Desktop/cs348k_proj/outputs/controlNetScale/controlnet_seg/cfg_7p5_control_1p5/000000003845/target.png,/Users/yixiaoz/Desktop/cs348k_proj/outputs/controlNetScale/controlnet_seg/cfg_7p5_control_1p5/000000003845/seg.png,/Users/yixiaoz/Desktop/cs348k_proj/outputs/controlNetScale/controlnet_seg/cfg_7p5_control_1p5/000000003845/generated.png,dense_text_plus_seg,6,7.5,1.5,20,0.6061,0.2966,32.8198
92939,a man and female standing side by side with a cake cutter in their hand,"A smiling man and woman stand side by side beside a small decorated cake, holding a cake knife together. The woman wears a light-colored strapless dress and the man wears a white shirt, suggesting a wedding, anniversary, or celebratory event. Palm trees and outdoor lighting.","A smiling man and woman stand side by side beside a small decorated cake, holding a cake knife together. The woman wears a light-colored strapless dress and the man wears a white shirt, suggesting a wedding, anniversary, or celebratory event. Palm trees and outdoor lighting.",/Users/yixiaoz/Desktop/cs348k_proj/outputs/controlNetScale/controlnet_seg/cfg_7p5_control_1p5/000000092939/target.png,/Users/yixiaoz/Desktop/cs348k_proj/outputs/controlNetScale/controlnet_seg/cfg_7p5_control_1p5/000000092939/seg.png,/Users/yixiaoz/Desktop/cs348k_proj/outputs/controlNetScale/controlnet_seg/cfg_7p5_control_1p5/000000092939/generated.png,dense_text_plus_seg,6,7.5,1.5,20,0.561,0.312,35.2177
1268,A waterway under a bridge with people sitting down and a woman taking a photo.,"People sit and relax under a large bridge beside a waterfront, with sunlight reflecting brightly off the water. A woman stands in the foreground taking a photograph, while several people sit along the edge facing the river. The bridge structure forms a strong curved frame.","People sit and relax under a large bridge beside a waterfront, with sunlight reflecting brightly off the water. A woman stands in the foreground taking a photograph, while several people sit along the edge facing the river. The bridge structure forms a strong curved frame.",/Users/yixiaoz/Desktop/cs348k_proj/outputs/controlNetScale/controlnet_seg/cfg_7p5_control_1p5/000000001268/target.png,/Users/yixiaoz/Desktop/cs348k_proj/outputs/controlNetScale/controlnet_seg/cfg_7p5_control_1p5/000000001268/seg.png,/Users/yixiaoz/Desktop/cs348k_proj/outputs/controlNetScale/controlnet_seg/cfg_7p5_control_1p5/000000001268/generated.png,dense_text_plus_seg,6,7.5,1.5,20,0.5417,0.3817,32.3965
33221,Two women at a beach with tennis rackets in their hands and one girl looking very excited with her tennis racket in the air.,"Two women stand on a sandy beach holding tennis rackets while people walk nearby in the background. One woman raises her racket enthusiastically above her head, while the other stands beside her wearing a hood or scarf. The beach, distant hills, flags, and open sky.","Two women stand on a sandy beach holding tennis rackets while people walk nearby in the background. One woman raises her racket enthusiastically above her head, while the other stands beside her wearing a hood or scarf. The beach, distant hills, flags, and open sky.",/Users/yixiaoz/Desktop/cs348k_proj/outputs/controlNetScale/controlnet_seg/cfg_7p5_control_1p5/000000033221/target.png,/Users/yixiaoz/Desktop/cs348k_proj/outputs/controlNetScale/controlnet_seg/cfg_7p5_control_1p5/000000033221/seg.png,/Users/yixiaoz/Desktop/cs348k_proj/outputs/controlNetScale/controlnet_seg/cfg_7p5_control_1p5/000000033221/generated.png,dense_text_plus_seg,6,7.5,1.5,20,0.6647,0.5156,35.7511
68409,School boys sit cross legged in front of a chalkboard sign in a vintage black and white photo.,A vintage black-and-white photograph shows a group of schoolboys sitting cross-legged in a row in front of a chalkboard sign. The boys wear similar school uniforms and pose formally for the camera outdoors. Trees and a simple background are visible behind them. The image has.,A vintage black-and-white photograph shows a group of schoolboys sitting cross-legged in a row in front of a chalkboard sign. The boys wear similar school uniforms and pose formally for the camera outdoors. Trees and a simple background are visible behind them. The image has.,/Users/yixiaoz/Desktop/cs348k_proj/outputs/controlNetScale/controlnet_seg/cfg_7p5_control_1p5/000000068409/target.png,/Users/yixiaoz/Desktop/cs348k_proj/outputs/controlNetScale/controlnet_seg/cfg_7p5_control_1p5/000000068409/seg.png,/Users/yixiaoz/Desktop/cs348k_proj/outputs/controlNetScale/controlnet_seg/cfg_7p5_control_1p5/000000068409/generated.png,dense_text_plus_seg,6,7.5,1.5,20,0.6506,0.3714,33.8102
78170,"PASSENGER TRAIN IN THE NIGHT HOURS WITH NO SMOKING SIGN, AND TWO WOMEN","A black-and-white nighttime image shows passengers visible through the windows of a train car. A no-smoking sign and interior lights can be seen inside, while reflections and shadows create a dramatic atmosphere. Two women or passengers are visible near separate windows, framed by the train.","A black-and-white nighttime image shows passengers visible through the windows of a train car. A no-smoking sign and interior lights can be seen inside, while reflections and shadows create a dramatic atmosphere. Two women or passengers are visible near separate windows, framed by the train.",/Users/yixiaoz/Desktop/cs348k_proj/outputs/controlNetScale/controlnet_seg/cfg_7p5_control_1p5/000000078170/target.png,/Users/yixiaoz/Desktop/cs348k_proj/outputs/controlNetScale/controlnet_seg/cfg_7p5_control_1p5/000000078170/seg.png,/Users/yixiaoz/Desktop/cs348k_proj/outputs/controlNetScale/controlnet_seg/cfg_7p5_control_1p5/000000078170/generated.png,dense_text_plus_seg,6,7.5,1.5,20,0.6194,0.502,34.8713
62554,a plate of broccoli on a table next to some other plates of food,"A plate or bowl of broccoli sits on a table next to other plates of food, including pasta or noodles and additional dishes in the background. The broccoli is bright green and placed prominently in the foreground, while the other foods are slightly out of.","A plate or bowl of broccoli sits on a table next to other plates of food, including pasta or noodles and additional dishes in the background. The broccoli is bright green and placed prominently in the foreground, while the other foods are slightly out of.",/Users/yixiaoz/Desktop/cs348k_proj/outputs/controlNetScale/controlnet_seg/cfg_7p5_control_1p5/000000062554/target.png,/Users/yixiaoz/Desktop/cs348k_proj/outputs/controlNetScale/controlnet_seg/cfg_7p5_control_1p5/000000062554/seg.png,/Users/yixiaoz/Desktop/cs348k_proj/outputs/controlNetScale/controlnet_seg/cfg_7p5_control_1p5/000000062554/generated.png,dense_text_plus_seg,6,7.5,1.5,20,0.6273,0.3484,34.35
58539,"A man in a red hat, suit, and blue striped tie walks past two other men on a street.","A man wearing a bright red hat, dark suit, and blue striped tie walks along a city street while other men and pedestrians stand nearby. Cars, buildings, and urban activity fill the background. The red hat makes the man stand out clearly from the crowd.","A man wearing a bright red hat, dark suit, and blue striped tie walks along a city street while other men and pedestrians stand nearby. Cars, buildings, and urban activity fill the background. The red hat makes the man stand out clearly from the crowd.",/Users/yixiaoz/Desktop/cs348k_proj/outputs/controlNetScale/controlnet_seg/cfg_7p5_control_1p5/000000058539/target.png,/Users/yixiaoz/Desktop/cs348k_proj/outputs/controlNetScale/controlnet_seg/cfg_7p5_control_1p5/000000058539/seg.png,/Users/yixiaoz/Desktop/cs348k_proj/outputs/controlNetScale/controlnet_seg/cfg_7p5_control_1p5/000000058539/generated.png,dense_text_plus_seg,6,7.5,1.5,20,0.5783,0.437,32.8004
46031,A small tablet computer next to a larger monitor and keyboard.,"A laptop computer sits on a small desk beside a larger external monitor, keyboard, mouse, speakers, and other electronic devices. The laptop and monitor display green leaf or plant imagery, creating a matching visual theme across the screens. The desk is placed near a window.","A laptop computer sits on a small desk beside a larger external monitor, keyboard, mouse, speakers, and other electronic devices. The laptop and monitor display green leaf or plant imagery, creating a matching visual theme across the screens. The desk is placed near a window.",/Users/yixiaoz/Desktop/cs348k_proj/outputs/controlNetScale/controlnet_seg/cfg_7p5_control_1p5/000000046031/target.png,/Users/yixiaoz/Desktop/cs348k_proj/outputs/controlNetScale/controlnet_seg/cfg_7p5_control_1p5/000000046031/seg.png,/Users/yixiaoz/Desktop/cs348k_proj/outputs/controlNetScale/controlnet_seg/cfg_7p5_control_1p5/000000046031/generated.png,dense_text_plus_seg,6,7.5,1.5,20,0.6389,0.3914,32.2451
9891,The man is loading luggage suitcases onto the cart in the parking lot.,"A man loads luggage and suitcases onto a metal cart in a parking lot filled with vehicles. He bends over while handling the bags beside a parked car, suggesting travel, airport transport, or hotel arrival. Other cars and a parking garage or covered structure are.","A man loads luggage and suitcases onto a metal cart in a parking lot filled with vehicles. He bends over while handling the bags beside a parked car, suggesting travel, airport transport, or hotel arrival. Other cars and a parking garage or covered structure are.",/Users/yixiaoz/Desktop/cs348k_proj/outputs/controlNetScale/controlnet_seg/cfg_7p5_control_1p5/000000009891/target.png,/Users/yixiaoz/Desktop/cs348k_proj/outputs/controlNetScale/controlnet_seg/cfg_7p5_control_1p5/000000009891/seg.png,/Users/yixiaoz/Desktop/cs348k_proj/outputs/controlNetScale/controlnet_seg/cfg_7p5_control_1p5/000000009891/generated.png,dense_text_plus_seg,6,7.5,1.5,20,0.5886,0.3961,36.4886
37777,The dining table near the kitchen has a bowl of fruit on it.,"A bright open kitchen and dining area features wooden cabinets, white appliances, tiled flooring, and a small table with a bowl of fruit on top. Sunlight enters through windows and illuminates the clean interior. The kitchen includes counters, a refrigerator, stove, and cabinets arranged along.","A bright open kitchen and dining area features wooden cabinets, white appliances, tiled flooring, and a small table with a bowl of fruit on top. Sunlight enters through windows and illuminates the clean interior. The kitchen includes counters, a refrigerator, stove, and cabinets arranged along.",/Users/yixiaoz/Desktop/cs348k_proj/outputs/controlNetScale/controlnet_seg/cfg_7p5_control_1p5/000000037777/target.png,/Users/yixiaoz/Desktop/cs348k_proj/outputs/controlNetScale/controlnet_seg/cfg_7p5_control_1p5/000000037777/seg.png,/Users/yixiaoz/Desktop/cs348k_proj/outputs/controlNetScale/controlnet_seg/cfg_7p5_control_1p5/000000037777/generated.png,dense_text_plus_seg,6,7.5,1.5,20,0.6842,0.4166,31.2226
65350,"Two young people are skateboarding on the ramp, trying to pull off tricks.","Two young people are skateboarding on a skate park ramp while attempting tricks. One skater lies or slides on the ramp with a skateboard nearby, while another stands or moves close by. Other people and bicycles are visible in the background near concrete walls. The.","Two young people are skateboarding on a skate park ramp while attempting tricks. One skater lies or slides on the ramp with a skateboard nearby, while another stands or moves close by. Other people and bicycles are visible in the background near concrete walls. The.",/Users/yixiaoz/Desktop/cs348k_proj/outputs/controlNetScale/controlnet_seg/cfg_7p5_control_1p5/000000065350/target.png,/Users/yixiaoz/Desktop/cs348k_proj/outputs/controlNetScale/controlnet_seg/cfg_7p5_control_1p5/000000065350/seg.png,/Users/yixiaoz/Desktop/cs348k_proj/outputs/controlNetScale/controlnet_seg/cfg_7p5_control_1p5/000000065350/generated.png,dense_text_plus_seg,6,7.5,1.5,20,0.6466,0.446,34.3685
48396,A woman in a tan sweater holding a knife by a young boy in a plaid shirt.,"A woman wearing a tan or light-colored sweater stands beside a young boy in a plaid shirt near a table with cups and food items. The woman holds a knife, possibly preparing to cut or serve something. Both subjects face the camera in an indoor.","A woman wearing a tan or light-colored sweater stands beside a young boy in a plaid shirt near a table with cups and food items. The woman holds a knife, possibly preparing to cut or serve something. Both subjects face the camera in an indoor.",/Users/yixiaoz/Desktop/cs348k_proj/outputs/controlNetScale/controlnet_seg/cfg_7p5_control_1p5/000000048396/target.png,/Users/yixiaoz/Desktop/cs348k_proj/outputs/controlNetScale/controlnet_seg/cfg_7p5_control_1p5/000000048396/seg.png,/Users/yixiaoz/Desktop/cs348k_proj/outputs/controlNetScale/controlnet_seg/cfg_7p5_control_1p5/000000048396/generated.png,dense_text_plus_seg,6,7.5,1.5,20,0.6951,0.4456,32.8284
117908,A man looking in the refrigerator with a cat also looking inside,"A man bends over and looks inside an open refrigerator while a cat stands nearby also peering into the fridge. Food, bottles, and containers are visible on the refrigerator shelves, and the cat appears curious about the contents. The warm indoor lighting and humorous interaction.","A man bends over and looks inside an open refrigerator while a cat stands nearby also peering into the fridge. Food, bottles, and containers are visible on the refrigerator shelves, and the cat appears curious about the contents. The warm indoor lighting and humorous interaction.",/Users/yixiaoz/Desktop/cs348k_proj/outputs/controlNetScale/controlnet_seg/cfg_7p5_control_1p5/000000117908/target.png,/Users/yixiaoz/Desktop/cs348k_proj/outputs/controlNetScale/controlnet_seg/cfg_7p5_control_1p5/000000117908/seg.png,/Users/yixiaoz/Desktop/cs348k_proj/outputs/controlNetScale/controlnet_seg/cfg_7p5_control_1p5/000000117908/generated.png,dense_text_plus_seg,6,7.5,1.5,20,0.7849,0.5664,33.3897
97994,Three laptop computers and a desktop computer sit next to each other.,"Three laptop computers and a desktop workstation are arranged together on a desk in a compact home office or technical workspace. Several screens, keyboards, cables, and electronic accessories fill the tabletop, suggesting multitasking or computer-intensive work. A microphone or lamp stands near the setup, and.","Three laptop computers and a desktop workstation are arranged together on a desk in a compact home office or technical workspace. Several screens, keyboards, cables, and electronic accessories fill the tabletop, suggesting multitasking or computer-intensive work. A microphone or lamp stands near the setup, and.",/Users/yixiaoz/Desktop/cs348k_proj/outputs/controlNetScale/controlnet_seg/cfg_7p5_control_1p5/000000097994/target.png,/Users/yixiaoz/Desktop/cs348k_proj/outputs/controlNetScale/controlnet_seg/cfg_7p5_control_1p5/000000097994/seg.png,/Users/yixiaoz/Desktop/cs348k_proj/outputs/controlNetScale/controlnet_seg/cfg_7p5_control_1p5/000000097994/generated.png,dense_text_plus_seg,6,7.5,1.5,20,0.5399,0.3094,33.0277
30785,A plate filled with a bowl of vegetables and two slices of bread with a spread on them.,"A plate holds a healthy meal consisting of a bowl of green vegetables, slices of bread topped with a spread, and additional fresh ingredients. The food is arranged neatly on a wooden table, with the bowl and bread sharing the plate. The overhead view emphasizes.","A plate holds a healthy meal consisting of a bowl of green vegetables, slices of bread topped with a spread, and additional fresh ingredients. The food is arranged neatly on a wooden table, with the bowl and bread sharing the plate. The overhead view emphasizes.",/Users/yixiaoz/Desktop/cs348k_proj/outputs/controlNetScale/controlnet_seg/cfg_7p5_control_1p5/000000030785/target.png,/Users/yixiaoz/Desktop/cs348k_proj/outputs/controlNetScale/controlnet_seg/cfg_7p5_control_1p5/000000030785/seg.png,/Users/yixiaoz/Desktop/cs348k_proj/outputs/controlNetScale/controlnet_seg/cfg_7p5_control_1p5/000000030785/generated.png,dense_text_plus_seg,6,7.5,1.5,20,0.6019,0.548,34.06
76547,a male in a white shirt a bicycle and an orange and white train,"A man wearing a light-colored shirt sits at a table on a railway station platform near a parked bicycle. An orange and white passenger train is stopped alongside the platform, while overhead signs, metal beams, and station infrastructure extend into the background. The scene captures.","A man wearing a light-colored shirt sits at a table on a railway station platform near a parked bicycle. An orange and white passenger train is stopped alongside the platform, while overhead signs, metal beams, and station infrastructure extend into the background. The scene captures.",/Users/yixiaoz/Desktop/cs348k_proj/outputs/controlNetScale/controlnet_seg/cfg_7p5_control_1p5/000000076547/target.png,/Users/yixiaoz/Desktop/cs348k_proj/outputs/controlNetScale/controlnet_seg/cfg_7p5_control_1p5/000000076547/seg.png,/Users/yixiaoz/Desktop/cs348k_proj/outputs/controlNetScale/controlnet_seg/cfg_7p5_control_1p5/000000076547/generated.png,dense_text_plus_seg,6,7.5,1.5,20,0.5891,0.3998,35.859
116362,A small bowl filled with chopped vegetables and spoon,"A bowl filled with chopped fruit pieces sits on a wooden table with a spoon resting inside. The food appears freshly prepared, with colorful slices arranged casually in the bowl. The photograph is taken from above, focusing closely on the meal while leaving the surrounding.","A bowl filled with chopped fruit pieces sits on a wooden table with a spoon resting inside. The food appears freshly prepared, with colorful slices arranged casually in the bowl. The photograph is taken from above, focusing closely on the meal while leaving the surrounding.",/Users/yixiaoz/Desktop/cs348k_proj/outputs/controlNetScale/controlnet_seg/cfg_7p5_control_1p5/000000116362/target.png,/Users/yixiaoz/Desktop/cs348k_proj/outputs/controlNetScale/controlnet_seg/cfg_7p5_control_1p5/000000116362/seg.png,/Users/yixiaoz/Desktop/cs348k_proj/outputs/controlNetScale/controlnet_seg/cfg_7p5_control_1p5/000000116362/generated.png,dense_text_plus_seg,6,7.5,1.5,20,0.7222,0.6129,35.2789
22371,A man in thought sitting in front of a laptop with a pen in his hand.,"A businessman sits at a desk in front of an open laptop computer while holding a pen and resting his head on one hand. He appears thoughtful and focused, possibly reviewing information or planning a project. The clean office setting includes a desk surface and.","A businessman sits at a desk in front of an open laptop computer while holding a pen and resting his head on one hand. He appears thoughtful and focused, possibly reviewing information or planning a project. The clean office setting includes a desk surface and.",/Users/yixiaoz/Desktop/cs348k_proj/outputs/controlNetScale/controlnet_seg/cfg_7p5_control_1p5/000000022371/target.png,/Users/yixiaoz/Desktop/cs348k_proj/outputs/controlNetScale/controlnet_seg/cfg_7p5_control_1p5/000000022371/seg.png,/Users/yixiaoz/Desktop/cs348k_proj/outputs/controlNetScale/controlnet_seg/cfg_7p5_control_1p5/000000022371/generated.png,dense_text_plus_seg,6,7.5,1.5,20,0.5836,0.2851,31.2847
69224,A man and woman eating doughnuts out of a box at a coffee shop.,"A man and woman sit together at a table inside a café or coffee shop while sharing food from a box. Drinks, containers, and personal belongings are spread across the table. The pair appear engaged in conversation as they eat, creating a friendly and relaxed.","A man and woman sit together at a table inside a café or coffee shop while sharing food from a box. Drinks, containers, and personal belongings are spread across the table. The pair appear engaged in conversation as they eat, creating a friendly and relaxed.",/Users/yixiaoz/Desktop/cs348k_proj/outputs/controlNetScale/controlnet_seg/cfg_7p5_control_1p5/000000069224/target.png,/Users/yixiaoz/Desktop/cs348k_proj/outputs/controlNetScale/controlnet_seg/cfg_7p5_control_1p5/000000069224/seg.png,/Users/yixiaoz/Desktop/cs348k_proj/outputs/controlNetScale/controlnet_seg/cfg_7p5_control_1p5/000000069224/generated.png,dense_text_plus_seg,6,7.5,1.5,20,0.6687,0.6101,30.963
16249,It sure is a beautiful day to sit outside and read the paper.,"An older man sits outdoors on a bench reading a newspaper while enjoying a pleasant day in a public area. Several other people sit or stand nearby, creating a relaxed community setting. Sunlight illuminates the scene, and the man appears absorbed in reading while the.","An older man sits outdoors on a bench reading a newspaper while enjoying a pleasant day in a public area. Several other people sit or stand nearby, creating a relaxed community setting. Sunlight illuminates the scene, and the man appears absorbed in reading while the.",/Users/yixiaoz/Desktop/cs348k_proj/outputs/controlNetScale/controlnet_seg/cfg_7p5_control_1p5/000000016249/target.png,/Users/yixiaoz/Desktop/cs348k_proj/outputs/controlNetScale/controlnet_seg/cfg_7p5_control_1p5/000000016249/seg.png,/Users/yixiaoz/Desktop/cs348k_proj/outputs/controlNetScale/controlnet_seg/cfg_7p5_control_1p5/000000016249/generated.png,dense_text_plus_seg,6,7.5,1.5,20,0.623,0.4333,36.0301
85157,A group of people sitting around a table have a meal and a drink.,"A group of people sit around a restaurant table sharing food and drinks. Plates, glasses, and table settings fill the dining area while the diners converse with one another. The gathering appears social and informal, with participants enjoying a meal together in a warm indoor.","A group of people sit around a restaurant table sharing food and drinks. Plates, glasses, and table settings fill the dining area while the diners converse with one another. The gathering appears social and informal, with participants enjoying a meal together in a warm indoor.",/Users/yixiaoz/Desktop/cs348k_proj/outputs/controlNetScale/controlnet_seg/cfg_7p5_control_1p5/000000085157/target.png,/Users/yixiaoz/Desktop/cs348k_proj/outputs/controlNetScale/controlnet_seg/cfg_7p5_control_1p5/000000085157/seg.png,/Users/yixiaoz/Desktop/cs348k_proj/outputs/controlNetScale/controlnet_seg/cfg_7p5_control_1p5/000000085157/generated.png,dense_text_plus_seg,6,7.5,1.5,20,0.6768,0.4802,33.2581
20571,A tugboat sits beside a ferry on placid water with a mountain in the distance.,"Several fishing boats are docked beside a harbor on calm water, with hills or mountains visible in the distance. Ropes, masts, and harbor equipment line the waterfront while the boats rest quietly along the dock. The scene reflects a working maritime environment and highlights the.","Several fishing boats are docked beside a harbor on calm water, with hills or mountains visible in the distance. Ropes, masts, and harbor equipment line the waterfront while the boats rest quietly along the dock. The scene reflects a working maritime environment and highlights the.",/Users/yixiaoz/Desktop/cs348k_proj/outputs/controlNetScale/controlnet_seg/cfg_7p5_control_1p5/000000020571/target.png,/Users/yixiaoz/Desktop/cs348k_proj/outputs/controlNetScale/controlnet_seg/cfg_7p5_control_1p5/000000020571/seg.png,/Users/yixiaoz/Desktop/cs348k_proj/outputs/controlNetScale/controlnet_seg/cfg_7p5_control_1p5/000000020571/generated.png,dense_text_plus_seg,6,7.5,1.5,20,0.5864,0.4232,30.9198
84362,A toddler and cat are in a living room with open curtains.,"A toddler and a cat occupy a cozy living room illuminated by daylight coming through large windows with open curtains. Sofas and chairs surround the room, while the child sits or plays near the center of the space. The cat relaxes nearby, contributing to the.","A toddler and a cat occupy a cozy living room illuminated by daylight coming through large windows with open curtains. Sofas and chairs surround the room, while the child sits or plays near the center of the space. The cat relaxes nearby, contributing to the.",/Users/yixiaoz/Desktop/cs348k_proj/outputs/controlNetScale/controlnet_seg/cfg_7p5_control_1p5/000000084362/target.png,/Users/yixiaoz/Desktop/cs348k_proj/outputs/controlNetScale/controlnet_seg/cfg_7p5_control_1p5/000000084362/seg.png,/Users/yixiaoz/Desktop/cs348k_proj/outputs/controlNetScale/controlnet_seg/cfg_7p5_control_1p5/000000084362/generated.png,dense_text_plus_seg,6,7.5,1.5,20,0.5877,0.4112,34.5552
62808,Man photographing a fresh pizza his tired buddy just wants to eat,"A freshly baked pizza sits on a table in a restaurant while one man photographs it with a camera or phone. Another man sits nearby waiting to eat, looking toward the meal. Plates and dining items surround the pizza, suggesting the meal is about to.","A freshly baked pizza sits on a table in a restaurant while one man photographs it with a camera or phone. Another man sits nearby waiting to eat, looking toward the meal. Plates and dining items surround the pizza, suggesting the meal is about to.",/Users/yixiaoz/Desktop/cs348k_proj/outputs/controlNetScale/controlnet_seg/cfg_7p5_control_1p5/000000062808/target.png,/Users/yixiaoz/Desktop/cs348k_proj/outputs/controlNetScale/controlnet_seg/cfg_7p5_control_1p5/000000062808/seg.png,/Users/yixiaoz/Desktop/cs348k_proj/outputs/controlNetScale/controlnet_seg/cfg_7p5_control_1p5/000000062808/generated.png,dense_text_plus_seg,6,7.5,1.5,20,0.6064,0.3547,33.192
106235,A living room featuring a comfortable seating arrangement of chairs and tables.,"A comfortable living room features sofas, armchairs, lamps, and a coffee table arranged around a central seating area. Warm lighting and decorative furnishings create a welcoming atmosphere. The room appears carefully organized for relaxation and conversation, with furniture positioned to encourage social interaction. Soft colors.","A comfortable living room features sofas, armchairs, lamps, and a coffee table arranged around a central seating area. Warm lighting and decorative furnishings create a welcoming atmosphere. The room appears carefully organized for relaxation and conversation, with furniture positioned to encourage social interaction. Soft colors.",/Users/yixiaoz/Desktop/cs348k_proj/outputs/controlNetScale/controlnet_seg/cfg_7p5_control_1p5/000000106235/target.png,/Users/yixiaoz/Desktop/cs348k_proj/outputs/controlNetScale/controlnet_seg/cfg_7p5_control_1p5/000000106235/seg.png,/Users/yixiaoz/Desktop/cs348k_proj/outputs/controlNetScale/controlnet_seg/cfg_7p5_control_1p5/000000106235/generated.png,dense_text_plus_seg,6,7.5,1.5,20,0.6031,0.3388,33.6181
117425,A young boy with a spoon looking at a birthday cupcake.,"A young child sits at a wooden table while looking closely at a small birthday cupcake decorated with a candle. The toddler appears curious and fascinated by the treat positioned directly in front of them. An adult stands nearby, partially visible, supervising the moment. Warm.","A young child sits at a wooden table while looking closely at a small birthday cupcake decorated with a candle. The toddler appears curious and fascinated by the treat positioned directly in front of them. An adult stands nearby, partially visible, supervising the moment. Warm.",/Users/yixiaoz/Desktop/cs348k_proj/outputs/controlNetScale/controlnet_seg/cfg_7p5_control_1p5/000000117425/target.png,/Users/yixiaoz/Desktop/cs348k_proj/outputs/controlNetScale/controlnet_seg/cfg_7p5_control_1p5/000000117425/seg.png,/Users/yixiaoz/Desktop/cs348k_proj/outputs/controlNetScale/controlnet_seg/cfg_7p5_control_1p5/000000117425/generated.png,dense_text_plus_seg,6,7.5,1.5,20,0.5995,0.3338,36.7783
100624,A girl is standing by a storefront while talking on her phone.,"A young woman stands on a city sidewalk at night while talking on her mobile phone. Storefront windows, streetlights, and blurred city lights illuminate the background, creating an urban evening atmosphere. She appears focused on her conversation while standing near a shop entrance. The image.","A young woman stands on a city sidewalk at night while talking on her mobile phone. Storefront windows, streetlights, and blurred city lights illuminate the background, creating an urban evening atmosphere. She appears focused on her conversation while standing near a shop entrance. The image.",/Users/yixiaoz/Desktop/cs348k_proj/outputs/controlNetScale/controlnet_seg/cfg_7p5_control_1p5/000000100624/target.png,/Users/yixiaoz/Desktop/cs348k_proj/outputs/controlNetScale/controlnet_seg/cfg_7p5_control_1p5/000000100624/seg.png,/Users/yixiaoz/Desktop/cs348k_proj/outputs/controlNetScale/controlnet_seg/cfg_7p5_control_1p5/000000100624/generated.png,dense_text_plus_seg,6,7.5,1.5,20,0.7072,0.4597,34.3036
24243,"Two ladies seated with cups of drinks, one smoking while the other seated inside a fridge",Two women sit near a storefront or street-side seating area while holding drinks. One woman smokes a cigarette while the other sits inside a display-like enclosure resembling a refrigerator or booth. The unusual arrangement creates an eye-catching urban scene. Pedestrians and city elements appear in.,Two women sit near a storefront or street-side seating area while holding drinks. One woman smokes a cigarette while the other sits inside a display-like enclosure resembling a refrigerator or booth. The unusual arrangement creates an eye-catching urban scene. Pedestrians and city elements appear in.,/Users/yixiaoz/Desktop/cs348k_proj/outputs/controlNetScale/controlnet_seg/cfg_7p5_control_1p5/000000024243/target.png,/Users/yixiaoz/Desktop/cs348k_proj/outputs/controlNetScale/controlnet_seg/cfg_7p5_control_1p5/000000024243/seg.png,/Users/yixiaoz/Desktop/cs348k_proj/outputs/controlNetScale/controlnet_seg/cfg_7p5_control_1p5/000000024243/generated.png,dense_text_plus_seg,6,7.5,1.5,20,0.6072,0.4263,36.9364
31296,"A group of people, some in leftover US army clothing, sit at tables in a large dining room.","A large group of people gather around tables inside a spacious dining room decorated with military memorabilia and clothing. The diners appear engaged in conversation while sharing food and drinks. Wooden floors, warm lighting, and the arrangement of tables create a communal atmosphere. The image.","A large group of people gather around tables inside a spacious dining room decorated with military memorabilia and clothing. The diners appear engaged in conversation while sharing food and drinks. Wooden floors, warm lighting, and the arrangement of tables create a communal atmosphere. The image.",/Users/yixiaoz/Desktop/cs348k_proj/outputs/controlNetScale/controlnet_seg/cfg_7p5_control_1p5/000000031296/target.png,/Users/yixiaoz/Desktop/cs348k_proj/outputs/controlNetScale/controlnet_seg/cfg_7p5_control_1p5/000000031296/seg.png,/Users/yixiaoz/Desktop/cs348k_proj/outputs/controlNetScale/controlnet_seg/cfg_7p5_control_1p5/000000031296/generated.png,dense_text_plus_seg,6,7.5,1.5,20,0.547,0.3547,39.6285
40083,a vintage photo of some people sitting under an umbrella,"This black-and-white photograph shows several people seated beneath a large umbrella beside a street or outdoor market area. Tables, chairs, and nearby structures suggest a casual public gathering place. The monochrome presentation gives the image a vintage appearance, emphasizing everyday social activity and street life.","This black-and-white photograph shows several people seated beneath a large umbrella beside a street or outdoor market area. Tables, chairs, and nearby structures suggest a casual public gathering place. The monochrome presentation gives the image a vintage appearance, emphasizing everyday social activity and street life.",/Users/yixiaoz/Desktop/cs348k_proj/outputs/controlNetScale/controlnet_seg/cfg_7p5_control_1p5/000000040083/target.png,/Users/yixiaoz/Desktop/cs348k_proj/outputs/controlNetScale/controlnet_seg/cfg_7p5_control_1p5/000000040083/seg.png,/Users/yixiaoz/Desktop/cs348k_proj/outputs/controlNetScale/controlnet_seg/cfg_7p5_control_1p5/000000040083/generated.png,dense_text_plus_seg,6,7.5,1.5,20,0.5829,0.3578,34.1372
36936,A man and woman sitting on a couch playing a video game.,"A man and woman sit together on a couch in a living room while playing a video game. A television displays the game in front of them, and snacks or drinks are visible on nearby tables. The indoor setting feels comfortable and informal, with warm.","A man and woman sit together on a couch in a living room while playing a video game. A television displays the game in front of them, and snacks or drinks are visible on nearby tables. The indoor setting feels comfortable and informal, with warm.",/Users/yixiaoz/Desktop/cs348k_proj/outputs/controlNetScale/controlnet_seg/cfg_7p5_control_1p5/000000036936/target.png,/Users/yixiaoz/Desktop/cs348k_proj/outputs/controlNetScale/controlnet_seg/cfg_7p5_control_1p5/000000036936/seg.png,/Users/yixiaoz/Desktop/cs348k_proj/outputs/controlNetScale/controlnet_seg/cfg_7p5_control_1p5/000000036936/generated.png,dense_text_plus_seg,6,7.5,1.5,20,0.6257,0.4718,31.5341
18150,A man with a receding hairline offers a slice of pizza to a toddler.,"A man with a receding hairline offers a slice of pizza to a young child seated nearby. The pair appear engaged in a friendly interaction, with the child focusing on the food being presented. The indoor setting suggests a casual family meal or gathering. The.","A man with a receding hairline offers a slice of pizza to a young child seated nearby. The pair appear engaged in a friendly interaction, with the child focusing on the food being presented. The indoor setting suggests a casual family meal or gathering. The.",/Users/yixiaoz/Desktop/cs348k_proj/outputs/controlNetScale/controlnet_seg/cfg_7p5_control_1p5/000000018150/target.png,/Users/yixiaoz/Desktop/cs348k_proj/outputs/controlNetScale/controlnet_seg/cfg_7p5_control_1p5/000000018150/seg.png,/Users/yixiaoz/Desktop/cs348k_proj/outputs/controlNetScale/controlnet_seg/cfg_7p5_control_1p5/000000018150/generated.png,dense_text_plus_seg,6,7.5,1.5,20,0.6163,0.3697,37.7735
115870,Some people hanging around in a living room with a big couch.,Several people relax in a spacious living room centered around a large couch and coffee table. Some sit while others stand and converse near large windows that bring natural light into the room. Household decorations and comfortable furniture create a welcoming atmosphere. The scene captures.,Several people relax in a spacious living room centered around a large couch and coffee table. Some sit while others stand and converse near large windows that bring natural light into the room. Household decorations and comfortable furniture create a welcoming atmosphere. The scene captures.,/Users/yixiaoz/Desktop/cs348k_proj/outputs/controlNetScale/controlnet_seg/cfg_7p5_control_1p5/000000115870/target.png,/Users/yixiaoz/Desktop/cs348k_proj/outputs/controlNetScale/controlnet_seg/cfg_7p5_control_1p5/000000115870/seg.png,/Users/yixiaoz/Desktop/cs348k_proj/outputs/controlNetScale/controlnet_seg/cfg_7p5_control_1p5/000000115870/generated.png,dense_text_plus_seg,6,7.5,1.5,20,0.562,0.3811,32.2583
32901,Four men are standing together behind a group of red chairs.,"Four men stand together behind a row of red chairs in an indoor event or meeting room. They smile toward the camera and appear dressed in semi-formal attire, suggesting a gathering, celebration, or professional occasion. The composition resembles a group portrait, with the individuals positioned.","Four men stand together behind a row of red chairs in an indoor event or meeting room. They smile toward the camera and appear dressed in semi-formal attire, suggesting a gathering, celebration, or professional occasion. The composition resembles a group portrait, with the individuals positioned.",/Users/yixiaoz/Desktop/cs348k_proj/outputs/controlNetScale/controlnet_seg/cfg_7p5_control_1p5/000000032901/target.png,/Users/yixiaoz/Desktop/cs348k_proj/outputs/controlNetScale/controlnet_seg/cfg_7p5_control_1p5/000000032901/seg.png,/Users/yixiaoz/Desktop/cs348k_proj/outputs/controlNetScale/controlnet_seg/cfg_7p5_control_1p5/000000032901/generated.png,dense_text_plus_seg,6,7.5,1.5,20,0.6609,0.5841,34.589
25560,A cat perches on top of an entertainment center in front of a TV.,"A cat perches on top of an entertainment center directly in front of a television screen. The television displays a person on screen, while the cat appears more interested in the elevated resting spot than the program itself. Household electronics and furniture surround the scene.","A cat perches on top of an entertainment center directly in front of a television screen. The television displays a person on screen, while the cat appears more interested in the elevated resting spot than the program itself. Household electronics and furniture surround the scene.",/Users/yixiaoz/Desktop/cs348k_proj/outputs/controlNetScale/controlnet_seg/cfg_7p5_control_1p5/000000025560/target.png,/Users/yixiaoz/Desktop/cs348k_proj/outputs/controlNetScale/controlnet_seg/cfg_7p5_control_1p5/000000025560/seg.png,/Users/yixiaoz/Desktop/cs348k_proj/outputs/controlNetScale/controlnet_seg/cfg_7p5_control_1p5/000000025560/generated.png,dense_text_plus_seg,6,7.5,1.5,20,0.6323,0.4193,39.5786
115245,Several suitcases on wheels leaning up against one long table with chairs.,"Several suitcases of different sizes stand upright beside a long table and a row of chairs in what appears to be a waiting area or meeting room. The luggage is grouped together on a polished wooden floor, suggesting recent travel, arrival, or preparation for departure.","Several suitcases of different sizes stand upright beside a long table and a row of chairs in what appears to be a waiting area or meeting room. The luggage is grouped together on a polished wooden floor, suggesting recent travel, arrival, or preparation for departure.",/Users/yixiaoz/Desktop/cs348k_proj/outputs/controlNetScale/controlnet_seg/cfg_7p5_control_1p5/000000115245/target.png,/Users/yixiaoz/Desktop/cs348k_proj/outputs/controlNetScale/controlnet_seg/cfg_7p5_control_1p5/000000115245/seg.png,/Users/yixiaoz/Desktop/cs348k_proj/outputs/controlNetScale/controlnet_seg/cfg_7p5_control_1p5/000000115245/generated.png,dense_text_plus_seg,6,7.5,1.5,20,0.6129,0.4154,36.7447
5001,A group of people holding a large pair of scissors to a ribbon.,"A crowd of adults and children gather around a ceremonial ribbon-cutting event. Several people smile and pose while a large pair of scissors is used to cut a ribbon stretched across the foreground. Balloons, cameras, and excited expressions contribute to the celebratory atmosphere. The gathering.","A crowd of adults and children gather around a ceremonial ribbon-cutting event. Several people smile and pose while a large pair of scissors is used to cut a ribbon stretched across the foreground. Balloons, cameras, and excited expressions contribute to the celebratory atmosphere. The gathering.",/Users/yixiaoz/Desktop/cs348k_proj/outputs/controlNetScale/controlnet_seg/cfg_7p5_control_1p5/000000005001/target.png,/Users/yixiaoz/Desktop/cs348k_proj/outputs/controlNetScale/controlnet_seg/cfg_7p5_control_1p5/000000005001/seg.png,/Users/yixiaoz/Desktop/cs348k_proj/outputs/controlNetScale/controlnet_seg/cfg_7p5_control_1p5/000000005001/generated.png,dense_text_plus_seg,6,7.5,1.5,20,0.703,0.3704,35.8103
3934,A young girl in the foreground and a woman in a bridal dress and other adults in the background.,"A young girl wearing a light-colored dress stands in the foreground of a living room while adults gather in the background. Motion blur gives the impression of movement and activity throughout the room. Furniture, decorations, and warm indoor lighting create a family-oriented atmosphere. The scene.","A young girl wearing a light-colored dress stands in the foreground of a living room while adults gather in the background. Motion blur gives the impression of movement and activity throughout the room. Furniture, decorations, and warm indoor lighting create a family-oriented atmosphere. The scene.",/Users/yixiaoz/Desktop/cs348k_proj/outputs/controlNetScale/controlnet_seg/cfg_7p5_control_1p5/000000003934/target.png,/Users/yixiaoz/Desktop/cs348k_proj/outputs/controlNetScale/controlnet_seg/cfg_7p5_control_1p5/000000003934/seg.png,/Users/yixiaoz/Desktop/cs348k_proj/outputs/controlNetScale/controlnet_seg/cfg_7p5_control_1p5/000000003934/generated.png,dense_text_plus_seg,6,7.5,1.5,20,0.6719,0.385,36.2
91500,Two kids hanging out playing video games on folding chairs.,"Two young men sit on folding chairs while playing a video game together indoors. Each player holds a game controller and focuses on an off-camera television or display. The room contains tables, chairs, and household furnishings that suggest a casual social gathering. Their relaxed posture.","Two young men sit on folding chairs while playing a video game together indoors. Each player holds a game controller and focuses on an off-camera television or display. The room contains tables, chairs, and household furnishings that suggest a casual social gathering. Their relaxed posture.",/Users/yixiaoz/Desktop/cs348k_proj/outputs/controlNetScale/controlnet_seg/cfg_7p5_control_1p5/000000091500/target.png,/Users/yixiaoz/Desktop/cs348k_proj/outputs/controlNetScale/controlnet_seg/cfg_7p5_control_1p5/000000091500/seg.png,/Users/yixiaoz/Desktop/cs348k_proj/outputs/controlNetScale/controlnet_seg/cfg_7p5_control_1p5/000000091500/generated.png,dense_text_plus_seg,6,7.5,1.5,20,0.5537,0.486,37.9097
82696,a white and black bird is walking by a table and some chairs,"A white and black bird walks across the floor of an indoor dining area filled with tables and chairs. The bird moves freely between the furniture, creating an unusual contrast between wildlife and a human-designed environment. Empty chairs and table arrangements suggest a cafeteria, restaurant.","A white and black bird walks across the floor of an indoor dining area filled with tables and chairs. The bird moves freely between the furniture, creating an unusual contrast between wildlife and a human-designed environment. Empty chairs and table arrangements suggest a cafeteria, restaurant.",/Users/yixiaoz/Desktop/cs348k_proj/outputs/controlNetScale/controlnet_seg/cfg_7p5_control_1p5/000000082696/target.png,/Users/yixiaoz/Desktop/cs348k_proj/outputs/controlNetScale/controlnet_seg/cfg_7p5_control_1p5/000000082696/seg.png,/Users/yixiaoz/Desktop/cs348k_proj/outputs/controlNetScale/controlnet_seg/cfg_7p5_control_1p5/000000082696/generated.png,dense_text_plus_seg,6,7.5,1.5,20,0.6052,0.4443,40.8584
25986,"Food is on the counter including a glass of water, rice, vegetables, and more","Several plates of food are arranged on a kitchen counter, including vegetables, rice, and prepared dishes ready to be served. Bowls, utensils, and drinking glasses surround the meal preparation area. The countertop is busy with ingredients and completed dishes, suggesting an active cooking session or.","Several plates of food are arranged on a kitchen counter, including vegetables, rice, and prepared dishes ready to be served. Bowls, utensils, and drinking glasses surround the meal preparation area. The countertop is busy with ingredients and completed dishes, suggesting an active cooking session or.",/Users/yixiaoz/Desktop/cs348k_proj/outputs/controlNetScale/controlnet_seg/cfg_7p5_control_1p5/000000025986/target.png,/Users/yixiaoz/Desktop/cs348k_proj/outputs/controlNetScale/controlnet_seg/cfg_7p5_control_1p5/000000025986/seg.png,/Users/yixiaoz/Desktop/cs348k_proj/outputs/controlNetScale/controlnet_seg/cfg_7p5_control_1p5/000000025986/generated.png,dense_text_plus_seg,6,7.5,1.5,20,0.586,0.3003,34.9196
17899,Woman working with large assortment of baked goods at kitchen table.,An older woman works at a kitchen table covered with baking supplies and a large assortment of cookies or pastries. Trays of baked goods are arranged across the tabletop while ingredients and utensils remain nearby. The woman appears focused on decorating or organizing the treats.,An older woman works at a kitchen table covered with baking supplies and a large assortment of cookies or pastries. Trays of baked goods are arranged across the tabletop while ingredients and utensils remain nearby. The woman appears focused on decorating or organizing the treats.,/Users/yixiaoz/Desktop/cs348k_proj/outputs/controlNetScale/controlnet_seg/cfg_7p5_control_1p5/000000017899/target.png,/Users/yixiaoz/Desktop/cs348k_proj/outputs/controlNetScale/controlnet_seg/cfg_7p5_control_1p5/000000017899/seg.png,/Users/yixiaoz/Desktop/cs348k_proj/outputs/controlNetScale/controlnet_seg/cfg_7p5_control_1p5/000000017899/generated.png,dense_text_plus_seg,6,7.5,1.5,20,0.6541,0.3595,38.1736
36494,"A crowd of people sitting in a room, with a clock tower in front.","A large crowd gathers inside a spacious hall featuring an enormous illuminated clock structure mounted on the wall. People sit and stand around tables while enjoying food, drinks, and conversation. The architecture, lighting, and oversized clock create a dramatic focal point within the room. The.","A large crowd gathers inside a spacious hall featuring an enormous illuminated clock structure mounted on the wall. People sit and stand around tables while enjoying food, drinks, and conversation. The architecture, lighting, and oversized clock create a dramatic focal point within the room. The.",/Users/yixiaoz/Desktop/cs348k_proj/outputs/controlNetScale/controlnet_seg/cfg_7p5_control_1p5/000000036494/target.png,/Users/yixiaoz/Desktop/cs348k_proj/outputs/controlNetScale/controlnet_seg/cfg_7p5_control_1p5/000000036494/seg.png,/Users/yixiaoz/Desktop/cs348k_proj/outputs/controlNetScale/controlnet_seg/cfg_7p5_control_1p5/000000036494/generated.png,dense_text_plus_seg,6,7.5,1.5,20,0.628,0.3475,37.1496
24610,There is a laptop computer in a room with a couch and a bookcase.,"A quiet room contains a desk with a laptop computer, bookshelves filled with books, and a couch positioned along one wall. Warm lighting and simple furnishings create a calm, comfortable environment suitable for reading, studying, or working. The arrangement suggests a personal living space or.","A quiet room contains a desk with a laptop computer, bookshelves filled with books, and a couch positioned along one wall. Warm lighting and simple furnishings create a calm, comfortable environment suitable for reading, studying, or working. The arrangement suggests a personal living space or.",/Users/yixiaoz/Desktop/cs348k_proj/outputs/controlNetScale/controlnet_seg/cfg_7p5_control_1p5/000000024610/target.png,/Users/yixiaoz/Desktop/cs348k_proj/outputs/controlNetScale/controlnet_seg/cfg_7p5_control_1p5/000000024610/seg.png,/Users/yixiaoz/Desktop/cs348k_proj/outputs/controlNetScale/controlnet_seg/cfg_7p5_control_1p5/000000024610/generated.png,dense_text_plus_seg,6,7.5,1.5,20,0.819,0.5685,29.3312
18380,a family sitting around a long table filled with a lot of food,"A large family gathers around a long dining table filled with food, drinks, and serving dishes. Adults and children smile toward the camera while seated closely together in a warm home environment. The table is crowded with meals prepared for sharing, creating a festive atmosphere.","A large family gathers around a long dining table filled with food, drinks, and serving dishes. Adults and children smile toward the camera while seated closely together in a warm home environment. The table is crowded with meals prepared for sharing, creating a festive atmosphere.",/Users/yixiaoz/Desktop/cs348k_proj/outputs/controlNetScale/controlnet_seg/cfg_7p5_control_1p5/000000018380/target.png,/Users/yixiaoz/Desktop/cs348k_proj/outputs/controlNetScale/controlnet_seg/cfg_7p5_control_1p5/000000018380/seg.png,/Users/yixiaoz/Desktop/cs348k_proj/outputs/controlNetScale/controlnet_seg/cfg_7p5_control_1p5/000000018380/generated.png,dense_text_plus_seg,6,7.5,1.5,20,0.6538,0.2364,35.1312
102411,Two people sitting on a motorcycle in the street next to a beach.,"Two people sit on a motorcycle parked beside a waterfront area near a beach. The ocean, shoreline, and distant scenery provide a scenic backdrop while the riders pause along the road. Nearby pedestrians and open coastal views contribute to the relaxed atmosphere. The image combines.","Two people sit on a motorcycle parked beside a waterfront area near a beach. The ocean, shoreline, and distant scenery provide a scenic backdrop while the riders pause along the road. Nearby pedestrians and open coastal views contribute to the relaxed atmosphere. The image combines.",/Users/yixiaoz/Desktop/cs348k_proj/outputs/controlNetScale/controlnet_seg/cfg_7p5_control_1p5/000000102411/target.png,/Users/yixiaoz/Desktop/cs348k_proj/outputs/controlNetScale/controlnet_seg/cfg_7p5_control_1p5/000000102411/seg.png,/Users/yixiaoz/Desktop/cs348k_proj/outputs/controlNetScale/controlnet_seg/cfg_7p5_control_1p5/000000102411/generated.png,dense_text_plus_seg,6,7.5,1.5,20,0.5237,0.4261,36.4111
99053,"A bowl of noodles, meat, broccoli and carrots in a sauce with a fork.","A bowl of noodles mixed with meat, broccoli, carrots, and vegetables sits on a table with a fork resting inside. The colorful ingredients are coated in sauce and arranged casually within the bowl. The close-up perspective focuses attention on the meal while minimizing background distractions.","A bowl of noodles mixed with meat, broccoli, carrots, and vegetables sits on a table with a fork resting inside. The colorful ingredients are coated in sauce and arranged casually within the bowl. The close-up perspective focuses attention on the meal while minimizing background distractions.",/Users/yixiaoz/Desktop/cs348k_proj/outputs/controlNetScale/controlnet_seg/cfg_7p5_control_1p5/000000099053/target.png,/Users/yixiaoz/Desktop/cs348k_proj/outputs/controlNetScale/controlnet_seg/cfg_7p5_control_1p5/000000099053/seg.png,/Users/yixiaoz/Desktop/cs348k_proj/outputs/controlNetScale/controlnet_seg/cfg_7p5_control_1p5/000000099053/generated.png,dense_text_plus_seg,6,7.5,1.5,20,0.8205,0.4388,33.8338
84650,THERE IS A CAT THAT IS SITTION ON TOP OF THE SUITCASE,A cat rests comfortably on top of a large suitcase surrounded by luggage and travel bags. The animal appears relaxed despite sitting among items associated with movement and transportation. The scene suggests preparation for a trip or recent arrival. The contrast between the cat’s calm.,A cat rests comfortably on top of a large suitcase surrounded by luggage and travel bags. The animal appears relaxed despite sitting among items associated with movement and transportation. The scene suggests preparation for a trip or recent arrival. The contrast between the cat’s calm.,/Users/yixiaoz/Desktop/cs348k_proj/outputs/controlNetScale/controlnet_seg/cfg_7p5_control_1p5/000000084650/target.png,/Users/yixiaoz/Desktop/cs348k_proj/outputs/controlNetScale/controlnet_seg/cfg_7p5_control_1p5/000000084650/seg.png,/Users/yixiaoz/Desktop/cs348k_proj/outputs/controlNetScale/controlnet_seg/cfg_7p5_control_1p5/000000084650/generated.png,dense_text_plus_seg,6,7.5,1.5,20,0.6844,0.4519,33.7182
114049,"People inside a commuter train, with their luggage and bicycles.","Passengers stand inside a crowded train car surrounded by luggage, bicycles, and personal belongings. The narrow aisle is filled with travelers preparing for or continuing their journey. Bicycle wheels, suitcases, and overhead fixtures emphasize the transportation setting. The image captures the realities of public transit.","Passengers stand inside a crowded train car surrounded by luggage, bicycles, and personal belongings. The narrow aisle is filled with travelers preparing for or continuing their journey. Bicycle wheels, suitcases, and overhead fixtures emphasize the transportation setting. The image captures the realities of public transit.",/Users/yixiaoz/Desktop/cs348k_proj/outputs/controlNetScale/controlnet_seg/cfg_7p5_control_1p5/000000114049/target.png,/Users/yixiaoz/Desktop/cs348k_proj/outputs/controlNetScale/controlnet_seg/cfg_7p5_control_1p5/000000114049/seg.png,/Users/yixiaoz/Desktop/cs348k_proj/outputs/controlNetScale/controlnet_seg/cfg_7p5_control_1p5/000000114049/generated.png,dense_text_plus_seg,6,7.5,1.5,20,0.6114,0.4337,33.2542
100723,Crown marching in one direction in a lightly attended protest.,"A group of protesters march through a public street carrying signs and banners while moving together in the same direction. Participants of different ages fill the scene, creating a visible demonstration of collective action. The signs suggest support for a social or political cause, while.","A group of protesters march through a public street carrying signs and banners while moving together in the same direction. Participants of different ages fill the scene, creating a visible demonstration of collective action. The signs suggest support for a social or political cause, while.",/Users/yixiaoz/Desktop/cs348k_proj/outputs/controlNetScale/controlnet_seg/cfg_7p5_control_1p5/000000100723/target.png,/Users/yixiaoz/Desktop/cs348k_proj/outputs/controlNetScale/controlnet_seg/cfg_7p5_control_1p5/000000100723/seg.png,/Users/yixiaoz/Desktop/cs348k_proj/outputs/controlNetScale/controlnet_seg/cfg_7p5_control_1p5/000000100723/generated.png,dense_text_plus_seg,6,7.5,1.5,20,0.6137,0.4142,30.7771
40471,A painted white kitchen with a refrigerator and an automatic dish washer next to an oven stove.,"A clean white kitchen contains a refrigerator, oven, dishwasher, cabinets, and countertops arranged in a practical layout. Bright lighting reflects off the appliances and tiled surfaces, creating an organized and modern appearance. The room appears ready for cooking and daily household use. The image emphasizes.","A clean white kitchen contains a refrigerator, oven, dishwasher, cabinets, and countertops arranged in a practical layout. Bright lighting reflects off the appliances and tiled surfaces, creating an organized and modern appearance. The room appears ready for cooking and daily household use. The image emphasizes.",/Users/yixiaoz/Desktop/cs348k_proj/outputs/controlNetScale/controlnet_seg/cfg_7p5_control_1p5/000000040471/target.png,/Users/yixiaoz/Desktop/cs348k_proj/outputs/controlNetScale/controlnet_seg/cfg_7p5_control_1p5/000000040471/seg.png,/Users/yixiaoz/Desktop/cs348k_proj/outputs/controlNetScale/controlnet_seg/cfg_7p5_control_1p5/000000040471/generated.png,dense_text_plus_seg,6,7.5,1.5,20,0.5726,0.4,32.4754
100238,A family standing next to each other while holding frisbees.,"A family stands outdoors together while holding colorful frisbees. Adults and children pose side by side in a grassy area, appearing relaxed and cheerful. The open environment suggests a park, recreational field, or family gathering. Their casual clothing and outdoor setting contribute to a friendly.","A family stands outdoors together while holding colorful frisbees. Adults and children pose side by side in a grassy area, appearing relaxed and cheerful. The open environment suggests a park, recreational field, or family gathering. Their casual clothing and outdoor setting contribute to a friendly.",/Users/yixiaoz/Desktop/cs348k_proj/outputs/controlNetScale/controlnet_seg/cfg_7p5_control_1p5/000000100238/target.png,/Users/yixiaoz/Desktop/cs348k_proj/outputs/controlNetScale/controlnet_seg/cfg_7p5_control_1p5/000000100238/seg.png,/Users/yixiaoz/Desktop/cs348k_proj/outputs/controlNetScale/controlnet_seg/cfg_7p5_control_1p5/000000100238/generated.png,dense_text_plus_seg,6,7.5,1.5,20,0.5678,0.4592,38.9975
39484,A street full of cars that are driving and parked and a group of people sitting outside eating.,"Cars move along a city street lined with buildings, storefronts, and restaurants. Some people sit outside dining establishments while traffic passes through the urban area. Signs, parked vehicles, and commercial activity contribute to a lively downtown atmosphere. The image captures the interaction between transportation, business.","Cars move along a city street lined with buildings, storefronts, and restaurants. Some people sit outside dining establishments while traffic passes through the urban area. Signs, parked vehicles, and commercial activity contribute to a lively downtown atmosphere. The image captures the interaction between transportation, business.",/Users/yixiaoz/Desktop/cs348k_proj/outputs/controlNetScale/controlnet_seg/cfg_7p5_control_1p5/000000039484/target.png,/Users/yixiaoz/Desktop/cs348k_proj/outputs/controlNetScale/controlnet_seg/cfg_7p5_control_1p5/000000039484/seg.png,/Users/yixiaoz/Desktop/cs348k_proj/outputs/controlNetScale/controlnet_seg/cfg_7p5_control_1p5/000000039484/generated.png,dense_text_plus_seg,6,7.5,1.5,20,0.5754,0.3722,27.8117
13729,A group of people playing with a Wii in the living room.,"Several people stand in a living room while playing a Nintendo Wii video game. Participants face a television and appear engaged in the activity, moving their bodies as part of the gameplay. Household furniture, decorations, and open floor space provide room for interaction. The image.","Several people stand in a living room while playing a Nintendo Wii video game. Participants face a television and appear engaged in the activity, moving their bodies as part of the gameplay. Household furniture, decorations, and open floor space provide room for interaction. The image.",/Users/yixiaoz/Desktop/cs348k_proj/outputs/controlNetScale/controlnet_seg/cfg_7p5_control_1p5/000000013729/target.png,/Users/yixiaoz/Desktop/cs348k_proj/outputs/controlNetScale/controlnet_seg/cfg_7p5_control_1p5/000000013729/seg.png,/Users/yixiaoz/Desktop/cs348k_proj/outputs/controlNetScale/controlnet_seg/cfg_7p5_control_1p5/000000013729/generated.png,dense_text_plus_seg,6,7.5,1.5,20,0.5987,0.4166,37.6882
80340,a small child wearing a tie and holding a suitcase with other people in the background,"A small child wearing a dress shirt, tie, and formal clothing stands on a sidewalk holding a rolling suitcase. Adults and other people gather nearby in the background, suggesting a family event, celebration, or travel occasion. The child’s serious posture contrasts with the oversized luggage.","A small child wearing a dress shirt, tie, and formal clothing stands on a sidewalk holding a rolling suitcase. Adults and other people gather nearby in the background, suggesting a family event, celebration, or travel occasion. The child’s serious posture contrasts with the oversized luggage.",/Users/yixiaoz/Desktop/cs348k_proj/outputs/controlNetScale/controlnet_seg/cfg_7p5_control_1p5/000000080340/target.png,/Users/yixiaoz/Desktop/cs348k_proj/outputs/controlNetScale/controlnet_seg/cfg_7p5_control_1p5/000000080340/seg.png,/Users/yixiaoz/Desktop/cs348k_proj/outputs/controlNetScale/controlnet_seg/cfg_7p5_control_1p5/000000080340/generated.png,dense_text_plus_seg,6,7.5,1.5,20,0.5559,0.3813,38.9047
38829,Two boys riding on a single bicycle on a city street,"Two people ride together through a busy city street on a single bicycle while surrounded by scooters, motorcycles, and other commuters. Urban storefronts, signs, and passing vehicles create a lively transportation scene. The riders appear relaxed as they navigate traffic alongside other travelers. The image.","Two people ride together through a busy city street on a single bicycle while surrounded by scooters, motorcycles, and other commuters. Urban storefronts, signs, and passing vehicles create a lively transportation scene. The riders appear relaxed as they navigate traffic alongside other travelers. The image.",/Users/yixiaoz/Desktop/cs348k_proj/outputs/controlNetScale/controlnet_seg/cfg_7p5_control_1p5/000000038829/target.png,/Users/yixiaoz/Desktop/cs348k_proj/outputs/controlNetScale/controlnet_seg/cfg_7p5_control_1p5/000000038829/seg.png,/Users/yixiaoz/Desktop/cs348k_proj/outputs/controlNetScale/controlnet_seg/cfg_7p5_control_1p5/000000038829/generated.png,dense_text_plus_seg,6,7.5,1.5,20,0.6442,0.3911,31.3481
66841,"A whimsical artistic toaster has eyes, a mouth, a nose, spoon feet, spoon ears, and a mixing beater tail.","A whimsical toaster has been creatively decorated with eyes, a nose, spoon-shaped ears, and other objects to resemble a human face. The appliance stands upright in a kitchen or dining area, transforming an ordinary household item into a playful character. Surrounding utensils and decorative elements.","A whimsical toaster has been creatively decorated with eyes, a nose, spoon-shaped ears, and other objects to resemble a human face. The appliance stands upright in a kitchen or dining area, transforming an ordinary household item into a playful character. Surrounding utensils and decorative elements.",/Users/yixiaoz/Desktop/cs348k_proj/outputs/controlNetScale/controlnet_seg/cfg_7p5_control_1p5/000000066841/target.png,/Users/yixiaoz/Desktop/cs348k_proj/outputs/controlNetScale/controlnet_seg/cfg_7p5_control_1p5/000000066841/seg.png,/Users/yixiaoz/Desktop/cs348k_proj/outputs/controlNetScale/controlnet_seg/cfg_7p5_control_1p5/000000066841/generated.png,dense_text_plus_seg,6,7.5,1.5,20,0.6669,0.4183,39.8415
25386,A man and woman are sitting together while the man eats with chopsticks.,"A man and woman sit together at a restaurant table while sharing a meal. Plates of food, chopsticks, drinks, and condiments are arranged in front of them as they look toward the camera. The indoor dining environment appears casual and welcoming. Their expressions suggest a.","A man and woman sit together at a restaurant table while sharing a meal. Plates of food, chopsticks, drinks, and condiments are arranged in front of them as they look toward the camera. The indoor dining environment appears casual and welcoming. Their expressions suggest a.",/Users/yixiaoz/Desktop/cs348k_proj/outputs/controlNetScale/controlnet_seg/cfg_7p5_control_1p5/000000025386/target.png,/Users/yixiaoz/Desktop/cs348k_proj/outputs/controlNetScale/controlnet_seg/cfg_7p5_control_1p5/000000025386/seg.png,/Users/yixiaoz/Desktop/cs348k_proj/outputs/controlNetScale/controlnet_seg/cfg_7p5_control_1p5/000000025386/generated.png,dense_text_plus_seg,6,7.5,1.5,20,0.6458,0.4595,34.8348
83531,A BBQ topped with lots of sausages sitting side by side.,"Several sausages cook on a barbecue grill above glowing heat while metal tongs rest nearby. The close-up perspective focuses on the food as it browns and develops grill marks. Smoke, cooking equipment, and the outdoor setting suggest a backyard gathering or cookout. The image emphasizes.","Several sausages cook on a barbecue grill above glowing heat while metal tongs rest nearby. The close-up perspective focuses on the food as it browns and develops grill marks. Smoke, cooking equipment, and the outdoor setting suggest a backyard gathering or cookout. The image emphasizes.",/Users/yixiaoz/Desktop/cs348k_proj/outputs/controlNetScale/controlnet_seg/cfg_7p5_control_1p5/000000083531/target.png,/Users/yixiaoz/Desktop/cs348k_proj/outputs/controlNetScale/controlnet_seg/cfg_7p5_control_1p5/000000083531/seg.png,/Users/yixiaoz/Desktop/cs348k_proj/outputs/controlNetScale/controlnet_seg/cfg_7p5_control_1p5/000000083531/generated.png,dense_text_plus_seg,6,7.5,1.5,20,0.7261,0.4001,35.9725
98392,"A photo of a busy intersection with a bus, several cars and a clock tower.","A busy city intersection contains multiple cars, a bus, and a prominent clock tower rising above nearby buildings. Traffic moves through the streets while pedestrians and commercial activity contribute to the urban atmosphere. Architectural details and transportation infrastructure create a recognizable downtown setting. The image.","A busy city intersection contains multiple cars, a bus, and a prominent clock tower rising above nearby buildings. Traffic moves through the streets while pedestrians and commercial activity contribute to the urban atmosphere. Architectural details and transportation infrastructure create a recognizable downtown setting. The image.",/Users/yixiaoz/Desktop/cs348k_proj/outputs/controlNetScale/controlnet_seg/cfg_7p5_control_1p5/000000098392/target.png,/Users/yixiaoz/Desktop/cs348k_proj/outputs/controlNetScale/controlnet_seg/cfg_7p5_control_1p5/000000098392/seg.png,/Users/yixiaoz/Desktop/cs348k_proj/outputs/controlNetScale/controlnet_seg/cfg_7p5_control_1p5/000000098392/generated.png,dense_text_plus_seg,6,7.5,1.5,20,0.5619,0.386,30.5474
12576,An elderly woman seated at a table holding three pizzas.,"An elderly woman sits at a dining table with several pizzas placed in front of her. Glasses, dishes, and table settings suggest a meal shared with others outside the frame. The warm indoor environment creates a comfortable and social atmosphere. The image highlights casual dining.","An elderly woman sits at a dining table with several pizzas placed in front of her. Glasses, dishes, and table settings suggest a meal shared with others outside the frame. The warm indoor environment creates a comfortable and social atmosphere. The image highlights casual dining.",/Users/yixiaoz/Desktop/cs348k_proj/outputs/controlNetScale/controlnet_seg/cfg_7p5_control_1p5/000000012576/target.png,/Users/yixiaoz/Desktop/cs348k_proj/outputs/controlNetScale/controlnet_seg/cfg_7p5_control_1p5/000000012576/seg.png,/Users/yixiaoz/Desktop/cs348k_proj/outputs/controlNetScale/controlnet_seg/cfg_7p5_control_1p5/000000012576/generated.png,dense_text_plus_seg,6,7.5,1.5,20,0.6446,0.4439,35.6118
22705,A woman in a short black dress is holding a champagne flute and standing in front of a refrigerator.,"A woman wearing a black dress stands confidently in a kitchen while holding a champagne flute. Stainless steel appliances, wooden cabinets, and household furnishings form the background. Her posture and expression suggest she may be attending a celebration, gathering, or special occasion. The image combines.","A woman wearing a black dress stands confidently in a kitchen while holding a champagne flute. Stainless steel appliances, wooden cabinets, and household furnishings form the background. Her posture and expression suggest she may be attending a celebration, gathering, or special occasion. The image combines.",/Users/yixiaoz/Desktop/cs348k_proj/outputs/controlNetScale/controlnet_seg/cfg_7p5_control_1p5/000000022705/target.png,/Users/yixiaoz/Desktop/cs348k_proj/outputs/controlNetScale/controlnet_seg/cfg_7p5_control_1p5/000000022705/seg.png,/Users/yixiaoz/Desktop/cs348k_proj/outputs/controlNetScale/controlnet_seg/cfg_7p5_control_1p5/000000022705/generated.png,dense_text_plus_seg,6,7.5,1.5,20,0.4996,0.2563,32.5516
26204,A group of cars waiting at an intersection for the light to change,"Cars wait at an urban intersection lined with buildings, trees, and traffic infrastructure. Vehicles occupy multiple lanes as they pause for a traffic signal before continuing through the city. Sidewalks, storefronts, and street signs contribute to the metropolitan atmosphere. The image emphasizes transportation systems, traffic.","Cars wait at an urban intersection lined with buildings, trees, and traffic infrastructure. Vehicles occupy multiple lanes as they pause for a traffic signal before continuing through the city. Sidewalks, storefronts, and street signs contribute to the metropolitan atmosphere. The image emphasizes transportation systems, traffic.",/Users/yixiaoz/Desktop/cs348k_proj/outputs/controlNetScale/controlnet_seg/cfg_7p5_control_1p5/000000026204/target.png,/Users/yixiaoz/Desktop/cs348k_proj/outputs/controlNetScale/controlnet_seg/cfg_7p5_control_1p5/000000026204/seg.png,/Users/yixiaoz/Desktop/cs348k_proj/outputs/controlNetScale/controlnet_seg/cfg_7p5_control_1p5/000000026204/generated.png,dense_text_plus_seg,6,7.5,1.5,20,0.5273,0.408,31.1187
31248,"Living room with white chairs and couches, fireplace and books on bookshelves.","A bright living room features white chairs, comfortable couches, bookshelves, and a fireplace serving as the central focal point. Decorative lamps, framed artwork, and neatly arranged furniture create an elegant and inviting atmosphere. Natural light and balanced interior design contribute to the room’s spacious appearance.","A bright living room features white chairs, comfortable couches, bookshelves, and a fireplace serving as the central focal point. Decorative lamps, framed artwork, and neatly arranged furniture create an elegant and inviting atmosphere. Natural light and balanced interior design contribute to the room’s spacious appearance.",/Users/yixiaoz/Desktop/cs348k_proj/outputs/controlNetScale/controlnet_seg/cfg_7p5_control_1p5/000000031248/target.png,/Users/yixiaoz/Desktop/cs348k_proj/outputs/controlNetScale/controlnet_seg/cfg_7p5_control_1p5/000000031248/seg.png,/Users/yixiaoz/Desktop/cs348k_proj/outputs/controlNetScale/controlnet_seg/cfg_7p5_control_1p5/000000031248/generated.png,dense_text_plus_seg,6,7.5,1.5,20,0.487,0.2642,30.6092
107339,A pretty young lady standing in front of a couch behind a wooden table.,"A woman stands in a modern room near a couch and low wooden tables while another person sits nearby. Bright walls, large windows, and contemporary furniture create a clean and open interior space. The standing woman appears to be speaking, presenting, or interacting with the.","A woman stands in a modern room near a couch and low wooden tables while another person sits nearby. Bright walls, large windows, and contemporary furniture create a clean and open interior space. The standing woman appears to be speaking, presenting, or interacting with the.",/Users/yixiaoz/Desktop/cs348k_proj/outputs/controlNetScale/controlnet_seg/cfg_7p5_control_1p5/000000107339/target.png,/Users/yixiaoz/Desktop/cs348k_proj/outputs/controlNetScale/controlnet_seg/cfg_7p5_control_1p5/000000107339/seg.png,/Users/yixiaoz/Desktop/cs348k_proj/outputs/controlNetScale/controlnet_seg/cfg_7p5_control_1p5/000000107339/generated.png,dense_text_plus_seg,6,7.5,1.5,20,0.7523,0.4902,32.9439
87476,two people standing on the same skateboard and holding each other up.,"Two young people stand together at a public event while holding skateboards and interacting with one another. One person wears a helmet while colorful vehicles and event displays appear in the background. Their posture suggests friendship, instruction, or support during a skateboarding activity. The image.","Two young people stand together at a public event while holding skateboards and interacting with one another. One person wears a helmet while colorful vehicles and event displays appear in the background. Their posture suggests friendship, instruction, or support during a skateboarding activity. The image.",/Users/yixiaoz/Desktop/cs348k_proj/outputs/controlNetScale/controlnet_seg/cfg_7p5_control_1p5/000000087476/target.png,/Users/yixiaoz/Desktop/cs348k_proj/outputs/controlNetScale/controlnet_seg/cfg_7p5_control_1p5/000000087476/seg.png,/Users/yixiaoz/Desktop/cs348k_proj/outputs/controlNetScale/controlnet_seg/cfg_7p5_control_1p5/000000087476/generated.png,dense_text_plus_seg,6,7.5,1.5,20,0.6604,0.4817,33.8502
78748,"A couple of motorcycles in front of sign, with people standing around.","Several motorcycles are parked in front of a display area featuring brand signage while people gather nearby. The polished bikes are arranged for viewing, suggesting a motorcycle show, dealership event, or public exhibition. Spectators walk around the display, examining the vehicles and socializing. The image.","Several motorcycles are parked in front of a display area featuring brand signage while people gather nearby. The polished bikes are arranged for viewing, suggesting a motorcycle show, dealership event, or public exhibition. Spectators walk around the display, examining the vehicles and socializing. The image.",/Users/yixiaoz/Desktop/cs348k_proj/outputs/controlNetScale/controlnet_seg/cfg_7p5_control_1p5/000000078748/target.png,/Users/yixiaoz/Desktop/cs348k_proj/outputs/controlNetScale/controlnet_seg/cfg_7p5_control_1p5/000000078748/seg.png,/Users/yixiaoz/Desktop/cs348k_proj/outputs/controlNetScale/controlnet_seg/cfg_7p5_control_1p5/000000078748/generated.png,dense_text_plus_seg,6,7.5,1.5,20,0.6259,0.4939,33.9765
29596,"A room with a couch, table set with dinnerware and a television.","A hotel-style room contains a couch, television, dining table, and neatly arranged place settings. Warm lighting, curtains, and decorative furnishings create a comfortable and welcoming atmosphere. The table is prepared for a meal, suggesting hospitality or room service. The image highlights interior design, temporary accommodations.","A hotel-style room contains a couch, television, dining table, and neatly arranged place settings. Warm lighting, curtains, and decorative furnishings create a comfortable and welcoming atmosphere. The table is prepared for a meal, suggesting hospitality or room service. The image highlights interior design, temporary accommodations.",/Users/yixiaoz/Desktop/cs348k_proj/outputs/controlNetScale/controlnet_seg/cfg_7p5_control_1p5/000000029596/target.png,/Users/yixiaoz/Desktop/cs348k_proj/outputs/controlNetScale/controlnet_seg/cfg_7p5_control_1p5/000000029596/seg.png,/Users/yixiaoz/Desktop/cs348k_proj/outputs/controlNetScale/controlnet_seg/cfg_7p5_control_1p5/000000029596/generated.png,dense_text_plus_seg,6,7.5,1.5,20,0.563,0.3344,31.0365
33854,"parked cars, motorcycles and buses on a cobblestone parking lot next to a street.","Cars, buses, and motorcycles occupy a cobblestone parking area near a city street lined with buildings. The scene contains multiple forms of transportation gathered within a shared urban space. Pedestrians move through the area while parked vehicles await their drivers. The image captures urban infrastructure.","Cars, buses, and motorcycles occupy a cobblestone parking area near a city street lined with buildings. The scene contains multiple forms of transportation gathered within a shared urban space. Pedestrians move through the area while parked vehicles await their drivers. The image captures urban infrastructure.",/Users/yixiaoz/Desktop/cs348k_proj/outputs/controlNetScale/controlnet_seg/cfg_7p5_control_1p5/000000033854/target.png,/Users/yixiaoz/Desktop/cs348k_proj/outputs/controlNetScale/controlnet_seg/cfg_7p5_control_1p5/000000033854/seg.png,/Users/yixiaoz/Desktop/cs348k_proj/outputs/controlNetScale/controlnet_seg/cfg_7p5_control_1p5/000000033854/generated.png,dense_text_plus_seg,6,7.5,1.5,20,0.5647,0.4357,30.2407
36844,a black couch a green chair a red chair a mirror and a ceiling fan,"A living room contains a black couch, colorful chairs, a ceiling fan, and large windows that allow natural light into the space. Various pieces of furniture and decorative items are arranged throughout the room, creating a comfortable residential environment. The layout suggests an area designed.","A living room contains a black couch, colorful chairs, a ceiling fan, and large windows that allow natural light into the space. Various pieces of furniture and decorative items are arranged throughout the room, creating a comfortable residential environment. The layout suggests an area designed.",/Users/yixiaoz/Desktop/cs348k_proj/outputs/controlNetScale/controlnet_seg/cfg_7p5_control_1p5/000000036844/target.png,/Users/yixiaoz/Desktop/cs348k_proj/outputs/controlNetScale/controlnet_seg/cfg_7p5_control_1p5/000000036844/seg.png,/Users/yixiaoz/Desktop/cs348k_proj/outputs/controlNetScale/controlnet_seg/cfg_7p5_control_1p5/000000036844/generated.png,dense_text_plus_seg,6,7.5,1.5,20,0.6038,0.3866,32.7505
1000,A group of kids posing for a picture on a tennis court.,A large group of children gather together on a tennis court while posing for a photograph. Some hold tennis equipment while others stand closely beside teammates and friends. The outdoor sports facility provides a bright and energetic setting. Smiles and casual poses suggest a team.,A large group of children gather together on a tennis court while posing for a photograph. Some hold tennis equipment while others stand closely beside teammates and friends. The outdoor sports facility provides a bright and energetic setting. Smiles and casual poses suggest a team.,/Users/yixiaoz/Desktop/cs348k_proj/outputs/controlNetScale/controlnet_seg/cfg_7p5_control_1p5/000000001000/target.png,/Users/yixiaoz/Desktop/cs348k_proj/outputs/controlNetScale/controlnet_seg/cfg_7p5_control_1p5/000000001000/seg.png,/Users/yixiaoz/Desktop/cs348k_proj/outputs/controlNetScale/controlnet_seg/cfg_7p5_control_1p5/000000001000/generated.png,dense_text_plus_seg,6,7.5,1.5,20,0.629,0.3614,38.6864
55528,A man holding a paper bag while showing the camera a toothbrush.,"A man sits in a chair while holding a paper bag and displaying a toothbrush toward the camera. His expression suggests humor or casual conversation as he presents the object. The indoor environment appears relaxed and informal, with household furnishings visible around him. The image.","A man sits in a chair while holding a paper bag and displaying a toothbrush toward the camera. His expression suggests humor or casual conversation as he presents the object. The indoor environment appears relaxed and informal, with household furnishings visible around him. The image.",/Users/yixiaoz/Desktop/cs348k_proj/outputs/controlNetScale/controlnet_seg/cfg_7p5_control_1p5/000000055528/target.png,/Users/yixiaoz/Desktop/cs348k_proj/outputs/controlNetScale/controlnet_seg/cfg_7p5_control_1p5/000000055528/seg.png,/Users/yixiaoz/Desktop/cs348k_proj/outputs/controlNetScale/controlnet_seg/cfg_7p5_control_1p5/000000055528/generated.png,dense_text_plus_seg,6,7.5,1.5,20,0.5758,0.5859,29.9115
2006,City bus driving through pedestrian saturated area near crosswalk.,"A city bus travels through a busy urban area near a crosswalk while pedestrians and vehicles move through the surrounding streets. Buildings, signs, and transportation infrastructure create a dynamic city environment. The bus serves as the focal point, illustrating the role of public transit in.","A city bus travels through a busy urban area near a crosswalk while pedestrians and vehicles move through the surrounding streets. Buildings, signs, and transportation infrastructure create a dynamic city environment. The bus serves as the focal point, illustrating the role of public transit in.",/Users/yixiaoz/Desktop/cs348k_proj/outputs/controlNetScale/controlnet_seg/cfg_7p5_control_1p5/000000002006/target.png,/Users/yixiaoz/Desktop/cs348k_proj/outputs/controlNetScale/controlnet_seg/cfg_7p5_control_1p5/000000002006/seg.png,/Users/yixiaoz/Desktop/cs348k_proj/outputs/controlNetScale/controlnet_seg/cfg_7p5_control_1p5/000000002006/generated.png,dense_text_plus_seg,6,7.5,1.5,20,0.5857,0.3765,33.7967
113720,A couple are enjoying pizza and drinks at the restaurant,"A smiling couple sits together at a restaurant table enjoying pizza, drinks, and conversation. Plates of food and beverages are arranged neatly while the pair look toward the camera. The atmosphere appears relaxed and friendly, suggesting a casual meal shared between friends or partners. The.","A smiling couple sits together at a restaurant table enjoying pizza, drinks, and conversation. Plates of food and beverages are arranged neatly while the pair look toward the camera. The atmosphere appears relaxed and friendly, suggesting a casual meal shared between friends or partners. The.",/Users/yixiaoz/Desktop/cs348k_proj/outputs/controlNetScale/controlnet_seg/cfg_7p5_control_1p5/000000113720/target.png,/Users/yixiaoz/Desktop/cs348k_proj/outputs/controlNetScale/controlnet_seg/cfg_7p5_control_1p5/000000113720/seg.png,/Users/yixiaoz/Desktop/cs348k_proj/outputs/controlNetScale/controlnet_seg/cfg_7p5_control_1p5/000000113720/generated.png,dense_text_plus_seg,6,7.5,1.5,20,0.5995,0.309,36.0876
52413,"A child holding a pink toy cell phone with ""Princess Aurora"" inside it.",A child holds a pink toy flip phone decorated with imagery inspired by a princess character. The toy is displayed prominently in the foreground while other people and objects appear nearby. Bright colors and playful design elements emphasize childhood interests and imaginative play. The image.,A child holds a pink toy flip phone decorated with imagery inspired by a princess character. The toy is displayed prominently in the foreground while other people and objects appear nearby. Bright colors and playful design elements emphasize childhood interests and imaginative play. The image.,/Users/yixiaoz/Desktop/cs348k_proj/outputs/controlNetScale/controlnet_seg/cfg_7p5_control_1p5/000000052413/target.png,/Users/yixiaoz/Desktop/cs348k_proj/outputs/controlNetScale/controlnet_seg/cfg_7p5_control_1p5/000000052413/seg.png,/Users/yixiaoz/Desktop/cs348k_proj/outputs/controlNetScale/controlnet_seg/cfg_7p5_control_1p5/000000052413/generated.png,dense_text_plus_seg,6,7.5,1.5,20,0.7882,0.4566,41.6767
60932,A man in a suit that is standing in front of a group of people.,"A man dressed in a formal suit stands confidently in front of a group of people at what appears to be a celebration or reception. The black-and-white image captures him smiling and raising a hand while guests gather in the background. Tables, decorations, and formally.","A man dressed in a formal suit stands confidently in front of a group of people at what appears to be a celebration or reception. The black-and-white image captures him smiling and raising a hand while guests gather in the background. Tables, decorations, and formally.",/Users/yixiaoz/Desktop/cs348k_proj/outputs/controlNetScale/controlnet_seg/cfg_7p5_control_1p5/000000060932/target.png,/Users/yixiaoz/Desktop/cs348k_proj/outputs/controlNetScale/controlnet_seg/cfg_7p5_control_1p5/000000060932/seg.png,/Users/yixiaoz/Desktop/cs348k_proj/outputs/controlNetScale/controlnet_seg/cfg_7p5_control_1p5/000000060932/generated.png,dense_text_plus_seg,6,7.5,1.5,20,0.5723,0.4938,33.895
102805,A man in holds a Frisbee in the parking lot by the river.,"A man wearing a hat stands near a riverside parking area while holding a Frisbee in his hand. Mountains and water stretch across the background, creating a scenic outdoor setting. Several parked vehicles and open space suggest a recreational destination where people gather for leisure.","A man wearing a hat stands near a riverside parking area while holding a Frisbee in his hand. Mountains and water stretch across the background, creating a scenic outdoor setting. Several parked vehicles and open space suggest a recreational destination where people gather for leisure.",/Users/yixiaoz/Desktop/cs348k_proj/outputs/controlNetScale/controlnet_seg/cfg_7p5_control_1p5/000000102805/target.png,/Users/yixiaoz/Desktop/cs348k_proj/outputs/controlNetScale/controlnet_seg/cfg_7p5_control_1p5/000000102805/seg.png,/Users/yixiaoz/Desktop/cs348k_proj/outputs/controlNetScale/controlnet_seg/cfg_7p5_control_1p5/000000102805/generated.png,dense_text_plus_seg,6,7.5,1.5,20,0.547,0.3858,29.6306
15254,These platters display healthy food choices of two entrees with a side  vegetable and fruit,"A neatly organized lunch container displays a balanced meal consisting of rice, vegetables, fruit, and other healthy foods arranged in separate compartments. Grapes, carrots, and a colorful entrée contribute to the vibrant appearance. The close-up perspective emphasizes nutrition, portioning, and meal preparation. The image reflects.","A neatly organized lunch container displays a balanced meal consisting of rice, vegetables, fruit, and other healthy foods arranged in separate compartments. Grapes, carrots, and a colorful entrée contribute to the vibrant appearance. The close-up perspective emphasizes nutrition, portioning, and meal preparation. The image reflects.",/Users/yixiaoz/Desktop/cs348k_proj/outputs/controlNetScale/controlnet_seg/cfg_7p5_control_1p5/000000015254/target.png,/Users/yixiaoz/Desktop/cs348k_proj/outputs/controlNetScale/controlnet_seg/cfg_7p5_control_1p5/000000015254/seg.png,/Users/yixiaoz/Desktop/cs348k_proj/outputs/controlNetScale/controlnet_seg/cfg_7p5_control_1p5/000000015254/generated.png,dense_text_plus_seg,6,7.5,1.5,20,0.682,0.3357,37.9731
24567,There is a man looking at a lot if hot dogs in a bun in a pan,"A man wearing a hat looks down at a tray filled with hot dogs arranged in buns. The outdoor setting suggests a barbecue, picnic, or community gathering where food is being prepared and served. Bright colors from the toppings and buns create a festive appearance.","A man wearing a hat looks down at a tray filled with hot dogs arranged in buns. The outdoor setting suggests a barbecue, picnic, or community gathering where food is being prepared and served. Bright colors from the toppings and buns create a festive appearance.",/Users/yixiaoz/Desktop/cs348k_proj/outputs/controlNetScale/controlnet_seg/cfg_7p5_control_1p5/000000024567/target.png,/Users/yixiaoz/Desktop/cs348k_proj/outputs/controlNetScale/controlnet_seg/cfg_7p5_control_1p5/000000024567/seg.png,/Users/yixiaoz/Desktop/cs348k_proj/outputs/controlNetScale/controlnet_seg/cfg_7p5_control_1p5/000000024567/generated.png,dense_text_plus_seg,6,7.5,1.5,20,0.6609,0.3788,39.2605
25603,A girl sitting around a table in a restaurant eating a pizza.,"A young girl sits at a restaurant table with a pizza placed in front of her. Glasses, plates, and table settings surround the meal while the warm indoor lighting creates a cozy atmosphere. She looks toward the camera as if waiting to eat or enjoying.","A young girl sits at a restaurant table with a pizza placed in front of her. Glasses, plates, and table settings surround the meal while the warm indoor lighting creates a cozy atmosphere. She looks toward the camera as if waiting to eat or enjoying.",/Users/yixiaoz/Desktop/cs348k_proj/outputs/controlNetScale/controlnet_seg/cfg_7p5_control_1p5/000000025603/target.png,/Users/yixiaoz/Desktop/cs348k_proj/outputs/controlNetScale/controlnet_seg/cfg_7p5_control_1p5/000000025603/seg.png,/Users/yixiaoz/Desktop/cs348k_proj/outputs/controlNetScale/controlnet_seg/cfg_7p5_control_1p5/000000025603/generated.png,dense_text_plus_seg,6,7.5,1.5,20,0.6847,0.4789,37.6761
55150,Two children sit atop their parent's luggage in the parking lot.,"Two children sit atop luggage carts in a parking lot while surrounded by parked vehicles. The scene appears to capture a family trip, airport arrival, or vacation departure. The children seem comfortable and playful as they ride on the luggage. Cars, travel equipment, and open.","Two children sit atop luggage carts in a parking lot while surrounded by parked vehicles. The scene appears to capture a family trip, airport arrival, or vacation departure. The children seem comfortable and playful as they ride on the luggage. Cars, travel equipment, and open.",/Users/yixiaoz/Desktop/cs348k_proj/outputs/controlNetScale/controlnet_seg/cfg_7p5_control_1p5/000000055150/target.png,/Users/yixiaoz/Desktop/cs348k_proj/outputs/controlNetScale/controlnet_seg/cfg_7p5_control_1p5/000000055150/seg.png,/Users/yixiaoz/Desktop/cs348k_proj/outputs/controlNetScale/controlnet_seg/cfg_7p5_control_1p5/000000055150/generated.png,dense_text_plus_seg,6,7.5,1.5,20,0.5809,0.4838,36.9104
30828,A person covered with an orange sleeping bag rests his head on a blue back pack as he sleeps on a park bench.,"A person sleeps on a park bench while covered by an orange sleeping bag and resting beside a backpack. The outdoor setting includes grass, trees, and surrounding park features. The image captures a quiet moment of rest in a public space, contrasting the bright colors.","A person sleeps on a park bench while covered by an orange sleeping bag and resting beside a backpack. The outdoor setting includes grass, trees, and surrounding park features. The image captures a quiet moment of rest in a public space, contrasting the bright colors.",/Users/yixiaoz/Desktop/cs348k_proj/outputs/controlNetScale/controlnet_seg/cfg_7p5_control_1p5/000000030828/target.png,/Users/yixiaoz/Desktop/cs348k_proj/outputs/controlNetScale/controlnet_seg/cfg_7p5_control_1p5/000000030828/seg.png,/Users/yixiaoz/Desktop/cs348k_proj/outputs/controlNetScale/controlnet_seg/cfg_7p5_control_1p5/000000030828/generated.png,dense_text_plus_seg,6,7.5,1.5,20,0.5747,0.4697,37.5177
32334,"Two people, a man and a woman, are toasting with wine glasses.","A smiling man and woman hold wine glasses while posing together indoors. The casual setting appears to be a social gathering, dinner, or celebration where friends enjoy food and drinks. Warm lighting and relaxed expressions create a welcoming atmosphere. The image emphasizes companionship, hospitality, and.","A smiling man and woman hold wine glasses while posing together indoors. The casual setting appears to be a social gathering, dinner, or celebration where friends enjoy food and drinks. Warm lighting and relaxed expressions create a welcoming atmosphere. The image emphasizes companionship, hospitality, and.",/Users/yixiaoz/Desktop/cs348k_proj/outputs/controlNetScale/controlnet_seg/cfg_7p5_control_1p5/000000032334/target.png,/Users/yixiaoz/Desktop/cs348k_proj/outputs/controlNetScale/controlnet_seg/cfg_7p5_control_1p5/000000032334/seg.png,/Users/yixiaoz/Desktop/cs348k_proj/outputs/controlNetScale/controlnet_seg/cfg_7p5_control_1p5/000000032334/generated.png,dense_text_plus_seg,6,7.5,1.5,20,0.5842,0.4881,35.6223
92416,A male with a bottled beverage wearing a flower in his lapel.,"A young man wearing formal attire stands outdoors holding a bottled beverage. A flower pinned to his lapel suggests participation in a wedding, graduation, or other ceremonial event. Water and distant scenery form a pleasant background. His posture and clothing indicate a special occasion, while.","A young man wearing formal attire stands outdoors holding a bottled beverage. A flower pinned to his lapel suggests participation in a wedding, graduation, or other ceremonial event. Water and distant scenery form a pleasant background. His posture and clothing indicate a special occasion, while.",/Users/yixiaoz/Desktop/cs348k_proj/outputs/controlNetScale/controlnet_seg/cfg_7p5_control_1p5/000000092416/target.png,/Users/yixiaoz/Desktop/cs348k_proj/outputs/controlNetScale/controlnet_seg/cfg_7p5_control_1p5/000000092416/seg.png,/Users/yixiaoz/Desktop/cs348k_proj/outputs/controlNetScale/controlnet_seg/cfg_7p5_control_1p5/000000092416/generated.png,dense_text_plus_seg,6,7.5,1.5,20,0.4585,0.2753,38.4594
20553,Large stuffed animal posed outdoors as if sitting in a chair with beverages on a table.,A large stuffed animal is arranged outdoors in a desert-like environment while seated in a chair beside beverages and decorative items placed on a small table. The unusual setup creates a humorous and imaginative scene. Open ground and sparse surroundings emphasize the contrast between the.,A large stuffed animal is arranged outdoors in a desert-like environment while seated in a chair beside beverages and decorative items placed on a small table. The unusual setup creates a humorous and imaginative scene. Open ground and sparse surroundings emphasize the contrast between the.,/Users/yixiaoz/Desktop/cs348k_proj/outputs/controlNetScale/controlnet_seg/cfg_7p5_control_1p5/000000020553/target.png,/Users/yixiaoz/Desktop/cs348k_proj/outputs/controlNetScale/controlnet_seg/cfg_7p5_control_1p5/000000020553/seg.png,/Users/yixiaoz/Desktop/cs348k_proj/outputs/controlNetScale/controlnet_seg/cfg_7p5_control_1p5/000000020553/generated.png,dense_text_plus_seg,6,7.5,1.5,20,0.6659,0.5663,40.4171
93437,An older man is wearing a funny hat in his dining room.,"An elderly man wearing a distinctive hat stands inside a dining area or kitchen while smiling toward the camera. Household furnishings and cabinets appear in the background, creating a comfortable domestic setting. His expression suggests warmth and friendliness, while the unusual hat adds character and.","An elderly man wearing a distinctive hat stands inside a dining area or kitchen while smiling toward the camera. Household furnishings and cabinets appear in the background, creating a comfortable domestic setting. His expression suggests warmth and friendliness, while the unusual hat adds character and.",/Users/yixiaoz/Desktop/cs348k_proj/outputs/controlNetScale/controlnet_seg/cfg_7p5_control_1p5/000000093437/target.png,/Users/yixiaoz/Desktop/cs348k_proj/outputs/controlNetScale/controlnet_seg/cfg_7p5_control_1p5/000000093437/seg.png,/Users/yixiaoz/Desktop/cs348k_proj/outputs/controlNetScale/controlnet_seg/cfg_7p5_control_1p5/000000093437/generated.png,dense_text_plus_seg,6,7.5,1.5,20,0.5711,0.4361,36.027
89648,People using electronic devises all facing in the same direction.,"Several people sit in rows while using laptops and other electronic devices. Viewed from above, the scene resembles a classroom, workshop, conference, or training session focused on technology. Participants face the same direction and appear engaged with their screens. The arrangement emphasizes learning, collaboration, and.","Several people sit in rows while using laptops and other electronic devices. Viewed from above, the scene resembles a classroom, workshop, conference, or training session focused on technology. Participants face the same direction and appear engaged with their screens. The arrangement emphasizes learning, collaboration, and.",/Users/yixiaoz/Desktop/cs348k_proj/outputs/controlNetScale/controlnet_seg/cfg_7p5_control_1p5/000000089648/target.png,/Users/yixiaoz/Desktop/cs348k_proj/outputs/controlNetScale/controlnet_seg/cfg_7p5_control_1p5/000000089648/seg.png,/Users/yixiaoz/Desktop/cs348k_proj/outputs/controlNetScale/controlnet_seg/cfg_7p5_control_1p5/000000089648/generated.png,dense_text_plus_seg,6,7.5,1.5,20,0.5936,0.2875,33.0672
7574,"A kitchen with two sinks, a counter, detergent, a stove and a refrigerator in it.","A kitchen interior contains wooden cabinets, a refrigerator, a stove, countertops, and cleaning supplies arranged around the room. Various household items are visible near the sink and work surfaces, creating a realistic lived-in appearance. The image emphasizes domestic functionality and organization while showcasing the appliances.","A kitchen interior contains wooden cabinets, a refrigerator, a stove, countertops, and cleaning supplies arranged around the room. Various household items are visible near the sink and work surfaces, creating a realistic lived-in appearance. The image emphasizes domestic functionality and organization while showcasing the appliances.",/Users/yixiaoz/Desktop/cs348k_proj/outputs/controlNetScale/controlnet_seg/cfg_7p5_control_1p5/000000007574/target.png,/Users/yixiaoz/Desktop/cs348k_proj/outputs/controlNetScale/controlnet_seg/cfg_7p5_control_1p5/000000007574/seg.png,/Users/yixiaoz/Desktop/cs348k_proj/outputs/controlNetScale/controlnet_seg/cfg_7p5_control_1p5/000000007574/generated.png,dense_text_plus_seg,6,7.5,1.5,20,0.6586,0.414,34.2111
88040,"Plates of shrimp, vegetables, and noodles served with tea.","Several plates of food are arranged on a table viewed from above, including shrimp, vegetables, noodles, and accompanying beverages. Bowls, cups, and serving dishes contribute to the inviting dining presentation. The meal appears carefully prepared and shared among multiple people. The image highlights culinary variety.","Several plates of food are arranged on a table viewed from above, including shrimp, vegetables, noodles, and accompanying beverages. Bowls, cups, and serving dishes contribute to the inviting dining presentation. The meal appears carefully prepared and shared among multiple people. The image highlights culinary variety.",/Users/yixiaoz/Desktop/cs348k_proj/outputs/controlNetScale/controlnet_seg/cfg_7p5_control_1p5/000000088040/target.png,/Users/yixiaoz/Desktop/cs348k_proj/outputs/controlNetScale/controlnet_seg/cfg_7p5_control_1p5/000000088040/seg.png,/Users/yixiaoz/Desktop/cs348k_proj/outputs/controlNetScale/controlnet_seg/cfg_7p5_control_1p5/000000088040/generated.png,dense_text_plus_seg,6,7.5,1.5,20,0.6529,0.3421,32.9853
4134,Two men standing next to each other holding hands.,"Two men stand together at a formal event while greeting one another and shaking hands. Other attendees and banquet tables are visible in the background, suggesting a conference, reception, or celebration. Their professional attire and engaged expressions indicate a respectful social interaction. The image highlights.","Two men stand together at a formal event while greeting one another and shaking hands. Other attendees and banquet tables are visible in the background, suggesting a conference, reception, or celebration. Their professional attire and engaged expressions indicate a respectful social interaction. The image highlights.",/Users/yixiaoz/Desktop/cs348k_proj/outputs/controlNetScale/controlnet_seg/cfg_7p5_control_1p5/000000004134/target.png,/Users/yixiaoz/Desktop/cs348k_proj/outputs/controlNetScale/controlnet_seg/cfg_7p5_control_1p5/000000004134/seg.png,/Users/yixiaoz/Desktop/cs348k_proj/outputs/controlNetScale/controlnet_seg/cfg_7p5_control_1p5/000000004134/generated.png,dense_text_plus_seg,6,7.5,1.5,20,0.6354,0.4773,35.7828
39769,Two cats sleeping with a remote control near each of them.,Two cats sleep peacefully on a bright pink blanket with television remotes placed nearby. Their relaxed poses and stretched bodies create a calm and comfortable scene. The indoor setting suggests a living room or bedroom where the animals have chosen a soft resting place. The.,Two cats sleep peacefully on a bright pink blanket with television remotes placed nearby. Their relaxed poses and stretched bodies create a calm and comfortable scene. The indoor setting suggests a living room or bedroom where the animals have chosen a soft resting place. The.,/Users/yixiaoz/Desktop/cs348k_proj/outputs/controlNetScale/controlnet_seg/cfg_7p5_control_1p5/000000039769/target.png,/Users/yixiaoz/Desktop/cs348k_proj/outputs/controlNetScale/controlnet_seg/cfg_7p5_control_1p5/000000039769/seg.png,/Users/yixiaoz/Desktop/cs348k_proj/outputs/controlNetScale/controlnet_seg/cfg_7p5_control_1p5/000000039769/generated.png,dense_text_plus_seg,6,7.5,1.5,20,0.5633,0.3741,33.4099
14439,A group of people standing on a field flying a colorful kite.,"A group of people stand together in a grassy park while flying a large colorful kite. Open space, recreational equipment, and other visitors create a lively outdoor environment. Participants work together to manage the kite as it catches the wind above the field. The image.","A group of people stand together in a grassy park while flying a large colorful kite. Open space, recreational equipment, and other visitors create a lively outdoor environment. Participants work together to manage the kite as it catches the wind above the field. The image.",/Users/yixiaoz/Desktop/cs348k_proj/outputs/controlNetScale/controlnet_seg/cfg_7p5_control_1p5/000000014439/target.png,/Users/yixiaoz/Desktop/cs348k_proj/outputs/controlNetScale/controlnet_seg/cfg_7p5_control_1p5/000000014439/seg.png,/Users/yixiaoz/Desktop/cs348k_proj/outputs/controlNetScale/controlnet_seg/cfg_7p5_control_1p5/000000014439/generated.png,dense_text_plus_seg,6,7.5,1.5,20,0.4505,0.2815,38.5885
104669,"A plate with a meal of meat, potatoes, carrots, and broccoli.","A plate holds a complete meal featuring a piece of meat alongside potatoes, carrots, broccoli, and other vegetables. The arrangement is neatly presented, suggesting a restaurant dish or carefully prepared home-cooked dinner. Bright colors from the vegetables contrast with the darker entrée. The image emphasizes.","A plate holds a complete meal featuring a piece of meat alongside potatoes, carrots, broccoli, and other vegetables. The arrangement is neatly presented, suggesting a restaurant dish or carefully prepared home-cooked dinner. Bright colors from the vegetables contrast with the darker entrée. The image emphasizes.",/Users/yixiaoz/Desktop/cs348k_proj/outputs/controlNetScale/controlnet_seg/cfg_7p5_control_1p5/000000104669/target.png,/Users/yixiaoz/Desktop/cs348k_proj/outputs/controlNetScale/controlnet_seg/cfg_7p5_control_1p5/000000104669/seg.png,/Users/yixiaoz/Desktop/cs348k_proj/outputs/controlNetScale/controlnet_seg/cfg_7p5_control_1p5/000000104669/generated.png,dense_text_plus_seg,6,7.5,1.5,20,0.6213,0.321,34.2222
11149,A man sitting on a motorcycle near several bicycles with a partially visible person standing nearby.,"A motorcycle is parked near several bicycles while people stand nearby in an outdoor setting. The collection of vehicles suggests a shared recreational or transportation area. Trees, pathways, and surrounding activity contribute to the public atmosphere. The image highlights different modes of personal transportation and.","A motorcycle is parked near several bicycles while people stand nearby in an outdoor setting. The collection of vehicles suggests a shared recreational or transportation area. Trees, pathways, and surrounding activity contribute to the public atmosphere. The image highlights different modes of personal transportation and.",/Users/yixiaoz/Desktop/cs348k_proj/outputs/controlNetScale/controlnet_seg/cfg_7p5_control_1p5/000000011149/target.png,/Users/yixiaoz/Desktop/cs348k_proj/outputs/controlNetScale/controlnet_seg/cfg_7p5_control_1p5/000000011149/seg.png,/Users/yixiaoz/Desktop/cs348k_proj/outputs/controlNetScale/controlnet_seg/cfg_7p5_control_1p5/000000011149/generated.png,dense_text_plus_seg,6,7.5,1.5,20,0.6005,0.5191,27.9967
52996,A group of women in military outfits helping other women in a kitchen.,"A group of women wearing military-style uniforms work together in a kitchen while preparing food. Large pots, utensils, and work surfaces indicate an organized cooking effort intended to serve many people. Their coordinated activity reflects teamwork and shared responsibility. The image highlights food preparation, community.","A group of women wearing military-style uniforms work together in a kitchen while preparing food. Large pots, utensils, and work surfaces indicate an organized cooking effort intended to serve many people. Their coordinated activity reflects teamwork and shared responsibility. The image highlights food preparation, community.",/Users/yixiaoz/Desktop/cs348k_proj/outputs/controlNetScale/controlnet_seg/cfg_7p5_control_1p5/000000052996/target.png,/Users/yixiaoz/Desktop/cs348k_proj/outputs/controlNetScale/controlnet_seg/cfg_7p5_control_1p5/000000052996/seg.png,/Users/yixiaoz/Desktop/cs348k_proj/outputs/controlNetScale/controlnet_seg/cfg_7p5_control_1p5/000000052996/generated.png,dense_text_plus_seg,6,7.5,1.5,20,0.5826,0.478,34.015
30213,"The picture shows the interior of a kitchen, with vintage refrigerator, stove, and other appliances.","The interior of a vintage-style kitchen is filled with retro appliances, patterned wallpaper, wooden cabinets, and decorative household items. A classic refrigerator, stove, sink, and dining furniture create a nostalgic atmosphere reminiscent of mid-century home design. Various utensils, containers, and decorations are arranged throughout the.","The interior of a vintage-style kitchen is filled with retro appliances, patterned wallpaper, wooden cabinets, and decorative household items. A classic refrigerator, stove, sink, and dining furniture create a nostalgic atmosphere reminiscent of mid-century home design. Various utensils, containers, and decorations are arranged throughout the.",/Users/yixiaoz/Desktop/cs348k_proj/outputs/controlNetScale/controlnet_seg/cfg_7p5_control_1p5/000000030213/target.png,/Users/yixiaoz/Desktop/cs348k_proj/outputs/controlNetScale/controlnet_seg/cfg_7p5_control_1p5/000000030213/seg.png,/Users/yixiaoz/Desktop/cs348k_proj/outputs/controlNetScale/controlnet_seg/cfg_7p5_control_1p5/000000030213/generated.png,dense_text_plus_seg,6,7.5,1.5,20,0.6723,0.3393,34.7167
56127,"A room with a fire extinguisher, mugs hanging from a shelf and several lights.","A narrow interior room contains shelves lined with mugs, a fire extinguisher, counters, hanging lights, and decorative details. Warm lighting and colorful walls create a welcoming atmosphere that resembles a small café, restaurant service area, or compact workspace. The room is carefully organized to maximize.","A narrow interior room contains shelves lined with mugs, a fire extinguisher, counters, hanging lights, and decorative details. Warm lighting and colorful walls create a welcoming atmosphere that resembles a small café, restaurant service area, or compact workspace. The room is carefully organized to maximize.",/Users/yixiaoz/Desktop/cs348k_proj/outputs/controlNetScale/controlnet_seg/cfg_7p5_control_1p5/000000056127/target.png,/Users/yixiaoz/Desktop/cs348k_proj/outputs/controlNetScale/controlnet_seg/cfg_7p5_control_1p5/000000056127/seg.png,/Users/yixiaoz/Desktop/cs348k_proj/outputs/controlNetScale/controlnet_seg/cfg_7p5_control_1p5/000000056127/generated.png,dense_text_plus_seg,6,7.5,1.5,20,0.6926,0.3653,32.6192
84031,A batter swinging a bat at a baseball with the catcher and umpire behind him.,A baseball player swings at a pitch while the catcher and umpire closely follow the action behind home plate. The game takes place on a well-maintained field surrounded by spectators and stadium structures. The batter’s posture captures the intensity and timing required in competitive baseball.,A baseball player swings at a pitch while the catcher and umpire closely follow the action behind home plate. The game takes place on a well-maintained field surrounded by spectators and stadium structures. The batter’s posture captures the intensity and timing required in competitive baseball.,/Users/yixiaoz/Desktop/cs348k_proj/outputs/controlNetScale/controlnet_seg/cfg_7p5_control_1p5/000000084031/target.png,/Users/yixiaoz/Desktop/cs348k_proj/outputs/controlNetScale/controlnet_seg/cfg_7p5_control_1p5/000000084031/seg.png,/Users/yixiaoz/Desktop/cs348k_proj/outputs/controlNetScale/controlnet_seg/cfg_7p5_control_1p5/000000084031/generated.png,dense_text_plus_seg,6,7.5,1.5,20,0.6127,0.4722,34.0718
74209,A black and stainless steel kitchen with a snack bar and bar stools.,"A modern kitchen features stainless steel appliances, polished countertops, pendant lighting, and a snack bar lined with stools. The clean design emphasizes contemporary architecture and efficient use of space. Cabinets, sinks, and work surfaces are neatly arranged to support cooking and dining activities. The room.","A modern kitchen features stainless steel appliances, polished countertops, pendant lighting, and a snack bar lined with stools. The clean design emphasizes contemporary architecture and efficient use of space. Cabinets, sinks, and work surfaces are neatly arranged to support cooking and dining activities. The room.",/Users/yixiaoz/Desktop/cs348k_proj/outputs/controlNetScale/controlnet_seg/cfg_7p5_control_1p5/000000074209/target.png,/Users/yixiaoz/Desktop/cs348k_proj/outputs/controlNetScale/controlnet_seg/cfg_7p5_control_1p5/000000074209/seg.png,/Users/yixiaoz/Desktop/cs348k_proj/outputs/controlNetScale/controlnet_seg/cfg_7p5_control_1p5/000000074209/generated.png,dense_text_plus_seg,6,7.5,1.5,20,0.5388,0.3715,31.523
52891,A dog walking on the beach with a frizzbe in his month.,"A dog stands on a sandy beach while carrying a bright yellow frisbee in its mouth. Ocean water, waves, and distant shoreline scenery create a scenic coastal backdrop. The animal appears alert and energetic, as if engaged in a game of fetch with its owner.","A dog stands on a sandy beach while carrying a bright yellow frisbee in its mouth. Ocean water, waves, and distant shoreline scenery create a scenic coastal backdrop. The animal appears alert and energetic, as if engaged in a game of fetch with its owner.",/Users/yixiaoz/Desktop/cs348k_proj/outputs/controlNetScale/controlnet_seg/cfg_7p5_control_1p5/000000052891/target.png,/Users/yixiaoz/Desktop/cs348k_proj/outputs/controlNetScale/controlnet_seg/cfg_7p5_control_1p5/000000052891/seg.png,/Users/yixiaoz/Desktop/cs348k_proj/outputs/controlNetScale/controlnet_seg/cfg_7p5_control_1p5/000000052891/generated.png,dense_text_plus_seg,6,7.5,1.5,20,0.6446,0.4638,33.9917
99039,Plates of food and two glasses of red wine are on a table.,Several plates of food and two glasses of red wine are arranged on a table beside a large window overlooking greenery and nearby buildings. The setting appears to be a restaurant or dining area where people are enjoying a meal together. Soft natural light enters.,Several plates of food and two glasses of red wine are arranged on a table beside a large window overlooking greenery and nearby buildings. The setting appears to be a restaurant or dining area where people are enjoying a meal together. Soft natural light enters.,/Users/yixiaoz/Desktop/cs348k_proj/outputs/controlNetScale/controlnet_seg/cfg_7p5_control_1p5/000000099039/target.png,/Users/yixiaoz/Desktop/cs348k_proj/outputs/controlNetScale/controlnet_seg/cfg_7p5_control_1p5/000000099039/seg.png,/Users/yixiaoz/Desktop/cs348k_proj/outputs/controlNetScale/controlnet_seg/cfg_7p5_control_1p5/000000099039/generated.png,dense_text_plus_seg,6,7.5,1.5,20,0.5467,0.3755,33.4803
66635,"An apple computer monitor, keyboard and mouse sits on top of a clean wooden desk.","An Apple desktop computer sits on a clean wooden desk alongside a keyboard and mouse. The workspace is simple, organized, and free from clutter, emphasizing productivity and focus. The monitor occupies the center of the arrangement while the surrounding furniture provides ample working space. The.","An Apple desktop computer sits on a clean wooden desk alongside a keyboard and mouse. The workspace is simple, organized, and free from clutter, emphasizing productivity and focus. The monitor occupies the center of the arrangement while the surrounding furniture provides ample working space. The.",/Users/yixiaoz/Desktop/cs348k_proj/outputs/controlNetScale/controlnet_seg/cfg_7p5_control_1p5/000000066635/target.png,/Users/yixiaoz/Desktop/cs348k_proj/outputs/controlNetScale/controlnet_seg/cfg_7p5_control_1p5/000000066635/seg.png,/Users/yixiaoz/Desktop/cs348k_proj/outputs/controlNetScale/controlnet_seg/cfg_7p5_control_1p5/000000066635/generated.png,dense_text_plus_seg,6,7.5,1.5,20,0.5458,0.4292,34.8035
107226,Men race on wheeled vehicles towed by a group of husky dogs.,Competitors participate in a dog-powered racing event where huskies pull wheeled vehicles through an outdoor course. Spectators gather nearby to watch the action while handlers guide the dogs. The animals appear strong and energetic as they work together as a team. The image highlights sporting.,Competitors participate in a dog-powered racing event where huskies pull wheeled vehicles through an outdoor course. Spectators gather nearby to watch the action while handlers guide the dogs. The animals appear strong and energetic as they work together as a team. The image highlights sporting.,/Users/yixiaoz/Desktop/cs348k_proj/outputs/controlNetScale/controlnet_seg/cfg_7p5_control_1p5/000000107226/target.png,/Users/yixiaoz/Desktop/cs348k_proj/outputs/controlNetScale/controlnet_seg/cfg_7p5_control_1p5/000000107226/seg.png,/Users/yixiaoz/Desktop/cs348k_proj/outputs/controlNetScale/controlnet_seg/cfg_7p5_control_1p5/000000107226/generated.png,dense_text_plus_seg,6,7.5,1.5,20,0.6841,0.4395,38.657
14038,A kitchen with hard wood floors and a yellow smiley face balloon.,"A living room decorated for a celebration contains colorful balloons, furniture, and a large yellow smiley-face balloon suspended near the ceiling. The room features wooden flooring, entertainment equipment, and decorative touches that create a festive atmosphere. The arrangement suggests a birthday party or social gathering.","A living room decorated for a celebration contains colorful balloons, furniture, and a large yellow smiley-face balloon suspended near the ceiling. The room features wooden flooring, entertainment equipment, and decorative touches that create a festive atmosphere. The arrangement suggests a birthday party or social gathering.",/Users/yixiaoz/Desktop/cs348k_proj/outputs/controlNetScale/controlnet_seg/cfg_7p5_control_1p5/000000014038/target.png,/Users/yixiaoz/Desktop/cs348k_proj/outputs/controlNetScale/controlnet_seg/cfg_7p5_control_1p5/000000014038/seg.png,/Users/yixiaoz/Desktop/cs348k_proj/outputs/controlNetScale/controlnet_seg/cfg_7p5_control_1p5/000000014038/generated.png,dense_text_plus_seg,6,7.5,1.5,20,0.6743,0.4013,37.1724
114884,"A woman with a cigarette standing, while a group of people with luggage walk towards a bus.","A woman stands inside a transportation terminal while travelers carrying luggage move through the background toward buses or other transit services. The spacious facility contains seating areas, structural supports, and signs associated with public transportation. People appear focused on their journeys as they navigate the.","A woman stands inside a transportation terminal while travelers carrying luggage move through the background toward buses or other transit services. The spacious facility contains seating areas, structural supports, and signs associated with public transportation. People appear focused on their journeys as they navigate the.",/Users/yixiaoz/Desktop/cs348k_proj/outputs/controlNetScale/controlnet_seg/cfg_7p5_control_1p5/000000114884/target.png,/Users/yixiaoz/Desktop/cs348k_proj/outputs/controlNetScale/controlnet_seg/cfg_7p5_control_1p5/000000114884/seg.png,/Users/yixiaoz/Desktop/cs348k_proj/outputs/controlNetScale/controlnet_seg/cfg_7p5_control_1p5/000000114884/generated.png,dense_text_plus_seg,6,7.5,1.5,20,0.6258,0.4344,33.7637
12120,A couple of women playing a game of tennis on a tennis court.,"Two women compete in a tennis match on a professional court surrounded by spectators and stadium seating. Both athletes focus intensely on the ball as they move across the blue playing surface. The sporting venue includes advertising displays, officials, and fans observing the competition. The.","Two women compete in a tennis match on a professional court surrounded by spectators and stadium seating. Both athletes focus intensely on the ball as they move across the blue playing surface. The sporting venue includes advertising displays, officials, and fans observing the competition. The.",/Users/yixiaoz/Desktop/cs348k_proj/outputs/controlNetScale/controlnet_seg/cfg_7p5_control_1p5/000000012120/target.png,/Users/yixiaoz/Desktop/cs348k_proj/outputs/controlNetScale/controlnet_seg/cfg_7p5_control_1p5/000000012120/seg.png,/Users/yixiaoz/Desktop/cs348k_proj/outputs/controlNetScale/controlnet_seg/cfg_7p5_control_1p5/000000012120/generated.png,dense_text_plus_seg,6,7.5,1.5,20,0.7214,0.3648,33.5112
87470,a big heard of cows walking down a road in a row with green tags on their ears,A large herd of cattle walks together along a rural road bordered by open countryside. The animals move in an organized line while green ear tags help identify members of the herd. Rolling terrain and natural vegetation create an agricultural landscape in the background. The.,A large herd of cattle walks together along a rural road bordered by open countryside. The animals move in an organized line while green ear tags help identify members of the herd. Rolling terrain and natural vegetation create an agricultural landscape in the background. The.,/Users/yixiaoz/Desktop/cs348k_proj/outputs/controlNetScale/controlnet_seg/cfg_7p5_control_1p5/000000087470/target.png,/Users/yixiaoz/Desktop/cs348k_proj/outputs/controlNetScale/controlnet_seg/cfg_7p5_control_1p5/000000087470/seg.png,/Users/yixiaoz/Desktop/cs348k_proj/outputs/controlNetScale/controlnet_seg/cfg_7p5_control_1p5/000000087470/generated.png,dense_text_plus_seg,6,7.5,1.5,20,0.5344,0.3991,33.4349
41872,"A bedroom with  a large bed facing a fireplace that has a television over the top of it, in a shelf space.","A comfortable bedroom contains a large bed, fireplace, television, built-in shelving, and warm lighting. Soft furnishings and decorative details create a relaxing atmosphere designed for rest and comfort. The layout resembles a hotel suite or upscale residential bedroom where entertainment and relaxation are combined in.","A comfortable bedroom contains a large bed, fireplace, television, built-in shelving, and warm lighting. Soft furnishings and decorative details create a relaxing atmosphere designed for rest and comfort. The layout resembles a hotel suite or upscale residential bedroom where entertainment and relaxation are combined in.",/Users/yixiaoz/Desktop/cs348k_proj/outputs/controlNetScale/controlnet_seg/cfg_7p5_control_1p5/000000041872/target.png,/Users/yixiaoz/Desktop/cs348k_proj/outputs/controlNetScale/controlnet_seg/cfg_7p5_control_1p5/000000041872/seg.png,/Users/yixiaoz/Desktop/cs348k_proj/outputs/controlNetScale/controlnet_seg/cfg_7p5_control_1p5/000000041872/generated.png,dense_text_plus_seg,6,7.5,1.5,20,0.7652,0.4811,29.1131
60899,The young boy is playing in the living room of his house.,"A young boy plays in a living room while raising an object above his head. Household furniture, rugs, and natural light create a comfortable domestic setting. The child appears energetic and engaged in imaginative play. The image captures a candid family moment that reflects childhood.","A young boy plays in a living room while raising an object above his head. Household furniture, rugs, and natural light create a comfortable domestic setting. The child appears energetic and engaged in imaginative play. The image captures a candid family moment that reflects childhood.",/Users/yixiaoz/Desktop/cs348k_proj/outputs/controlNetScale/controlnet_seg/cfg_7p5_control_1p5/000000060899/target.png,/Users/yixiaoz/Desktop/cs348k_proj/outputs/controlNetScale/controlnet_seg/cfg_7p5_control_1p5/000000060899/seg.png,/Users/yixiaoz/Desktop/cs348k_proj/outputs/controlNetScale/controlnet_seg/cfg_7p5_control_1p5/000000060899/generated.png,dense_text_plus_seg,6,7.5,1.5,20,0.5916,0.5114,34.8181
46872,a man standing next to a truck with some stuff on it,"A man stands beside a flatbed truck loaded with large industrial materials and equipment. The outdoor setting suggests a construction, transportation, or delivery operation. The truck occupies most of the scene while the worker appears to inspect or supervise the cargo. The image highlights logistics.","A man stands beside a flatbed truck loaded with large industrial materials and equipment. The outdoor setting suggests a construction, transportation, or delivery operation. The truck occupies most of the scene while the worker appears to inspect or supervise the cargo. The image highlights logistics.",/Users/yixiaoz/Desktop/cs348k_proj/outputs/controlNetScale/controlnet_seg/cfg_7p5_control_1p5/000000046872/target.png,/Users/yixiaoz/Desktop/cs348k_proj/outputs/controlNetScale/controlnet_seg/cfg_7p5_control_1p5/000000046872/seg.png,/Users/yixiaoz/Desktop/cs348k_proj/outputs/controlNetScale/controlnet_seg/cfg_7p5_control_1p5/000000046872/generated.png,dense_text_plus_seg,6,7.5,1.5,20,0.6092,0.5337,31.1597
33638,A woman wearing shorts bends over a frying pan on a stove.,"A woman bends over a stove while preparing food in a traditional kitchen. Pots, utensils, and cooking equipment surround her as she works on a meal. The room contains functional appliances and furnishings that support everyday household cooking. The image emphasizes domestic life, food preparation.","A woman bends over a stove while preparing food in a traditional kitchen. Pots, utensils, and cooking equipment surround her as she works on a meal. The room contains functional appliances and furnishings that support everyday household cooking. The image emphasizes domestic life, food preparation.",/Users/yixiaoz/Desktop/cs348k_proj/outputs/controlNetScale/controlnet_seg/cfg_7p5_control_1p5/000000033638/target.png,/Users/yixiaoz/Desktop/cs348k_proj/outputs/controlNetScale/controlnet_seg/cfg_7p5_control_1p5/000000033638/seg.png,/Users/yixiaoz/Desktop/cs348k_proj/outputs/controlNetScale/controlnet_seg/cfg_7p5_control_1p5/000000033638/generated.png,dense_text_plus_seg,6,7.5,1.5,20,0.7294,0.5557,35.5582
66038,The father and daughter are under an umbrella on the beach.,"A father and daughter relax beneath colorful beach umbrellas near the shoreline. Sand, water, and bright weather create a pleasant coastal environment suited for recreation and family outings. The pair appear comfortable as they spend time together enjoying the outdoors. The image highlights family relationships.","A father and daughter relax beneath colorful beach umbrellas near the shoreline. Sand, water, and bright weather create a pleasant coastal environment suited for recreation and family outings. The pair appear comfortable as they spend time together enjoying the outdoors. The image highlights family relationships.",/Users/yixiaoz/Desktop/cs348k_proj/outputs/controlNetScale/controlnet_seg/cfg_7p5_control_1p5/000000066038/target.png,/Users/yixiaoz/Desktop/cs348k_proj/outputs/controlNetScale/controlnet_seg/cfg_7p5_control_1p5/000000066038/seg.png,/Users/yixiaoz/Desktop/cs348k_proj/outputs/controlNetScale/controlnet_seg/cfg_7p5_control_1p5/000000066038/generated.png,dense_text_plus_seg,6,7.5,1.5,20,0.5826,0.2816,31.1965
86582,A person watering plants with a computer in the foreground.,"A laptop computer sits prominently in the foreground while a person tends plants in the background. Potted plants, gardening supplies, and outdoor views create a peaceful setting that combines technology with nature. The scene suggests remote work, personal projects, or a lifestyle that balances digital.","A laptop computer sits prominently in the foreground while a person tends plants in the background. Potted plants, gardening supplies, and outdoor views create a peaceful setting that combines technology with nature. The scene suggests remote work, personal projects, or a lifestyle that balances digital.",/Users/yixiaoz/Desktop/cs348k_proj/outputs/controlNetScale/controlnet_seg/cfg_7p5_control_1p5/000000086582/target.png,/Users/yixiaoz/Desktop/cs348k_proj/outputs/controlNetScale/controlnet_seg/cfg_7p5_control_1p5/000000086582/seg.png,/Users/yixiaoz/Desktop/cs348k_proj/outputs/controlNetScale/controlnet_seg/cfg_7p5_control_1p5/000000086582/generated.png,dense_text_plus_seg,6,7.5,1.5,20,0.616,0.3874,35.0678
32610,Assortment of laptop computers displayed on table with backpacks full of electronic cords.,"Multiple laptop computers, backpacks, cables, and electronic accessories are displayed across a table. The collection of equipment suggests a workshop, conference, classroom, or technology-focused event. Devices are arranged side by side, emphasizing preparation and connectivity. The image highlights digital tools used for communication, learning, and.","Multiple laptop computers, backpacks, cables, and electronic accessories are displayed across a table. The collection of equipment suggests a workshop, conference, classroom, or technology-focused event. Devices are arranged side by side, emphasizing preparation and connectivity. The image highlights digital tools used for communication, learning, and.",/Users/yixiaoz/Desktop/cs348k_proj/outputs/controlNetScale/controlnet_seg/cfg_7p5_control_1p5/000000032610/target.png,/Users/yixiaoz/Desktop/cs348k_proj/outputs/controlNetScale/controlnet_seg/cfg_7p5_control_1p5/000000032610/seg.png,/Users/yixiaoz/Desktop/cs348k_proj/outputs/controlNetScale/controlnet_seg/cfg_7p5_control_1p5/000000032610/generated.png,dense_text_plus_seg,6,7.5,1.5,20,0.6259,0.3751,34.7485
8021,An audience is looking at an film of a man taking that is projected onto a wall.,"A speaker stands in front of a large projected image while addressing an audience seated in a darkened room. The presentation appears to be part of a conference, lecture, or public event. Audience members focus on the stage while the presenter gestures toward visual material.","A speaker stands in front of a large projected image while addressing an audience seated in a darkened room. The presentation appears to be part of a conference, lecture, or public event. Audience members focus on the stage while the presenter gestures toward visual material.",/Users/yixiaoz/Desktop/cs348k_proj/outputs/controlNetScale/controlnet_seg/cfg_7p5_control_1p5/000000008021/target.png,/Users/yixiaoz/Desktop/cs348k_proj/outputs/controlNetScale/controlnet_seg/cfg_7p5_control_1p5/000000008021/seg.png,/Users/yixiaoz/Desktop/cs348k_proj/outputs/controlNetScale/controlnet_seg/cfg_7p5_control_1p5/000000008021/generated.png,dense_text_plus_seg,6,7.5,1.5,20,0.6588,0.4922,34.7761
81738,Someone about to cut and birthday cake with blue and yellow frosting.,"A rectangular birthday cake decorated with blue and yellow frosting sits on a kitchen counter while a person uses a knife to cut into it. The cake appears homemade or specially prepared for a celebration, with decorative writing and icing patterns spread across the surface.","A rectangular birthday cake decorated with blue and yellow frosting sits on a kitchen counter while a person uses a knife to cut into it. The cake appears homemade or specially prepared for a celebration, with decorative writing and icing patterns spread across the surface.",/Users/yixiaoz/Desktop/cs348k_proj/outputs/controlNetScale/controlnet_seg/cfg_7p5_control_1p5/000000081738/target.png,/Users/yixiaoz/Desktop/cs348k_proj/outputs/controlNetScale/controlnet_seg/cfg_7p5_control_1p5/000000081738/seg.png,/Users/yixiaoz/Desktop/cs348k_proj/outputs/controlNetScale/controlnet_seg/cfg_7p5_control_1p5/000000081738/generated.png,dense_text_plus_seg,6,7.5,1.5,20,0.7407,0.5488,38.2661
94944,A skier on skies and a snowboarder carrying a snowboard on a mountain slope.,"Several people are gathered on a snowy mountain slope surrounded by dramatic alpine scenery and distant snow-covered peaks. One individual carries a snowboard while others prepare equipment or rest nearby. The expansive landscape dominates the background, emphasizing the scale of the mountainous environment. The image.","Several people are gathered on a snowy mountain slope surrounded by dramatic alpine scenery and distant snow-covered peaks. One individual carries a snowboard while others prepare equipment or rest nearby. The expansive landscape dominates the background, emphasizing the scale of the mountainous environment. The image.",/Users/yixiaoz/Desktop/cs348k_proj/outputs/controlNetScale/controlnet_seg/cfg_7p5_control_1p5/000000094944/target.png,/Users/yixiaoz/Desktop/cs348k_proj/outputs/controlNetScale/controlnet_seg/cfg_7p5_control_1p5/000000094944/seg.png,/Users/yixiaoz/Desktop/cs348k_proj/outputs/controlNetScale/controlnet_seg/cfg_7p5_control_1p5/000000094944/generated.png,dense_text_plus_seg,6,7.5,1.5,20,0.5862,0.3445,31.9991
48504,A brown and a gray elephant are in a circus ring and the brown elephant is walking behind the gray elephant as well as two people training them are standing nearby.,Two elephants stand inside a large indoor training or exhibition space while handlers supervise them nearby. One elephant follows behind the other as they move across the floor beneath overhead lighting and structural beams. Equipment and barriers suggest a controlled environment designed for animal care.,Two elephants stand inside a large indoor training or exhibition space while handlers supervise them nearby. One elephant follows behind the other as they move across the floor beneath overhead lighting and structural beams. Equipment and barriers suggest a controlled environment designed for animal care.,/Users/yixiaoz/Desktop/cs348k_proj/outputs/controlNetScale/controlnet_seg/cfg_7p5_control_1p5/000000048504/target.png,/Users/yixiaoz/Desktop/cs348k_proj/outputs/controlNetScale/controlnet_seg/cfg_7p5_control_1p5/000000048504/seg.png,/Users/yixiaoz/Desktop/cs348k_proj/outputs/controlNetScale/controlnet_seg/cfg_7p5_control_1p5/000000048504/generated.png,dense_text_plus_seg,6,7.5,1.5,20,0.5963,0.4454,39.7565
69213,Two men who are wearing suits and hats standing next to each other.,"Two men wearing dark suits and matching hats stand side by side outdoors while looking toward the camera. Their formal attire contrasts with the busy background, where people and vehicles are visible. The pair appear composed and confident, suggesting they may be attending a formal.","Two men wearing dark suits and matching hats stand side by side outdoors while looking toward the camera. Their formal attire contrasts with the busy background, where people and vehicles are visible. The pair appear composed and confident, suggesting they may be attending a formal.",/Users/yixiaoz/Desktop/cs348k_proj/outputs/controlNetScale/controlnet_seg/cfg_7p5_control_1p5/000000069213/target.png,/Users/yixiaoz/Desktop/cs348k_proj/outputs/controlNetScale/controlnet_seg/cfg_7p5_control_1p5/000000069213/seg.png,/Users/yixiaoz/Desktop/cs348k_proj/outputs/controlNetScale/controlnet_seg/cfg_7p5_control_1p5/000000069213/generated.png,dense_text_plus_seg,6,7.5,1.5,20,0.5573,0.3949,36.0095
44877,Two people are in a wheelchair and only one of them is holding a racket.,"Two people are positioned on a tennis court, one seated in a wheelchair while holding a tennis racket. The scene highlights adaptive sports and athletic participation regardless of physical ability. Both individuals focus on the activity taking place on the court, surrounded by fencing and.","Two people are positioned on a tennis court, one seated in a wheelchair while holding a tennis racket. The scene highlights adaptive sports and athletic participation regardless of physical ability. Both individuals focus on the activity taking place on the court, surrounded by fencing and.",/Users/yixiaoz/Desktop/cs348k_proj/outputs/controlNetScale/controlnet_seg/cfg_7p5_control_1p5/000000044877/target.png,/Users/yixiaoz/Desktop/cs348k_proj/outputs/controlNetScale/controlnet_seg/cfg_7p5_control_1p5/000000044877/seg.png,/Users/yixiaoz/Desktop/cs348k_proj/outputs/controlNetScale/controlnet_seg/cfg_7p5_control_1p5/000000044877/generated.png,dense_text_plus_seg,6,7.5,1.5,20,0.6304,0.4033,33.8497
74058,A sidewalk next to the outdoor sitting area of a restaurant.,"A black-and-white street scene shows a sidewalk café or restaurant with outdoor seating positioned beside a busy road. Bicycles are parked nearby while tables and chairs extend beneath awnings. Cars line the street and pedestrians move through the area. The monochrome presentation emphasizes geometry, shadows.","A black-and-white street scene shows a sidewalk café or restaurant with outdoor seating positioned beside a busy road. Bicycles are parked nearby while tables and chairs extend beneath awnings. Cars line the street and pedestrians move through the area. The monochrome presentation emphasizes geometry, shadows.",/Users/yixiaoz/Desktop/cs348k_proj/outputs/controlNetScale/controlnet_seg/cfg_7p5_control_1p5/000000074058/target.png,/Users/yixiaoz/Desktop/cs348k_proj/outputs/controlNetScale/controlnet_seg/cfg_7p5_control_1p5/000000074058/seg.png,/Users/yixiaoz/Desktop/cs348k_proj/outputs/controlNetScale/controlnet_seg/cfg_7p5_control_1p5/000000074058/generated.png,dense_text_plus_seg,6,7.5,1.5,20,0.5744,0.375,33.5997
69356,An Indian woman stands in front of a man selling his fruit,"A fruit vendor stands beside a colorful outdoor market stall filled with oranges, bananas, and other produce. A woman stands nearby while additional people move through the area. Trees and buildings line the background, suggesting a neighborhood street market. The image highlights small-scale commerce, local.","A fruit vendor stands beside a colorful outdoor market stall filled with oranges, bananas, and other produce. A woman stands nearby while additional people move through the area. Trees and buildings line the background, suggesting a neighborhood street market. The image highlights small-scale commerce, local.",/Users/yixiaoz/Desktop/cs348k_proj/outputs/controlNetScale/controlnet_seg/cfg_7p5_control_1p5/000000069356/target.png,/Users/yixiaoz/Desktop/cs348k_proj/outputs/controlNetScale/controlnet_seg/cfg_7p5_control_1p5/000000069356/seg.png,/Users/yixiaoz/Desktop/cs348k_proj/outputs/controlNetScale/controlnet_seg/cfg_7p5_control_1p5/000000069356/generated.png,dense_text_plus_seg,6,7.5,1.5,20,0.5864,0.2815,34.8692
57232,A chair is fashioned from baseball bats and two cushions.,"A chair has been creatively constructed from baseball bats and cushioned seating materials, transforming sporting equipment into functional furniture. Additional decorative items, including a globe and various objects, surround the unusual piece. The craftsmanship demonstrates artistic repurposing and design innovation. The image highlights the intersection.","A chair has been creatively constructed from baseball bats and cushioned seating materials, transforming sporting equipment into functional furniture. Additional decorative items, including a globe and various objects, surround the unusual piece. The craftsmanship demonstrates artistic repurposing and design innovation. The image highlights the intersection.",/Users/yixiaoz/Desktop/cs348k_proj/outputs/controlNetScale/controlnet_seg/cfg_7p5_control_1p5/000000057232/target.png,/Users/yixiaoz/Desktop/cs348k_proj/outputs/controlNetScale/controlnet_seg/cfg_7p5_control_1p5/000000057232/seg.png,/Users/yixiaoz/Desktop/cs348k_proj/outputs/controlNetScale/controlnet_seg/cfg_7p5_control_1p5/000000057232/generated.png,dense_text_plus_seg,6,7.5,1.5,20,0.666,0.4809,38.3256
5193,A group of people pose for a picture while a man holds two surfboards.,"A group of people gathers indoors for a photograph while one individual holds two colorful surfboards upright. Several children and adults pose together, smiling toward the camera. The surfboards act as focal points, suggesting a beach, surfing, or recreational theme. The image captures a celebratory.","A group of people gathers indoors for a photograph while one individual holds two colorful surfboards upright. Several children and adults pose together, smiling toward the camera. The surfboards act as focal points, suggesting a beach, surfing, or recreational theme. The image captures a celebratory.",/Users/yixiaoz/Desktop/cs348k_proj/outputs/controlNetScale/controlnet_seg/cfg_7p5_control_1p5/000000005193/target.png,/Users/yixiaoz/Desktop/cs348k_proj/outputs/controlNetScale/controlnet_seg/cfg_7p5_control_1p5/000000005193/seg.png,/Users/yixiaoz/Desktop/cs348k_proj/outputs/controlNetScale/controlnet_seg/cfg_7p5_control_1p5/000000005193/generated.png,dense_text_plus_seg,6,7.5,1.5,20,0.7357,0.5191,40.198
94751,A traffic light and a signpost at a crossroads intersection near a waterway.,"Traffic lights and road signs stand at an intersection near a waterfront area. Fences, streets, and utility structures define the urban landscape while water and distant infrastructure appear in the background. The scene focuses on transportation systems and traffic management rather than people. The image.","Traffic lights and road signs stand at an intersection near a waterfront area. Fences, streets, and utility structures define the urban landscape while water and distant infrastructure appear in the background. The scene focuses on transportation systems and traffic management rather than people. The image.",/Users/yixiaoz/Desktop/cs348k_proj/outputs/controlNetScale/controlnet_seg/cfg_7p5_control_1p5/000000094751/target.png,/Users/yixiaoz/Desktop/cs348k_proj/outputs/controlNetScale/controlnet_seg/cfg_7p5_control_1p5/000000094751/seg.png,/Users/yixiaoz/Desktop/cs348k_proj/outputs/controlNetScale/controlnet_seg/cfg_7p5_control_1p5/000000094751/generated.png,dense_text_plus_seg,6,7.5,1.5,20,0.6278,0.517,26.6284
13546,Young man on skate board balancing on concrete barrier near sidewalk with small park area near by.,"A skateboarder balances on a concrete structure within a small park while performing a trick. The rider’s posture demonstrates concentration and control as wheels contact the edge of the obstacle. Grass, pathways, and recreational facilities surround the scene. The image captures motion and athletic skill.","A skateboarder balances on a concrete structure within a small park while performing a trick. The rider’s posture demonstrates concentration and control as wheels contact the edge of the obstacle. Grass, pathways, and recreational facilities surround the scene. The image captures motion and athletic skill.",/Users/yixiaoz/Desktop/cs348k_proj/outputs/controlNetScale/controlnet_seg/cfg_7p5_control_1p5/000000013546/target.png,/Users/yixiaoz/Desktop/cs348k_proj/outputs/controlNetScale/controlnet_seg/cfg_7p5_control_1p5/000000013546/seg.png,/Users/yixiaoz/Desktop/cs348k_proj/outputs/controlNetScale/controlnet_seg/cfg_7p5_control_1p5/000000013546/generated.png,dense_text_plus_seg,6,7.5,1.5,20,0.5071,0.3063,33.6105
112378,A bunch of bananas on a wooden bench with hammocks in the background.,"A bunch of bananas rests on a wooden bench in an outdoor setting where hammocks and tropical vegetation appear in the background. The fruit is arranged casually, creating a simple still-life composition. Natural lighting and greenery contribute to a relaxed atmosphere. The image highlights everyday.","A bunch of bananas rests on a wooden bench in an outdoor setting where hammocks and tropical vegetation appear in the background. The fruit is arranged casually, creating a simple still-life composition. Natural lighting and greenery contribute to a relaxed atmosphere. The image highlights everyday.",/Users/yixiaoz/Desktop/cs348k_proj/outputs/controlNetScale/controlnet_seg/cfg_7p5_control_1p5/000000112378/target.png,/Users/yixiaoz/Desktop/cs348k_proj/outputs/controlNetScale/controlnet_seg/cfg_7p5_control_1p5/000000112378/seg.png,/Users/yixiaoz/Desktop/cs348k_proj/outputs/controlNetScale/controlnet_seg/cfg_7p5_control_1p5/000000112378/generated.png,dense_text_plus_seg,6,7.5,1.5,20,0.7115,0.4906,37.6318
57672,a river.A group of people with life jacket rowing a long boat in,"A long rowing boat moves across a calm river while a coordinated team of rowers wearing life jackets paddles together. Their synchronized effort propels the vessel through the water as spectators and shoreline features remain visible in the distance. The image highlights teamwork, endurance, and.","A long rowing boat moves across a calm river while a coordinated team of rowers wearing life jackets paddles together. Their synchronized effort propels the vessel through the water as spectators and shoreline features remain visible in the distance. The image highlights teamwork, endurance, and.",/Users/yixiaoz/Desktop/cs348k_proj/outputs/controlNetScale/controlnet_seg/cfg_7p5_control_1p5/000000057672/target.png,/Users/yixiaoz/Desktop/cs348k_proj/outputs/controlNetScale/controlnet_seg/cfg_7p5_control_1p5/000000057672/seg.png,/Users/yixiaoz/Desktop/cs348k_proj/outputs/controlNetScale/controlnet_seg/cfg_7p5_control_1p5/000000057672/generated.png,dense_text_plus_seg,6,7.5,1.5,20,0.5226,0.2937,31.8709
19432,He's almost got this tennis ball at the end of his racket.,"A tennis player focuses intensely on a ball approaching the racket during a match on a professional court. Stadium seating and fencing create the backdrop while the athlete prepares to make contact. The composition freezes a precise moment that requires timing, concentration, and technical skill.","A tennis player focuses intensely on a ball approaching the racket during a match on a professional court. Stadium seating and fencing create the backdrop while the athlete prepares to make contact. The composition freezes a precise moment that requires timing, concentration, and technical skill.",/Users/yixiaoz/Desktop/cs348k_proj/outputs/controlNetScale/controlnet_seg/cfg_7p5_control_1p5/000000019432/target.png,/Users/yixiaoz/Desktop/cs348k_proj/outputs/controlNetScale/controlnet_seg/cfg_7p5_control_1p5/000000019432/seg.png,/Users/yixiaoz/Desktop/cs348k_proj/outputs/controlNetScale/controlnet_seg/cfg_7p5_control_1p5/000000019432/generated.png,dense_text_plus_seg,6,7.5,1.5,20,0.6988,0.4367,34.528
73702,A couple of guys standingoutside in the sun talking to each other.,"Several people stand together outdoors near a transportation or public-service area while engaged in conversation. Some individuals carry bags or wear protective clothing, suggesting travel, work, or transit-related activities. The scene appears candid and documentary in nature, focusing on social interaction rather than posed photography.","Several people stand together outdoors near a transportation or public-service area while engaged in conversation. Some individuals carry bags or wear protective clothing, suggesting travel, work, or transit-related activities. The scene appears candid and documentary in nature, focusing on social interaction rather than posed photography.",/Users/yixiaoz/Desktop/cs348k_proj/outputs/controlNetScale/controlnet_seg/cfg_7p5_control_1p5/000000073702/target.png,/Users/yixiaoz/Desktop/cs348k_proj/outputs/controlNetScale/controlnet_seg/cfg_7p5_control_1p5/000000073702/seg.png,/Users/yixiaoz/Desktop/cs348k_proj/outputs/controlNetScale/controlnet_seg/cfg_7p5_control_1p5/000000073702/generated.png,dense_text_plus_seg,6,7.5,1.5,20,0.6564,0.4933,28.684
84241,Three women cooking in a professional kitchen together.,"Three women work together inside a professional kitchen while preparing food. Large bowls of vegetables, cookware, and stainless-steel surfaces surround them as they coordinate meal preparation. The environment suggests a restaurant, catering operation, or culinary training setting. The image highlights teamwork, food service, and culinary.","Three women work together inside a professional kitchen while preparing food. Large bowls of vegetables, cookware, and stainless-steel surfaces surround them as they coordinate meal preparation. The environment suggests a restaurant, catering operation, or culinary training setting. The image highlights teamwork, food service, and culinary.",/Users/yixiaoz/Desktop/cs348k_proj/outputs/controlNetScale/controlnet_seg/cfg_7p5_control_1p5/000000084241/target.png,/Users/yixiaoz/Desktop/cs348k_proj/outputs/controlNetScale/controlnet_seg/cfg_7p5_control_1p5/000000084241/seg.png,/Users/yixiaoz/Desktop/cs348k_proj/outputs/controlNetScale/controlnet_seg/cfg_7p5_control_1p5/000000084241/generated.png,dense_text_plus_seg,6,7.5,1.5,20,0.6799,0.4478,35.3137
34417,Donuts traveling down an assembly line in a factory while people work behind it.,"Donuts move along a production line inside a bakery or food-processing facility while workers supervise operations in the background. Conveyors, trays, and industrial equipment are visible throughout the workspace. The image illustrates large-scale food production and the systems used to manufacture baked goods efficiently. It.","Donuts move along a production line inside a bakery or food-processing facility while workers supervise operations in the background. Conveyors, trays, and industrial equipment are visible throughout the workspace. The image illustrates large-scale food production and the systems used to manufacture baked goods efficiently. It.",/Users/yixiaoz/Desktop/cs348k_proj/outputs/controlNetScale/controlnet_seg/cfg_7p5_control_1p5/000000034417/target.png,/Users/yixiaoz/Desktop/cs348k_proj/outputs/controlNetScale/controlnet_seg/cfg_7p5_control_1p5/000000034417/seg.png,/Users/yixiaoz/Desktop/cs348k_proj/outputs/controlNetScale/controlnet_seg/cfg_7p5_control_1p5/000000034417/generated.png,dense_text_plus_seg,6,7.5,1.5,20,0.6616,0.4363,39.5024
25181,A train station with an awning is depicted with a train on the right platform.,"A train station platform extends into the distance beneath a large canopy, creating strong lines and symmetry throughout the composition. A train sits along one side of the platform while signs and architectural details reinforce the sense of order. The black-and-white presentation emphasizes structure and.","A train station platform extends into the distance beneath a large canopy, creating strong lines and symmetry throughout the composition. A train sits along one side of the platform while signs and architectural details reinforce the sense of order. The black-and-white presentation emphasizes structure and.",/Users/yixiaoz/Desktop/cs348k_proj/outputs/controlNetScale/controlnet_seg/cfg_7p5_control_1p5/000000025181/target.png,/Users/yixiaoz/Desktop/cs348k_proj/outputs/controlNetScale/controlnet_seg/cfg_7p5_control_1p5/000000025181/seg.png,/Users/yixiaoz/Desktop/cs348k_proj/outputs/controlNetScale/controlnet_seg/cfg_7p5_control_1p5/000000025181/generated.png,dense_text_plus_seg,6,7.5,1.5,20,0.5153,0.3479,33.971
67213,"A dog jumping through the air above a pool of water that has been marked for distance, with people watching in the distance.","A dog leaps high above a pool during a dock-diving competition while spectators watch from behind barriers. The animal is captured midair, demonstrating athletic ability, speed, and confidence. Water, measuring equipment, and event organizers suggest a structured sporting competition. The image highlights the bond between.","A dog leaps high above a pool during a dock-diving competition while spectators watch from behind barriers. The animal is captured midair, demonstrating athletic ability, speed, and confidence. Water, measuring equipment, and event organizers suggest a structured sporting competition. The image highlights the bond between.",/Users/yixiaoz/Desktop/cs348k_proj/outputs/controlNetScale/controlnet_seg/cfg_7p5_control_1p5/000000067213/target.png,/Users/yixiaoz/Desktop/cs348k_proj/outputs/controlNetScale/controlnet_seg/cfg_7p5_control_1p5/000000067213/seg.png,/Users/yixiaoz/Desktop/cs348k_proj/outputs/controlNetScale/controlnet_seg/cfg_7p5_control_1p5/000000067213/generated.png,dense_text_plus_seg,6,7.5,1.5,20,0.6646,0.5435,35.1568
94871,A group of people standing around sheep on a field.,"Several sheep stand together in a field while people gather nearby. Different breeds and wool colors create visual variety across the scene. The setting resembles an agricultural fair, livestock exhibition, or rural community event where animals are displayed and evaluated. The image highlights farming culture.","Several sheep stand together in a field while people gather nearby. Different breeds and wool colors create visual variety across the scene. The setting resembles an agricultural fair, livestock exhibition, or rural community event where animals are displayed and evaluated. The image highlights farming culture.",/Users/yixiaoz/Desktop/cs348k_proj/outputs/controlNetScale/controlnet_seg/cfg_7p5_control_1p5/000000094871/target.png,/Users/yixiaoz/Desktop/cs348k_proj/outputs/controlNetScale/controlnet_seg/cfg_7p5_control_1p5/000000094871/seg.png,/Users/yixiaoz/Desktop/cs348k_proj/outputs/controlNetScale/controlnet_seg/cfg_7p5_control_1p5/000000094871/generated.png,dense_text_plus_seg,6,7.5,1.5,20,0.5873,0.3336,33.7454
2685,A crowd of people stand near a man behind a bar with wine bottles on it.,"Several people are gathered around a wooden bar counter inside a restaurant, tasting room, or social event space. A man stands behind the counter near shelves filled with wine bottles while customers stand close together and talk in small groups. The room appears warmly lit.","Several people are gathered around a wooden bar counter inside a restaurant, tasting room, or social event space. A man stands behind the counter near shelves filled with wine bottles while customers stand close together and talk in small groups. The room appears warmly lit.",/Users/yixiaoz/Desktop/cs348k_proj/outputs/controlNetScale/controlnet_seg/cfg_7p5_control_2p0/000000002685/target.png,/Users/yixiaoz/Desktop/cs348k_proj/outputs/controlNetScale/controlnet_seg/cfg_7p5_control_2p0/000000002685/seg.png,/Users/yixiaoz/Desktop/cs348k_proj/outputs/controlNetScale/controlnet_seg/cfg_7p5_control_2p0/000000002685/generated.png,dense_text_plus_seg,6,7.5,2.0,20,0.6774,0.4027,31.9801
6763,A man and a women posing next to one another in front of a table.,"A man and a woman sit close together at a table inside a dimly lit restaurant or bar. The man wears a dress shirt and tie and has his arm around the smiling woman beside him. Plates, utensils, and drinks are visible on the table.","A man and a woman sit close together at a table inside a dimly lit restaurant or bar. The man wears a dress shirt and tie and has his arm around the smiling woman beside him. Plates, utensils, and drinks are visible on the table.",/Users/yixiaoz/Desktop/cs348k_proj/outputs/controlNetScale/controlnet_seg/cfg_7p5_control_2p0/000000006763/target.png,/Users/yixiaoz/Desktop/cs348k_proj/outputs/controlNetScale/controlnet_seg/cfg_7p5_control_2p0/000000006763/seg.png,/Users/yixiaoz/Desktop/cs348k_proj/outputs/controlNetScale/controlnet_seg/cfg_7p5_control_2p0/000000006763/generated.png,dense_text_plus_seg,6,7.5,2.0,20,0.6814,0.6024,32.1134
87144,A baby sitting between a lady and a man on a bench under a tree.,"A woman, a young child, and an elderly man sit on a park bench beneath the shade of a tree. The woman sits on the left wearing a patterned dress, the child sits near the center, and the older man sits on the right wearing.","A woman, a young child, and an elderly man sit on a park bench beneath the shade of a tree. The woman sits on the left wearing a patterned dress, the child sits near the center, and the older man sits on the right wearing.",/Users/yixiaoz/Desktop/cs348k_proj/outputs/controlNetScale/controlnet_seg/cfg_7p5_control_2p0/000000087144/target.png,/Users/yixiaoz/Desktop/cs348k_proj/outputs/controlNetScale/controlnet_seg/cfg_7p5_control_2p0/000000087144/seg.png,/Users/yixiaoz/Desktop/cs348k_proj/outputs/controlNetScale/controlnet_seg/cfg_7p5_control_2p0/000000087144/generated.png,dense_text_plus_seg,6,7.5,2.0,20,0.586,0.405,32.1944
2157,A table topped with a cake covered in berries next to a plate of sandwiches.,"A table covered with a red tablecloth is arranged with desserts and party food in an outdoor or bright dining setting. A large cake topped with blueberries and raspberries sits near the front beside plates of sandwiches, bread, grapes, wine glasses, napkins, and stacked dishes.","A table covered with a red tablecloth is arranged with desserts and party food in an outdoor or bright dining setting. A large cake topped with blueberries and raspberries sits near the front beside plates of sandwiches, bread, grapes, wine glasses, napkins, and stacked dishes.",/Users/yixiaoz/Desktop/cs348k_proj/outputs/controlNetScale/controlnet_seg/cfg_7p5_control_2p0/000000002157/target.png,/Users/yixiaoz/Desktop/cs348k_proj/outputs/controlNetScale/controlnet_seg/cfg_7p5_control_2p0/000000002157/seg.png,/Users/yixiaoz/Desktop/cs348k_proj/outputs/controlNetScale/controlnet_seg/cfg_7p5_control_2p0/000000002157/generated.png,dense_text_plus_seg,6,7.5,2.0,20,0.5908,0.3002,39.7724
14226,A person is sitting in a chair at a table with a laptop computer.,A man sits alone in a passenger train or railcar while using a laptop computer on a fold-out table in front of him. He wears a jacket and looks downward toward the screen with a focused expression. A large window beside him shows blurred scenery.,A man sits alone in a passenger train or railcar while using a laptop computer on a fold-out table in front of him. He wears a jacket and looks downward toward the screen with a focused expression. A large window beside him shows blurred scenery.,/Users/yixiaoz/Desktop/cs348k_proj/outputs/controlNetScale/controlnet_seg/cfg_7p5_control_2p0/000000014226/target.png,/Users/yixiaoz/Desktop/cs348k_proj/outputs/controlNetScale/controlnet_seg/cfg_7p5_control_2p0/000000014226/seg.png,/Users/yixiaoz/Desktop/cs348k_proj/outputs/controlNetScale/controlnet_seg/cfg_7p5_control_2p0/000000014226/generated.png,dense_text_plus_seg,6,7.5,2.0,20,0.6314,0.4972,34.6005
35279,"A man laying his head down next to electronics, a butterfly, and a book.","A cluttered workspace or floor area contains several electronic devices and accessories arranged close together. A laptop displays a simple image on its screen, while a smartphone, cables, speakers, papers, a bottle, and other gadgets sit nearby. Part of a person’s face appears near the.","A cluttered workspace or floor area contains several electronic devices and accessories arranged close together. A laptop displays a simple image on its screen, while a smartphone, cables, speakers, papers, a bottle, and other gadgets sit nearby. Part of a person’s face appears near the.",/Users/yixiaoz/Desktop/cs348k_proj/outputs/controlNetScale/controlnet_seg/cfg_7p5_control_2p0/000000035279/target.png,/Users/yixiaoz/Desktop/cs348k_proj/outputs/controlNetScale/controlnet_seg/cfg_7p5_control_2p0/000000035279/seg.png,/Users/yixiaoz/Desktop/cs348k_proj/outputs/controlNetScale/controlnet_seg/cfg_7p5_control_2p0/000000035279/generated.png,dense_text_plus_seg,6,7.5,2.0,20,0.6925,0.5622,29.9763
31620,A woman in a white dress and a man in gray stand near a cake on a white table under a white canopy.,"Inside a large white event tent, a woman in a white dress and a man in a gray suit stand near a decorated table. The table is covered with a white cloth and appears to hold a cake or centerpiece. Soft light filters through the.","Inside a large white event tent, a woman in a white dress and a man in a gray suit stand near a decorated table. The table is covered with a white cloth and appears to hold a cake or centerpiece. Soft light filters through the.",/Users/yixiaoz/Desktop/cs348k_proj/outputs/controlNetScale/controlnet_seg/cfg_7p5_control_2p0/000000031620/target.png,/Users/yixiaoz/Desktop/cs348k_proj/outputs/controlNetScale/controlnet_seg/cfg_7p5_control_2p0/000000031620/seg.png,/Users/yixiaoz/Desktop/cs348k_proj/outputs/controlNetScale/controlnet_seg/cfg_7p5_control_2p0/000000031620/generated.png,dense_text_plus_seg,6,7.5,2.0,20,0.6183,0.5104,35.9524
95707,Several pastries sitting on aluminum foil next to a bowl with a knife and spatula in it.,"Several pastries and baked goods are arranged on aluminum foil on a table, with a bowl, knife, and spatula placed nearby for serving. The food includes rectangular pieces and a pale frosted or light-colored dessert item, suggesting a dessert spread or homemade baked selection. The.","Several pastries and baked goods are arranged on aluminum foil on a table, with a bowl, knife, and spatula placed nearby for serving. The food includes rectangular pieces and a pale frosted or light-colored dessert item, suggesting a dessert spread or homemade baked selection. The.",/Users/yixiaoz/Desktop/cs348k_proj/outputs/controlNetScale/controlnet_seg/cfg_7p5_control_2p0/000000095707/target.png,/Users/yixiaoz/Desktop/cs348k_proj/outputs/controlNetScale/controlnet_seg/cfg_7p5_control_2p0/000000095707/seg.png,/Users/yixiaoz/Desktop/cs348k_proj/outputs/controlNetScale/controlnet_seg/cfg_7p5_control_2p0/000000095707/generated.png,dense_text_plus_seg,6,7.5,2.0,20,0.7031,0.6716,33.9441
54605,Milkshake in tall glass and piece of cake on plate near forks.,"A tall milkshake in a glass is topped with whipped cream and placed on a restaurant table beside a slice of layered cake on a white plate. A fork, napkins, and other table items sit nearby, while the background is dim and softly blurred. The.","A tall milkshake in a glass is topped with whipped cream and placed on a restaurant table beside a slice of layered cake on a white plate. A fork, napkins, and other table items sit nearby, while the background is dim and softly blurred. The.",/Users/yixiaoz/Desktop/cs348k_proj/outputs/controlNetScale/controlnet_seg/cfg_7p5_control_2p0/000000054605/target.png,/Users/yixiaoz/Desktop/cs348k_proj/outputs/controlNetScale/controlnet_seg/cfg_7p5_control_2p0/000000054605/seg.png,/Users/yixiaoz/Desktop/cs348k_proj/outputs/controlNetScale/controlnet_seg/cfg_7p5_control_2p0/000000054605/generated.png,dense_text_plus_seg,6,7.5,2.0,20,0.6175,0.2895,33.7904
27620,A laptop sitting on a desk next to a chair and another computer.,"A small home office or study area contains a glass-top desk, a laptop computer, a chair, and additional electronic equipment. The desk is positioned near a wall with windows and blinds, and another chair sits in front of the workspace. Cables, accessories, and a cup.","A small home office or study area contains a glass-top desk, a laptop computer, a chair, and additional electronic equipment. The desk is positioned near a wall with windows and blinds, and another chair sits in front of the workspace. Cables, accessories, and a cup.",/Users/yixiaoz/Desktop/cs348k_proj/outputs/controlNetScale/controlnet_seg/cfg_7p5_control_2p0/000000027620/target.png,/Users/yixiaoz/Desktop/cs348k_proj/outputs/controlNetScale/controlnet_seg/cfg_7p5_control_2p0/000000027620/seg.png,/Users/yixiaoz/Desktop/cs348k_proj/outputs/controlNetScale/controlnet_seg/cfg_7p5_control_2p0/000000027620/generated.png,dense_text_plus_seg,6,7.5,2.0,20,0.5462,0.3446,33.3176
66771,Two people sitting at a table with beverages on it and the woman holding her phone.,"Two people sit together at a restaurant table with beverages, cups, and small dishes in front of them. The man smiles while looking toward the woman, and the woman looks down at a smartphone in her hand. The table includes a drink with a straw.","Two people sit together at a restaurant table with beverages, cups, and small dishes in front of them. The man smiles while looking toward the woman, and the woman looks down at a smartphone in her hand. The table includes a drink with a straw.",/Users/yixiaoz/Desktop/cs348k_proj/outputs/controlNetScale/controlnet_seg/cfg_7p5_control_2p0/000000066771/target.png,/Users/yixiaoz/Desktop/cs348k_proj/outputs/controlNetScale/controlnet_seg/cfg_7p5_control_2p0/000000066771/seg.png,/Users/yixiaoz/Desktop/cs348k_proj/outputs/controlNetScale/controlnet_seg/cfg_7p5_control_2p0/000000066771/generated.png,dense_text_plus_seg,6,7.5,2.0,20,0.6173,0.4799,34.2815
18575,"Two plates, one with a sandwich and fries, the other with just a sandwich and a pickle.","Two plates of food are served on a restaurant table. One plate contains a sandwich with French fries, while the other plate includes a sandwich and a pickle with sliced vegetables and condiments nearby. Drinks, small containers, and utensils surround the plates, suggesting a casual.","Two plates of food are served on a restaurant table. One plate contains a sandwich with French fries, while the other plate includes a sandwich and a pickle with sliced vegetables and condiments nearby. Drinks, small containers, and utensils surround the plates, suggesting a casual.",/Users/yixiaoz/Desktop/cs348k_proj/outputs/controlNetScale/controlnet_seg/cfg_7p5_control_2p0/000000018575/target.png,/Users/yixiaoz/Desktop/cs348k_proj/outputs/controlNetScale/controlnet_seg/cfg_7p5_control_2p0/000000018575/seg.png,/Users/yixiaoz/Desktop/cs348k_proj/outputs/controlNetScale/controlnet_seg/cfg_7p5_control_2p0/000000018575/generated.png,dense_text_plus_seg,6,7.5,2.0,20,0.6072,0.3891,35.3028
66817,This plate consists of rice with sauce and peas and meat patties on the side.,"A plate of food is photographed from above on a table, containing rice covered with sauce, peas, and several browned meat patties on the side. A cup of yogurt or creamy dessert and a small bowl of fruit sit near the plate, creating a complete.","A plate of food is photographed from above on a table, containing rice covered with sauce, peas, and several browned meat patties on the side. A cup of yogurt or creamy dessert and a small bowl of fruit sit near the plate, creating a complete.",/Users/yixiaoz/Desktop/cs348k_proj/outputs/controlNetScale/controlnet_seg/cfg_7p5_control_2p0/000000066817/target.png,/Users/yixiaoz/Desktop/cs348k_proj/outputs/controlNetScale/controlnet_seg/cfg_7p5_control_2p0/000000066817/seg.png,/Users/yixiaoz/Desktop/cs348k_proj/outputs/controlNetScale/controlnet_seg/cfg_7p5_control_2p0/000000066817/generated.png,dense_text_plus_seg,6,7.5,2.0,20,0.6025,0.4369,33.255
84674,a girl holds a baby eating a bagel with a boy standing next to them,"A woman sits indoors holding a small child who is eating a bagel or bread roll, while a young boy stands next to them facing the camera. The group appears to be in a restaurant, event space, or public indoor setting, with people and warm.","A woman sits indoors holding a small child who is eating a bagel or bread roll, while a young boy stands next to them facing the camera. The group appears to be in a restaurant, event space, or public indoor setting, with people and warm.",/Users/yixiaoz/Desktop/cs348k_proj/outputs/controlNetScale/controlnet_seg/cfg_7p5_control_2p0/000000084674/target.png,/Users/yixiaoz/Desktop/cs348k_proj/outputs/controlNetScale/controlnet_seg/cfg_7p5_control_2p0/000000084674/seg.png,/Users/yixiaoz/Desktop/cs348k_proj/outputs/controlNetScale/controlnet_seg/cfg_7p5_control_2p0/000000084674/generated.png,dense_text_plus_seg,6,7.5,2.0,20,0.6464,0.4219,34.9556
47112,A pizza served on a white plate next to empty wine glass and beer.,"A freshly baked pizza sits on a white plate on a restaurant table, with a glass of beer and an empty wine glass positioned behind it. The pizza has visible cheese and toppings, and the background contains tables, chairs, and restaurant décor. The low angle.","A freshly baked pizza sits on a white plate on a restaurant table, with a glass of beer and an empty wine glass positioned behind it. The pizza has visible cheese and toppings, and the background contains tables, chairs, and restaurant décor. The low angle.",/Users/yixiaoz/Desktop/cs348k_proj/outputs/controlNetScale/controlnet_seg/cfg_7p5_control_2p0/000000047112/target.png,/Users/yixiaoz/Desktop/cs348k_proj/outputs/controlNetScale/controlnet_seg/cfg_7p5_control_2p0/000000047112/seg.png,/Users/yixiaoz/Desktop/cs348k_proj/outputs/controlNetScale/controlnet_seg/cfg_7p5_control_2p0/000000047112/generated.png,dense_text_plus_seg,6,7.5,2.0,20,0.6152,0.3707,32.1947
59598,"A table with a laptop a plate with a muffin and a banana, a can and a cellphone.","An open laptop sits on a table in a classroom, meeting room, or conference setting. Nearby are a plate with a muffin and banana, a soda can, a mobile phone, and other small items. In the background, a presentation screen or projector area is visible.","An open laptop sits on a table in a classroom, meeting room, or conference setting. Nearby are a plate with a muffin and banana, a soda can, a mobile phone, and other small items. In the background, a presentation screen or projector area is visible.",/Users/yixiaoz/Desktop/cs348k_proj/outputs/controlNetScale/controlnet_seg/cfg_7p5_control_2p0/000000059598/target.png,/Users/yixiaoz/Desktop/cs348k_proj/outputs/controlNetScale/controlnet_seg/cfg_7p5_control_2p0/000000059598/seg.png,/Users/yixiaoz/Desktop/cs348k_proj/outputs/controlNetScale/controlnet_seg/cfg_7p5_control_2p0/000000059598/generated.png,dense_text_plus_seg,6,7.5,2.0,20,0.6018,0.3888,33.385
91779,Three hot dogs with different toppings lined up on a tabletop.,"Three hot dogs with different toppings are arranged side by side on a tray or tabletop. One appears topped with sauce or chili, another with bright red peppers, and the surrounding area contains side dishes, cups, and food wrappers. The close-up composition highlights the variety.","Three hot dogs with different toppings are arranged side by side on a tray or tabletop. One appears topped with sauce or chili, another with bright red peppers, and the surrounding area contains side dishes, cups, and food wrappers. The close-up composition highlights the variety.",/Users/yixiaoz/Desktop/cs348k_proj/outputs/controlNetScale/controlnet_seg/cfg_7p5_control_2p0/000000091779/target.png,/Users/yixiaoz/Desktop/cs348k_proj/outputs/controlNetScale/controlnet_seg/cfg_7p5_control_2p0/000000091779/seg.png,/Users/yixiaoz/Desktop/cs348k_proj/outputs/controlNetScale/controlnet_seg/cfg_7p5_control_2p0/000000091779/generated.png,dense_text_plus_seg,6,7.5,2.0,20,0.6473,0.405,34.8931
22892,"A cat sitting on a table next to plants and a dog outside of a sliding glass door, looking in.","A gray cat sits indoors on a table beside potted plants near a sliding glass door, while a dog stands outside looking in through the glass. The cat faces downward toward the plants, and the dog is visible beyond the door on a balcony or.","A gray cat sits indoors on a table beside potted plants near a sliding glass door, while a dog stands outside looking in through the glass. The cat faces downward toward the plants, and the dog is visible beyond the door on a balcony or.",/Users/yixiaoz/Desktop/cs348k_proj/outputs/controlNetScale/controlnet_seg/cfg_7p5_control_2p0/000000022892/target.png,/Users/yixiaoz/Desktop/cs348k_proj/outputs/controlNetScale/controlnet_seg/cfg_7p5_control_2p0/000000022892/seg.png,/Users/yixiaoz/Desktop/cs348k_proj/outputs/controlNetScale/controlnet_seg/cfg_7p5_control_2p0/000000022892/generated.png,dense_text_plus_seg,6,7.5,2.0,20,0.6403,0.4383,33.6106
97337,This is a nice living room set up with two couches and a television.,"A cozy living room contains two couches arranged around a coffee table facing a television. The television displays a map or graphic image, while lamps, curtains, and decorative furniture create a warm indoor atmosphere. The room appears tidy and comfortable, with soft lighting and a.","A cozy living room contains two couches arranged around a coffee table facing a television. The television displays a map or graphic image, while lamps, curtains, and decorative furniture create a warm indoor atmosphere. The room appears tidy and comfortable, with soft lighting and a.",/Users/yixiaoz/Desktop/cs348k_proj/outputs/controlNetScale/controlnet_seg/cfg_7p5_control_2p0/000000097337/target.png,/Users/yixiaoz/Desktop/cs348k_proj/outputs/controlNetScale/controlnet_seg/cfg_7p5_control_2p0/000000097337/seg.png,/Users/yixiaoz/Desktop/cs348k_proj/outputs/controlNetScale/controlnet_seg/cfg_7p5_control_2p0/000000097337/generated.png,dense_text_plus_seg,6,7.5,2.0,20,0.6572,0.4802,29.0289
10707,Man with video game controller in living room with onlooker seated nearby.,"Several people gather in a living room around a coffee table covered with drinks, snacks, and small items. One man stands holding a video game controller, while others sit nearby watching or participating. Sofas, warm lighting, and casual clothing create the feeling of a relaxed.","Several people gather in a living room around a coffee table covered with drinks, snacks, and small items. One man stands holding a video game controller, while others sit nearby watching or participating. Sofas, warm lighting, and casual clothing create the feeling of a relaxed.",/Users/yixiaoz/Desktop/cs348k_proj/outputs/controlNetScale/controlnet_seg/cfg_7p5_control_2p0/000000010707/target.png,/Users/yixiaoz/Desktop/cs348k_proj/outputs/controlNetScale/controlnet_seg/cfg_7p5_control_2p0/000000010707/seg.png,/Users/yixiaoz/Desktop/cs348k_proj/outputs/controlNetScale/controlnet_seg/cfg_7p5_control_2p0/000000010707/generated.png,dense_text_plus_seg,6,7.5,2.0,20,0.6819,0.4158,36.5114
65288,A yellow and green object with a brown bird perched on top of it.,"An ornate yellow and green decorative structure sits in the foreground, with a small brown bird perched on its top edge. Behind it, a crowd of people gathers outdoors near tables, chairs, plants, and shaded areas, suggesting a plaza, café, or public gathering space. The.","An ornate yellow and green decorative structure sits in the foreground, with a small brown bird perched on its top edge. Behind it, a crowd of people gathers outdoors near tables, chairs, plants, and shaded areas, suggesting a plaza, café, or public gathering space. The.",/Users/yixiaoz/Desktop/cs348k_proj/outputs/controlNetScale/controlnet_seg/cfg_7p5_control_2p0/000000065288/target.png,/Users/yixiaoz/Desktop/cs348k_proj/outputs/controlNetScale/controlnet_seg/cfg_7p5_control_2p0/000000065288/seg.png,/Users/yixiaoz/Desktop/cs348k_proj/outputs/controlNetScale/controlnet_seg/cfg_7p5_control_2p0/000000065288/generated.png,dense_text_plus_seg,6,7.5,2.0,20,0.6531,0.3672,33.1939
116208,"A large pizza is shown on a table, with bottles and glasses of wine.","A large pizza topped with cheese, mushrooms, and other ingredients is placed on a raised stand at the center of a restaurant table. Wine bottles, glasses, plates, utensils, and small dishes surround it, suggesting a shared meal among several diners. The pizza is viewed from.","A large pizza topped with cheese, mushrooms, and other ingredients is placed on a raised stand at the center of a restaurant table. Wine bottles, glasses, plates, utensils, and small dishes surround it, suggesting a shared meal among several diners. The pizza is viewed from.",/Users/yixiaoz/Desktop/cs348k_proj/outputs/controlNetScale/controlnet_seg/cfg_7p5_control_2p0/000000116208/target.png,/Users/yixiaoz/Desktop/cs348k_proj/outputs/controlNetScale/controlnet_seg/cfg_7p5_control_2p0/000000116208/seg.png,/Users/yixiaoz/Desktop/cs348k_proj/outputs/controlNetScale/controlnet_seg/cfg_7p5_control_2p0/000000116208/generated.png,dense_text_plus_seg,6,7.5,2.0,20,0.5905,0.3146,33.6796
74733,two flatbread pieces covered with different ingredients in between a flight of beers,"Two rectangular flatbread dishes topped with different ingredients are served on a wooden board beside a flight of beers. Several small glasses of beer, dipping containers, and additional drinkware are arranged around the food. The warm indoor lighting and tabletop presentation suggest a restaurant, pub.","Two rectangular flatbread dishes topped with different ingredients are served on a wooden board beside a flight of beers. Several small glasses of beer, dipping containers, and additional drinkware are arranged around the food. The warm indoor lighting and tabletop presentation suggest a restaurant, pub.",/Users/yixiaoz/Desktop/cs348k_proj/outputs/controlNetScale/controlnet_seg/cfg_7p5_control_2p0/000000074733/target.png,/Users/yixiaoz/Desktop/cs348k_proj/outputs/controlNetScale/controlnet_seg/cfg_7p5_control_2p0/000000074733/seg.png,/Users/yixiaoz/Desktop/cs348k_proj/outputs/controlNetScale/controlnet_seg/cfg_7p5_control_2p0/000000074733/generated.png,dense_text_plus_seg,6,7.5,2.0,20,0.6449,0.2982,33.3375
114907,"A woman holding a milking attachment and standing in front of a cow, with a group of people in the audience.","A woman stands beside a large dairy cow while demonstrating or holding a milking attachment in front of a seated audience. The cow is positioned behind a metal barrier, and many people watch attentively from the foreground. The scene appears to be part of an.","A woman stands beside a large dairy cow while demonstrating or holding a milking attachment in front of a seated audience. The cow is positioned behind a metal barrier, and many people watch attentively from the foreground. The scene appears to be part of an.",/Users/yixiaoz/Desktop/cs348k_proj/outputs/controlNetScale/controlnet_seg/cfg_7p5_control_2p0/000000114907/target.png,/Users/yixiaoz/Desktop/cs348k_proj/outputs/controlNetScale/controlnet_seg/cfg_7p5_control_2p0/000000114907/seg.png,/Users/yixiaoz/Desktop/cs348k_proj/outputs/controlNetScale/controlnet_seg/cfg_7p5_control_2p0/000000114907/generated.png,dense_text_plus_seg,6,7.5,2.0,20,0.5925,0.413,38.4641
61333,The caramel-colored kitten is  lying on the small blanket on top of the unmade bed.,"An orange tabby kitten lies curled up on a small blanket placed on top of an unmade bed. The cat appears relaxed and sleepy, with its body tucked close and its head resting near the blanket. A bookshelf filled with books lines the background, adding.","An orange tabby kitten lies curled up on a small blanket placed on top of an unmade bed. The cat appears relaxed and sleepy, with its body tucked close and its head resting near the blanket. A bookshelf filled with books lines the background, adding.",/Users/yixiaoz/Desktop/cs348k_proj/outputs/controlNetScale/controlnet_seg/cfg_7p5_control_2p0/000000061333/target.png,/Users/yixiaoz/Desktop/cs348k_proj/outputs/controlNetScale/controlnet_seg/cfg_7p5_control_2p0/000000061333/seg.png,/Users/yixiaoz/Desktop/cs348k_proj/outputs/controlNetScale/controlnet_seg/cfg_7p5_control_2p0/000000061333/generated.png,dense_text_plus_seg,6,7.5,2.0,20,0.6888,0.3827,31.1323
18837,A large truck on a city street with two works sitting on top and one worker climbing in through door.,"A large green utility truck is parked on a city street while workers perform maintenance tasks around it. One worker appears to be on top of the vehicle, and another is climbing into or standing near the door. Cars, buildings, traffic signs, and urban infrastructure.","A large green utility truck is parked on a city street while workers perform maintenance tasks around it. One worker appears to be on top of the vehicle, and another is climbing into or standing near the door. Cars, buildings, traffic signs, and urban infrastructure.",/Users/yixiaoz/Desktop/cs348k_proj/outputs/controlNetScale/controlnet_seg/cfg_7p5_control_2p0/000000018837/target.png,/Users/yixiaoz/Desktop/cs348k_proj/outputs/controlNetScale/controlnet_seg/cfg_7p5_control_2p0/000000018837/seg.png,/Users/yixiaoz/Desktop/cs348k_proj/outputs/controlNetScale/controlnet_seg/cfg_7p5_control_2p0/000000018837/generated.png,dense_text_plus_seg,6,7.5,2.0,20,0.6261,0.3506,32.9111
9914,"A sandwich, french fries, bowl of ketchup, onion slice, lettuce slice, tomato slice, and knife sit on the white plate.","A sandwich meal is served on a white plate with French fries, a small bowl of ketchup, sliced onion, tomato, lettuce, and a knife. The sandwich bun is topped with sesame seeds, and the fries are piled beside it. The close-up view focuses on the.","A sandwich meal is served on a white plate with French fries, a small bowl of ketchup, sliced onion, tomato, lettuce, and a knife. The sandwich bun is topped with sesame seeds, and the fries are piled beside it. The close-up view focuses on the.",/Users/yixiaoz/Desktop/cs348k_proj/outputs/controlNetScale/controlnet_seg/cfg_7p5_control_2p0/000000009914/target.png,/Users/yixiaoz/Desktop/cs348k_proj/outputs/controlNetScale/controlnet_seg/cfg_7p5_control_2p0/000000009914/seg.png,/Users/yixiaoz/Desktop/cs348k_proj/outputs/controlNetScale/controlnet_seg/cfg_7p5_control_2p0/000000009914/generated.png,dense_text_plus_seg,6,7.5,2.0,20,0.668,0.4501,35.0754
39477,A beach towel covers a TV across from plants on the wall and in front of the window.,"A compact living room features a couch facing a television, with several plants placed near the window and on the wall. Natural light enters through a large curtained window, brightening the small room. A low table, rug, wall decorations, and shelving create a tidy residential.","A compact living room features a couch facing a television, with several plants placed near the window and on the wall. Natural light enters through a large curtained window, brightening the small room. A low table, rug, wall decorations, and shelving create a tidy residential.",/Users/yixiaoz/Desktop/cs348k_proj/outputs/controlNetScale/controlnet_seg/cfg_7p5_control_2p0/000000039477/target.png,/Users/yixiaoz/Desktop/cs348k_proj/outputs/controlNetScale/controlnet_seg/cfg_7p5_control_2p0/000000039477/seg.png,/Users/yixiaoz/Desktop/cs348k_proj/outputs/controlNetScale/controlnet_seg/cfg_7p5_control_2p0/000000039477/generated.png,dense_text_plus_seg,6,7.5,2.0,20,0.5832,0.4716,32.2457
61108,A blue bicycle with a puppy in its basket is parked next to the bleacher steps.,"A blue bicycle is parked beside outdoor bleacher steps, with a small puppy sitting inside a basket attached to the front. The bicycle rests near concrete steps and railings, suggesting a sports field, park, or recreational area. The puppy sits securely in the basket and.","A blue bicycle is parked beside outdoor bleacher steps, with a small puppy sitting inside a basket attached to the front. The bicycle rests near concrete steps and railings, suggesting a sports field, park, or recreational area. The puppy sits securely in the basket and.",/Users/yixiaoz/Desktop/cs348k_proj/outputs/controlNetScale/controlnet_seg/cfg_7p5_control_2p0/000000061108/target.png,/Users/yixiaoz/Desktop/cs348k_proj/outputs/controlNetScale/controlnet_seg/cfg_7p5_control_2p0/000000061108/seg.png,/Users/yixiaoz/Desktop/cs348k_proj/outputs/controlNetScale/controlnet_seg/cfg_7p5_control_2p0/000000061108/generated.png,dense_text_plus_seg,6,7.5,2.0,20,0.5916,0.4142,39.0275
91615,"A kitchen has light wooden colored cabinetry, beige countertops, and stainless steel appliances in an open concept house.","A clean modern kitchen features light wooden cabinets, beige countertops, stainless steel appliances, and a sink built into a central counter area. A microwave, oven, refrigerator, dishwasher, and decorative flowers are visible throughout the room. The space appears bright, organized, and open, with neutral colors.","A clean modern kitchen features light wooden cabinets, beige countertops, stainless steel appliances, and a sink built into a central counter area. A microwave, oven, refrigerator, dishwasher, and decorative flowers are visible throughout the room. The space appears bright, organized, and open, with neutral colors.",/Users/yixiaoz/Desktop/cs348k_proj/outputs/controlNetScale/controlnet_seg/cfg_7p5_control_2p0/000000091615/target.png,/Users/yixiaoz/Desktop/cs348k_proj/outputs/controlNetScale/controlnet_seg/cfg_7p5_control_2p0/000000091615/seg.png,/Users/yixiaoz/Desktop/cs348k_proj/outputs/controlNetScale/controlnet_seg/cfg_7p5_control_2p0/000000091615/generated.png,dense_text_plus_seg,6,7.5,2.0,20,0.5466,0.2524,32.3245
77396,A cat being lazy and a cat being nozy in a living room with tv and a laptop displaying the same things.,"Two cats are in a living room facing a television and a laptop displaying similar imagery. One cat stands upright near the television, appearing curious about the screen, while another cat lies on the floor nearby. The room contains a TV stand, small table, and.","Two cats are in a living room facing a television and a laptop displaying similar imagery. One cat stands upright near the television, appearing curious about the screen, while another cat lies on the floor nearby. The room contains a TV stand, small table, and.",/Users/yixiaoz/Desktop/cs348k_proj/outputs/controlNetScale/controlnet_seg/cfg_7p5_control_2p0/000000077396/target.png,/Users/yixiaoz/Desktop/cs348k_proj/outputs/controlNetScale/controlnet_seg/cfg_7p5_control_2p0/000000077396/seg.png,/Users/yixiaoz/Desktop/cs348k_proj/outputs/controlNetScale/controlnet_seg/cfg_7p5_control_2p0/000000077396/generated.png,dense_text_plus_seg,6,7.5,2.0,20,0.5601,0.4172,34.6873
119233,A cat sprawled out over the top of a laptop computer keyboard.,"A black-and-white cat sprawls across the keyboard area of an open laptop on a wooden desk or counter. The cat lies comfortably with its body stretched over the computer, partially blocking the screen and keyboard. Various household objects, office supplies, and plants are visible around.","A black-and-white cat sprawls across the keyboard area of an open laptop on a wooden desk or counter. The cat lies comfortably with its body stretched over the computer, partially blocking the screen and keyboard. Various household objects, office supplies, and plants are visible around.",/Users/yixiaoz/Desktop/cs348k_proj/outputs/controlNetScale/controlnet_seg/cfg_7p5_control_2p0/000000119233/target.png,/Users/yixiaoz/Desktop/cs348k_proj/outputs/controlNetScale/controlnet_seg/cfg_7p5_control_2p0/000000119233/seg.png,/Users/yixiaoz/Desktop/cs348k_proj/outputs/controlNetScale/controlnet_seg/cfg_7p5_control_2p0/000000119233/generated.png,dense_text_plus_seg,6,7.5,2.0,20,0.6231,0.4271,33.5824
2431,"A table with a plate, wine-filled glass, and bread, among other items","A restaurant table is set with a plate, a wine-filled glass, bread, napkins, utensils, and other dining items. The objects are arranged closely together on a wooden surface, suggesting an ongoing or prepared meal. The image is framed from above and at a slight angle.","A restaurant table is set with a plate, a wine-filled glass, bread, napkins, utensils, and other dining items. The objects are arranged closely together on a wooden surface, suggesting an ongoing or prepared meal. The image is framed from above and at a slight angle.",/Users/yixiaoz/Desktop/cs348k_proj/outputs/controlNetScale/controlnet_seg/cfg_7p5_control_2p0/000000002431/target.png,/Users/yixiaoz/Desktop/cs348k_proj/outputs/controlNetScale/controlnet_seg/cfg_7p5_control_2p0/000000002431/seg.png,/Users/yixiaoz/Desktop/cs348k_proj/outputs/controlNetScale/controlnet_seg/cfg_7p5_control_2p0/000000002431/generated.png,dense_text_plus_seg,6,7.5,2.0,20,0.6324,0.4384,31.6367
56344,"Looking down at a desktop with two monitors, a key board, mouse and cell phones on it.","A desk workstation contains two large computer monitors positioned side by side, along with a keyboard, mouse, mobile phones, and several electronic accessories. The screens display different windows or web pages, and cables and devices are spread across the desktop. The space appears dimly lit.","A desk workstation contains two large computer monitors positioned side by side, along with a keyboard, mouse, mobile phones, and several electronic accessories. The screens display different windows or web pages, and cables and devices are spread across the desktop. The space appears dimly lit.",/Users/yixiaoz/Desktop/cs348k_proj/outputs/controlNetScale/controlnet_seg/cfg_7p5_control_2p0/000000056344/target.png,/Users/yixiaoz/Desktop/cs348k_proj/outputs/controlNetScale/controlnet_seg/cfg_7p5_control_2p0/000000056344/seg.png,/Users/yixiaoz/Desktop/cs348k_proj/outputs/controlNetScale/controlnet_seg/cfg_7p5_control_2p0/000000056344/generated.png,dense_text_plus_seg,6,7.5,2.0,20,0.639,0.3953,31.3078
54628,A tall multi layer cake sitting on top of a blue table cloth.,"A tall multi-layered decorative cake stands on a table covered with a blue tablecloth inside an elegant event venue. The cake is decorated with detailed patterns, flowers, and multiple tiers, making it the centerpiece of the room. Guests, tables, chairs, and chandeliers are visible in.","A tall multi-layered decorative cake stands on a table covered with a blue tablecloth inside an elegant event venue. The cake is decorated with detailed patterns, flowers, and multiple tiers, making it the centerpiece of the room. Guests, tables, chairs, and chandeliers are visible in.",/Users/yixiaoz/Desktop/cs348k_proj/outputs/controlNetScale/controlnet_seg/cfg_7p5_control_2p0/000000054628/target.png,/Users/yixiaoz/Desktop/cs348k_proj/outputs/controlNetScale/controlnet_seg/cfg_7p5_control_2p0/000000054628/seg.png,/Users/yixiaoz/Desktop/cs348k_proj/outputs/controlNetScale/controlnet_seg/cfg_7p5_control_2p0/000000054628/generated.png,dense_text_plus_seg,6,7.5,2.0,20,0.6111,0.3419,33.519
110999,"A painting of a bowl of fruit sitting in front of another painting,","A framed painting of a bowl of fruit hangs above a table where a real bowl of fruit and decorative objects are arranged below it. The dark background and warm lighting create a still-life atmosphere, connecting the artwork to the physical objects in front of.","A framed painting of a bowl of fruit hangs above a table where a real bowl of fruit and decorative objects are arranged below it. The dark background and warm lighting create a still-life atmosphere, connecting the artwork to the physical objects in front of.",/Users/yixiaoz/Desktop/cs348k_proj/outputs/controlNetScale/controlnet_seg/cfg_7p5_control_2p0/000000110999/target.png,/Users/yixiaoz/Desktop/cs348k_proj/outputs/controlNetScale/controlnet_seg/cfg_7p5_control_2p0/000000110999/seg.png,/Users/yixiaoz/Desktop/cs348k_proj/outputs/controlNetScale/controlnet_seg/cfg_7p5_control_2p0/000000110999/generated.png,dense_text_plus_seg,6,7.5,2.0,20,0.6142,0.4257,40.5972
72795,a group of ball players playing on a field in front of an audience,"Baseball players are positioned on a field during a game while a large audience watches from the stadium seats. The batter stands near home plate, with the catcher and umpire crouched behind him and other players visible on the field. The scene is viewed from.","Baseball players are positioned on a field during a game while a large audience watches from the stadium seats. The batter stands near home plate, with the catcher and umpire crouched behind him and other players visible on the field. The scene is viewed from.",/Users/yixiaoz/Desktop/cs348k_proj/outputs/controlNetScale/controlnet_seg/cfg_7p5_control_2p0/000000072795/target.png,/Users/yixiaoz/Desktop/cs348k_proj/outputs/controlNetScale/controlnet_seg/cfg_7p5_control_2p0/000000072795/seg.png,/Users/yixiaoz/Desktop/cs348k_proj/outputs/controlNetScale/controlnet_seg/cfg_7p5_control_2p0/000000072795/generated.png,dense_text_plus_seg,6,7.5,2.0,20,0.6755,0.4463,33.189
92091,A little girl is using the toy brush for a chew toy rather than brushing the teddy.,"A young girl wearing a bright pink dress stands inside a cozy room while holding a toy brush near a stuffed teddy bear. The room includes wooden walls, chairs, a television, artwork, and home furnishings. The child appears to be playing pretend, possibly brushing the.","A young girl wearing a bright pink dress stands inside a cozy room while holding a toy brush near a stuffed teddy bear. The room includes wooden walls, chairs, a television, artwork, and home furnishings. The child appears to be playing pretend, possibly brushing the.",/Users/yixiaoz/Desktop/cs348k_proj/outputs/controlNetScale/controlnet_seg/cfg_7p5_control_2p0/000000092091/target.png,/Users/yixiaoz/Desktop/cs348k_proj/outputs/controlNetScale/controlnet_seg/cfg_7p5_control_2p0/000000092091/seg.png,/Users/yixiaoz/Desktop/cs348k_proj/outputs/controlNetScale/controlnet_seg/cfg_7p5_control_2p0/000000092091/generated.png,dense_text_plus_seg,6,7.5,2.0,20,0.7004,0.4438,33.3182
108253,there are two plates of food and a beer in the middle of the table,"Two plates of food and a beer bottle are arranged on a restaurant table. The plates contain sandwiches, fries, and other side dishes, while condiments and utensils sit nearby. The bottle of beer stands prominently near the center of the table, suggesting a casual meal.","Two plates of food and a beer bottle are arranged on a restaurant table. The plates contain sandwiches, fries, and other side dishes, while condiments and utensils sit nearby. The bottle of beer stands prominently near the center of the table, suggesting a casual meal.",/Users/yixiaoz/Desktop/cs348k_proj/outputs/controlNetScale/controlnet_seg/cfg_7p5_control_2p0/000000108253/target.png,/Users/yixiaoz/Desktop/cs348k_proj/outputs/controlNetScale/controlnet_seg/cfg_7p5_control_2p0/000000108253/seg.png,/Users/yixiaoz/Desktop/cs348k_proj/outputs/controlNetScale/controlnet_seg/cfg_7p5_control_2p0/000000108253/generated.png,dense_text_plus_seg,6,7.5,2.0,20,0.6694,0.4222,35.8894
80932,A little boy sits at a table in a restaurant eating a slice of pizza.,"A young boy sits at a restaurant table eating a large slice of pizza. He holds the pizza close to his mouth while leaning over a white plate, concentrating on the meal. Other diners and wooden booth seating are visible in the background, creating a.","A young boy sits at a restaurant table eating a large slice of pizza. He holds the pizza close to his mouth while leaning over a white plate, concentrating on the meal. Other diners and wooden booth seating are visible in the background, creating a.",/Users/yixiaoz/Desktop/cs348k_proj/outputs/controlNetScale/controlnet_seg/cfg_7p5_control_2p0/000000080932/target.png,/Users/yixiaoz/Desktop/cs348k_proj/outputs/controlNetScale/controlnet_seg/cfg_7p5_control_2p0/000000080932/seg.png,/Users/yixiaoz/Desktop/cs348k_proj/outputs/controlNetScale/controlnet_seg/cfg_7p5_control_2p0/000000080932/generated.png,dense_text_plus_seg,6,7.5,2.0,20,0.633,0.4583,36.5958
50811,A man in a suit sitting a table with an empty bowl and empty beer bottles.,A man wearing a gray suit jacket sits alone at a wooden dining table with an empty bowl and several empty beer bottles placed in front of him. He smiles toward the camera in a simple indoor setting with a plain light-colored background. The table.,A man wearing a gray suit jacket sits alone at a wooden dining table with an empty bowl and several empty beer bottles placed in front of him. He smiles toward the camera in a simple indoor setting with a plain light-colored background. The table.,/Users/yixiaoz/Desktop/cs348k_proj/outputs/controlNetScale/controlnet_seg/cfg_7p5_control_2p0/000000050811/target.png,/Users/yixiaoz/Desktop/cs348k_proj/outputs/controlNetScale/controlnet_seg/cfg_7p5_control_2p0/000000050811/seg.png,/Users/yixiaoz/Desktop/cs348k_proj/outputs/controlNetScale/controlnet_seg/cfg_7p5_control_2p0/000000050811/generated.png,dense_text_plus_seg,6,7.5,2.0,20,0.523,0.4363,40.5531
13659,A man typing on a laptop keyboard in a cluttered work environment.,"Several people work in a busy, cluttered office environment filled with desks, laptops, papers, cardboard boxes, and electronic equipment. A man in the foreground sits at a desk typing on a laptop while wearing headphones, and other people work in the background. The room looks.","Several people work in a busy, cluttered office environment filled with desks, laptops, papers, cardboard boxes, and electronic equipment. A man in the foreground sits at a desk typing on a laptop while wearing headphones, and other people work in the background. The room looks.",/Users/yixiaoz/Desktop/cs348k_proj/outputs/controlNetScale/controlnet_seg/cfg_7p5_control_2p0/000000013659/target.png,/Users/yixiaoz/Desktop/cs348k_proj/outputs/controlNetScale/controlnet_seg/cfg_7p5_control_2p0/000000013659/seg.png,/Users/yixiaoz/Desktop/cs348k_proj/outputs/controlNetScale/controlnet_seg/cfg_7p5_control_2p0/000000013659/generated.png,dense_text_plus_seg,6,7.5,2.0,20,0.5808,0.3413,34.5852
26465,The opened  laptop is sitting on the table along with other technological tools.,"An open laptop sits on a white tabletop surrounded by small technological tools and accessories, including a smartphone, a pen, and a compact electronic device. The laptop screen shows a dark desktop with a bright reflection near the center. The arrangement is simple and sparse.","An open laptop sits on a white tabletop surrounded by small technological tools and accessories, including a smartphone, a pen, and a compact electronic device. The laptop screen shows a dark desktop with a bright reflection near the center. The arrangement is simple and sparse.",/Users/yixiaoz/Desktop/cs348k_proj/outputs/controlNetScale/controlnet_seg/cfg_7p5_control_2p0/000000026465/target.png,/Users/yixiaoz/Desktop/cs348k_proj/outputs/controlNetScale/controlnet_seg/cfg_7p5_control_2p0/000000026465/seg.png,/Users/yixiaoz/Desktop/cs348k_proj/outputs/controlNetScale/controlnet_seg/cfg_7p5_control_2p0/000000026465/generated.png,dense_text_plus_seg,6,7.5,2.0,20,0.6673,0.4605,32.4697
25096,A boy sitting in front of cake fashioned to look like a skateboard.,"A young boy wearing a blue sports jersey sits at a table looking down at a cake designed to resemble a skateboard. The cake is decorated with bright colors and small details, and the boy appears focused on it as if preparing to cut or.","A young boy wearing a blue sports jersey sits at a table looking down at a cake designed to resemble a skateboard. The cake is decorated with bright colors and small details, and the boy appears focused on it as if preparing to cut or.",/Users/yixiaoz/Desktop/cs348k_proj/outputs/controlNetScale/controlnet_seg/cfg_7p5_control_2p0/000000025096/target.png,/Users/yixiaoz/Desktop/cs348k_proj/outputs/controlNetScale/controlnet_seg/cfg_7p5_control_2p0/000000025096/seg.png,/Users/yixiaoz/Desktop/cs348k_proj/outputs/controlNetScale/controlnet_seg/cfg_7p5_control_2p0/000000025096/generated.png,dense_text_plus_seg,6,7.5,2.0,20,0.7279,0.394,27.5611
26564,An office desk with a row of books and a desktop computer and laptop computer on the desk.,"An office desk is arranged with a desktop computer, laptop, keyboard, mouse, books, papers, and a row of binders or reference materials. The monitor displays a document or screen of text, and large windows brighten the workspace. The corner desk is compact but well equipped.","An office desk is arranged with a desktop computer, laptop, keyboard, mouse, books, papers, and a row of binders or reference materials. The monitor displays a document or screen of text, and large windows brighten the workspace. The corner desk is compact but well equipped.",/Users/yixiaoz/Desktop/cs348k_proj/outputs/controlNetScale/controlnet_seg/cfg_7p5_control_2p0/000000026564/target.png,/Users/yixiaoz/Desktop/cs348k_proj/outputs/controlNetScale/controlnet_seg/cfg_7p5_control_2p0/000000026564/seg.png,/Users/yixiaoz/Desktop/cs348k_proj/outputs/controlNetScale/controlnet_seg/cfg_7p5_control_2p0/000000026564/generated.png,dense_text_plus_seg,6,7.5,2.0,20,0.5035,0.301,33.581
12670,A large crowd of people walking around while one owns a teddy bear.,"A large crowd of people walks and gathers in a busy outdoor public space, possibly a street, plaza, or festival area. The scene contains many individuals of different ages wearing colorful clothing, and one person appears to carry or hold a teddy bear among the.","A large crowd of people walks and gathers in a busy outdoor public space, possibly a street, plaza, or festival area. The scene contains many individuals of different ages wearing colorful clothing, and one person appears to carry or hold a teddy bear among the.",/Users/yixiaoz/Desktop/cs348k_proj/outputs/controlNetScale/controlnet_seg/cfg_7p5_control_2p0/000000012670/target.png,/Users/yixiaoz/Desktop/cs348k_proj/outputs/controlNetScale/controlnet_seg/cfg_7p5_control_2p0/000000012670/seg.png,/Users/yixiaoz/Desktop/cs348k_proj/outputs/controlNetScale/controlnet_seg/cfg_7p5_control_2p0/000000012670/generated.png,dense_text_plus_seg,6,7.5,2.0,20,0.7239,0.4679,35.6366
9400,Sever people are sitting next to each other while using laptops.,"Several people sit close together around a table while using laptop computers in a dimly lit indoor environment. Multiple screens glow in front of them, and drinks, cables, and computer accessories are spread across the table. The group appears to be collaborating, studying, or working.","Several people sit close together around a table while using laptop computers in a dimly lit indoor environment. Multiple screens glow in front of them, and drinks, cables, and computer accessories are spread across the table. The group appears to be collaborating, studying, or working.",/Users/yixiaoz/Desktop/cs348k_proj/outputs/controlNetScale/controlnet_seg/cfg_7p5_control_2p0/000000009400/target.png,/Users/yixiaoz/Desktop/cs348k_proj/outputs/controlNetScale/controlnet_seg/cfg_7p5_control_2p0/000000009400/seg.png,/Users/yixiaoz/Desktop/cs348k_proj/outputs/controlNetScale/controlnet_seg/cfg_7p5_control_2p0/000000009400/generated.png,dense_text_plus_seg,6,7.5,2.0,20,0.6684,0.4361,29.7611
92053,Three white dishes with three different sorts of food on them.,"Three white plates with different dishes are arranged on a restaurant table under warm, dim lighting. The food includes various items with sauces, sides, and garnishes, and a drink sits nearby. Utensils are placed on or beside the plates, suggesting the meal is in progress.","Three white plates with different dishes are arranged on a restaurant table under warm, dim lighting. The food includes various items with sauces, sides, and garnishes, and a drink sits nearby. Utensils are placed on or beside the plates, suggesting the meal is in progress.",/Users/yixiaoz/Desktop/cs348k_proj/outputs/controlNetScale/controlnet_seg/cfg_7p5_control_2p0/000000092053/target.png,/Users/yixiaoz/Desktop/cs348k_proj/outputs/controlNetScale/controlnet_seg/cfg_7p5_control_2p0/000000092053/seg.png,/Users/yixiaoz/Desktop/cs348k_proj/outputs/controlNetScale/controlnet_seg/cfg_7p5_control_2p0/000000092053/generated.png,dense_text_plus_seg,6,7.5,2.0,20,0.6439,0.4574,31.8984
74256,Two women standing in a train station looking at their phones.,"Two women stand together at an outdoor train station platform while looking down at their mobile phones. One woman wears a green scarf and dark clothing, while the other wears a patterned jacket. Train station signs, tracks, buildings, and platform structures appear in the background.","Two women stand together at an outdoor train station platform while looking down at their mobile phones. One woman wears a green scarf and dark clothing, while the other wears a patterned jacket. Train station signs, tracks, buildings, and platform structures appear in the background.",/Users/yixiaoz/Desktop/cs348k_proj/outputs/controlNetScale/controlnet_seg/cfg_7p5_control_2p0/000000074256/target.png,/Users/yixiaoz/Desktop/cs348k_proj/outputs/controlNetScale/controlnet_seg/cfg_7p5_control_2p0/000000074256/seg.png,/Users/yixiaoz/Desktop/cs348k_proj/outputs/controlNetScale/controlnet_seg/cfg_7p5_control_2p0/000000074256/generated.png,dense_text_plus_seg,6,7.5,2.0,20,0.6243,0.4244,37.3776
7818,An illuminated floral display forms the centerpiece of the arrangement in this close up of a dining room table setting.,"A small illuminated floral display sits at the center of a dining table arranged with plates, napkins, glasses, and formal place settings. The image is softly focused with the centerpiece and table surface highlighted against a darker background. The scene appears elegant and quiet, possibly.","A small illuminated floral display sits at the center of a dining table arranged with plates, napkins, glasses, and formal place settings. The image is softly focused with the centerpiece and table surface highlighted against a darker background. The scene appears elegant and quiet, possibly.",/Users/yixiaoz/Desktop/cs348k_proj/outputs/controlNetScale/controlnet_seg/cfg_7p5_control_2p0/000000007818/target.png,/Users/yixiaoz/Desktop/cs348k_proj/outputs/controlNetScale/controlnet_seg/cfg_7p5_control_2p0/000000007818/seg.png,/Users/yixiaoz/Desktop/cs348k_proj/outputs/controlNetScale/controlnet_seg/cfg_7p5_control_2p0/000000007818/generated.png,dense_text_plus_seg,6,7.5,2.0,20,0.6257,0.3952,31.5924
109313,A man holding a Wii game controller while standing in a living room.,"A man stands in a living room holding a Wii game controller while facing a television outside the frame. He wears casual clothes and stands among household items, toys, furniture, and a colorful floor mat. The room appears lived-in and informal, with a kitchen or.","A man stands in a living room holding a Wii game controller while facing a television outside the frame. He wears casual clothes and stands among household items, toys, furniture, and a colorful floor mat. The room appears lived-in and informal, with a kitchen or.",/Users/yixiaoz/Desktop/cs348k_proj/outputs/controlNetScale/controlnet_seg/cfg_7p5_control_2p0/000000109313/target.png,/Users/yixiaoz/Desktop/cs348k_proj/outputs/controlNetScale/controlnet_seg/cfg_7p5_control_2p0/000000109313/seg.png,/Users/yixiaoz/Desktop/cs348k_proj/outputs/controlNetScale/controlnet_seg/cfg_7p5_control_2p0/000000109313/generated.png,dense_text_plus_seg,6,7.5,2.0,20,0.6431,0.3977,35.8218
116439,A woman with a straw style hat sitting on a small row boat in the water and accessory items hanging behind her on the land area.,"A woman wearing a straw-style hat sits in a small wooden boat floating on water, surrounded by colorful fabrics and hanging accessories near the shoreline. The scene appears to take place in a riverside or floating market environment, with reflections on the water and goods.","A woman wearing a straw-style hat sits in a small wooden boat floating on water, surrounded by colorful fabrics and hanging accessories near the shoreline. The scene appears to take place in a riverside or floating market environment, with reflections on the water and goods.",/Users/yixiaoz/Desktop/cs348k_proj/outputs/controlNetScale/controlnet_seg/cfg_7p5_control_2p0/000000116439/target.png,/Users/yixiaoz/Desktop/cs348k_proj/outputs/controlNetScale/controlnet_seg/cfg_7p5_control_2p0/000000116439/seg.png,/Users/yixiaoz/Desktop/cs348k_proj/outputs/controlNetScale/controlnet_seg/cfg_7p5_control_2p0/000000116439/generated.png,dense_text_plus_seg,6,7.5,2.0,20,0.6789,0.3205,37.1095
11511,A sculpture of two women stting on a bench with their purses on the ground while people standing in a line behind them.,"A bronze sculpture of two women seated together on a bench is displayed in an outdoor public area. The figures sit close together with handbags or purses placed near their feet, and pedestrians stand or walk in the background. Strong light highlights the sculpture against.","A bronze sculpture of two women seated together on a bench is displayed in an outdoor public area. The figures sit close together with handbags or purses placed near their feet, and pedestrians stand or walk in the background. Strong light highlights the sculpture against.",/Users/yixiaoz/Desktop/cs348k_proj/outputs/controlNetScale/controlnet_seg/cfg_7p5_control_2p0/000000011511/target.png,/Users/yixiaoz/Desktop/cs348k_proj/outputs/controlNetScale/controlnet_seg/cfg_7p5_control_2p0/000000011511/seg.png,/Users/yixiaoz/Desktop/cs348k_proj/outputs/controlNetScale/controlnet_seg/cfg_7p5_control_2p0/000000011511/generated.png,dense_text_plus_seg,6,7.5,2.0,20,0.6297,0.4273,36.0281
17714,A banana frittata next to a plate of decoratively cut fruit and a cup of coffee.,"A breakfast or brunch meal is arranged on a wooden table, including a banana frittata, a plate of decorative cut fruit, and a cup of coffee. Sunlight falls across the tabletop, casting shadows and giving the meal a bright morning feel. The dishes are neatly.","A breakfast or brunch meal is arranged on a wooden table, including a banana frittata, a plate of decorative cut fruit, and a cup of coffee. Sunlight falls across the tabletop, casting shadows and giving the meal a bright morning feel. The dishes are neatly.",/Users/yixiaoz/Desktop/cs348k_proj/outputs/controlNetScale/controlnet_seg/cfg_7p5_control_2p0/000000017714/target.png,/Users/yixiaoz/Desktop/cs348k_proj/outputs/controlNetScale/controlnet_seg/cfg_7p5_control_2p0/000000017714/seg.png,/Users/yixiaoz/Desktop/cs348k_proj/outputs/controlNetScale/controlnet_seg/cfg_7p5_control_2p0/000000017714/generated.png,dense_text_plus_seg,6,7.5,2.0,20,0.6328,0.4276,33.177
15335,"a young child, lady , and man sitting in a booth at a table","A young child sits in a restaurant booth between adults at a table, with plates, drinks, and food items visible in the dim interior. The child appears to be eating or touching their mouth, while the adults sit close on either side. Warm lighting and.","A young child sits in a restaurant booth between adults at a table, with plates, drinks, and food items visible in the dim interior. The child appears to be eating or touching their mouth, while the adults sit close on either side. Warm lighting and.",/Users/yixiaoz/Desktop/cs348k_proj/outputs/controlNetScale/controlnet_seg/cfg_7p5_control_2p0/000000015335/target.png,/Users/yixiaoz/Desktop/cs348k_proj/outputs/controlNetScale/controlnet_seg/cfg_7p5_control_2p0/000000015335/seg.png,/Users/yixiaoz/Desktop/cs348k_proj/outputs/controlNetScale/controlnet_seg/cfg_7p5_control_2p0/000000015335/generated.png,dense_text_plus_seg,6,7.5,2.0,20,0.7307,0.6378,30.9904
113589,"Two containers containing quiche, a salad, apples and a banana on the side.","A healthy prepared meal is arranged in two clear food containers and a small side area, including a slice of quiche, green salad, apple slices, and a banana. The food is neatly separated and photographed from above against a plain background. The composition emphasizes balanced.","A healthy prepared meal is arranged in two clear food containers and a small side area, including a slice of quiche, green salad, apple slices, and a banana. The food is neatly separated and photographed from above against a plain background. The composition emphasizes balanced.",/Users/yixiaoz/Desktop/cs348k_proj/outputs/controlNetScale/controlnet_seg/cfg_7p5_control_2p0/000000113589/target.png,/Users/yixiaoz/Desktop/cs348k_proj/outputs/controlNetScale/controlnet_seg/cfg_7p5_control_2p0/000000113589/seg.png,/Users/yixiaoz/Desktop/cs348k_proj/outputs/controlNetScale/controlnet_seg/cfg_7p5_control_2p0/000000113589/generated.png,dense_text_plus_seg,6,7.5,2.0,20,0.6161,0.4096,34.4552
1503,A picture of an iMac desktop next to a Mac laptop on a desk.,"An older Apple iMac desktop computer sits on a desk beside a Mac laptop and several computer accessories. A keyboard, mouse, speakers, and monitor are arranged across the workspace, creating a technology-focused setup. The desk is positioned near a window with blinds, and the white.","An older Apple iMac desktop computer sits on a desk beside a Mac laptop and several computer accessories. A keyboard, mouse, speakers, and monitor are arranged across the workspace, creating a technology-focused setup. The desk is positioned near a window with blinds, and the white.",/Users/yixiaoz/Desktop/cs348k_proj/outputs/controlNetScale/controlnet_seg/cfg_7p5_control_2p0/000000001503/target.png,/Users/yixiaoz/Desktop/cs348k_proj/outputs/controlNetScale/controlnet_seg/cfg_7p5_control_2p0/000000001503/seg.png,/Users/yixiaoz/Desktop/cs348k_proj/outputs/controlNetScale/controlnet_seg/cfg_7p5_control_2p0/000000001503/generated.png,dense_text_plus_seg,6,7.5,2.0,20,0.5389,0.3244,33.6335
88848,"Multiple pictures of fire hydrants, a woman standing near a tree, and people posing in front of a boat.","A collage of multiple photographs shows several yellow fire hydrants, a woman standing near a tree, and people posing in front of a boat or outdoor landmark. The images are arranged together in a grid-like layout, combining different scenes into one visual composition. The subject.","A collage of multiple photographs shows several yellow fire hydrants, a woman standing near a tree, and people posing in front of a boat or outdoor landmark. The images are arranged together in a grid-like layout, combining different scenes into one visual composition. The subject.",/Users/yixiaoz/Desktop/cs348k_proj/outputs/controlNetScale/controlnet_seg/cfg_7p5_control_2p0/000000088848/target.png,/Users/yixiaoz/Desktop/cs348k_proj/outputs/controlNetScale/controlnet_seg/cfg_7p5_control_2p0/000000088848/seg.png,/Users/yixiaoz/Desktop/cs348k_proj/outputs/controlNetScale/controlnet_seg/cfg_7p5_control_2p0/000000088848/generated.png,dense_text_plus_seg,6,7.5,2.0,20,0.6399,0.4206,39.4068
6471,A man at bat waiting for a pitch with a catcher and umpire behind him and players from the opposing team in the dugout.,"A baseball player in a white uniform stands at home plate holding a bat while waiting for a pitch. A catcher and umpire crouch behind him, and members of the opposing team sit in the dugout watching the play. The green field and stadium seating.","A baseball player in a white uniform stands at home plate holding a bat while waiting for a pitch. A catcher and umpire crouch behind him, and members of the opposing team sit in the dugout watching the play. The green field and stadium seating.",/Users/yixiaoz/Desktop/cs348k_proj/outputs/controlNetScale/controlnet_seg/cfg_7p5_control_2p0/000000006471/target.png,/Users/yixiaoz/Desktop/cs348k_proj/outputs/controlNetScale/controlnet_seg/cfg_7p5_control_2p0/000000006471/seg.png,/Users/yixiaoz/Desktop/cs348k_proj/outputs/controlNetScale/controlnet_seg/cfg_7p5_control_2p0/000000006471/generated.png,dense_text_plus_seg,6,7.5,2.0,20,0.5446,0.4701,31.392
92660,An unbaked pizza with cheese and herbs on one half and broccoli on the second.,"An uncooked pizza topped with cheese, herbs, and broccoli sits on a round baking tray or pan. One half of the pizza appears more heavily covered with broccoli, while the other has more cheese and herbs exposed. The crust and toppings are clearly visible from.","An uncooked pizza topped with cheese, herbs, and broccoli sits on a round baking tray or pan. One half of the pizza appears more heavily covered with broccoli, while the other has more cheese and herbs exposed. The crust and toppings are clearly visible from.",/Users/yixiaoz/Desktop/cs348k_proj/outputs/controlNetScale/controlnet_seg/cfg_7p5_control_2p0/000000092660/target.png,/Users/yixiaoz/Desktop/cs348k_proj/outputs/controlNetScale/controlnet_seg/cfg_7p5_control_2p0/000000092660/seg.png,/Users/yixiaoz/Desktop/cs348k_proj/outputs/controlNetScale/controlnet_seg/cfg_7p5_control_2p0/000000092660/generated.png,dense_text_plus_seg,6,7.5,2.0,20,0.6475,0.2289,35.9048
105335,"A bowl of stew in a white bowl, being held by a person.","A bowl of stew in a white dish is being held by a person, with pieces of vegetables and meat visible in a warm broth. The stew contains colorful ingredients such as carrots, potatoes, and chunks of protein. The close-up framing focuses on the food.","A bowl of stew in a white dish is being held by a person, with pieces of vegetables and meat visible in a warm broth. The stew contains colorful ingredients such as carrots, potatoes, and chunks of protein. The close-up framing focuses on the food.",/Users/yixiaoz/Desktop/cs348k_proj/outputs/controlNetScale/controlnet_seg/cfg_7p5_control_2p0/000000105335/target.png,/Users/yixiaoz/Desktop/cs348k_proj/outputs/controlNetScale/controlnet_seg/cfg_7p5_control_2p0/000000105335/seg.png,/Users/yixiaoz/Desktop/cs348k_proj/outputs/controlNetScale/controlnet_seg/cfg_7p5_control_2p0/000000105335/generated.png,dense_text_plus_seg,6,7.5,2.0,20,0.6787,0.3598,33.1839
117719,A man sits at a bar in front of dozens of bottles of alcohol.,"A man stands behind a warmly lit bar surrounded by dozens of bottles of alcohol arranged on shelves. The bar interior features dark wood, glowing lights, glassware, and a cozy pub-like atmosphere. The bartender or customer is partly silhouetted against the illuminated bottles, creating a.","A man stands behind a warmly lit bar surrounded by dozens of bottles of alcohol arranged on shelves. The bar interior features dark wood, glowing lights, glassware, and a cozy pub-like atmosphere. The bartender or customer is partly silhouetted against the illuminated bottles, creating a.",/Users/yixiaoz/Desktop/cs348k_proj/outputs/controlNetScale/controlnet_seg/cfg_7p5_control_2p0/000000117719/target.png,/Users/yixiaoz/Desktop/cs348k_proj/outputs/controlNetScale/controlnet_seg/cfg_7p5_control_2p0/000000117719/seg.png,/Users/yixiaoz/Desktop/cs348k_proj/outputs/controlNetScale/controlnet_seg/cfg_7p5_control_2p0/000000117719/generated.png,dense_text_plus_seg,6,7.5,2.0,20,0.6229,0.3208,32.2351
82085,A brightly colored train is stopped on the tracks to let passengers on.,"A brightly colored passenger train is stopped on railway tracks beside a platform, allowing passengers to board or exit. The train has yellow, blue, and red sections, and people stand nearby along the track area. Buildings, vegetation, and station infrastructure surround the scene. The image.","A brightly colored passenger train is stopped on railway tracks beside a platform, allowing passengers to board or exit. The train has yellow, blue, and red sections, and people stand nearby along the track area. Buildings, vegetation, and station infrastructure surround the scene. The image.",/Users/yixiaoz/Desktop/cs348k_proj/outputs/controlNetScale/controlnet_seg/cfg_7p5_control_2p0/000000082085/target.png,/Users/yixiaoz/Desktop/cs348k_proj/outputs/controlNetScale/controlnet_seg/cfg_7p5_control_2p0/000000082085/seg.png,/Users/yixiaoz/Desktop/cs348k_proj/outputs/controlNetScale/controlnet_seg/cfg_7p5_control_2p0/000000082085/generated.png,dense_text_plus_seg,6,7.5,2.0,20,0.6758,0.4847,32.7512
70048,"A glass of wine sits next to a bowl of soup, salad, and a plate with a sandwich.","A restaurant meal is arranged on a table, including a glass of wine, a bowl of soup, a green salad, and a sandwich served on a round bread roll. Condiments, utensils, napkins, and additional dining items sit nearby. The overhead view emphasizes the variety and.","A restaurant meal is arranged on a table, including a glass of wine, a bowl of soup, a green salad, and a sandwich served on a round bread roll. Condiments, utensils, napkins, and additional dining items sit nearby. The overhead view emphasizes the variety and.",/Users/yixiaoz/Desktop/cs348k_proj/outputs/controlNetScale/controlnet_seg/cfg_7p5_control_2p0/000000070048/target.png,/Users/yixiaoz/Desktop/cs348k_proj/outputs/controlNetScale/controlnet_seg/cfg_7p5_control_2p0/000000070048/seg.png,/Users/yixiaoz/Desktop/cs348k_proj/outputs/controlNetScale/controlnet_seg/cfg_7p5_control_2p0/000000070048/generated.png,dense_text_plus_seg,6,7.5,2.0,20,0.6408,0.3988,30.456
3845,A dinner plate that has white steamed rice with stir fry vegetables and chicken.,A large dinner plate holds a mound of white steamed rice next to stir-fried vegetables and pieces of chicken in a colorful sauce. The food is arranged on a patterned plate and viewed from above on a wooden table. The bright vegetables and sauce contrast.,A large dinner plate holds a mound of white steamed rice next to stir-fried vegetables and pieces of chicken in a colorful sauce. The food is arranged on a patterned plate and viewed from above on a wooden table. The bright vegetables and sauce contrast.,/Users/yixiaoz/Desktop/cs348k_proj/outputs/controlNetScale/controlnet_seg/cfg_7p5_control_2p0/000000003845/target.png,/Users/yixiaoz/Desktop/cs348k_proj/outputs/controlNetScale/controlnet_seg/cfg_7p5_control_2p0/000000003845/seg.png,/Users/yixiaoz/Desktop/cs348k_proj/outputs/controlNetScale/controlnet_seg/cfg_7p5_control_2p0/000000003845/generated.png,dense_text_plus_seg,6,7.5,2.0,20,0.626,0.3319,32.9688
92939,a man and female standing side by side with a cake cutter in their hand,"A smiling man and woman stand side by side beside a small decorated cake, holding a cake knife together. The woman wears a light-colored strapless dress and the man wears a white shirt, suggesting a wedding, anniversary, or celebratory event. Palm trees and outdoor lighting.","A smiling man and woman stand side by side beside a small decorated cake, holding a cake knife together. The woman wears a light-colored strapless dress and the man wears a white shirt, suggesting a wedding, anniversary, or celebratory event. Palm trees and outdoor lighting.",/Users/yixiaoz/Desktop/cs348k_proj/outputs/controlNetScale/controlnet_seg/cfg_7p5_control_2p0/000000092939/target.png,/Users/yixiaoz/Desktop/cs348k_proj/outputs/controlNetScale/controlnet_seg/cfg_7p5_control_2p0/000000092939/seg.png,/Users/yixiaoz/Desktop/cs348k_proj/outputs/controlNetScale/controlnet_seg/cfg_7p5_control_2p0/000000092939/generated.png,dense_text_plus_seg,6,7.5,2.0,20,0.5927,0.3294,34.0125
1268,A waterway under a bridge with people sitting down and a woman taking a photo.,"People sit and relax under a large bridge beside a waterfront, with sunlight reflecting brightly off the water. A woman stands in the foreground taking a photograph, while several people sit along the edge facing the river. The bridge structure forms a strong curved frame.","People sit and relax under a large bridge beside a waterfront, with sunlight reflecting brightly off the water. A woman stands in the foreground taking a photograph, while several people sit along the edge facing the river. The bridge structure forms a strong curved frame.",/Users/yixiaoz/Desktop/cs348k_proj/outputs/controlNetScale/controlnet_seg/cfg_7p5_control_2p0/000000001268/target.png,/Users/yixiaoz/Desktop/cs348k_proj/outputs/controlNetScale/controlnet_seg/cfg_7p5_control_2p0/000000001268/seg.png,/Users/yixiaoz/Desktop/cs348k_proj/outputs/controlNetScale/controlnet_seg/cfg_7p5_control_2p0/000000001268/generated.png,dense_text_plus_seg,6,7.5,2.0,20,0.5571,0.4887,32.9654
33221,Two women at a beach with tennis rackets in their hands and one girl looking very excited with her tennis racket in the air.,"Two women stand on a sandy beach holding tennis rackets while people walk nearby in the background. One woman raises her racket enthusiastically above her head, while the other stands beside her wearing a hood or scarf. The beach, distant hills, flags, and open sky.","Two women stand on a sandy beach holding tennis rackets while people walk nearby in the background. One woman raises her racket enthusiastically above her head, while the other stands beside her wearing a hood or scarf. The beach, distant hills, flags, and open sky.",/Users/yixiaoz/Desktop/cs348k_proj/outputs/controlNetScale/controlnet_seg/cfg_7p5_control_2p0/000000033221/target.png,/Users/yixiaoz/Desktop/cs348k_proj/outputs/controlNetScale/controlnet_seg/cfg_7p5_control_2p0/000000033221/seg.png,/Users/yixiaoz/Desktop/cs348k_proj/outputs/controlNetScale/controlnet_seg/cfg_7p5_control_2p0/000000033221/generated.png,dense_text_plus_seg,6,7.5,2.0,20,0.6693,0.4566,31.7319
68409,School boys sit cross legged in front of a chalkboard sign in a vintage black and white photo.,A vintage black-and-white photograph shows a group of schoolboys sitting cross-legged in a row in front of a chalkboard sign. The boys wear similar school uniforms and pose formally for the camera outdoors. Trees and a simple background are visible behind them. The image has.,A vintage black-and-white photograph shows a group of schoolboys sitting cross-legged in a row in front of a chalkboard sign. The boys wear similar school uniforms and pose formally for the camera outdoors. Trees and a simple background are visible behind them. The image has.,/Users/yixiaoz/Desktop/cs348k_proj/outputs/controlNetScale/controlnet_seg/cfg_7p5_control_2p0/000000068409/target.png,/Users/yixiaoz/Desktop/cs348k_proj/outputs/controlNetScale/controlnet_seg/cfg_7p5_control_2p0/000000068409/seg.png,/Users/yixiaoz/Desktop/cs348k_proj/outputs/controlNetScale/controlnet_seg/cfg_7p5_control_2p0/000000068409/generated.png,dense_text_plus_seg,6,7.5,2.0,20,0.629,0.3485,34.3264
78170,"PASSENGER TRAIN IN THE NIGHT HOURS WITH NO SMOKING SIGN, AND TWO WOMEN","A black-and-white nighttime image shows passengers visible through the windows of a train car. A no-smoking sign and interior lights can be seen inside, while reflections and shadows create a dramatic atmosphere. Two women or passengers are visible near separate windows, framed by the train.","A black-and-white nighttime image shows passengers visible through the windows of a train car. A no-smoking sign and interior lights can be seen inside, while reflections and shadows create a dramatic atmosphere. Two women or passengers are visible near separate windows, framed by the train.",/Users/yixiaoz/Desktop/cs348k_proj/outputs/controlNetScale/controlnet_seg/cfg_7p5_control_2p0/000000078170/target.png,/Users/yixiaoz/Desktop/cs348k_proj/outputs/controlNetScale/controlnet_seg/cfg_7p5_control_2p0/000000078170/seg.png,/Users/yixiaoz/Desktop/cs348k_proj/outputs/controlNetScale/controlnet_seg/cfg_7p5_control_2p0/000000078170/generated.png,dense_text_plus_seg,6,7.5,2.0,20,0.6079,0.4445,34.3663
62554,a plate of broccoli on a table next to some other plates of food,"A plate or bowl of broccoli sits on a table next to other plates of food, including pasta or noodles and additional dishes in the background. The broccoli is bright green and placed prominently in the foreground, while the other foods are slightly out of.","A plate or bowl of broccoli sits on a table next to other plates of food, including pasta or noodles and additional dishes in the background. The broccoli is bright green and placed prominently in the foreground, while the other foods are slightly out of.",/Users/yixiaoz/Desktop/cs348k_proj/outputs/controlNetScale/controlnet_seg/cfg_7p5_control_2p0/000000062554/target.png,/Users/yixiaoz/Desktop/cs348k_proj/outputs/controlNetScale/controlnet_seg/cfg_7p5_control_2p0/000000062554/seg.png,/Users/yixiaoz/Desktop/cs348k_proj/outputs/controlNetScale/controlnet_seg/cfg_7p5_control_2p0/000000062554/generated.png,dense_text_plus_seg,6,7.5,2.0,20,0.6229,0.3298,33.8112
58539,"A man in a red hat, suit, and blue striped tie walks past two other men on a street.","A man wearing a bright red hat, dark suit, and blue striped tie walks along a city street while other men and pedestrians stand nearby. Cars, buildings, and urban activity fill the background. The red hat makes the man stand out clearly from the crowd.","A man wearing a bright red hat, dark suit, and blue striped tie walks along a city street while other men and pedestrians stand nearby. Cars, buildings, and urban activity fill the background. The red hat makes the man stand out clearly from the crowd.",/Users/yixiaoz/Desktop/cs348k_proj/outputs/controlNetScale/controlnet_seg/cfg_7p5_control_2p0/000000058539/target.png,/Users/yixiaoz/Desktop/cs348k_proj/outputs/controlNetScale/controlnet_seg/cfg_7p5_control_2p0/000000058539/seg.png,/Users/yixiaoz/Desktop/cs348k_proj/outputs/controlNetScale/controlnet_seg/cfg_7p5_control_2p0/000000058539/generated.png,dense_text_plus_seg,6,7.5,2.0,20,0.588,0.3406,36.5573
46031,A small tablet computer next to a larger monitor and keyboard.,"A laptop computer sits on a small desk beside a larger external monitor, keyboard, mouse, speakers, and other electronic devices. The laptop and monitor display green leaf or plant imagery, creating a matching visual theme across the screens. The desk is placed near a window.","A laptop computer sits on a small desk beside a larger external monitor, keyboard, mouse, speakers, and other electronic devices. The laptop and monitor display green leaf or plant imagery, creating a matching visual theme across the screens. The desk is placed near a window.",/Users/yixiaoz/Desktop/cs348k_proj/outputs/controlNetScale/controlnet_seg/cfg_7p5_control_2p0/000000046031/target.png,/Users/yixiaoz/Desktop/cs348k_proj/outputs/controlNetScale/controlnet_seg/cfg_7p5_control_2p0/000000046031/seg.png,/Users/yixiaoz/Desktop/cs348k_proj/outputs/controlNetScale/controlnet_seg/cfg_7p5_control_2p0/000000046031/generated.png,dense_text_plus_seg,6,7.5,2.0,20,0.6113,0.3183,36.0423
9891,The man is loading luggage suitcases onto the cart in the parking lot.,"A man loads luggage and suitcases onto a metal cart in a parking lot filled with vehicles. He bends over while handling the bags beside a parked car, suggesting travel, airport transport, or hotel arrival. Other cars and a parking garage or covered structure are.","A man loads luggage and suitcases onto a metal cart in a parking lot filled with vehicles. He bends over while handling the bags beside a parked car, suggesting travel, airport transport, or hotel arrival. Other cars and a parking garage or covered structure are.",/Users/yixiaoz/Desktop/cs348k_proj/outputs/controlNetScale/controlnet_seg/cfg_7p5_control_2p0/000000009891/target.png,/Users/yixiaoz/Desktop/cs348k_proj/outputs/controlNetScale/controlnet_seg/cfg_7p5_control_2p0/000000009891/seg.png,/Users/yixiaoz/Desktop/cs348k_proj/outputs/controlNetScale/controlnet_seg/cfg_7p5_control_2p0/000000009891/generated.png,dense_text_plus_seg,6,7.5,2.0,20,0.6236,0.4728,34.5178
37777,The dining table near the kitchen has a bowl of fruit on it.,"A bright open kitchen and dining area features wooden cabinets, white appliances, tiled flooring, and a small table with a bowl of fruit on top. Sunlight enters through windows and illuminates the clean interior. The kitchen includes counters, a refrigerator, stove, and cabinets arranged along.","A bright open kitchen and dining area features wooden cabinets, white appliances, tiled flooring, and a small table with a bowl of fruit on top. Sunlight enters through windows and illuminates the clean interior. The kitchen includes counters, a refrigerator, stove, and cabinets arranged along.",/Users/yixiaoz/Desktop/cs348k_proj/outputs/controlNetScale/controlnet_seg/cfg_7p5_control_2p0/000000037777/target.png,/Users/yixiaoz/Desktop/cs348k_proj/outputs/controlNetScale/controlnet_seg/cfg_7p5_control_2p0/000000037777/seg.png,/Users/yixiaoz/Desktop/cs348k_proj/outputs/controlNetScale/controlnet_seg/cfg_7p5_control_2p0/000000037777/generated.png,dense_text_plus_seg,6,7.5,2.0,20,0.5523,0.3352,31.7888
65350,"Two young people are skateboarding on the ramp, trying to pull off tricks.","Two young people are skateboarding on a skate park ramp while attempting tricks. One skater lies or slides on the ramp with a skateboard nearby, while another stands or moves close by. Other people and bicycles are visible in the background near concrete walls. The.","Two young people are skateboarding on a skate park ramp while attempting tricks. One skater lies or slides on the ramp with a skateboard nearby, while another stands or moves close by. Other people and bicycles are visible in the background near concrete walls. The.",/Users/yixiaoz/Desktop/cs348k_proj/outputs/controlNetScale/controlnet_seg/cfg_7p5_control_2p0/000000065350/target.png,/Users/yixiaoz/Desktop/cs348k_proj/outputs/controlNetScale/controlnet_seg/cfg_7p5_control_2p0/000000065350/seg.png,/Users/yixiaoz/Desktop/cs348k_proj/outputs/controlNetScale/controlnet_seg/cfg_7p5_control_2p0/000000065350/generated.png,dense_text_plus_seg,6,7.5,2.0,20,0.6224,0.3765,34.8986
48396,A woman in a tan sweater holding a knife by a young boy in a plaid shirt.,"A woman wearing a tan or light-colored sweater stands beside a young boy in a plaid shirt near a table with cups and food items. The woman holds a knife, possibly preparing to cut or serve something. Both subjects face the camera in an indoor.","A woman wearing a tan or light-colored sweater stands beside a young boy in a plaid shirt near a table with cups and food items. The woman holds a knife, possibly preparing to cut or serve something. Both subjects face the camera in an indoor.",/Users/yixiaoz/Desktop/cs348k_proj/outputs/controlNetScale/controlnet_seg/cfg_7p5_control_2p0/000000048396/target.png,/Users/yixiaoz/Desktop/cs348k_proj/outputs/controlNetScale/controlnet_seg/cfg_7p5_control_2p0/000000048396/seg.png,/Users/yixiaoz/Desktop/cs348k_proj/outputs/controlNetScale/controlnet_seg/cfg_7p5_control_2p0/000000048396/generated.png,dense_text_plus_seg,6,7.5,2.0,20,0.6988,0.3633,36.899
117908,A man looking in the refrigerator with a cat also looking inside,"A man bends over and looks inside an open refrigerator while a cat stands nearby also peering into the fridge. Food, bottles, and containers are visible on the refrigerator shelves, and the cat appears curious about the contents. The warm indoor lighting and humorous interaction.","A man bends over and looks inside an open refrigerator while a cat stands nearby also peering into the fridge. Food, bottles, and containers are visible on the refrigerator shelves, and the cat appears curious about the contents. The warm indoor lighting and humorous interaction.",/Users/yixiaoz/Desktop/cs348k_proj/outputs/controlNetScale/controlnet_seg/cfg_7p5_control_2p0/000000117908/target.png,/Users/yixiaoz/Desktop/cs348k_proj/outputs/controlNetScale/controlnet_seg/cfg_7p5_control_2p0/000000117908/seg.png,/Users/yixiaoz/Desktop/cs348k_proj/outputs/controlNetScale/controlnet_seg/cfg_7p5_control_2p0/000000117908/generated.png,dense_text_plus_seg,6,7.5,2.0,20,0.7138,0.4926,31.0536
97994,Three laptop computers and a desktop computer sit next to each other.,"Three laptop computers and a desktop workstation are arranged together on a desk in a compact home office or technical workspace. Several screens, keyboards, cables, and electronic accessories fill the tabletop, suggesting multitasking or computer-intensive work. A microphone or lamp stands near the setup, and.","Three laptop computers and a desktop workstation are arranged together on a desk in a compact home office or technical workspace. Several screens, keyboards, cables, and electronic accessories fill the tabletop, suggesting multitasking or computer-intensive work. A microphone or lamp stands near the setup, and.",/Users/yixiaoz/Desktop/cs348k_proj/outputs/controlNetScale/controlnet_seg/cfg_7p5_control_2p0/000000097994/target.png,/Users/yixiaoz/Desktop/cs348k_proj/outputs/controlNetScale/controlnet_seg/cfg_7p5_control_2p0/000000097994/seg.png,/Users/yixiaoz/Desktop/cs348k_proj/outputs/controlNetScale/controlnet_seg/cfg_7p5_control_2p0/000000097994/generated.png,dense_text_plus_seg,6,7.5,2.0,20,0.548,0.3198,34.034
30785,A plate filled with a bowl of vegetables and two slices of bread with a spread on them.,"A plate holds a healthy meal consisting of a bowl of green vegetables, slices of bread topped with a spread, and additional fresh ingredients. The food is arranged neatly on a wooden table, with the bowl and bread sharing the plate. The overhead view emphasizes.","A plate holds a healthy meal consisting of a bowl of green vegetables, slices of bread topped with a spread, and additional fresh ingredients. The food is arranged neatly on a wooden table, with the bowl and bread sharing the plate. The overhead view emphasizes.",/Users/yixiaoz/Desktop/cs348k_proj/outputs/controlNetScale/controlnet_seg/cfg_7p5_control_2p0/000000030785/target.png,/Users/yixiaoz/Desktop/cs348k_proj/outputs/controlNetScale/controlnet_seg/cfg_7p5_control_2p0/000000030785/seg.png,/Users/yixiaoz/Desktop/cs348k_proj/outputs/controlNetScale/controlnet_seg/cfg_7p5_control_2p0/000000030785/generated.png,dense_text_plus_seg,6,7.5,2.0,20,0.6011,0.574,37.0184
76547,a male in a white shirt a bicycle and an orange and white train,"A man wearing a light-colored shirt sits at a table on a railway station platform near a parked bicycle. An orange and white passenger train is stopped alongside the platform, while overhead signs, metal beams, and station infrastructure extend into the background. The scene captures.","A man wearing a light-colored shirt sits at a table on a railway station platform near a parked bicycle. An orange and white passenger train is stopped alongside the platform, while overhead signs, metal beams, and station infrastructure extend into the background. The scene captures.",/Users/yixiaoz/Desktop/cs348k_proj/outputs/controlNetScale/controlnet_seg/cfg_7p5_control_2p0/000000076547/target.png,/Users/yixiaoz/Desktop/cs348k_proj/outputs/controlNetScale/controlnet_seg/cfg_7p5_control_2p0/000000076547/seg.png,/Users/yixiaoz/Desktop/cs348k_proj/outputs/controlNetScale/controlnet_seg/cfg_7p5_control_2p0/000000076547/generated.png,dense_text_plus_seg,6,7.5,2.0,20,0.6001,0.3609,32.564
116362,A small bowl filled with chopped vegetables and spoon,"A bowl filled with chopped fruit pieces sits on a wooden table with a spoon resting inside. The food appears freshly prepared, with colorful slices arranged casually in the bowl. The photograph is taken from above, focusing closely on the meal while leaving the surrounding.","A bowl filled with chopped fruit pieces sits on a wooden table with a spoon resting inside. The food appears freshly prepared, with colorful slices arranged casually in the bowl. The photograph is taken from above, focusing closely on the meal while leaving the surrounding.",/Users/yixiaoz/Desktop/cs348k_proj/outputs/controlNetScale/controlnet_seg/cfg_7p5_control_2p0/000000116362/target.png,/Users/yixiaoz/Desktop/cs348k_proj/outputs/controlNetScale/controlnet_seg/cfg_7p5_control_2p0/000000116362/seg.png,/Users/yixiaoz/Desktop/cs348k_proj/outputs/controlNetScale/controlnet_seg/cfg_7p5_control_2p0/000000116362/generated.png,dense_text_plus_seg,6,7.5,2.0,20,0.774,0.6546,31.0154
22371,A man in thought sitting in front of a laptop with a pen in his hand.,"A businessman sits at a desk in front of an open laptop computer while holding a pen and resting his head on one hand. He appears thoughtful and focused, possibly reviewing information or planning a project. The clean office setting includes a desk surface and.","A businessman sits at a desk in front of an open laptop computer while holding a pen and resting his head on one hand. He appears thoughtful and focused, possibly reviewing information or planning a project. The clean office setting includes a desk surface and.",/Users/yixiaoz/Desktop/cs348k_proj/outputs/controlNetScale/controlnet_seg/cfg_7p5_control_2p0/000000022371/target.png,/Users/yixiaoz/Desktop/cs348k_proj/outputs/controlNetScale/controlnet_seg/cfg_7p5_control_2p0/000000022371/seg.png,/Users/yixiaoz/Desktop/cs348k_proj/outputs/controlNetScale/controlnet_seg/cfg_7p5_control_2p0/000000022371/generated.png,dense_text_plus_seg,6,7.5,2.0,20,0.6232,0.3968,31.8622
69224,A man and woman eating doughnuts out of a box at a coffee shop.,"A man and woman sit together at a table inside a café or coffee shop while sharing food from a box. Drinks, containers, and personal belongings are spread across the table. The pair appear engaged in conversation as they eat, creating a friendly and relaxed.","A man and woman sit together at a table inside a café or coffee shop while sharing food from a box. Drinks, containers, and personal belongings are spread across the table. The pair appear engaged in conversation as they eat, creating a friendly and relaxed.",/Users/yixiaoz/Desktop/cs348k_proj/outputs/controlNetScale/controlnet_seg/cfg_7p5_control_2p0/000000069224/target.png,/Users/yixiaoz/Desktop/cs348k_proj/outputs/controlNetScale/controlnet_seg/cfg_7p5_control_2p0/000000069224/seg.png,/Users/yixiaoz/Desktop/cs348k_proj/outputs/controlNetScale/controlnet_seg/cfg_7p5_control_2p0/000000069224/generated.png,dense_text_plus_seg,6,7.5,2.0,20,0.6545,0.6375,31.4777
16249,It sure is a beautiful day to sit outside and read the paper.,"An older man sits outdoors on a bench reading a newspaper while enjoying a pleasant day in a public area. Several other people sit or stand nearby, creating a relaxed community setting. Sunlight illuminates the scene, and the man appears absorbed in reading while the.","An older man sits outdoors on a bench reading a newspaper while enjoying a pleasant day in a public area. Several other people sit or stand nearby, creating a relaxed community setting. Sunlight illuminates the scene, and the man appears absorbed in reading while the.",/Users/yixiaoz/Desktop/cs348k_proj/outputs/controlNetScale/controlnet_seg/cfg_7p5_control_2p0/000000016249/target.png,/Users/yixiaoz/Desktop/cs348k_proj/outputs/controlNetScale/controlnet_seg/cfg_7p5_control_2p0/000000016249/seg.png,/Users/yixiaoz/Desktop/cs348k_proj/outputs/controlNetScale/controlnet_seg/cfg_7p5_control_2p0/000000016249/generated.png,dense_text_plus_seg,6,7.5,2.0,20,0.5922,0.384,33.4992
85157,A group of people sitting around a table have a meal and a drink.,"A group of people sit around a restaurant table sharing food and drinks. Plates, glasses, and table settings fill the dining area while the diners converse with one another. The gathering appears social and informal, with participants enjoying a meal together in a warm indoor.","A group of people sit around a restaurant table sharing food and drinks. Plates, glasses, and table settings fill the dining area while the diners converse with one another. The gathering appears social and informal, with participants enjoying a meal together in a warm indoor.",/Users/yixiaoz/Desktop/cs348k_proj/outputs/controlNetScale/controlnet_seg/cfg_7p5_control_2p0/000000085157/target.png,/Users/yixiaoz/Desktop/cs348k_proj/outputs/controlNetScale/controlnet_seg/cfg_7p5_control_2p0/000000085157/seg.png,/Users/yixiaoz/Desktop/cs348k_proj/outputs/controlNetScale/controlnet_seg/cfg_7p5_control_2p0/000000085157/generated.png,dense_text_plus_seg,6,7.5,2.0,20,0.6253,0.4911,32.2399
20571,A tugboat sits beside a ferry on placid water with a mountain in the distance.,"Several fishing boats are docked beside a harbor on calm water, with hills or mountains visible in the distance. Ropes, masts, and harbor equipment line the waterfront while the boats rest quietly along the dock. The scene reflects a working maritime environment and highlights the.","Several fishing boats are docked beside a harbor on calm water, with hills or mountains visible in the distance. Ropes, masts, and harbor equipment line the waterfront while the boats rest quietly along the dock. The scene reflects a working maritime environment and highlights the.",/Users/yixiaoz/Desktop/cs348k_proj/outputs/controlNetScale/controlnet_seg/cfg_7p5_control_2p0/000000020571/target.png,/Users/yixiaoz/Desktop/cs348k_proj/outputs/controlNetScale/controlnet_seg/cfg_7p5_control_2p0/000000020571/seg.png,/Users/yixiaoz/Desktop/cs348k_proj/outputs/controlNetScale/controlnet_seg/cfg_7p5_control_2p0/000000020571/generated.png,dense_text_plus_seg,6,7.5,2.0,20,0.602,0.444,28.2366
84362,A toddler and cat are in a living room with open curtains.,"A toddler and a cat occupy a cozy living room illuminated by daylight coming through large windows with open curtains. Sofas and chairs surround the room, while the child sits or plays near the center of the space. The cat relaxes nearby, contributing to the.","A toddler and a cat occupy a cozy living room illuminated by daylight coming through large windows with open curtains. Sofas and chairs surround the room, while the child sits or plays near the center of the space. The cat relaxes nearby, contributing to the.",/Users/yixiaoz/Desktop/cs348k_proj/outputs/controlNetScale/controlnet_seg/cfg_7p5_control_2p0/000000084362/target.png,/Users/yixiaoz/Desktop/cs348k_proj/outputs/controlNetScale/controlnet_seg/cfg_7p5_control_2p0/000000084362/seg.png,/Users/yixiaoz/Desktop/cs348k_proj/outputs/controlNetScale/controlnet_seg/cfg_7p5_control_2p0/000000084362/generated.png,dense_text_plus_seg,6,7.5,2.0,20,0.6133,0.4658,33.1915
62808,Man photographing a fresh pizza his tired buddy just wants to eat,"A freshly baked pizza sits on a table in a restaurant while one man photographs it with a camera or phone. Another man sits nearby waiting to eat, looking toward the meal. Plates and dining items surround the pizza, suggesting the meal is about to.","A freshly baked pizza sits on a table in a restaurant while one man photographs it with a camera or phone. Another man sits nearby waiting to eat, looking toward the meal. Plates and dining items surround the pizza, suggesting the meal is about to.",/Users/yixiaoz/Desktop/cs348k_proj/outputs/controlNetScale/controlnet_seg/cfg_7p5_control_2p0/000000062808/target.png,/Users/yixiaoz/Desktop/cs348k_proj/outputs/controlNetScale/controlnet_seg/cfg_7p5_control_2p0/000000062808/seg.png,/Users/yixiaoz/Desktop/cs348k_proj/outputs/controlNetScale/controlnet_seg/cfg_7p5_control_2p0/000000062808/generated.png,dense_text_plus_seg,6,7.5,2.0,20,0.5879,0.3123,30.5101
106235,A living room featuring a comfortable seating arrangement of chairs and tables.,"A comfortable living room features sofas, armchairs, lamps, and a coffee table arranged around a central seating area. Warm lighting and decorative furnishings create a welcoming atmosphere. The room appears carefully organized for relaxation and conversation, with furniture positioned to encourage social interaction. Soft colors.","A comfortable living room features sofas, armchairs, lamps, and a coffee table arranged around a central seating area. Warm lighting and decorative furnishings create a welcoming atmosphere. The room appears carefully organized for relaxation and conversation, with furniture positioned to encourage social interaction. Soft colors.",/Users/yixiaoz/Desktop/cs348k_proj/outputs/controlNetScale/controlnet_seg/cfg_7p5_control_2p0/000000106235/target.png,/Users/yixiaoz/Desktop/cs348k_proj/outputs/controlNetScale/controlnet_seg/cfg_7p5_control_2p0/000000106235/seg.png,/Users/yixiaoz/Desktop/cs348k_proj/outputs/controlNetScale/controlnet_seg/cfg_7p5_control_2p0/000000106235/generated.png,dense_text_plus_seg,6,7.5,2.0,20,0.6407,0.4195,33.0942
117425,A young boy with a spoon looking at a birthday cupcake.,"A young child sits at a wooden table while looking closely at a small birthday cupcake decorated with a candle. The toddler appears curious and fascinated by the treat positioned directly in front of them. An adult stands nearby, partially visible, supervising the moment. Warm.","A young child sits at a wooden table while looking closely at a small birthday cupcake decorated with a candle. The toddler appears curious and fascinated by the treat positioned directly in front of them. An adult stands nearby, partially visible, supervising the moment. Warm.",/Users/yixiaoz/Desktop/cs348k_proj/outputs/controlNetScale/controlnet_seg/cfg_7p5_control_2p0/000000117425/target.png,/Users/yixiaoz/Desktop/cs348k_proj/outputs/controlNetScale/controlnet_seg/cfg_7p5_control_2p0/000000117425/seg.png,/Users/yixiaoz/Desktop/cs348k_proj/outputs/controlNetScale/controlnet_seg/cfg_7p5_control_2p0/000000117425/generated.png,dense_text_plus_seg,6,7.5,2.0,20,0.6565,0.321,37.2943
100624,A girl is standing by a storefront while talking on her phone.,"A young woman stands on a city sidewalk at night while talking on her mobile phone. Storefront windows, streetlights, and blurred city lights illuminate the background, creating an urban evening atmosphere. She appears focused on her conversation while standing near a shop entrance. The image.","A young woman stands on a city sidewalk at night while talking on her mobile phone. Storefront windows, streetlights, and blurred city lights illuminate the background, creating an urban evening atmosphere. She appears focused on her conversation while standing near a shop entrance. The image.",/Users/yixiaoz/Desktop/cs348k_proj/outputs/controlNetScale/controlnet_seg/cfg_7p5_control_2p0/000000100624/target.png,/Users/yixiaoz/Desktop/cs348k_proj/outputs/controlNetScale/controlnet_seg/cfg_7p5_control_2p0/000000100624/seg.png,/Users/yixiaoz/Desktop/cs348k_proj/outputs/controlNetScale/controlnet_seg/cfg_7p5_control_2p0/000000100624/generated.png,dense_text_plus_seg,6,7.5,2.0,20,0.7139,0.4021,36.2822
24243,"Two ladies seated with cups of drinks, one smoking while the other seated inside a fridge",Two women sit near a storefront or street-side seating area while holding drinks. One woman smokes a cigarette while the other sits inside a display-like enclosure resembling a refrigerator or booth. The unusual arrangement creates an eye-catching urban scene. Pedestrians and city elements appear in.,Two women sit near a storefront or street-side seating area while holding drinks. One woman smokes a cigarette while the other sits inside a display-like enclosure resembling a refrigerator or booth. The unusual arrangement creates an eye-catching urban scene. Pedestrians and city elements appear in.,/Users/yixiaoz/Desktop/cs348k_proj/outputs/controlNetScale/controlnet_seg/cfg_7p5_control_2p0/000000024243/target.png,/Users/yixiaoz/Desktop/cs348k_proj/outputs/controlNetScale/controlnet_seg/cfg_7p5_control_2p0/000000024243/seg.png,/Users/yixiaoz/Desktop/cs348k_proj/outputs/controlNetScale/controlnet_seg/cfg_7p5_control_2p0/000000024243/generated.png,dense_text_plus_seg,6,7.5,2.0,20,0.6059,0.4692,34.0534
31296,"A group of people, some in leftover US army clothing, sit at tables in a large dining room.","A large group of people gather around tables inside a spacious dining room decorated with military memorabilia and clothing. The diners appear engaged in conversation while sharing food and drinks. Wooden floors, warm lighting, and the arrangement of tables create a communal atmosphere. The image.","A large group of people gather around tables inside a spacious dining room decorated with military memorabilia and clothing. The diners appear engaged in conversation while sharing food and drinks. Wooden floors, warm lighting, and the arrangement of tables create a communal atmosphere. The image.",/Users/yixiaoz/Desktop/cs348k_proj/outputs/controlNetScale/controlnet_seg/cfg_7p5_control_2p0/000000031296/target.png,/Users/yixiaoz/Desktop/cs348k_proj/outputs/controlNetScale/controlnet_seg/cfg_7p5_control_2p0/000000031296/seg.png,/Users/yixiaoz/Desktop/cs348k_proj/outputs/controlNetScale/controlnet_seg/cfg_7p5_control_2p0/000000031296/generated.png,dense_text_plus_seg,6,7.5,2.0,20,0.5759,0.43,39.1973
40083,a vintage photo of some people sitting under an umbrella,"This black-and-white photograph shows several people seated beneath a large umbrella beside a street or outdoor market area. Tables, chairs, and nearby structures suggest a casual public gathering place. The monochrome presentation gives the image a vintage appearance, emphasizing everyday social activity and street life.","This black-and-white photograph shows several people seated beneath a large umbrella beside a street or outdoor market area. Tables, chairs, and nearby structures suggest a casual public gathering place. The monochrome presentation gives the image a vintage appearance, emphasizing everyday social activity and street life.",/Users/yixiaoz/Desktop/cs348k_proj/outputs/controlNetScale/controlnet_seg/cfg_7p5_control_2p0/000000040083/target.png,/Users/yixiaoz/Desktop/cs348k_proj/outputs/controlNetScale/controlnet_seg/cfg_7p5_control_2p0/000000040083/seg.png,/Users/yixiaoz/Desktop/cs348k_proj/outputs/controlNetScale/controlnet_seg/cfg_7p5_control_2p0/000000040083/generated.png,dense_text_plus_seg,6,7.5,2.0,20,0.5923,0.4455,32.9769
36936,A man and woman sitting on a couch playing a video game.,"A man and woman sit together on a couch in a living room while playing a video game. A television displays the game in front of them, and snacks or drinks are visible on nearby tables. The indoor setting feels comfortable and informal, with warm.","A man and woman sit together on a couch in a living room while playing a video game. A television displays the game in front of them, and snacks or drinks are visible on nearby tables. The indoor setting feels comfortable and informal, with warm.",/Users/yixiaoz/Desktop/cs348k_proj/outputs/controlNetScale/controlnet_seg/cfg_7p5_control_2p0/000000036936/target.png,/Users/yixiaoz/Desktop/cs348k_proj/outputs/controlNetScale/controlnet_seg/cfg_7p5_control_2p0/000000036936/seg.png,/Users/yixiaoz/Desktop/cs348k_proj/outputs/controlNetScale/controlnet_seg/cfg_7p5_control_2p0/000000036936/generated.png,dense_text_plus_seg,6,7.5,2.0,20,0.6409,0.4839,32.0105
18150,A man with a receding hairline offers a slice of pizza to a toddler.,"A man with a receding hairline offers a slice of pizza to a young child seated nearby. The pair appear engaged in a friendly interaction, with the child focusing on the food being presented. The indoor setting suggests a casual family meal or gathering. The.","A man with a receding hairline offers a slice of pizza to a young child seated nearby. The pair appear engaged in a friendly interaction, with the child focusing on the food being presented. The indoor setting suggests a casual family meal or gathering. The.",/Users/yixiaoz/Desktop/cs348k_proj/outputs/controlNetScale/controlnet_seg/cfg_7p5_control_2p0/000000018150/target.png,/Users/yixiaoz/Desktop/cs348k_proj/outputs/controlNetScale/controlnet_seg/cfg_7p5_control_2p0/000000018150/seg.png,/Users/yixiaoz/Desktop/cs348k_proj/outputs/controlNetScale/controlnet_seg/cfg_7p5_control_2p0/000000018150/generated.png,dense_text_plus_seg,6,7.5,2.0,20,0.6141,0.3523,37.438
115870,Some people hanging around in a living room with a big couch.,Several people relax in a spacious living room centered around a large couch and coffee table. Some sit while others stand and converse near large windows that bring natural light into the room. Household decorations and comfortable furniture create a welcoming atmosphere. The scene captures.,Several people relax in a spacious living room centered around a large couch and coffee table. Some sit while others stand and converse near large windows that bring natural light into the room. Household decorations and comfortable furniture create a welcoming atmosphere. The scene captures.,/Users/yixiaoz/Desktop/cs348k_proj/outputs/controlNetScale/controlnet_seg/cfg_7p5_control_2p0/000000115870/target.png,/Users/yixiaoz/Desktop/cs348k_proj/outputs/controlNetScale/controlnet_seg/cfg_7p5_control_2p0/000000115870/seg.png,/Users/yixiaoz/Desktop/cs348k_proj/outputs/controlNetScale/controlnet_seg/cfg_7p5_control_2p0/000000115870/generated.png,dense_text_plus_seg,6,7.5,2.0,20,0.5448,0.3686,33.531
32901,Four men are standing together behind a group of red chairs.,"Four men stand together behind a row of red chairs in an indoor event or meeting room. They smile toward the camera and appear dressed in semi-formal attire, suggesting a gathering, celebration, or professional occasion. The composition resembles a group portrait, with the individuals positioned.","Four men stand together behind a row of red chairs in an indoor event or meeting room. They smile toward the camera and appear dressed in semi-formal attire, suggesting a gathering, celebration, or professional occasion. The composition resembles a group portrait, with the individuals positioned.",/Users/yixiaoz/Desktop/cs348k_proj/outputs/controlNetScale/controlnet_seg/cfg_7p5_control_2p0/000000032901/target.png,/Users/yixiaoz/Desktop/cs348k_proj/outputs/controlNetScale/controlnet_seg/cfg_7p5_control_2p0/000000032901/seg.png,/Users/yixiaoz/Desktop/cs348k_proj/outputs/controlNetScale/controlnet_seg/cfg_7p5_control_2p0/000000032901/generated.png,dense_text_plus_seg,6,7.5,2.0,20,0.6545,0.5143,35.1625
25560,A cat perches on top of an entertainment center in front of a TV.,"A cat perches on top of an entertainment center directly in front of a television screen. The television displays a person on screen, while the cat appears more interested in the elevated resting spot than the program itself. Household electronics and furniture surround the scene.","A cat perches on top of an entertainment center directly in front of a television screen. The television displays a person on screen, while the cat appears more interested in the elevated resting spot than the program itself. Household electronics and furniture surround the scene.",/Users/yixiaoz/Desktop/cs348k_proj/outputs/controlNetScale/controlnet_seg/cfg_7p5_control_2p0/000000025560/target.png,/Users/yixiaoz/Desktop/cs348k_proj/outputs/controlNetScale/controlnet_seg/cfg_7p5_control_2p0/000000025560/seg.png,/Users/yixiaoz/Desktop/cs348k_proj/outputs/controlNetScale/controlnet_seg/cfg_7p5_control_2p0/000000025560/generated.png,dense_text_plus_seg,6,7.5,2.0,20,0.612,0.4312,32.6779
115245,Several suitcases on wheels leaning up against one long table with chairs.,"Several suitcases of different sizes stand upright beside a long table and a row of chairs in what appears to be a waiting area or meeting room. The luggage is grouped together on a polished wooden floor, suggesting recent travel, arrival, or preparation for departure.","Several suitcases of different sizes stand upright beside a long table and a row of chairs in what appears to be a waiting area or meeting room. The luggage is grouped together on a polished wooden floor, suggesting recent travel, arrival, or preparation for departure.",/Users/yixiaoz/Desktop/cs348k_proj/outputs/controlNetScale/controlnet_seg/cfg_7p5_control_2p0/000000115245/target.png,/Users/yixiaoz/Desktop/cs348k_proj/outputs/controlNetScale/controlnet_seg/cfg_7p5_control_2p0/000000115245/seg.png,/Users/yixiaoz/Desktop/cs348k_proj/outputs/controlNetScale/controlnet_seg/cfg_7p5_control_2p0/000000115245/generated.png,dense_text_plus_seg,6,7.5,2.0,20,0.6308,0.5036,34.5522
5001,A group of people holding a large pair of scissors to a ribbon.,"A crowd of adults and children gather around a ceremonial ribbon-cutting event. Several people smile and pose while a large pair of scissors is used to cut a ribbon stretched across the foreground. Balloons, cameras, and excited expressions contribute to the celebratory atmosphere. The gathering.","A crowd of adults and children gather around a ceremonial ribbon-cutting event. Several people smile and pose while a large pair of scissors is used to cut a ribbon stretched across the foreground. Balloons, cameras, and excited expressions contribute to the celebratory atmosphere. The gathering.",/Users/yixiaoz/Desktop/cs348k_proj/outputs/controlNetScale/controlnet_seg/cfg_7p5_control_2p0/000000005001/target.png,/Users/yixiaoz/Desktop/cs348k_proj/outputs/controlNetScale/controlnet_seg/cfg_7p5_control_2p0/000000005001/seg.png,/Users/yixiaoz/Desktop/cs348k_proj/outputs/controlNetScale/controlnet_seg/cfg_7p5_control_2p0/000000005001/generated.png,dense_text_plus_seg,6,7.5,2.0,20,0.666,0.3651,32.714
3934,A young girl in the foreground and a woman in a bridal dress and other adults in the background.,"A young girl wearing a light-colored dress stands in the foreground of a living room while adults gather in the background. Motion blur gives the impression of movement and activity throughout the room. Furniture, decorations, and warm indoor lighting create a family-oriented atmosphere. The scene.","A young girl wearing a light-colored dress stands in the foreground of a living room while adults gather in the background. Motion blur gives the impression of movement and activity throughout the room. Furniture, decorations, and warm indoor lighting create a family-oriented atmosphere. The scene.",/Users/yixiaoz/Desktop/cs348k_proj/outputs/controlNetScale/controlnet_seg/cfg_7p5_control_2p0/000000003934/target.png,/Users/yixiaoz/Desktop/cs348k_proj/outputs/controlNetScale/controlnet_seg/cfg_7p5_control_2p0/000000003934/seg.png,/Users/yixiaoz/Desktop/cs348k_proj/outputs/controlNetScale/controlnet_seg/cfg_7p5_control_2p0/000000003934/generated.png,dense_text_plus_seg,6,7.5,2.0,20,0.6068,0.4653,35.0472
91500,Two kids hanging out playing video games on folding chairs.,"Two young men sit on folding chairs while playing a video game together indoors. Each player holds a game controller and focuses on an off-camera television or display. The room contains tables, chairs, and household furnishings that suggest a casual social gathering. Their relaxed posture.","Two young men sit on folding chairs while playing a video game together indoors. Each player holds a game controller and focuses on an off-camera television or display. The room contains tables, chairs, and household furnishings that suggest a casual social gathering. Their relaxed posture.",/Users/yixiaoz/Desktop/cs348k_proj/outputs/controlNetScale/controlnet_seg/cfg_7p5_control_2p0/000000091500/target.png,/Users/yixiaoz/Desktop/cs348k_proj/outputs/controlNetScale/controlnet_seg/cfg_7p5_control_2p0/000000091500/seg.png,/Users/yixiaoz/Desktop/cs348k_proj/outputs/controlNetScale/controlnet_seg/cfg_7p5_control_2p0/000000091500/generated.png,dense_text_plus_seg,6,7.5,2.0,20,0.6677,0.4433,38.5623
82696,a white and black bird is walking by a table and some chairs,"A white and black bird walks across the floor of an indoor dining area filled with tables and chairs. The bird moves freely between the furniture, creating an unusual contrast between wildlife and a human-designed environment. Empty chairs and table arrangements suggest a cafeteria, restaurant.","A white and black bird walks across the floor of an indoor dining area filled with tables and chairs. The bird moves freely between the furniture, creating an unusual contrast between wildlife and a human-designed environment. Empty chairs and table arrangements suggest a cafeteria, restaurant.",/Users/yixiaoz/Desktop/cs348k_proj/outputs/controlNetScale/controlnet_seg/cfg_7p5_control_2p0/000000082696/target.png,/Users/yixiaoz/Desktop/cs348k_proj/outputs/controlNetScale/controlnet_seg/cfg_7p5_control_2p0/000000082696/seg.png,/Users/yixiaoz/Desktop/cs348k_proj/outputs/controlNetScale/controlnet_seg/cfg_7p5_control_2p0/000000082696/generated.png,dense_text_plus_seg,6,7.5,2.0,20,0.5873,0.4253,38.1715
25986,"Food is on the counter including a glass of water, rice, vegetables, and more","Several plates of food are arranged on a kitchen counter, including vegetables, rice, and prepared dishes ready to be served. Bowls, utensils, and drinking glasses surround the meal preparation area. The countertop is busy with ingredients and completed dishes, suggesting an active cooking session or.","Several plates of food are arranged on a kitchen counter, including vegetables, rice, and prepared dishes ready to be served. Bowls, utensils, and drinking glasses surround the meal preparation area. The countertop is busy with ingredients and completed dishes, suggesting an active cooking session or.",/Users/yixiaoz/Desktop/cs348k_proj/outputs/controlNetScale/controlnet_seg/cfg_7p5_control_2p0/000000025986/target.png,/Users/yixiaoz/Desktop/cs348k_proj/outputs/controlNetScale/controlnet_seg/cfg_7p5_control_2p0/000000025986/seg.png,/Users/yixiaoz/Desktop/cs348k_proj/outputs/controlNetScale/controlnet_seg/cfg_7p5_control_2p0/000000025986/generated.png,dense_text_plus_seg,6,7.5,2.0,20,0.5798,0.3391,32.135
17899,Woman working with large assortment of baked goods at kitchen table.,An older woman works at a kitchen table covered with baking supplies and a large assortment of cookies or pastries. Trays of baked goods are arranged across the tabletop while ingredients and utensils remain nearby. The woman appears focused on decorating or organizing the treats.,An older woman works at a kitchen table covered with baking supplies and a large assortment of cookies or pastries. Trays of baked goods are arranged across the tabletop while ingredients and utensils remain nearby. The woman appears focused on decorating or organizing the treats.,/Users/yixiaoz/Desktop/cs348k_proj/outputs/controlNetScale/controlnet_seg/cfg_7p5_control_2p0/000000017899/target.png,/Users/yixiaoz/Desktop/cs348k_proj/outputs/controlNetScale/controlnet_seg/cfg_7p5_control_2p0/000000017899/seg.png,/Users/yixiaoz/Desktop/cs348k_proj/outputs/controlNetScale/controlnet_seg/cfg_7p5_control_2p0/000000017899/generated.png,dense_text_plus_seg,6,7.5,2.0,20,0.6383,0.3421,37.6085
36494,"A crowd of people sitting in a room, with a clock tower in front.","A large crowd gathers inside a spacious hall featuring an enormous illuminated clock structure mounted on the wall. People sit and stand around tables while enjoying food, drinks, and conversation. The architecture, lighting, and oversized clock create a dramatic focal point within the room. The.","A large crowd gathers inside a spacious hall featuring an enormous illuminated clock structure mounted on the wall. People sit and stand around tables while enjoying food, drinks, and conversation. The architecture, lighting, and oversized clock create a dramatic focal point within the room. The.",/Users/yixiaoz/Desktop/cs348k_proj/outputs/controlNetScale/controlnet_seg/cfg_7p5_control_2p0/000000036494/target.png,/Users/yixiaoz/Desktop/cs348k_proj/outputs/controlNetScale/controlnet_seg/cfg_7p5_control_2p0/000000036494/seg.png,/Users/yixiaoz/Desktop/cs348k_proj/outputs/controlNetScale/controlnet_seg/cfg_7p5_control_2p0/000000036494/generated.png,dense_text_plus_seg,6,7.5,2.0,20,0.6261,0.3464,35.4702
24610,There is a laptop computer in a room with a couch and a bookcase.,"A quiet room contains a desk with a laptop computer, bookshelves filled with books, and a couch positioned along one wall. Warm lighting and simple furnishings create a calm, comfortable environment suitable for reading, studying, or working. The arrangement suggests a personal living space or.","A quiet room contains a desk with a laptop computer, bookshelves filled with books, and a couch positioned along one wall. Warm lighting and simple furnishings create a calm, comfortable environment suitable for reading, studying, or working. The arrangement suggests a personal living space or.",/Users/yixiaoz/Desktop/cs348k_proj/outputs/controlNetScale/controlnet_seg/cfg_7p5_control_2p0/000000024610/target.png,/Users/yixiaoz/Desktop/cs348k_proj/outputs/controlNetScale/controlnet_seg/cfg_7p5_control_2p0/000000024610/seg.png,/Users/yixiaoz/Desktop/cs348k_proj/outputs/controlNetScale/controlnet_seg/cfg_7p5_control_2p0/000000024610/generated.png,dense_text_plus_seg,6,7.5,2.0,20,0.7306,0.4399,28.9596
18380,a family sitting around a long table filled with a lot of food,"A large family gathers around a long dining table filled with food, drinks, and serving dishes. Adults and children smile toward the camera while seated closely together in a warm home environment. The table is crowded with meals prepared for sharing, creating a festive atmosphere.","A large family gathers around a long dining table filled with food, drinks, and serving dishes. Adults and children smile toward the camera while seated closely together in a warm home environment. The table is crowded with meals prepared for sharing, creating a festive atmosphere.",/Users/yixiaoz/Desktop/cs348k_proj/outputs/controlNetScale/controlnet_seg/cfg_7p5_control_2p0/000000018380/target.png,/Users/yixiaoz/Desktop/cs348k_proj/outputs/controlNetScale/controlnet_seg/cfg_7p5_control_2p0/000000018380/seg.png,/Users/yixiaoz/Desktop/cs348k_proj/outputs/controlNetScale/controlnet_seg/cfg_7p5_control_2p0/000000018380/generated.png,dense_text_plus_seg,6,7.5,2.0,20,0.6464,0.2845,35.6004
102411,Two people sitting on a motorcycle in the street next to a beach.,"Two people sit on a motorcycle parked beside a waterfront area near a beach. The ocean, shoreline, and distant scenery provide a scenic backdrop while the riders pause along the road. Nearby pedestrians and open coastal views contribute to the relaxed atmosphere. The image combines.","Two people sit on a motorcycle parked beside a waterfront area near a beach. The ocean, shoreline, and distant scenery provide a scenic backdrop while the riders pause along the road. Nearby pedestrians and open coastal views contribute to the relaxed atmosphere. The image combines.",/Users/yixiaoz/Desktop/cs348k_proj/outputs/controlNetScale/controlnet_seg/cfg_7p5_control_2p0/000000102411/target.png,/Users/yixiaoz/Desktop/cs348k_proj/outputs/controlNetScale/controlnet_seg/cfg_7p5_control_2p0/000000102411/seg.png,/Users/yixiaoz/Desktop/cs348k_proj/outputs/controlNetScale/controlnet_seg/cfg_7p5_control_2p0/000000102411/generated.png,dense_text_plus_seg,6,7.5,2.0,20,0.5014,0.3297,36.8518
99053,"A bowl of noodles, meat, broccoli and carrots in a sauce with a fork.","A bowl of noodles mixed with meat, broccoli, carrots, and vegetables sits on a table with a fork resting inside. The colorful ingredients are coated in sauce and arranged casually within the bowl. The close-up perspective focuses attention on the meal while minimizing background distractions.","A bowl of noodles mixed with meat, broccoli, carrots, and vegetables sits on a table with a fork resting inside. The colorful ingredients are coated in sauce and arranged casually within the bowl. The close-up perspective focuses attention on the meal while minimizing background distractions.",/Users/yixiaoz/Desktop/cs348k_proj/outputs/controlNetScale/controlnet_seg/cfg_7p5_control_2p0/000000099053/target.png,/Users/yixiaoz/Desktop/cs348k_proj/outputs/controlNetScale/controlnet_seg/cfg_7p5_control_2p0/000000099053/seg.png,/Users/yixiaoz/Desktop/cs348k_proj/outputs/controlNetScale/controlnet_seg/cfg_7p5_control_2p0/000000099053/generated.png,dense_text_plus_seg,6,7.5,2.0,20,0.7513,0.39,34.5962
84650,THERE IS A CAT THAT IS SITTION ON TOP OF THE SUITCASE,A cat rests comfortably on top of a large suitcase surrounded by luggage and travel bags. The animal appears relaxed despite sitting among items associated with movement and transportation. The scene suggests preparation for a trip or recent arrival. The contrast between the cat’s calm.,A cat rests comfortably on top of a large suitcase surrounded by luggage and travel bags. The animal appears relaxed despite sitting among items associated with movement and transportation. The scene suggests preparation for a trip or recent arrival. The contrast between the cat’s calm.,/Users/yixiaoz/Desktop/cs348k_proj/outputs/controlNetScale/controlnet_seg/cfg_7p5_control_2p0/000000084650/target.png,/Users/yixiaoz/Desktop/cs348k_proj/outputs/controlNetScale/controlnet_seg/cfg_7p5_control_2p0/000000084650/seg.png,/Users/yixiaoz/Desktop/cs348k_proj/outputs/controlNetScale/controlnet_seg/cfg_7p5_control_2p0/000000084650/generated.png,dense_text_plus_seg,6,7.5,2.0,20,0.6739,0.495,33.5091
114049,"People inside a commuter train, with their luggage and bicycles.","Passengers stand inside a crowded train car surrounded by luggage, bicycles, and personal belongings. The narrow aisle is filled with travelers preparing for or continuing their journey. Bicycle wheels, suitcases, and overhead fixtures emphasize the transportation setting. The image captures the realities of public transit.","Passengers stand inside a crowded train car surrounded by luggage, bicycles, and personal belongings. The narrow aisle is filled with travelers preparing for or continuing their journey. Bicycle wheels, suitcases, and overhead fixtures emphasize the transportation setting. The image captures the realities of public transit.",/Users/yixiaoz/Desktop/cs348k_proj/outputs/controlNetScale/controlnet_seg/cfg_7p5_control_2p0/000000114049/target.png,/Users/yixiaoz/Desktop/cs348k_proj/outputs/controlNetScale/controlnet_seg/cfg_7p5_control_2p0/000000114049/seg.png,/Users/yixiaoz/Desktop/cs348k_proj/outputs/controlNetScale/controlnet_seg/cfg_7p5_control_2p0/000000114049/generated.png,dense_text_plus_seg,6,7.5,2.0,20,0.6111,0.4346,32.9136
100723,Crown marching in one direction in a lightly attended protest.,"A group of protesters march through a public street carrying signs and banners while moving together in the same direction. Participants of different ages fill the scene, creating a visible demonstration of collective action. The signs suggest support for a social or political cause, while.","A group of protesters march through a public street carrying signs and banners while moving together in the same direction. Participants of different ages fill the scene, creating a visible demonstration of collective action. The signs suggest support for a social or political cause, while.",/Users/yixiaoz/Desktop/cs348k_proj/outputs/controlNetScale/controlnet_seg/cfg_7p5_control_2p0/000000100723/target.png,/Users/yixiaoz/Desktop/cs348k_proj/outputs/controlNetScale/controlnet_seg/cfg_7p5_control_2p0/000000100723/seg.png,/Users/yixiaoz/Desktop/cs348k_proj/outputs/controlNetScale/controlnet_seg/cfg_7p5_control_2p0/000000100723/generated.png,dense_text_plus_seg,6,7.5,2.0,20,0.6371,0.3718,33.041
40471,A painted white kitchen with a refrigerator and an automatic dish washer next to an oven stove.,"A clean white kitchen contains a refrigerator, oven, dishwasher, cabinets, and countertops arranged in a practical layout. Bright lighting reflects off the appliances and tiled surfaces, creating an organized and modern appearance. The room appears ready for cooking and daily household use. The image emphasizes.","A clean white kitchen contains a refrigerator, oven, dishwasher, cabinets, and countertops arranged in a practical layout. Bright lighting reflects off the appliances and tiled surfaces, creating an organized and modern appearance. The room appears ready for cooking and daily household use. The image emphasizes.",/Users/yixiaoz/Desktop/cs348k_proj/outputs/controlNetScale/controlnet_seg/cfg_7p5_control_2p0/000000040471/target.png,/Users/yixiaoz/Desktop/cs348k_proj/outputs/controlNetScale/controlnet_seg/cfg_7p5_control_2p0/000000040471/seg.png,/Users/yixiaoz/Desktop/cs348k_proj/outputs/controlNetScale/controlnet_seg/cfg_7p5_control_2p0/000000040471/generated.png,dense_text_plus_seg,6,7.5,2.0,20,0.5829,0.3635,33.0956
100238,A family standing next to each other while holding frisbees.,"A family stands outdoors together while holding colorful frisbees. Adults and children pose side by side in a grassy area, appearing relaxed and cheerful. The open environment suggests a park, recreational field, or family gathering. Their casual clothing and outdoor setting contribute to a friendly.","A family stands outdoors together while holding colorful frisbees. Adults and children pose side by side in a grassy area, appearing relaxed and cheerful. The open environment suggests a park, recreational field, or family gathering. Their casual clothing and outdoor setting contribute to a friendly.",/Users/yixiaoz/Desktop/cs348k_proj/outputs/controlNetScale/controlnet_seg/cfg_7p5_control_2p0/000000100238/target.png,/Users/yixiaoz/Desktop/cs348k_proj/outputs/controlNetScale/controlnet_seg/cfg_7p5_control_2p0/000000100238/seg.png,/Users/yixiaoz/Desktop/cs348k_proj/outputs/controlNetScale/controlnet_seg/cfg_7p5_control_2p0/000000100238/generated.png,dense_text_plus_seg,6,7.5,2.0,20,0.5426,0.3539,36.48
39484,A street full of cars that are driving and parked and a group of people sitting outside eating.,"Cars move along a city street lined with buildings, storefronts, and restaurants. Some people sit outside dining establishments while traffic passes through the urban area. Signs, parked vehicles, and commercial activity contribute to a lively downtown atmosphere. The image captures the interaction between transportation, business.","Cars move along a city street lined with buildings, storefronts, and restaurants. Some people sit outside dining establishments while traffic passes through the urban area. Signs, parked vehicles, and commercial activity contribute to a lively downtown atmosphere. The image captures the interaction between transportation, business.",/Users/yixiaoz/Desktop/cs348k_proj/outputs/controlNetScale/controlnet_seg/cfg_7p5_control_2p0/000000039484/target.png,/Users/yixiaoz/Desktop/cs348k_proj/outputs/controlNetScale/controlnet_seg/cfg_7p5_control_2p0/000000039484/seg.png,/Users/yixiaoz/Desktop/cs348k_proj/outputs/controlNetScale/controlnet_seg/cfg_7p5_control_2p0/000000039484/generated.png,dense_text_plus_seg,6,7.5,2.0,20,0.6708,0.4422,26.8907
13729,A group of people playing with a Wii in the living room.,"Several people stand in a living room while playing a Nintendo Wii video game. Participants face a television and appear engaged in the activity, moving their bodies as part of the gameplay. Household furniture, decorations, and open floor space provide room for interaction. The image.","Several people stand in a living room while playing a Nintendo Wii video game. Participants face a television and appear engaged in the activity, moving their bodies as part of the gameplay. Household furniture, decorations, and open floor space provide room for interaction. The image.",/Users/yixiaoz/Desktop/cs348k_proj/outputs/controlNetScale/controlnet_seg/cfg_7p5_control_2p0/000000013729/target.png,/Users/yixiaoz/Desktop/cs348k_proj/outputs/controlNetScale/controlnet_seg/cfg_7p5_control_2p0/000000013729/seg.png,/Users/yixiaoz/Desktop/cs348k_proj/outputs/controlNetScale/controlnet_seg/cfg_7p5_control_2p0/000000013729/generated.png,dense_text_plus_seg,6,7.5,2.0,20,0.6491,0.4862,36.006
80340,a small child wearing a tie and holding a suitcase with other people in the background,"A small child wearing a dress shirt, tie, and formal clothing stands on a sidewalk holding a rolling suitcase. Adults and other people gather nearby in the background, suggesting a family event, celebration, or travel occasion. The child’s serious posture contrasts with the oversized luggage.","A small child wearing a dress shirt, tie, and formal clothing stands on a sidewalk holding a rolling suitcase. Adults and other people gather nearby in the background, suggesting a family event, celebration, or travel occasion. The child’s serious posture contrasts with the oversized luggage.",/Users/yixiaoz/Desktop/cs348k_proj/outputs/controlNetScale/controlnet_seg/cfg_7p5_control_2p0/000000080340/target.png,/Users/yixiaoz/Desktop/cs348k_proj/outputs/controlNetScale/controlnet_seg/cfg_7p5_control_2p0/000000080340/seg.png,/Users/yixiaoz/Desktop/cs348k_proj/outputs/controlNetScale/controlnet_seg/cfg_7p5_control_2p0/000000080340/generated.png,dense_text_plus_seg,6,7.5,2.0,20,0.5309,0.343,36.7966
38829,Two boys riding on a single bicycle on a city street,"Two people ride together through a busy city street on a single bicycle while surrounded by scooters, motorcycles, and other commuters. Urban storefronts, signs, and passing vehicles create a lively transportation scene. The riders appear relaxed as they navigate traffic alongside other travelers. The image.","Two people ride together through a busy city street on a single bicycle while surrounded by scooters, motorcycles, and other commuters. Urban storefronts, signs, and passing vehicles create a lively transportation scene. The riders appear relaxed as they navigate traffic alongside other travelers. The image.",/Users/yixiaoz/Desktop/cs348k_proj/outputs/controlNetScale/controlnet_seg/cfg_7p5_control_2p0/000000038829/target.png,/Users/yixiaoz/Desktop/cs348k_proj/outputs/controlNetScale/controlnet_seg/cfg_7p5_control_2p0/000000038829/seg.png,/Users/yixiaoz/Desktop/cs348k_proj/outputs/controlNetScale/controlnet_seg/cfg_7p5_control_2p0/000000038829/generated.png,dense_text_plus_seg,6,7.5,2.0,20,0.6375,0.4503,31.3382
66841,"A whimsical artistic toaster has eyes, a mouth, a nose, spoon feet, spoon ears, and a mixing beater tail.","A whimsical toaster has been creatively decorated with eyes, a nose, spoon-shaped ears, and other objects to resemble a human face. The appliance stands upright in a kitchen or dining area, transforming an ordinary household item into a playful character. Surrounding utensils and decorative elements.","A whimsical toaster has been creatively decorated with eyes, a nose, spoon-shaped ears, and other objects to resemble a human face. The appliance stands upright in a kitchen or dining area, transforming an ordinary household item into a playful character. Surrounding utensils and decorative elements.",/Users/yixiaoz/Desktop/cs348k_proj/outputs/controlNetScale/controlnet_seg/cfg_7p5_control_2p0/000000066841/target.png,/Users/yixiaoz/Desktop/cs348k_proj/outputs/controlNetScale/controlnet_seg/cfg_7p5_control_2p0/000000066841/seg.png,/Users/yixiaoz/Desktop/cs348k_proj/outputs/controlNetScale/controlnet_seg/cfg_7p5_control_2p0/000000066841/generated.png,dense_text_plus_seg,6,7.5,2.0,20,0.6828,0.5279,34.7533
25386,A man and woman are sitting together while the man eats with chopsticks.,"A man and woman sit together at a restaurant table while sharing a meal. Plates of food, chopsticks, drinks, and condiments are arranged in front of them as they look toward the camera. The indoor dining environment appears casual and welcoming. Their expressions suggest a.","A man and woman sit together at a restaurant table while sharing a meal. Plates of food, chopsticks, drinks, and condiments are arranged in front of them as they look toward the camera. The indoor dining environment appears casual and welcoming. Their expressions suggest a.",/Users/yixiaoz/Desktop/cs348k_proj/outputs/controlNetScale/controlnet_seg/cfg_7p5_control_2p0/000000025386/target.png,/Users/yixiaoz/Desktop/cs348k_proj/outputs/controlNetScale/controlnet_seg/cfg_7p5_control_2p0/000000025386/seg.png,/Users/yixiaoz/Desktop/cs348k_proj/outputs/controlNetScale/controlnet_seg/cfg_7p5_control_2p0/000000025386/generated.png,dense_text_plus_seg,6,7.5,2.0,20,0.6046,0.4982,31.8602
83531,A BBQ topped with lots of sausages sitting side by side.,"Several sausages cook on a barbecue grill above glowing heat while metal tongs rest nearby. The close-up perspective focuses on the food as it browns and develops grill marks. Smoke, cooking equipment, and the outdoor setting suggest a backyard gathering or cookout. The image emphasizes.","Several sausages cook on a barbecue grill above glowing heat while metal tongs rest nearby. The close-up perspective focuses on the food as it browns and develops grill marks. Smoke, cooking equipment, and the outdoor setting suggest a backyard gathering or cookout. The image emphasizes.",/Users/yixiaoz/Desktop/cs348k_proj/outputs/controlNetScale/controlnet_seg/cfg_7p5_control_2p0/000000083531/target.png,/Users/yixiaoz/Desktop/cs348k_proj/outputs/controlNetScale/controlnet_seg/cfg_7p5_control_2p0/000000083531/seg.png,/Users/yixiaoz/Desktop/cs348k_proj/outputs/controlNetScale/controlnet_seg/cfg_7p5_control_2p0/000000083531/generated.png,dense_text_plus_seg,6,7.5,2.0,20,0.729,0.4835,35.3981
98392,"A photo of a busy intersection with a bus, several cars and a clock tower.","A busy city intersection contains multiple cars, a bus, and a prominent clock tower rising above nearby buildings. Traffic moves through the streets while pedestrians and commercial activity contribute to the urban atmosphere. Architectural details and transportation infrastructure create a recognizable downtown setting. The image.","A busy city intersection contains multiple cars, a bus, and a prominent clock tower rising above nearby buildings. Traffic moves through the streets while pedestrians and commercial activity contribute to the urban atmosphere. Architectural details and transportation infrastructure create a recognizable downtown setting. The image.",/Users/yixiaoz/Desktop/cs348k_proj/outputs/controlNetScale/controlnet_seg/cfg_7p5_control_2p0/000000098392/target.png,/Users/yixiaoz/Desktop/cs348k_proj/outputs/controlNetScale/controlnet_seg/cfg_7p5_control_2p0/000000098392/seg.png,/Users/yixiaoz/Desktop/cs348k_proj/outputs/controlNetScale/controlnet_seg/cfg_7p5_control_2p0/000000098392/generated.png,dense_text_plus_seg,6,7.5,2.0,20,0.563,0.3916,30.9805
12576,An elderly woman seated at a table holding three pizzas.,"An elderly woman sits at a dining table with several pizzas placed in front of her. Glasses, dishes, and table settings suggest a meal shared with others outside the frame. The warm indoor environment creates a comfortable and social atmosphere. The image highlights casual dining.","An elderly woman sits at a dining table with several pizzas placed in front of her. Glasses, dishes, and table settings suggest a meal shared with others outside the frame. The warm indoor environment creates a comfortable and social atmosphere. The image highlights casual dining.",/Users/yixiaoz/Desktop/cs348k_proj/outputs/controlNetScale/controlnet_seg/cfg_7p5_control_2p0/000000012576/target.png,/Users/yixiaoz/Desktop/cs348k_proj/outputs/controlNetScale/controlnet_seg/cfg_7p5_control_2p0/000000012576/seg.png,/Users/yixiaoz/Desktop/cs348k_proj/outputs/controlNetScale/controlnet_seg/cfg_7p5_control_2p0/000000012576/generated.png,dense_text_plus_seg,6,7.5,2.0,20,0.6271,0.3496,39.7289
22705,A woman in a short black dress is holding a champagne flute and standing in front of a refrigerator.,"A woman wearing a black dress stands confidently in a kitchen while holding a champagne flute. Stainless steel appliances, wooden cabinets, and household furnishings form the background. Her posture and expression suggest she may be attending a celebration, gathering, or special occasion. The image combines.","A woman wearing a black dress stands confidently in a kitchen while holding a champagne flute. Stainless steel appliances, wooden cabinets, and household furnishings form the background. Her posture and expression suggest she may be attending a celebration, gathering, or special occasion. The image combines.",/Users/yixiaoz/Desktop/cs348k_proj/outputs/controlNetScale/controlnet_seg/cfg_7p5_control_2p0/000000022705/target.png,/Users/yixiaoz/Desktop/cs348k_proj/outputs/controlNetScale/controlnet_seg/cfg_7p5_control_2p0/000000022705/seg.png,/Users/yixiaoz/Desktop/cs348k_proj/outputs/controlNetScale/controlnet_seg/cfg_7p5_control_2p0/000000022705/generated.png,dense_text_plus_seg,6,7.5,2.0,20,0.602,0.2695,35.9168
26204,A group of cars waiting at an intersection for the light to change,"Cars wait at an urban intersection lined with buildings, trees, and traffic infrastructure. Vehicles occupy multiple lanes as they pause for a traffic signal before continuing through the city. Sidewalks, storefronts, and street signs contribute to the metropolitan atmosphere. The image emphasizes transportation systems, traffic.","Cars wait at an urban intersection lined with buildings, trees, and traffic infrastructure. Vehicles occupy multiple lanes as they pause for a traffic signal before continuing through the city. Sidewalks, storefronts, and street signs contribute to the metropolitan atmosphere. The image emphasizes transportation systems, traffic.",/Users/yixiaoz/Desktop/cs348k_proj/outputs/controlNetScale/controlnet_seg/cfg_7p5_control_2p0/000000026204/target.png,/Users/yixiaoz/Desktop/cs348k_proj/outputs/controlNetScale/controlnet_seg/cfg_7p5_control_2p0/000000026204/seg.png,/Users/yixiaoz/Desktop/cs348k_proj/outputs/controlNetScale/controlnet_seg/cfg_7p5_control_2p0/000000026204/generated.png,dense_text_plus_seg,6,7.5,2.0,20,0.541,0.3445,30.593
31248,"Living room with white chairs and couches, fireplace and books on bookshelves.","A bright living room features white chairs, comfortable couches, bookshelves, and a fireplace serving as the central focal point. Decorative lamps, framed artwork, and neatly arranged furniture create an elegant and inviting atmosphere. Natural light and balanced interior design contribute to the room’s spacious appearance.","A bright living room features white chairs, comfortable couches, bookshelves, and a fireplace serving as the central focal point. Decorative lamps, framed artwork, and neatly arranged furniture create an elegant and inviting atmosphere. Natural light and balanced interior design contribute to the room’s spacious appearance.",/Users/yixiaoz/Desktop/cs348k_proj/outputs/controlNetScale/controlnet_seg/cfg_7p5_control_2p0/000000031248/target.png,/Users/yixiaoz/Desktop/cs348k_proj/outputs/controlNetScale/controlnet_seg/cfg_7p5_control_2p0/000000031248/seg.png,/Users/yixiaoz/Desktop/cs348k_proj/outputs/controlNetScale/controlnet_seg/cfg_7p5_control_2p0/000000031248/generated.png,dense_text_plus_seg,6,7.5,2.0,20,0.5619,0.3686,27.9808
107339,A pretty young lady standing in front of a couch behind a wooden table.,"A woman stands in a modern room near a couch and low wooden tables while another person sits nearby. Bright walls, large windows, and contemporary furniture create a clean and open interior space. The standing woman appears to be speaking, presenting, or interacting with the.","A woman stands in a modern room near a couch and low wooden tables while another person sits nearby. Bright walls, large windows, and contemporary furniture create a clean and open interior space. The standing woman appears to be speaking, presenting, or interacting with the.",/Users/yixiaoz/Desktop/cs348k_proj/outputs/controlNetScale/controlnet_seg/cfg_7p5_control_2p0/000000107339/target.png,/Users/yixiaoz/Desktop/cs348k_proj/outputs/controlNetScale/controlnet_seg/cfg_7p5_control_2p0/000000107339/seg.png,/Users/yixiaoz/Desktop/cs348k_proj/outputs/controlNetScale/controlnet_seg/cfg_7p5_control_2p0/000000107339/generated.png,dense_text_plus_seg,6,7.5,2.0,20,0.7474,0.5332,31.4635
87476,two people standing on the same skateboard and holding each other up.,"Two young people stand together at a public event while holding skateboards and interacting with one another. One person wears a helmet while colorful vehicles and event displays appear in the background. Their posture suggests friendship, instruction, or support during a skateboarding activity. The image.","Two young people stand together at a public event while holding skateboards and interacting with one another. One person wears a helmet while colorful vehicles and event displays appear in the background. Their posture suggests friendship, instruction, or support during a skateboarding activity. The image.",/Users/yixiaoz/Desktop/cs348k_proj/outputs/controlNetScale/controlnet_seg/cfg_7p5_control_2p0/000000087476/target.png,/Users/yixiaoz/Desktop/cs348k_proj/outputs/controlNetScale/controlnet_seg/cfg_7p5_control_2p0/000000087476/seg.png,/Users/yixiaoz/Desktop/cs348k_proj/outputs/controlNetScale/controlnet_seg/cfg_7p5_control_2p0/000000087476/generated.png,dense_text_plus_seg,6,7.5,2.0,20,0.647,0.4608,34.713
78748,"A couple of motorcycles in front of sign, with people standing around.","Several motorcycles are parked in front of a display area featuring brand signage while people gather nearby. The polished bikes are arranged for viewing, suggesting a motorcycle show, dealership event, or public exhibition. Spectators walk around the display, examining the vehicles and socializing. The image.","Several motorcycles are parked in front of a display area featuring brand signage while people gather nearby. The polished bikes are arranged for viewing, suggesting a motorcycle show, dealership event, or public exhibition. Spectators walk around the display, examining the vehicles and socializing. The image.",/Users/yixiaoz/Desktop/cs348k_proj/outputs/controlNetScale/controlnet_seg/cfg_7p5_control_2p0/000000078748/target.png,/Users/yixiaoz/Desktop/cs348k_proj/outputs/controlNetScale/controlnet_seg/cfg_7p5_control_2p0/000000078748/seg.png,/Users/yixiaoz/Desktop/cs348k_proj/outputs/controlNetScale/controlnet_seg/cfg_7p5_control_2p0/000000078748/generated.png,dense_text_plus_seg,6,7.5,2.0,20,0.6372,0.588,35.2581
29596,"A room with a couch, table set with dinnerware and a television.","A hotel-style room contains a couch, television, dining table, and neatly arranged place settings. Warm lighting, curtains, and decorative furnishings create a comfortable and welcoming atmosphere. The table is prepared for a meal, suggesting hospitality or room service. The image highlights interior design, temporary accommodations.","A hotel-style room contains a couch, television, dining table, and neatly arranged place settings. Warm lighting, curtains, and decorative furnishings create a comfortable and welcoming atmosphere. The table is prepared for a meal, suggesting hospitality or room service. The image highlights interior design, temporary accommodations.",/Users/yixiaoz/Desktop/cs348k_proj/outputs/controlNetScale/controlnet_seg/cfg_7p5_control_2p0/000000029596/target.png,/Users/yixiaoz/Desktop/cs348k_proj/outputs/controlNetScale/controlnet_seg/cfg_7p5_control_2p0/000000029596/seg.png,/Users/yixiaoz/Desktop/cs348k_proj/outputs/controlNetScale/controlnet_seg/cfg_7p5_control_2p0/000000029596/generated.png,dense_text_plus_seg,6,7.5,2.0,20,0.5243,0.3691,31.0689
33854,"parked cars, motorcycles and buses on a cobblestone parking lot next to a street.","Cars, buses, and motorcycles occupy a cobblestone parking area near a city street lined with buildings. The scene contains multiple forms of transportation gathered within a shared urban space. Pedestrians move through the area while parked vehicles await their drivers. The image captures urban infrastructure.","Cars, buses, and motorcycles occupy a cobblestone parking area near a city street lined with buildings. The scene contains multiple forms of transportation gathered within a shared urban space. Pedestrians move through the area while parked vehicles await their drivers. The image captures urban infrastructure.",/Users/yixiaoz/Desktop/cs348k_proj/outputs/controlNetScale/controlnet_seg/cfg_7p5_control_2p0/000000033854/target.png,/Users/yixiaoz/Desktop/cs348k_proj/outputs/controlNetScale/controlnet_seg/cfg_7p5_control_2p0/000000033854/seg.png,/Users/yixiaoz/Desktop/cs348k_proj/outputs/controlNetScale/controlnet_seg/cfg_7p5_control_2p0/000000033854/generated.png,dense_text_plus_seg,6,7.5,2.0,20,0.554,0.4035,33.1322
36844,a black couch a green chair a red chair a mirror and a ceiling fan,"A living room contains a black couch, colorful chairs, a ceiling fan, and large windows that allow natural light into the space. Various pieces of furniture and decorative items are arranged throughout the room, creating a comfortable residential environment. The layout suggests an area designed.","A living room contains a black couch, colorful chairs, a ceiling fan, and large windows that allow natural light into the space. Various pieces of furniture and decorative items are arranged throughout the room, creating a comfortable residential environment. The layout suggests an area designed.",/Users/yixiaoz/Desktop/cs348k_proj/outputs/controlNetScale/controlnet_seg/cfg_7p5_control_2p0/000000036844/target.png,/Users/yixiaoz/Desktop/cs348k_proj/outputs/controlNetScale/controlnet_seg/cfg_7p5_control_2p0/000000036844/seg.png,/Users/yixiaoz/Desktop/cs348k_proj/outputs/controlNetScale/controlnet_seg/cfg_7p5_control_2p0/000000036844/generated.png,dense_text_plus_seg,6,7.5,2.0,20,0.5562,0.4013,30.9119
1000,A group of kids posing for a picture on a tennis court.,A large group of children gather together on a tennis court while posing for a photograph. Some hold tennis equipment while others stand closely beside teammates and friends. The outdoor sports facility provides a bright and energetic setting. Smiles and casual poses suggest a team.,A large group of children gather together on a tennis court while posing for a photograph. Some hold tennis equipment while others stand closely beside teammates and friends. The outdoor sports facility provides a bright and energetic setting. Smiles and casual poses suggest a team.,/Users/yixiaoz/Desktop/cs348k_proj/outputs/controlNetScale/controlnet_seg/cfg_7p5_control_2p0/000000001000/target.png,/Users/yixiaoz/Desktop/cs348k_proj/outputs/controlNetScale/controlnet_seg/cfg_7p5_control_2p0/000000001000/seg.png,/Users/yixiaoz/Desktop/cs348k_proj/outputs/controlNetScale/controlnet_seg/cfg_7p5_control_2p0/000000001000/generated.png,dense_text_plus_seg,6,7.5,2.0,20,0.6289,0.4108,36.7715
55528,A man holding a paper bag while showing the camera a toothbrush.,"A man sits in a chair while holding a paper bag and displaying a toothbrush toward the camera. His expression suggests humor or casual conversation as he presents the object. The indoor environment appears relaxed and informal, with household furnishings visible around him. The image.","A man sits in a chair while holding a paper bag and displaying a toothbrush toward the camera. His expression suggests humor or casual conversation as he presents the object. The indoor environment appears relaxed and informal, with household furnishings visible around him. The image.",/Users/yixiaoz/Desktop/cs348k_proj/outputs/controlNetScale/controlnet_seg/cfg_7p5_control_2p0/000000055528/target.png,/Users/yixiaoz/Desktop/cs348k_proj/outputs/controlNetScale/controlnet_seg/cfg_7p5_control_2p0/000000055528/seg.png,/Users/yixiaoz/Desktop/cs348k_proj/outputs/controlNetScale/controlnet_seg/cfg_7p5_control_2p0/000000055528/generated.png,dense_text_plus_seg,6,7.5,2.0,20,0.5817,0.6003,31.682
2006,City bus driving through pedestrian saturated area near crosswalk.,"A city bus travels through a busy urban area near a crosswalk while pedestrians and vehicles move through the surrounding streets. Buildings, signs, and transportation infrastructure create a dynamic city environment. The bus serves as the focal point, illustrating the role of public transit in.","A city bus travels through a busy urban area near a crosswalk while pedestrians and vehicles move through the surrounding streets. Buildings, signs, and transportation infrastructure create a dynamic city environment. The bus serves as the focal point, illustrating the role of public transit in.",/Users/yixiaoz/Desktop/cs348k_proj/outputs/controlNetScale/controlnet_seg/cfg_7p5_control_2p0/000000002006/target.png,/Users/yixiaoz/Desktop/cs348k_proj/outputs/controlNetScale/controlnet_seg/cfg_7p5_control_2p0/000000002006/seg.png,/Users/yixiaoz/Desktop/cs348k_proj/outputs/controlNetScale/controlnet_seg/cfg_7p5_control_2p0/000000002006/generated.png,dense_text_plus_seg,6,7.5,2.0,20,0.5682,0.3896,32.1891
113720,A couple are enjoying pizza and drinks at the restaurant,"A smiling couple sits together at a restaurant table enjoying pizza, drinks, and conversation. Plates of food and beverages are arranged neatly while the pair look toward the camera. The atmosphere appears relaxed and friendly, suggesting a casual meal shared between friends or partners. The.","A smiling couple sits together at a restaurant table enjoying pizza, drinks, and conversation. Plates of food and beverages are arranged neatly while the pair look toward the camera. The atmosphere appears relaxed and friendly, suggesting a casual meal shared between friends or partners. The.",/Users/yixiaoz/Desktop/cs348k_proj/outputs/controlNetScale/controlnet_seg/cfg_7p5_control_2p0/000000113720/target.png,/Users/yixiaoz/Desktop/cs348k_proj/outputs/controlNetScale/controlnet_seg/cfg_7p5_control_2p0/000000113720/seg.png,/Users/yixiaoz/Desktop/cs348k_proj/outputs/controlNetScale/controlnet_seg/cfg_7p5_control_2p0/000000113720/generated.png,dense_text_plus_seg,6,7.5,2.0,20,0.6047,0.3982,34.2238
52413,"A child holding a pink toy cell phone with ""Princess Aurora"" inside it.",A child holds a pink toy flip phone decorated with imagery inspired by a princess character. The toy is displayed prominently in the foreground while other people and objects appear nearby. Bright colors and playful design elements emphasize childhood interests and imaginative play. The image.,A child holds a pink toy flip phone decorated with imagery inspired by a princess character. The toy is displayed prominently in the foreground while other people and objects appear nearby. Bright colors and playful design elements emphasize childhood interests and imaginative play. The image.,/Users/yixiaoz/Desktop/cs348k_proj/outputs/controlNetScale/controlnet_seg/cfg_7p5_control_2p0/000000052413/target.png,/Users/yixiaoz/Desktop/cs348k_proj/outputs/controlNetScale/controlnet_seg/cfg_7p5_control_2p0/000000052413/seg.png,/Users/yixiaoz/Desktop/cs348k_proj/outputs/controlNetScale/controlnet_seg/cfg_7p5_control_2p0/000000052413/generated.png,dense_text_plus_seg,6,7.5,2.0,20,0.73,0.4266,36.2062
60932,A man in a suit that is standing in front of a group of people.,"A man dressed in a formal suit stands confidently in front of a group of people at what appears to be a celebration or reception. The black-and-white image captures him smiling and raising a hand while guests gather in the background. Tables, decorations, and formally.","A man dressed in a formal suit stands confidently in front of a group of people at what appears to be a celebration or reception. The black-and-white image captures him smiling and raising a hand while guests gather in the background. Tables, decorations, and formally.",/Users/yixiaoz/Desktop/cs348k_proj/outputs/controlNetScale/controlnet_seg/cfg_7p5_control_2p0/000000060932/target.png,/Users/yixiaoz/Desktop/cs348k_proj/outputs/controlNetScale/controlnet_seg/cfg_7p5_control_2p0/000000060932/seg.png,/Users/yixiaoz/Desktop/cs348k_proj/outputs/controlNetScale/controlnet_seg/cfg_7p5_control_2p0/000000060932/generated.png,dense_text_plus_seg,6,7.5,2.0,20,0.5774,0.4313,33.6334
102805,A man in holds a Frisbee in the parking lot by the river.,"A man wearing a hat stands near a riverside parking area while holding a Frisbee in his hand. Mountains and water stretch across the background, creating a scenic outdoor setting. Several parked vehicles and open space suggest a recreational destination where people gather for leisure.","A man wearing a hat stands near a riverside parking area while holding a Frisbee in his hand. Mountains and water stretch across the background, creating a scenic outdoor setting. Several parked vehicles and open space suggest a recreational destination where people gather for leisure.",/Users/yixiaoz/Desktop/cs348k_proj/outputs/controlNetScale/controlnet_seg/cfg_7p5_control_2p0/000000102805/target.png,/Users/yixiaoz/Desktop/cs348k_proj/outputs/controlNetScale/controlnet_seg/cfg_7p5_control_2p0/000000102805/seg.png,/Users/yixiaoz/Desktop/cs348k_proj/outputs/controlNetScale/controlnet_seg/cfg_7p5_control_2p0/000000102805/generated.png,dense_text_plus_seg,6,7.5,2.0,20,0.5572,0.3785,31.1088
15254,These platters display healthy food choices of two entrees with a side  vegetable and fruit,"A neatly organized lunch container displays a balanced meal consisting of rice, vegetables, fruit, and other healthy foods arranged in separate compartments. Grapes, carrots, and a colorful entrée contribute to the vibrant appearance. The close-up perspective emphasizes nutrition, portioning, and meal preparation. The image reflects.","A neatly organized lunch container displays a balanced meal consisting of rice, vegetables, fruit, and other healthy foods arranged in separate compartments. Grapes, carrots, and a colorful entrée contribute to the vibrant appearance. The close-up perspective emphasizes nutrition, portioning, and meal preparation. The image reflects.",/Users/yixiaoz/Desktop/cs348k_proj/outputs/controlNetScale/controlnet_seg/cfg_7p5_control_2p0/000000015254/target.png,/Users/yixiaoz/Desktop/cs348k_proj/outputs/controlNetScale/controlnet_seg/cfg_7p5_control_2p0/000000015254/seg.png,/Users/yixiaoz/Desktop/cs348k_proj/outputs/controlNetScale/controlnet_seg/cfg_7p5_control_2p0/000000015254/generated.png,dense_text_plus_seg,6,7.5,2.0,20,0.7024,0.283,39.8551
24567,There is a man looking at a lot if hot dogs in a bun in a pan,"A man wearing a hat looks down at a tray filled with hot dogs arranged in buns. The outdoor setting suggests a barbecue, picnic, or community gathering where food is being prepared and served. Bright colors from the toppings and buns create a festive appearance.","A man wearing a hat looks down at a tray filled with hot dogs arranged in buns. The outdoor setting suggests a barbecue, picnic, or community gathering where food is being prepared and served. Bright colors from the toppings and buns create a festive appearance.",/Users/yixiaoz/Desktop/cs348k_proj/outputs/controlNetScale/controlnet_seg/cfg_7p5_control_2p0/000000024567/target.png,/Users/yixiaoz/Desktop/cs348k_proj/outputs/controlNetScale/controlnet_seg/cfg_7p5_control_2p0/000000024567/seg.png,/Users/yixiaoz/Desktop/cs348k_proj/outputs/controlNetScale/controlnet_seg/cfg_7p5_control_2p0/000000024567/generated.png,dense_text_plus_seg,6,7.5,2.0,20,0.7155,0.4892,39.0529
25603,A girl sitting around a table in a restaurant eating a pizza.,"A young girl sits at a restaurant table with a pizza placed in front of her. Glasses, plates, and table settings surround the meal while the warm indoor lighting creates a cozy atmosphere. She looks toward the camera as if waiting to eat or enjoying.","A young girl sits at a restaurant table with a pizza placed in front of her. Glasses, plates, and table settings surround the meal while the warm indoor lighting creates a cozy atmosphere. She looks toward the camera as if waiting to eat or enjoying.",/Users/yixiaoz/Desktop/cs348k_proj/outputs/controlNetScale/controlnet_seg/cfg_7p5_control_2p0/000000025603/target.png,/Users/yixiaoz/Desktop/cs348k_proj/outputs/controlNetScale/controlnet_seg/cfg_7p5_control_2p0/000000025603/seg.png,/Users/yixiaoz/Desktop/cs348k_proj/outputs/controlNetScale/controlnet_seg/cfg_7p5_control_2p0/000000025603/generated.png,dense_text_plus_seg,6,7.5,2.0,20,0.667,0.4809,36.856
55150,Two children sit atop their parent's luggage in the parking lot.,"Two children sit atop luggage carts in a parking lot while surrounded by parked vehicles. The scene appears to capture a family trip, airport arrival, or vacation departure. The children seem comfortable and playful as they ride on the luggage. Cars, travel equipment, and open.","Two children sit atop luggage carts in a parking lot while surrounded by parked vehicles. The scene appears to capture a family trip, airport arrival, or vacation departure. The children seem comfortable and playful as they ride on the luggage. Cars, travel equipment, and open.",/Users/yixiaoz/Desktop/cs348k_proj/outputs/controlNetScale/controlnet_seg/cfg_7p5_control_2p0/000000055150/target.png,/Users/yixiaoz/Desktop/cs348k_proj/outputs/controlNetScale/controlnet_seg/cfg_7p5_control_2p0/000000055150/seg.png,/Users/yixiaoz/Desktop/cs348k_proj/outputs/controlNetScale/controlnet_seg/cfg_7p5_control_2p0/000000055150/generated.png,dense_text_plus_seg,6,7.5,2.0,20,0.6174,0.4144,37.2086
30828,A person covered with an orange sleeping bag rests his head on a blue back pack as he sleeps on a park bench.,"A person sleeps on a park bench while covered by an orange sleeping bag and resting beside a backpack. The outdoor setting includes grass, trees, and surrounding park features. The image captures a quiet moment of rest in a public space, contrasting the bright colors.","A person sleeps on a park bench while covered by an orange sleeping bag and resting beside a backpack. The outdoor setting includes grass, trees, and surrounding park features. The image captures a quiet moment of rest in a public space, contrasting the bright colors.",/Users/yixiaoz/Desktop/cs348k_proj/outputs/controlNetScale/controlnet_seg/cfg_7p5_control_2p0/000000030828/target.png,/Users/yixiaoz/Desktop/cs348k_proj/outputs/controlNetScale/controlnet_seg/cfg_7p5_control_2p0/000000030828/seg.png,/Users/yixiaoz/Desktop/cs348k_proj/outputs/controlNetScale/controlnet_seg/cfg_7p5_control_2p0/000000030828/generated.png,dense_text_plus_seg,6,7.5,2.0,20,0.6212,0.4781,35.9396
32334,"Two people, a man and a woman, are toasting with wine glasses.","A smiling man and woman hold wine glasses while posing together indoors. The casual setting appears to be a social gathering, dinner, or celebration where friends enjoy food and drinks. Warm lighting and relaxed expressions create a welcoming atmosphere. The image emphasizes companionship, hospitality, and.","A smiling man and woman hold wine glasses while posing together indoors. The casual setting appears to be a social gathering, dinner, or celebration where friends enjoy food and drinks. Warm lighting and relaxed expressions create a welcoming atmosphere. The image emphasizes companionship, hospitality, and.",/Users/yixiaoz/Desktop/cs348k_proj/outputs/controlNetScale/controlnet_seg/cfg_7p5_control_2p0/000000032334/target.png,/Users/yixiaoz/Desktop/cs348k_proj/outputs/controlNetScale/controlnet_seg/cfg_7p5_control_2p0/000000032334/seg.png,/Users/yixiaoz/Desktop/cs348k_proj/outputs/controlNetScale/controlnet_seg/cfg_7p5_control_2p0/000000032334/generated.png,dense_text_plus_seg,6,7.5,2.0,20,0.6015,0.4829,37.8114
92416,A male with a bottled beverage wearing a flower in his lapel.,"A young man wearing formal attire stands outdoors holding a bottled beverage. A flower pinned to his lapel suggests participation in a wedding, graduation, or other ceremonial event. Water and distant scenery form a pleasant background. His posture and clothing indicate a special occasion, while.","A young man wearing formal attire stands outdoors holding a bottled beverage. A flower pinned to his lapel suggests participation in a wedding, graduation, or other ceremonial event. Water and distant scenery form a pleasant background. His posture and clothing indicate a special occasion, while.",/Users/yixiaoz/Desktop/cs348k_proj/outputs/controlNetScale/controlnet_seg/cfg_7p5_control_2p0/000000092416/target.png,/Users/yixiaoz/Desktop/cs348k_proj/outputs/controlNetScale/controlnet_seg/cfg_7p5_control_2p0/000000092416/seg.png,/Users/yixiaoz/Desktop/cs348k_proj/outputs/controlNetScale/controlnet_seg/cfg_7p5_control_2p0/000000092416/generated.png,dense_text_plus_seg,6,7.5,2.0,20,0.5641,0.3819,30.5639
20553,Large stuffed animal posed outdoors as if sitting in a chair with beverages on a table.,A large stuffed animal is arranged outdoors in a desert-like environment while seated in a chair beside beverages and decorative items placed on a small table. The unusual setup creates a humorous and imaginative scene. Open ground and sparse surroundings emphasize the contrast between the.,A large stuffed animal is arranged outdoors in a desert-like environment while seated in a chair beside beverages and decorative items placed on a small table. The unusual setup creates a humorous and imaginative scene. Open ground and sparse surroundings emphasize the contrast between the.,/Users/yixiaoz/Desktop/cs348k_proj/outputs/controlNetScale/controlnet_seg/cfg_7p5_control_2p0/000000020553/target.png,/Users/yixiaoz/Desktop/cs348k_proj/outputs/controlNetScale/controlnet_seg/cfg_7p5_control_2p0/000000020553/seg.png,/Users/yixiaoz/Desktop/cs348k_proj/outputs/controlNetScale/controlnet_seg/cfg_7p5_control_2p0/000000020553/generated.png,dense_text_plus_seg,6,7.5,2.0,20,0.652,0.5298,41.6792
93437,An older man is wearing a funny hat in his dining room.,"An elderly man wearing a distinctive hat stands inside a dining area or kitchen while smiling toward the camera. Household furnishings and cabinets appear in the background, creating a comfortable domestic setting. His expression suggests warmth and friendliness, while the unusual hat adds character and.","An elderly man wearing a distinctive hat stands inside a dining area or kitchen while smiling toward the camera. Household furnishings and cabinets appear in the background, creating a comfortable domestic setting. His expression suggests warmth and friendliness, while the unusual hat adds character and.",/Users/yixiaoz/Desktop/cs348k_proj/outputs/controlNetScale/controlnet_seg/cfg_7p5_control_2p0/000000093437/target.png,/Users/yixiaoz/Desktop/cs348k_proj/outputs/controlNetScale/controlnet_seg/cfg_7p5_control_2p0/000000093437/seg.png,/Users/yixiaoz/Desktop/cs348k_proj/outputs/controlNetScale/controlnet_seg/cfg_7p5_control_2p0/000000093437/generated.png,dense_text_plus_seg,6,7.5,2.0,20,0.6088,0.4471,37.4933
89648,People using electronic devises all facing in the same direction.,"Several people sit in rows while using laptops and other electronic devices. Viewed from above, the scene resembles a classroom, workshop, conference, or training session focused on technology. Participants face the same direction and appear engaged with their screens. The arrangement emphasizes learning, collaboration, and.","Several people sit in rows while using laptops and other electronic devices. Viewed from above, the scene resembles a classroom, workshop, conference, or training session focused on technology. Participants face the same direction and appear engaged with their screens. The arrangement emphasizes learning, collaboration, and.",/Users/yixiaoz/Desktop/cs348k_proj/outputs/controlNetScale/controlnet_seg/cfg_7p5_control_2p0/000000089648/target.png,/Users/yixiaoz/Desktop/cs348k_proj/outputs/controlNetScale/controlnet_seg/cfg_7p5_control_2p0/000000089648/seg.png,/Users/yixiaoz/Desktop/cs348k_proj/outputs/controlNetScale/controlnet_seg/cfg_7p5_control_2p0/000000089648/generated.png,dense_text_plus_seg,6,7.5,2.0,20,0.5435,0.2841,32.0007
7574,"A kitchen with two sinks, a counter, detergent, a stove and a refrigerator in it.","A kitchen interior contains wooden cabinets, a refrigerator, a stove, countertops, and cleaning supplies arranged around the room. Various household items are visible near the sink and work surfaces, creating a realistic lived-in appearance. The image emphasizes domestic functionality and organization while showcasing the appliances.","A kitchen interior contains wooden cabinets, a refrigerator, a stove, countertops, and cleaning supplies arranged around the room. Various household items are visible near the sink and work surfaces, creating a realistic lived-in appearance. The image emphasizes domestic functionality and organization while showcasing the appliances.",/Users/yixiaoz/Desktop/cs348k_proj/outputs/controlNetScale/controlnet_seg/cfg_7p5_control_2p0/000000007574/target.png,/Users/yixiaoz/Desktop/cs348k_proj/outputs/controlNetScale/controlnet_seg/cfg_7p5_control_2p0/000000007574/seg.png,/Users/yixiaoz/Desktop/cs348k_proj/outputs/controlNetScale/controlnet_seg/cfg_7p5_control_2p0/000000007574/generated.png,dense_text_plus_seg,6,7.5,2.0,20,0.6125,0.4206,32.7989
88040,"Plates of shrimp, vegetables, and noodles served with tea.","Several plates of food are arranged on a table viewed from above, including shrimp, vegetables, noodles, and accompanying beverages. Bowls, cups, and serving dishes contribute to the inviting dining presentation. The meal appears carefully prepared and shared among multiple people. The image highlights culinary variety.","Several plates of food are arranged on a table viewed from above, including shrimp, vegetables, noodles, and accompanying beverages. Bowls, cups, and serving dishes contribute to the inviting dining presentation. The meal appears carefully prepared and shared among multiple people. The image highlights culinary variety.",/Users/yixiaoz/Desktop/cs348k_proj/outputs/controlNetScale/controlnet_seg/cfg_7p5_control_2p0/000000088040/target.png,/Users/yixiaoz/Desktop/cs348k_proj/outputs/controlNetScale/controlnet_seg/cfg_7p5_control_2p0/000000088040/seg.png,/Users/yixiaoz/Desktop/cs348k_proj/outputs/controlNetScale/controlnet_seg/cfg_7p5_control_2p0/000000088040/generated.png,dense_text_plus_seg,6,7.5,2.0,20,0.6453,0.3553,32.2342
4134,Two men standing next to each other holding hands.,"Two men stand together at a formal event while greeting one another and shaking hands. Other attendees and banquet tables are visible in the background, suggesting a conference, reception, or celebration. Their professional attire and engaged expressions indicate a respectful social interaction. The image highlights.","Two men stand together at a formal event while greeting one another and shaking hands. Other attendees and banquet tables are visible in the background, suggesting a conference, reception, or celebration. Their professional attire and engaged expressions indicate a respectful social interaction. The image highlights.",/Users/yixiaoz/Desktop/cs348k_proj/outputs/controlNetScale/controlnet_seg/cfg_7p5_control_2p0/000000004134/target.png,/Users/yixiaoz/Desktop/cs348k_proj/outputs/controlNetScale/controlnet_seg/cfg_7p5_control_2p0/000000004134/seg.png,/Users/yixiaoz/Desktop/cs348k_proj/outputs/controlNetScale/controlnet_seg/cfg_7p5_control_2p0/000000004134/generated.png,dense_text_plus_seg,6,7.5,2.0,20,0.6772,0.4075,34.4958
39769,Two cats sleeping with a remote control near each of them.,Two cats sleep peacefully on a bright pink blanket with television remotes placed nearby. Their relaxed poses and stretched bodies create a calm and comfortable scene. The indoor setting suggests a living room or bedroom where the animals have chosen a soft resting place. The.,Two cats sleep peacefully on a bright pink blanket with television remotes placed nearby. Their relaxed poses and stretched bodies create a calm and comfortable scene. The indoor setting suggests a living room or bedroom where the animals have chosen a soft resting place. The.,/Users/yixiaoz/Desktop/cs348k_proj/outputs/controlNetScale/controlnet_seg/cfg_7p5_control_2p0/000000039769/target.png,/Users/yixiaoz/Desktop/cs348k_proj/outputs/controlNetScale/controlnet_seg/cfg_7p5_control_2p0/000000039769/seg.png,/Users/yixiaoz/Desktop/cs348k_proj/outputs/controlNetScale/controlnet_seg/cfg_7p5_control_2p0/000000039769/generated.png,dense_text_plus_seg,6,7.5,2.0,20,0.6968,0.4157,31.8977
14439,A group of people standing on a field flying a colorful kite.,"A group of people stand together in a grassy park while flying a large colorful kite. Open space, recreational equipment, and other visitors create a lively outdoor environment. Participants work together to manage the kite as it catches the wind above the field. The image.","A group of people stand together in a grassy park while flying a large colorful kite. Open space, recreational equipment, and other visitors create a lively outdoor environment. Participants work together to manage the kite as it catches the wind above the field. The image.",/Users/yixiaoz/Desktop/cs348k_proj/outputs/controlNetScale/controlnet_seg/cfg_7p5_control_2p0/000000014439/target.png,/Users/yixiaoz/Desktop/cs348k_proj/outputs/controlNetScale/controlnet_seg/cfg_7p5_control_2p0/000000014439/seg.png,/Users/yixiaoz/Desktop/cs348k_proj/outputs/controlNetScale/controlnet_seg/cfg_7p5_control_2p0/000000014439/generated.png,dense_text_plus_seg,6,7.5,2.0,20,0.4442,0.3044,39.2868
104669,"A plate with a meal of meat, potatoes, carrots, and broccoli.","A plate holds a complete meal featuring a piece of meat alongside potatoes, carrots, broccoli, and other vegetables. The arrangement is neatly presented, suggesting a restaurant dish or carefully prepared home-cooked dinner. Bright colors from the vegetables contrast with the darker entrée. The image emphasizes.","A plate holds a complete meal featuring a piece of meat alongside potatoes, carrots, broccoli, and other vegetables. The arrangement is neatly presented, suggesting a restaurant dish or carefully prepared home-cooked dinner. Bright colors from the vegetables contrast with the darker entrée. The image emphasizes.",/Users/yixiaoz/Desktop/cs348k_proj/outputs/controlNetScale/controlnet_seg/cfg_7p5_control_2p0/000000104669/target.png,/Users/yixiaoz/Desktop/cs348k_proj/outputs/controlNetScale/controlnet_seg/cfg_7p5_control_2p0/000000104669/seg.png,/Users/yixiaoz/Desktop/cs348k_proj/outputs/controlNetScale/controlnet_seg/cfg_7p5_control_2p0/000000104669/generated.png,dense_text_plus_seg,6,7.5,2.0,20,0.6378,0.3717,33.5487
11149,A man sitting on a motorcycle near several bicycles with a partially visible person standing nearby.,"A motorcycle is parked near several bicycles while people stand nearby in an outdoor setting. The collection of vehicles suggests a shared recreational or transportation area. Trees, pathways, and surrounding activity contribute to the public atmosphere. The image highlights different modes of personal transportation and.","A motorcycle is parked near several bicycles while people stand nearby in an outdoor setting. The collection of vehicles suggests a shared recreational or transportation area. Trees, pathways, and surrounding activity contribute to the public atmosphere. The image highlights different modes of personal transportation and.",/Users/yixiaoz/Desktop/cs348k_proj/outputs/controlNetScale/controlnet_seg/cfg_7p5_control_2p0/000000011149/target.png,/Users/yixiaoz/Desktop/cs348k_proj/outputs/controlNetScale/controlnet_seg/cfg_7p5_control_2p0/000000011149/seg.png,/Users/yixiaoz/Desktop/cs348k_proj/outputs/controlNetScale/controlnet_seg/cfg_7p5_control_2p0/000000011149/generated.png,dense_text_plus_seg,6,7.5,2.0,20,0.5925,0.446,32.0034
52996,A group of women in military outfits helping other women in a kitchen.,"A group of women wearing military-style uniforms work together in a kitchen while preparing food. Large pots, utensils, and work surfaces indicate an organized cooking effort intended to serve many people. Their coordinated activity reflects teamwork and shared responsibility. The image highlights food preparation, community.","A group of women wearing military-style uniforms work together in a kitchen while preparing food. Large pots, utensils, and work surfaces indicate an organized cooking effort intended to serve many people. Their coordinated activity reflects teamwork and shared responsibility. The image highlights food preparation, community.",/Users/yixiaoz/Desktop/cs348k_proj/outputs/controlNetScale/controlnet_seg/cfg_7p5_control_2p0/000000052996/target.png,/Users/yixiaoz/Desktop/cs348k_proj/outputs/controlNetScale/controlnet_seg/cfg_7p5_control_2p0/000000052996/seg.png,/Users/yixiaoz/Desktop/cs348k_proj/outputs/controlNetScale/controlnet_seg/cfg_7p5_control_2p0/000000052996/generated.png,dense_text_plus_seg,6,7.5,2.0,20,0.6222,0.4033,39.1796
30213,"The picture shows the interior of a kitchen, with vintage refrigerator, stove, and other appliances.","The interior of a vintage-style kitchen is filled with retro appliances, patterned wallpaper, wooden cabinets, and decorative household items. A classic refrigerator, stove, sink, and dining furniture create a nostalgic atmosphere reminiscent of mid-century home design. Various utensils, containers, and decorations are arranged throughout the.","The interior of a vintage-style kitchen is filled with retro appliances, patterned wallpaper, wooden cabinets, and decorative household items. A classic refrigerator, stove, sink, and dining furniture create a nostalgic atmosphere reminiscent of mid-century home design. Various utensils, containers, and decorations are arranged throughout the.",/Users/yixiaoz/Desktop/cs348k_proj/outputs/controlNetScale/controlnet_seg/cfg_7p5_control_2p0/000000030213/target.png,/Users/yixiaoz/Desktop/cs348k_proj/outputs/controlNetScale/controlnet_seg/cfg_7p5_control_2p0/000000030213/seg.png,/Users/yixiaoz/Desktop/cs348k_proj/outputs/controlNetScale/controlnet_seg/cfg_7p5_control_2p0/000000030213/generated.png,dense_text_plus_seg,6,7.5,2.0,20,0.6659,0.2835,32.1834
56127,"A room with a fire extinguisher, mugs hanging from a shelf and several lights.","A narrow interior room contains shelves lined with mugs, a fire extinguisher, counters, hanging lights, and decorative details. Warm lighting and colorful walls create a welcoming atmosphere that resembles a small café, restaurant service area, or compact workspace. The room is carefully organized to maximize.","A narrow interior room contains shelves lined with mugs, a fire extinguisher, counters, hanging lights, and decorative details. Warm lighting and colorful walls create a welcoming atmosphere that resembles a small café, restaurant service area, or compact workspace. The room is carefully organized to maximize.",/Users/yixiaoz/Desktop/cs348k_proj/outputs/controlNetScale/controlnet_seg/cfg_7p5_control_2p0/000000056127/target.png,/Users/yixiaoz/Desktop/cs348k_proj/outputs/controlNetScale/controlnet_seg/cfg_7p5_control_2p0/000000056127/seg.png,/Users/yixiaoz/Desktop/cs348k_proj/outputs/controlNetScale/controlnet_seg/cfg_7p5_control_2p0/000000056127/generated.png,dense_text_plus_seg,6,7.5,2.0,20,0.7814,0.5009,29.3602
84031,A batter swinging a bat at a baseball with the catcher and umpire behind him.,A baseball player swings at a pitch while the catcher and umpire closely follow the action behind home plate. The game takes place on a well-maintained field surrounded by spectators and stadium structures. The batter’s posture captures the intensity and timing required in competitive baseball.,A baseball player swings at a pitch while the catcher and umpire closely follow the action behind home plate. The game takes place on a well-maintained field surrounded by spectators and stadium structures. The batter’s posture captures the intensity and timing required in competitive baseball.,/Users/yixiaoz/Desktop/cs348k_proj/outputs/controlNetScale/controlnet_seg/cfg_7p5_control_2p0/000000084031/target.png,/Users/yixiaoz/Desktop/cs348k_proj/outputs/controlNetScale/controlnet_seg/cfg_7p5_control_2p0/000000084031/seg.png,/Users/yixiaoz/Desktop/cs348k_proj/outputs/controlNetScale/controlnet_seg/cfg_7p5_control_2p0/000000084031/generated.png,dense_text_plus_seg,6,7.5,2.0,20,0.5725,0.3909,31.0866
74209,A black and stainless steel kitchen with a snack bar and bar stools.,"A modern kitchen features stainless steel appliances, polished countertops, pendant lighting, and a snack bar lined with stools. The clean design emphasizes contemporary architecture and efficient use of space. Cabinets, sinks, and work surfaces are neatly arranged to support cooking and dining activities. The room.","A modern kitchen features stainless steel appliances, polished countertops, pendant lighting, and a snack bar lined with stools. The clean design emphasizes contemporary architecture and efficient use of space. Cabinets, sinks, and work surfaces are neatly arranged to support cooking and dining activities. The room.",/Users/yixiaoz/Desktop/cs348k_proj/outputs/controlNetScale/controlnet_seg/cfg_7p5_control_2p0/000000074209/target.png,/Users/yixiaoz/Desktop/cs348k_proj/outputs/controlNetScale/controlnet_seg/cfg_7p5_control_2p0/000000074209/seg.png,/Users/yixiaoz/Desktop/cs348k_proj/outputs/controlNetScale/controlnet_seg/cfg_7p5_control_2p0/000000074209/generated.png,dense_text_plus_seg,6,7.5,2.0,20,0.5044,0.3562,32.3804
52891,A dog walking on the beach with a frizzbe in his month.,"A dog stands on a sandy beach while carrying a bright yellow frisbee in its mouth. Ocean water, waves, and distant shoreline scenery create a scenic coastal backdrop. The animal appears alert and energetic, as if engaged in a game of fetch with its owner.","A dog stands on a sandy beach while carrying a bright yellow frisbee in its mouth. Ocean water, waves, and distant shoreline scenery create a scenic coastal backdrop. The animal appears alert and energetic, as if engaged in a game of fetch with its owner.",/Users/yixiaoz/Desktop/cs348k_proj/outputs/controlNetScale/controlnet_seg/cfg_7p5_control_2p0/000000052891/target.png,/Users/yixiaoz/Desktop/cs348k_proj/outputs/controlNetScale/controlnet_seg/cfg_7p5_control_2p0/000000052891/seg.png,/Users/yixiaoz/Desktop/cs348k_proj/outputs/controlNetScale/controlnet_seg/cfg_7p5_control_2p0/000000052891/generated.png,dense_text_plus_seg,6,7.5,2.0,20,0.6327,0.5571,30.9725
99039,Plates of food and two glasses of red wine are on a table.,Several plates of food and two glasses of red wine are arranged on a table beside a large window overlooking greenery and nearby buildings. The setting appears to be a restaurant or dining area where people are enjoying a meal together. Soft natural light enters.,Several plates of food and two glasses of red wine are arranged on a table beside a large window overlooking greenery and nearby buildings. The setting appears to be a restaurant or dining area where people are enjoying a meal together. Soft natural light enters.,/Users/yixiaoz/Desktop/cs348k_proj/outputs/controlNetScale/controlnet_seg/cfg_7p5_control_2p0/000000099039/target.png,/Users/yixiaoz/Desktop/cs348k_proj/outputs/controlNetScale/controlnet_seg/cfg_7p5_control_2p0/000000099039/seg.png,/Users/yixiaoz/Desktop/cs348k_proj/outputs/controlNetScale/controlnet_seg/cfg_7p5_control_2p0/000000099039/generated.png,dense_text_plus_seg,6,7.5,2.0,20,0.6059,0.4497,32.4115
66635,"An apple computer monitor, keyboard and mouse sits on top of a clean wooden desk.","An Apple desktop computer sits on a clean wooden desk alongside a keyboard and mouse. The workspace is simple, organized, and free from clutter, emphasizing productivity and focus. The monitor occupies the center of the arrangement while the surrounding furniture provides ample working space. The.","An Apple desktop computer sits on a clean wooden desk alongside a keyboard and mouse. The workspace is simple, organized, and free from clutter, emphasizing productivity and focus. The monitor occupies the center of the arrangement while the surrounding furniture provides ample working space. The.",/Users/yixiaoz/Desktop/cs348k_proj/outputs/controlNetScale/controlnet_seg/cfg_7p5_control_2p0/000000066635/target.png,/Users/yixiaoz/Desktop/cs348k_proj/outputs/controlNetScale/controlnet_seg/cfg_7p5_control_2p0/000000066635/seg.png,/Users/yixiaoz/Desktop/cs348k_proj/outputs/controlNetScale/controlnet_seg/cfg_7p5_control_2p0/000000066635/generated.png,dense_text_plus_seg,6,7.5,2.0,20,0.5223,0.4003,35.5109
107226,Men race on wheeled vehicles towed by a group of husky dogs.,Competitors participate in a dog-powered racing event where huskies pull wheeled vehicles through an outdoor course. Spectators gather nearby to watch the action while handlers guide the dogs. The animals appear strong and energetic as they work together as a team. The image highlights sporting.,Competitors participate in a dog-powered racing event where huskies pull wheeled vehicles through an outdoor course. Spectators gather nearby to watch the action while handlers guide the dogs. The animals appear strong and energetic as they work together as a team. The image highlights sporting.,/Users/yixiaoz/Desktop/cs348k_proj/outputs/controlNetScale/controlnet_seg/cfg_7p5_control_2p0/000000107226/target.png,/Users/yixiaoz/Desktop/cs348k_proj/outputs/controlNetScale/controlnet_seg/cfg_7p5_control_2p0/000000107226/seg.png,/Users/yixiaoz/Desktop/cs348k_proj/outputs/controlNetScale/controlnet_seg/cfg_7p5_control_2p0/000000107226/generated.png,dense_text_plus_seg,6,7.5,2.0,20,0.5628,0.4065,37.2804
14038,A kitchen with hard wood floors and a yellow smiley face balloon.,"A living room decorated for a celebration contains colorful balloons, furniture, and a large yellow smiley-face balloon suspended near the ceiling. The room features wooden flooring, entertainment equipment, and decorative touches that create a festive atmosphere. The arrangement suggests a birthday party or social gathering.","A living room decorated for a celebration contains colorful balloons, furniture, and a large yellow smiley-face balloon suspended near the ceiling. The room features wooden flooring, entertainment equipment, and decorative touches that create a festive atmosphere. The arrangement suggests a birthday party or social gathering.",/Users/yixiaoz/Desktop/cs348k_proj/outputs/controlNetScale/controlnet_seg/cfg_7p5_control_2p0/000000014038/target.png,/Users/yixiaoz/Desktop/cs348k_proj/outputs/controlNetScale/controlnet_seg/cfg_7p5_control_2p0/000000014038/seg.png,/Users/yixiaoz/Desktop/cs348k_proj/outputs/controlNetScale/controlnet_seg/cfg_7p5_control_2p0/000000014038/generated.png,dense_text_plus_seg,6,7.5,2.0,20,0.6464,0.378,35.0573
114884,"A woman with a cigarette standing, while a group of people with luggage walk towards a bus.","A woman stands inside a transportation terminal while travelers carrying luggage move through the background toward buses or other transit services. The spacious facility contains seating areas, structural supports, and signs associated with public transportation. People appear focused on their journeys as they navigate the.","A woman stands inside a transportation terminal while travelers carrying luggage move through the background toward buses or other transit services. The spacious facility contains seating areas, structural supports, and signs associated with public transportation. People appear focused on their journeys as they navigate the.",/Users/yixiaoz/Desktop/cs348k_proj/outputs/controlNetScale/controlnet_seg/cfg_7p5_control_2p0/000000114884/target.png,/Users/yixiaoz/Desktop/cs348k_proj/outputs/controlNetScale/controlnet_seg/cfg_7p5_control_2p0/000000114884/seg.png,/Users/yixiaoz/Desktop/cs348k_proj/outputs/controlNetScale/controlnet_seg/cfg_7p5_control_2p0/000000114884/generated.png,dense_text_plus_seg,6,7.5,2.0,20,0.6501,0.5131,27.4147
12120,A couple of women playing a game of tennis on a tennis court.,"Two women compete in a tennis match on a professional court surrounded by spectators and stadium seating. Both athletes focus intensely on the ball as they move across the blue playing surface. The sporting venue includes advertising displays, officials, and fans observing the competition. The.","Two women compete in a tennis match on a professional court surrounded by spectators and stadium seating. Both athletes focus intensely on the ball as they move across the blue playing surface. The sporting venue includes advertising displays, officials, and fans observing the competition. The.",/Users/yixiaoz/Desktop/cs348k_proj/outputs/controlNetScale/controlnet_seg/cfg_7p5_control_2p0/000000012120/target.png,/Users/yixiaoz/Desktop/cs348k_proj/outputs/controlNetScale/controlnet_seg/cfg_7p5_control_2p0/000000012120/seg.png,/Users/yixiaoz/Desktop/cs348k_proj/outputs/controlNetScale/controlnet_seg/cfg_7p5_control_2p0/000000012120/generated.png,dense_text_plus_seg,6,7.5,2.0,20,0.5565,0.2699,35.8487
87470,a big heard of cows walking down a road in a row with green tags on their ears,A large herd of cattle walks together along a rural road bordered by open countryside. The animals move in an organized line while green ear tags help identify members of the herd. Rolling terrain and natural vegetation create an agricultural landscape in the background. The.,A large herd of cattle walks together along a rural road bordered by open countryside. The animals move in an organized line while green ear tags help identify members of the herd. Rolling terrain and natural vegetation create an agricultural landscape in the background. The.,/Users/yixiaoz/Desktop/cs348k_proj/outputs/controlNetScale/controlnet_seg/cfg_7p5_control_2p0/000000087470/target.png,/Users/yixiaoz/Desktop/cs348k_proj/outputs/controlNetScale/controlnet_seg/cfg_7p5_control_2p0/000000087470/seg.png,/Users/yixiaoz/Desktop/cs348k_proj/outputs/controlNetScale/controlnet_seg/cfg_7p5_control_2p0/000000087470/generated.png,dense_text_plus_seg,6,7.5,2.0,20,0.5768,0.4103,33.3779
41872,"A bedroom with  a large bed facing a fireplace that has a television over the top of it, in a shelf space.","A comfortable bedroom contains a large bed, fireplace, television, built-in shelving, and warm lighting. Soft furnishings and decorative details create a relaxing atmosphere designed for rest and comfort. The layout resembles a hotel suite or upscale residential bedroom where entertainment and relaxation are combined in.","A comfortable bedroom contains a large bed, fireplace, television, built-in shelving, and warm lighting. Soft furnishings and decorative details create a relaxing atmosphere designed for rest and comfort. The layout resembles a hotel suite or upscale residential bedroom where entertainment and relaxation are combined in.",/Users/yixiaoz/Desktop/cs348k_proj/outputs/controlNetScale/controlnet_seg/cfg_7p5_control_2p0/000000041872/target.png,/Users/yixiaoz/Desktop/cs348k_proj/outputs/controlNetScale/controlnet_seg/cfg_7p5_control_2p0/000000041872/seg.png,/Users/yixiaoz/Desktop/cs348k_proj/outputs/controlNetScale/controlnet_seg/cfg_7p5_control_2p0/000000041872/generated.png,dense_text_plus_seg,6,7.5,2.0,20,0.7842,0.4609,29.5882
60899,The young boy is playing in the living room of his house.,"A young boy plays in a living room while raising an object above his head. Household furniture, rugs, and natural light create a comfortable domestic setting. The child appears energetic and engaged in imaginative play. The image captures a candid family moment that reflects childhood.","A young boy plays in a living room while raising an object above his head. Household furniture, rugs, and natural light create a comfortable domestic setting. The child appears energetic and engaged in imaginative play. The image captures a candid family moment that reflects childhood.",/Users/yixiaoz/Desktop/cs348k_proj/outputs/controlNetScale/controlnet_seg/cfg_7p5_control_2p0/000000060899/target.png,/Users/yixiaoz/Desktop/cs348k_proj/outputs/controlNetScale/controlnet_seg/cfg_7p5_control_2p0/000000060899/seg.png,/Users/yixiaoz/Desktop/cs348k_proj/outputs/controlNetScale/controlnet_seg/cfg_7p5_control_2p0/000000060899/generated.png,dense_text_plus_seg,6,7.5,2.0,20,0.615,0.4255,36.5302
46872,a man standing next to a truck with some stuff on it,"A man stands beside a flatbed truck loaded with large industrial materials and equipment. The outdoor setting suggests a construction, transportation, or delivery operation. The truck occupies most of the scene while the worker appears to inspect or supervise the cargo. The image highlights logistics.","A man stands beside a flatbed truck loaded with large industrial materials and equipment. The outdoor setting suggests a construction, transportation, or delivery operation. The truck occupies most of the scene while the worker appears to inspect or supervise the cargo. The image highlights logistics.",/Users/yixiaoz/Desktop/cs348k_proj/outputs/controlNetScale/controlnet_seg/cfg_7p5_control_2p0/000000046872/target.png,/Users/yixiaoz/Desktop/cs348k_proj/outputs/controlNetScale/controlnet_seg/cfg_7p5_control_2p0/000000046872/seg.png,/Users/yixiaoz/Desktop/cs348k_proj/outputs/controlNetScale/controlnet_seg/cfg_7p5_control_2p0/000000046872/generated.png,dense_text_plus_seg,6,7.5,2.0,20,0.6198,0.5989,32.6251
33638,A woman wearing shorts bends over a frying pan on a stove.,"A woman bends over a stove while preparing food in a traditional kitchen. Pots, utensils, and cooking equipment surround her as she works on a meal. The room contains functional appliances and furnishings that support everyday household cooking. The image emphasizes domestic life, food preparation.","A woman bends over a stove while preparing food in a traditional kitchen. Pots, utensils, and cooking equipment surround her as she works on a meal. The room contains functional appliances and furnishings that support everyday household cooking. The image emphasizes domestic life, food preparation.",/Users/yixiaoz/Desktop/cs348k_proj/outputs/controlNetScale/controlnet_seg/cfg_7p5_control_2p0/000000033638/target.png,/Users/yixiaoz/Desktop/cs348k_proj/outputs/controlNetScale/controlnet_seg/cfg_7p5_control_2p0/000000033638/seg.png,/Users/yixiaoz/Desktop/cs348k_proj/outputs/controlNetScale/controlnet_seg/cfg_7p5_control_2p0/000000033638/generated.png,dense_text_plus_seg,6,7.5,2.0,20,0.6774,0.5029,36.1597
66038,The father and daughter are under an umbrella on the beach.,"A father and daughter relax beneath colorful beach umbrellas near the shoreline. Sand, water, and bright weather create a pleasant coastal environment suited for recreation and family outings. The pair appear comfortable as they spend time together enjoying the outdoors. The image highlights family relationships.","A father and daughter relax beneath colorful beach umbrellas near the shoreline. Sand, water, and bright weather create a pleasant coastal environment suited for recreation and family outings. The pair appear comfortable as they spend time together enjoying the outdoors. The image highlights family relationships.",/Users/yixiaoz/Desktop/cs348k_proj/outputs/controlNetScale/controlnet_seg/cfg_7p5_control_2p0/000000066038/target.png,/Users/yixiaoz/Desktop/cs348k_proj/outputs/controlNetScale/controlnet_seg/cfg_7p5_control_2p0/000000066038/seg.png,/Users/yixiaoz/Desktop/cs348k_proj/outputs/controlNetScale/controlnet_seg/cfg_7p5_control_2p0/000000066038/generated.png,dense_text_plus_seg,6,7.5,2.0,20,0.5849,0.3766,33.3981
86582,A person watering plants with a computer in the foreground.,"A laptop computer sits prominently in the foreground while a person tends plants in the background. Potted plants, gardening supplies, and outdoor views create a peaceful setting that combines technology with nature. The scene suggests remote work, personal projects, or a lifestyle that balances digital.","A laptop computer sits prominently in the foreground while a person tends plants in the background. Potted plants, gardening supplies, and outdoor views create a peaceful setting that combines technology with nature. The scene suggests remote work, personal projects, or a lifestyle that balances digital.",/Users/yixiaoz/Desktop/cs348k_proj/outputs/controlNetScale/controlnet_seg/cfg_7p5_control_2p0/000000086582/target.png,/Users/yixiaoz/Desktop/cs348k_proj/outputs/controlNetScale/controlnet_seg/cfg_7p5_control_2p0/000000086582/seg.png,/Users/yixiaoz/Desktop/cs348k_proj/outputs/controlNetScale/controlnet_seg/cfg_7p5_control_2p0/000000086582/generated.png,dense_text_plus_seg,6,7.5,2.0,20,0.666,0.4262,35.1873
32610,Assortment of laptop computers displayed on table with backpacks full of electronic cords.,"Multiple laptop computers, backpacks, cables, and electronic accessories are displayed across a table. The collection of equipment suggests a workshop, conference, classroom, or technology-focused event. Devices are arranged side by side, emphasizing preparation and connectivity. The image highlights digital tools used for communication, learning, and.","Multiple laptop computers, backpacks, cables, and electronic accessories are displayed across a table. The collection of equipment suggests a workshop, conference, classroom, or technology-focused event. Devices are arranged side by side, emphasizing preparation and connectivity. The image highlights digital tools used for communication, learning, and.",/Users/yixiaoz/Desktop/cs348k_proj/outputs/controlNetScale/controlnet_seg/cfg_7p5_control_2p0/000000032610/target.png,/Users/yixiaoz/Desktop/cs348k_proj/outputs/controlNetScale/controlnet_seg/cfg_7p5_control_2p0/000000032610/seg.png,/Users/yixiaoz/Desktop/cs348k_proj/outputs/controlNetScale/controlnet_seg/cfg_7p5_control_2p0/000000032610/generated.png,dense_text_plus_seg,6,7.5,2.0,20,0.6588,0.3799,34.9864
8021,An audience is looking at an film of a man taking that is projected onto a wall.,"A speaker stands in front of a large projected image while addressing an audience seated in a darkened room. The presentation appears to be part of a conference, lecture, or public event. Audience members focus on the stage while the presenter gestures toward visual material.","A speaker stands in front of a large projected image while addressing an audience seated in a darkened room. The presentation appears to be part of a conference, lecture, or public event. Audience members focus on the stage while the presenter gestures toward visual material.",/Users/yixiaoz/Desktop/cs348k_proj/outputs/controlNetScale/controlnet_seg/cfg_7p5_control_2p0/000000008021/target.png,/Users/yixiaoz/Desktop/cs348k_proj/outputs/controlNetScale/controlnet_seg/cfg_7p5_control_2p0/000000008021/seg.png,/Users/yixiaoz/Desktop/cs348k_proj/outputs/controlNetScale/controlnet_seg/cfg_7p5_control_2p0/000000008021/generated.png,dense_text_plus_seg,6,7.5,2.0,20,0.6368,0.5118,35.1917
81738,Someone about to cut and birthday cake with blue and yellow frosting.,"A rectangular birthday cake decorated with blue and yellow frosting sits on a kitchen counter while a person uses a knife to cut into it. The cake appears homemade or specially prepared for a celebration, with decorative writing and icing patterns spread across the surface.","A rectangular birthday cake decorated with blue and yellow frosting sits on a kitchen counter while a person uses a knife to cut into it. The cake appears homemade or specially prepared for a celebration, with decorative writing and icing patterns spread across the surface.",/Users/yixiaoz/Desktop/cs348k_proj/outputs/controlNetScale/controlnet_seg/cfg_7p5_control_2p0/000000081738/target.png,/Users/yixiaoz/Desktop/cs348k_proj/outputs/controlNetScale/controlnet_seg/cfg_7p5_control_2p0/000000081738/seg.png,/Users/yixiaoz/Desktop/cs348k_proj/outputs/controlNetScale/controlnet_seg/cfg_7p5_control_2p0/000000081738/generated.png,dense_text_plus_seg,6,7.5,2.0,20,0.6509,0.4788,36.4181
94944,A skier on skies and a snowboarder carrying a snowboard on a mountain slope.,"Several people are gathered on a snowy mountain slope surrounded by dramatic alpine scenery and distant snow-covered peaks. One individual carries a snowboard while others prepare equipment or rest nearby. The expansive landscape dominates the background, emphasizing the scale of the mountainous environment. The image.","Several people are gathered on a snowy mountain slope surrounded by dramatic alpine scenery and distant snow-covered peaks. One individual carries a snowboard while others prepare equipment or rest nearby. The expansive landscape dominates the background, emphasizing the scale of the mountainous environment. The image.",/Users/yixiaoz/Desktop/cs348k_proj/outputs/controlNetScale/controlnet_seg/cfg_7p5_control_2p0/000000094944/target.png,/Users/yixiaoz/Desktop/cs348k_proj/outputs/controlNetScale/controlnet_seg/cfg_7p5_control_2p0/000000094944/seg.png,/Users/yixiaoz/Desktop/cs348k_proj/outputs/controlNetScale/controlnet_seg/cfg_7p5_control_2p0/000000094944/generated.png,dense_text_plus_seg,6,7.5,2.0,20,0.5562,0.3892,31.3626
48504,A brown and a gray elephant are in a circus ring and the brown elephant is walking behind the gray elephant as well as two people training them are standing nearby.,Two elephants stand inside a large indoor training or exhibition space while handlers supervise them nearby. One elephant follows behind the other as they move across the floor beneath overhead lighting and structural beams. Equipment and barriers suggest a controlled environment designed for animal care.,Two elephants stand inside a large indoor training or exhibition space while handlers supervise them nearby. One elephant follows behind the other as they move across the floor beneath overhead lighting and structural beams. Equipment and barriers suggest a controlled environment designed for animal care.,/Users/yixiaoz/Desktop/cs348k_proj/outputs/controlNetScale/controlnet_seg/cfg_7p5_control_2p0/000000048504/target.png,/Users/yixiaoz/Desktop/cs348k_proj/outputs/controlNetScale/controlnet_seg/cfg_7p5_control_2p0/000000048504/seg.png,/Users/yixiaoz/Desktop/cs348k_proj/outputs/controlNetScale/controlnet_seg/cfg_7p5_control_2p0/000000048504/generated.png,dense_text_plus_seg,6,7.5,2.0,20,0.5996,0.4666,38.0038
69213,Two men who are wearing suits and hats standing next to each other.,"Two men wearing dark suits and matching hats stand side by side outdoors while looking toward the camera. Their formal attire contrasts with the busy background, where people and vehicles are visible. The pair appear composed and confident, suggesting they may be attending a formal.","Two men wearing dark suits and matching hats stand side by side outdoors while looking toward the camera. Their formal attire contrasts with the busy background, where people and vehicles are visible. The pair appear composed and confident, suggesting they may be attending a formal.",/Users/yixiaoz/Desktop/cs348k_proj/outputs/controlNetScale/controlnet_seg/cfg_7p5_control_2p0/000000069213/target.png,/Users/yixiaoz/Desktop/cs348k_proj/outputs/controlNetScale/controlnet_seg/cfg_7p5_control_2p0/000000069213/seg.png,/Users/yixiaoz/Desktop/cs348k_proj/outputs/controlNetScale/controlnet_seg/cfg_7p5_control_2p0/000000069213/generated.png,dense_text_plus_seg,6,7.5,2.0,20,0.595,0.4402,31.9443
44877,Two people are in a wheelchair and only one of them is holding a racket.,"Two people are positioned on a tennis court, one seated in a wheelchair while holding a tennis racket. The scene highlights adaptive sports and athletic participation regardless of physical ability. Both individuals focus on the activity taking place on the court, surrounded by fencing and.","Two people are positioned on a tennis court, one seated in a wheelchair while holding a tennis racket. The scene highlights adaptive sports and athletic participation regardless of physical ability. Both individuals focus on the activity taking place on the court, surrounded by fencing and.",/Users/yixiaoz/Desktop/cs348k_proj/outputs/controlNetScale/controlnet_seg/cfg_7p5_control_2p0/000000044877/target.png,/Users/yixiaoz/Desktop/cs348k_proj/outputs/controlNetScale/controlnet_seg/cfg_7p5_control_2p0/000000044877/seg.png,/Users/yixiaoz/Desktop/cs348k_proj/outputs/controlNetScale/controlnet_seg/cfg_7p5_control_2p0/000000044877/generated.png,dense_text_plus_seg,6,7.5,2.0,20,0.5788,0.2997,32.358
74058,A sidewalk next to the outdoor sitting area of a restaurant.,"A black-and-white street scene shows a sidewalk café or restaurant with outdoor seating positioned beside a busy road. Bicycles are parked nearby while tables and chairs extend beneath awnings. Cars line the street and pedestrians move through the area. The monochrome presentation emphasizes geometry, shadows.","A black-and-white street scene shows a sidewalk café or restaurant with outdoor seating positioned beside a busy road. Bicycles are parked nearby while tables and chairs extend beneath awnings. Cars line the street and pedestrians move through the area. The monochrome presentation emphasizes geometry, shadows.",/Users/yixiaoz/Desktop/cs348k_proj/outputs/controlNetScale/controlnet_seg/cfg_7p5_control_2p0/000000074058/target.png,/Users/yixiaoz/Desktop/cs348k_proj/outputs/controlNetScale/controlnet_seg/cfg_7p5_control_2p0/000000074058/seg.png,/Users/yixiaoz/Desktop/cs348k_proj/outputs/controlNetScale/controlnet_seg/cfg_7p5_control_2p0/000000074058/generated.png,dense_text_plus_seg,6,7.5,2.0,20,0.5528,0.3086,31.7934
69356,An Indian woman stands in front of a man selling his fruit,"A fruit vendor stands beside a colorful outdoor market stall filled with oranges, bananas, and other produce. A woman stands nearby while additional people move through the area. Trees and buildings line the background, suggesting a neighborhood street market. The image highlights small-scale commerce, local.","A fruit vendor stands beside a colorful outdoor market stall filled with oranges, bananas, and other produce. A woman stands nearby while additional people move through the area. Trees and buildings line the background, suggesting a neighborhood street market. The image highlights small-scale commerce, local.",/Users/yixiaoz/Desktop/cs348k_proj/outputs/controlNetScale/controlnet_seg/cfg_7p5_control_2p0/000000069356/target.png,/Users/yixiaoz/Desktop/cs348k_proj/outputs/controlNetScale/controlnet_seg/cfg_7p5_control_2p0/000000069356/seg.png,/Users/yixiaoz/Desktop/cs348k_proj/outputs/controlNetScale/controlnet_seg/cfg_7p5_control_2p0/000000069356/generated.png,dense_text_plus_seg,6,7.5,2.0,20,0.6169,0.2967,35.1052
57232,A chair is fashioned from baseball bats and two cushions.,"A chair has been creatively constructed from baseball bats and cushioned seating materials, transforming sporting equipment into functional furniture. Additional decorative items, including a globe and various objects, surround the unusual piece. The craftsmanship demonstrates artistic repurposing and design innovation. The image highlights the intersection.","A chair has been creatively constructed from baseball bats and cushioned seating materials, transforming sporting equipment into functional furniture. Additional decorative items, including a globe and various objects, surround the unusual piece. The craftsmanship demonstrates artistic repurposing and design innovation. The image highlights the intersection.",/Users/yixiaoz/Desktop/cs348k_proj/outputs/controlNetScale/controlnet_seg/cfg_7p5_control_2p0/000000057232/target.png,/Users/yixiaoz/Desktop/cs348k_proj/outputs/controlNetScale/controlnet_seg/cfg_7p5_control_2p0/000000057232/seg.png,/Users/yixiaoz/Desktop/cs348k_proj/outputs/controlNetScale/controlnet_seg/cfg_7p5_control_2p0/000000057232/generated.png,dense_text_plus_seg,6,7.5,2.0,20,0.6551,0.4386,34.748
5193,A group of people pose for a picture while a man holds two surfboards.,"A group of people gathers indoors for a photograph while one individual holds two colorful surfboards upright. Several children and adults pose together, smiling toward the camera. The surfboards act as focal points, suggesting a beach, surfing, or recreational theme. The image captures a celebratory.","A group of people gathers indoors for a photograph while one individual holds two colorful surfboards upright. Several children and adults pose together, smiling toward the camera. The surfboards act as focal points, suggesting a beach, surfing, or recreational theme. The image captures a celebratory.",/Users/yixiaoz/Desktop/cs348k_proj/outputs/controlNetScale/controlnet_seg/cfg_7p5_control_2p0/000000005193/target.png,/Users/yixiaoz/Desktop/cs348k_proj/outputs/controlNetScale/controlnet_seg/cfg_7p5_control_2p0/000000005193/seg.png,/Users/yixiaoz/Desktop/cs348k_proj/outputs/controlNetScale/controlnet_seg/cfg_7p5_control_2p0/000000005193/generated.png,dense_text_plus_seg,6,7.5,2.0,20,0.6565,0.5449,38.5584
94751,A traffic light and a signpost at a crossroads intersection near a waterway.,"Traffic lights and road signs stand at an intersection near a waterfront area. Fences, streets, and utility structures define the urban landscape while water and distant infrastructure appear in the background. The scene focuses on transportation systems and traffic management rather than people. The image.","Traffic lights and road signs stand at an intersection near a waterfront area. Fences, streets, and utility structures define the urban landscape while water and distant infrastructure appear in the background. The scene focuses on transportation systems and traffic management rather than people. The image.",/Users/yixiaoz/Desktop/cs348k_proj/outputs/controlNetScale/controlnet_seg/cfg_7p5_control_2p0/000000094751/target.png,/Users/yixiaoz/Desktop/cs348k_proj/outputs/controlNetScale/controlnet_seg/cfg_7p5_control_2p0/000000094751/seg.png,/Users/yixiaoz/Desktop/cs348k_proj/outputs/controlNetScale/controlnet_seg/cfg_7p5_control_2p0/000000094751/generated.png,dense_text_plus_seg,6,7.5,2.0,20,0.6619,0.4306,32.877
13546,Young man on skate board balancing on concrete barrier near sidewalk with small park area near by.,"A skateboarder balances on a concrete structure within a small park while performing a trick. The rider’s posture demonstrates concentration and control as wheels contact the edge of the obstacle. Grass, pathways, and recreational facilities surround the scene. The image captures motion and athletic skill.","A skateboarder balances on a concrete structure within a small park while performing a trick. The rider’s posture demonstrates concentration and control as wheels contact the edge of the obstacle. Grass, pathways, and recreational facilities surround the scene. The image captures motion and athletic skill.",/Users/yixiaoz/Desktop/cs348k_proj/outputs/controlNetScale/controlnet_seg/cfg_7p5_control_2p0/000000013546/target.png,/Users/yixiaoz/Desktop/cs348k_proj/outputs/controlNetScale/controlnet_seg/cfg_7p5_control_2p0/000000013546/seg.png,/Users/yixiaoz/Desktop/cs348k_proj/outputs/controlNetScale/controlnet_seg/cfg_7p5_control_2p0/000000013546/generated.png,dense_text_plus_seg,6,7.5,2.0,20,0.5408,0.3843,32.5161
112378,A bunch of bananas on a wooden bench with hammocks in the background.,"A bunch of bananas rests on a wooden bench in an outdoor setting where hammocks and tropical vegetation appear in the background. The fruit is arranged casually, creating a simple still-life composition. Natural lighting and greenery contribute to a relaxed atmosphere. The image highlights everyday.","A bunch of bananas rests on a wooden bench in an outdoor setting where hammocks and tropical vegetation appear in the background. The fruit is arranged casually, creating a simple still-life composition. Natural lighting and greenery contribute to a relaxed atmosphere. The image highlights everyday.",/Users/yixiaoz/Desktop/cs348k_proj/outputs/controlNetScale/controlnet_seg/cfg_7p5_control_2p0/000000112378/target.png,/Users/yixiaoz/Desktop/cs348k_proj/outputs/controlNetScale/controlnet_seg/cfg_7p5_control_2p0/000000112378/seg.png,/Users/yixiaoz/Desktop/cs348k_proj/outputs/controlNetScale/controlnet_seg/cfg_7p5_control_2p0/000000112378/generated.png,dense_text_plus_seg,6,7.5,2.0,20,0.6662,0.4358,34.286
57672,a river.A group of people with life jacket rowing a long boat in,"A long rowing boat moves across a calm river while a coordinated team of rowers wearing life jackets paddles together. Their synchronized effort propels the vessel through the water as spectators and shoreline features remain visible in the distance. The image highlights teamwork, endurance, and.","A long rowing boat moves across a calm river while a coordinated team of rowers wearing life jackets paddles together. Their synchronized effort propels the vessel through the water as spectators and shoreline features remain visible in the distance. The image highlights teamwork, endurance, and.",/Users/yixiaoz/Desktop/cs348k_proj/outputs/controlNetScale/controlnet_seg/cfg_7p5_control_2p0/000000057672/target.png,/Users/yixiaoz/Desktop/cs348k_proj/outputs/controlNetScale/controlnet_seg/cfg_7p5_control_2p0/000000057672/seg.png,/Users/yixiaoz/Desktop/cs348k_proj/outputs/controlNetScale/controlnet_seg/cfg_7p5_control_2p0/000000057672/generated.png,dense_text_plus_seg,6,7.5,2.0,20,0.6305,0.354,30.8845
19432,He's almost got this tennis ball at the end of his racket.,"A tennis player focuses intensely on a ball approaching the racket during a match on a professional court. Stadium seating and fencing create the backdrop while the athlete prepares to make contact. The composition freezes a precise moment that requires timing, concentration, and technical skill.","A tennis player focuses intensely on a ball approaching the racket during a match on a professional court. Stadium seating and fencing create the backdrop while the athlete prepares to make contact. The composition freezes a precise moment that requires timing, concentration, and technical skill.",/Users/yixiaoz/Desktop/cs348k_proj/outputs/controlNetScale/controlnet_seg/cfg_7p5_control_2p0/000000019432/target.png,/Users/yixiaoz/Desktop/cs348k_proj/outputs/controlNetScale/controlnet_seg/cfg_7p5_control_2p0/000000019432/seg.png,/Users/yixiaoz/Desktop/cs348k_proj/outputs/controlNetScale/controlnet_seg/cfg_7p5_control_2p0/000000019432/generated.png,dense_text_plus_seg,6,7.5,2.0,20,0.5803,0.416,29.1001
73702,A couple of guys standingoutside in the sun talking to each other.,"Several people stand together outdoors near a transportation or public-service area while engaged in conversation. Some individuals carry bags or wear protective clothing, suggesting travel, work, or transit-related activities. The scene appears candid and documentary in nature, focusing on social interaction rather than posed photography.","Several people stand together outdoors near a transportation or public-service area while engaged in conversation. Some individuals carry bags or wear protective clothing, suggesting travel, work, or transit-related activities. The scene appears candid and documentary in nature, focusing on social interaction rather than posed photography.",/Users/yixiaoz/Desktop/cs348k_proj/outputs/controlNetScale/controlnet_seg/cfg_7p5_control_2p0/000000073702/target.png,/Users/yixiaoz/Desktop/cs348k_proj/outputs/controlNetScale/controlnet_seg/cfg_7p5_control_2p0/000000073702/seg.png,/Users/yixiaoz/Desktop/cs348k_proj/outputs/controlNetScale/controlnet_seg/cfg_7p5_control_2p0/000000073702/generated.png,dense_text_plus_seg,6,7.5,2.0,20,0.6376,0.5282,29.265
84241,Three women cooking in a professional kitchen together.,"Three women work together inside a professional kitchen while preparing food. Large bowls of vegetables, cookware, and stainless-steel surfaces surround them as they coordinate meal preparation. The environment suggests a restaurant, catering operation, or culinary training setting. The image highlights teamwork, food service, and culinary.","Three women work together inside a professional kitchen while preparing food. Large bowls of vegetables, cookware, and stainless-steel surfaces surround them as they coordinate meal preparation. The environment suggests a restaurant, catering operation, or culinary training setting. The image highlights teamwork, food service, and culinary.",/Users/yixiaoz/Desktop/cs348k_proj/outputs/controlNetScale/controlnet_seg/cfg_7p5_control_2p0/000000084241/target.png,/Users/yixiaoz/Desktop/cs348k_proj/outputs/controlNetScale/controlnet_seg/cfg_7p5_control_2p0/000000084241/seg.png,/Users/yixiaoz/Desktop/cs348k_proj/outputs/controlNetScale/controlnet_seg/cfg_7p5_control_2p0/000000084241/generated.png,dense_text_plus_seg,6,7.5,2.0,20,0.6749,0.4734,36.9498
34417,Donuts traveling down an assembly line in a factory while people work behind it.,"Donuts move along a production line inside a bakery or food-processing facility while workers supervise operations in the background. Conveyors, trays, and industrial equipment are visible throughout the workspace. The image illustrates large-scale food production and the systems used to manufacture baked goods efficiently. It.","Donuts move along a production line inside a bakery or food-processing facility while workers supervise operations in the background. Conveyors, trays, and industrial equipment are visible throughout the workspace. The image illustrates large-scale food production and the systems used to manufacture baked goods efficiently. It.",/Users/yixiaoz/Desktop/cs348k_proj/outputs/controlNetScale/controlnet_seg/cfg_7p5_control_2p0/000000034417/target.png,/Users/yixiaoz/Desktop/cs348k_proj/outputs/controlNetScale/controlnet_seg/cfg_7p5_control_2p0/000000034417/seg.png,/Users/yixiaoz/Desktop/cs348k_proj/outputs/controlNetScale/controlnet_seg/cfg_7p5_control_2p0/000000034417/generated.png,dense_text_plus_seg,6,7.5,2.0,20,0.6581,0.4152,37.5601
25181,A train station with an awning is depicted with a train on the right platform.,"A train station platform extends into the distance beneath a large canopy, creating strong lines and symmetry throughout the composition. A train sits along one side of the platform while signs and architectural details reinforce the sense of order. The black-and-white presentation emphasizes structure and.","A train station platform extends into the distance beneath a large canopy, creating strong lines and symmetry throughout the composition. A train sits along one side of the platform while signs and architectural details reinforce the sense of order. The black-and-white presentation emphasizes structure and.",/Users/yixiaoz/Desktop/cs348k_proj/outputs/controlNetScale/controlnet_seg/cfg_7p5_control_2p0/000000025181/target.png,/Users/yixiaoz/Desktop/cs348k_proj/outputs/controlNetScale/controlnet_seg/cfg_7p5_control_2p0/000000025181/seg.png,/Users/yixiaoz/Desktop/cs348k_proj/outputs/controlNetScale/controlnet_seg/cfg_7p5_control_2p0/000000025181/generated.png,dense_text_plus_seg,6,7.5,2.0,20,0.5283,0.3712,32.883
67213,"A dog jumping through the air above a pool of water that has been marked for distance, with people watching in the distance.","A dog leaps high above a pool during a dock-diving competition while spectators watch from behind barriers. The animal is captured midair, demonstrating athletic ability, speed, and confidence. Water, measuring equipment, and event organizers suggest a structured sporting competition. The image highlights the bond between.","A dog leaps high above a pool during a dock-diving competition while spectators watch from behind barriers. The animal is captured midair, demonstrating athletic ability, speed, and confidence. Water, measuring equipment, and event organizers suggest a structured sporting competition. The image highlights the bond between.",/Users/yixiaoz/Desktop/cs348k_proj/outputs/controlNetScale/controlnet_seg/cfg_7p5_control_2p0/000000067213/target.png,/Users/yixiaoz/Desktop/cs348k_proj/outputs/controlNetScale/controlnet_seg/cfg_7p5_control_2p0/000000067213/seg.png,/Users/yixiaoz/Desktop/cs348k_proj/outputs/controlNetScale/controlnet_seg/cfg_7p5_control_2p0/000000067213/generated.png,dense_text_plus_seg,6,7.5,2.0,20,0.6065,0.5382,27.5102
94871,A group of people standing around sheep on a field.,"Several sheep stand together in a field while people gather nearby. Different breeds and wool colors create visual variety across the scene. The setting resembles an agricultural fair, livestock exhibition, or rural community event where animals are displayed and evaluated. The image highlights farming culture.","Several sheep stand together in a field while people gather nearby. Different breeds and wool colors create visual variety across the scene. The setting resembles an agricultural fair, livestock exhibition, or rural community event where animals are displayed and evaluated. The image highlights farming culture.",/Users/yixiaoz/Desktop/cs348k_proj/outputs/controlNetScale/controlnet_seg/cfg_7p5_control_2p0/000000094871/target.png,/Users/yixiaoz/Desktop/cs348k_proj/outputs/controlNetScale/controlnet_seg/cfg_7p5_control_2p0/000000094871/seg.png,/Users/yixiaoz/Desktop/cs348k_proj/outputs/controlNetScale/controlnet_seg/cfg_7p5_control_2p0/000000094871/generated.png,dense_text_plus_seg,6,7.5,2.0,20,0.5796,0.3537,35.3308
