coco_id,caption,dense_caption,prompt,target_path,canny_path,generated_path,modality,experiment_id,guidance_scale,controlnet_conditioning_scale,num_inference_steps,LPIPS_Distance,DreamSim_Distance,CLIP_Score
2685,A crowd of people stand near a man behind a bar with wine bottles on it.,"Several people are gathered around a wooden bar counter inside a restaurant, tasting room, or social event space. A man stands behind the counter near shelves filled with wine bottles while customers stand close together and talk in small groups. The room appears warmly lit.",,/Users/yixiaoz/Desktop/cs348k_proj/outputs/controlNetScale/baseline_structural_canny/cfg_7p5_control_0p5/000000002685/target.png,/Users/yixiaoz/Desktop/cs348k_proj/outputs/controlNetScale/baseline_structural_canny/cfg_7p5_control_0p5/000000002685/canny.png,/Users/yixiaoz/Desktop/cs348k_proj/outputs/controlNetScale/baseline_structural_canny/cfg_7p5_control_0p5/000000002685/generated.png,empty_text_plus_canny,3,7.5,0.5,20,0.6673,0.5228,27.0932
6763,A man and a women posing next to one another in front of a table.,"A man and a woman sit close together at a table inside a dimly lit restaurant or bar. The man wears a dress shirt and tie and has his arm around the smiling woman beside him. Plates, utensils, and drinks are visible on the table.",,/Users/yixiaoz/Desktop/cs348k_proj/outputs/controlNetScale/baseline_structural_canny/cfg_7p5_control_0p5/000000006763/target.png,/Users/yixiaoz/Desktop/cs348k_proj/outputs/controlNetScale/baseline_structural_canny/cfg_7p5_control_0p5/000000006763/canny.png,/Users/yixiaoz/Desktop/cs348k_proj/outputs/controlNetScale/baseline_structural_canny/cfg_7p5_control_0p5/000000006763/generated.png,empty_text_plus_canny,3,7.5,0.5,20,0.7225,0.6893,22.564
87144,A baby sitting between a lady and a man on a bench under a tree.,"A woman, a young child, and an elderly man sit on a park bench beneath the shade of a tree. The woman sits on the left wearing a patterned dress, the child sits near the center, and the older man sits on the right wearing.",,/Users/yixiaoz/Desktop/cs348k_proj/outputs/controlNetScale/baseline_structural_canny/cfg_7p5_control_0p5/000000087144/target.png,/Users/yixiaoz/Desktop/cs348k_proj/outputs/controlNetScale/baseline_structural_canny/cfg_7p5_control_0p5/000000087144/canny.png,/Users/yixiaoz/Desktop/cs348k_proj/outputs/controlNetScale/baseline_structural_canny/cfg_7p5_control_0p5/000000087144/generated.png,empty_text_plus_canny,3,7.5,0.5,20,0.5856,0.5814,32.2185
2157,A table topped with a cake covered in berries next to a plate of sandwiches.,"A table covered with a red tablecloth is arranged with desserts and party food in an outdoor or bright dining setting. A large cake topped with blueberries and raspberries sits near the front beside plates of sandwiches, bread, grapes, wine glasses, napkins, and stacked dishes.",,/Users/yixiaoz/Desktop/cs348k_proj/outputs/controlNetScale/baseline_structural_canny/cfg_7p5_control_0p5/000000002157/target.png,/Users/yixiaoz/Desktop/cs348k_proj/outputs/controlNetScale/baseline_structural_canny/cfg_7p5_control_0p5/000000002157/canny.png,/Users/yixiaoz/Desktop/cs348k_proj/outputs/controlNetScale/baseline_structural_canny/cfg_7p5_control_0p5/000000002157/generated.png,empty_text_plus_canny,3,7.5,0.5,20,0.6138,0.4844,27.0083
14226,A person is sitting in a chair at a table with a laptop computer.,A man sits alone in a passenger train or railcar while using a laptop computer on a fold-out table in front of him. He wears a jacket and looks downward toward the screen with a focused expression. A large window beside him shows blurred scenery.,,/Users/yixiaoz/Desktop/cs348k_proj/outputs/controlNetScale/baseline_structural_canny/cfg_7p5_control_0p5/000000014226/target.png,/Users/yixiaoz/Desktop/cs348k_proj/outputs/controlNetScale/baseline_structural_canny/cfg_7p5_control_0p5/000000014226/canny.png,/Users/yixiaoz/Desktop/cs348k_proj/outputs/controlNetScale/baseline_structural_canny/cfg_7p5_control_0p5/000000014226/generated.png,empty_text_plus_canny,3,7.5,0.5,20,0.6164,0.5354,31.2207
35279,"A man laying his head down next to electronics, a butterfly, and a book.","A cluttered workspace or floor area contains several electronic devices and accessories arranged close together. A laptop displays a simple image on its screen, while a smartphone, cables, speakers, papers, a bottle, and other gadgets sit nearby. Part of a person’s face appears near the.",,/Users/yixiaoz/Desktop/cs348k_proj/outputs/controlNetScale/baseline_structural_canny/cfg_7p5_control_0p5/000000035279/target.png,/Users/yixiaoz/Desktop/cs348k_proj/outputs/controlNetScale/baseline_structural_canny/cfg_7p5_control_0p5/000000035279/canny.png,/Users/yixiaoz/Desktop/cs348k_proj/outputs/controlNetScale/baseline_structural_canny/cfg_7p5_control_0p5/000000035279/generated.png,empty_text_plus_canny,3,7.5,0.5,20,0.6545,0.5493,24.7281
31620,A woman in a white dress and a man in gray stand near a cake on a white table under a white canopy.,"Inside a large white event tent, a woman in a white dress and a man in a gray suit stand near a decorated table. The table is covered with a white cloth and appears to hold a cake or centerpiece. Soft light filters through the.",,/Users/yixiaoz/Desktop/cs348k_proj/outputs/controlNetScale/baseline_structural_canny/cfg_7p5_control_0p5/000000031620/target.png,/Users/yixiaoz/Desktop/cs348k_proj/outputs/controlNetScale/baseline_structural_canny/cfg_7p5_control_0p5/000000031620/canny.png,/Users/yixiaoz/Desktop/cs348k_proj/outputs/controlNetScale/baseline_structural_canny/cfg_7p5_control_0p5/000000031620/generated.png,empty_text_plus_canny,3,7.5,0.5,20,0.7129,0.7321,16.7486
95707,Several pastries sitting on aluminum foil next to a bowl with a knife and spatula in it.,"Several pastries and baked goods are arranged on aluminum foil on a table, with a bowl, knife, and spatula placed nearby for serving. The food includes rectangular pieces and a pale frosted or light-colored dessert item, suggesting a dessert spread or homemade baked selection. The.",,/Users/yixiaoz/Desktop/cs348k_proj/outputs/controlNetScale/baseline_structural_canny/cfg_7p5_control_0p5/000000095707/target.png,/Users/yixiaoz/Desktop/cs348k_proj/outputs/controlNetScale/baseline_structural_canny/cfg_7p5_control_0p5/000000095707/canny.png,/Users/yixiaoz/Desktop/cs348k_proj/outputs/controlNetScale/baseline_structural_canny/cfg_7p5_control_0p5/000000095707/generated.png,empty_text_plus_canny,3,7.5,0.5,20,0.6347,0.6931,20.7787
54605,Milkshake in tall glass and piece of cake on plate near forks.,"A tall milkshake in a glass is topped with whipped cream and placed on a restaurant table beside a slice of layered cake on a white plate. A fork, napkins, and other table items sit nearby, while the background is dim and softly blurred. The.",,/Users/yixiaoz/Desktop/cs348k_proj/outputs/controlNetScale/baseline_structural_canny/cfg_7p5_control_0p5/000000054605/target.png,/Users/yixiaoz/Desktop/cs348k_proj/outputs/controlNetScale/baseline_structural_canny/cfg_7p5_control_0p5/000000054605/canny.png,/Users/yixiaoz/Desktop/cs348k_proj/outputs/controlNetScale/baseline_structural_canny/cfg_7p5_control_0p5/000000054605/generated.png,empty_text_plus_canny,3,7.5,0.5,20,0.6178,0.5373,27.4679
27620,A laptop sitting on a desk next to a chair and another computer.,"A small home office or study area contains a glass-top desk, a laptop computer, a chair, and additional electronic equipment. The desk is positioned near a wall with windows and blinds, and another chair sits in front of the workspace. Cables, accessories, and a cup.",,/Users/yixiaoz/Desktop/cs348k_proj/outputs/controlNetScale/baseline_structural_canny/cfg_7p5_control_0p5/000000027620/target.png,/Users/yixiaoz/Desktop/cs348k_proj/outputs/controlNetScale/baseline_structural_canny/cfg_7p5_control_0p5/000000027620/canny.png,/Users/yixiaoz/Desktop/cs348k_proj/outputs/controlNetScale/baseline_structural_canny/cfg_7p5_control_0p5/000000027620/generated.png,empty_text_plus_canny,3,7.5,0.5,20,0.5985,0.6349,28.1081
66771,Two people sitting at a table with beverages on it and the woman holding her phone.,"Two people sit together at a restaurant table with beverages, cups, and small dishes in front of them. The man smiles while looking toward the woman, and the woman looks down at a smartphone in her hand. The table includes a drink with a straw.",,/Users/yixiaoz/Desktop/cs348k_proj/outputs/controlNetScale/baseline_structural_canny/cfg_7p5_control_0p5/000000066771/target.png,/Users/yixiaoz/Desktop/cs348k_proj/outputs/controlNetScale/baseline_structural_canny/cfg_7p5_control_0p5/000000066771/canny.png,/Users/yixiaoz/Desktop/cs348k_proj/outputs/controlNetScale/baseline_structural_canny/cfg_7p5_control_0p5/000000066771/generated.png,empty_text_plus_canny,3,7.5,0.5,20,0.5769,0.457,27.4953
18575,"Two plates, one with a sandwich and fries, the other with just a sandwich and a pickle.","Two plates of food are served on a restaurant table. One plate contains a sandwich with French fries, while the other plate includes a sandwich and a pickle with sliced vegetables and condiments nearby. Drinks, small containers, and utensils surround the plates, suggesting a casual.",,/Users/yixiaoz/Desktop/cs348k_proj/outputs/controlNetScale/baseline_structural_canny/cfg_7p5_control_0p5/000000018575/target.png,/Users/yixiaoz/Desktop/cs348k_proj/outputs/controlNetScale/baseline_structural_canny/cfg_7p5_control_0p5/000000018575/canny.png,/Users/yixiaoz/Desktop/cs348k_proj/outputs/controlNetScale/baseline_structural_canny/cfg_7p5_control_0p5/000000018575/generated.png,empty_text_plus_canny,3,7.5,0.5,20,0.6727,0.7216,24.3796
66817,This plate consists of rice with sauce and peas and meat patties on the side.,"A plate of food is photographed from above on a table, containing rice covered with sauce, peas, and several browned meat patties on the side. A cup of yogurt or creamy dessert and a small bowl of fruit sit near the plate, creating a complete.",,/Users/yixiaoz/Desktop/cs348k_proj/outputs/controlNetScale/baseline_structural_canny/cfg_7p5_control_0p5/000000066817/target.png,/Users/yixiaoz/Desktop/cs348k_proj/outputs/controlNetScale/baseline_structural_canny/cfg_7p5_control_0p5/000000066817/canny.png,/Users/yixiaoz/Desktop/cs348k_proj/outputs/controlNetScale/baseline_structural_canny/cfg_7p5_control_0p5/000000066817/generated.png,empty_text_plus_canny,3,7.5,0.5,20,0.6481,0.5457,25.9431
84674,a girl holds a baby eating a bagel with a boy standing next to them,"A woman sits indoors holding a small child who is eating a bagel or bread roll, while a young boy stands next to them facing the camera. The group appears to be in a restaurant, event space, or public indoor setting, with people and warm.",,/Users/yixiaoz/Desktop/cs348k_proj/outputs/controlNetScale/baseline_structural_canny/cfg_7p5_control_0p5/000000084674/target.png,/Users/yixiaoz/Desktop/cs348k_proj/outputs/controlNetScale/baseline_structural_canny/cfg_7p5_control_0p5/000000084674/canny.png,/Users/yixiaoz/Desktop/cs348k_proj/outputs/controlNetScale/baseline_structural_canny/cfg_7p5_control_0p5/000000084674/generated.png,empty_text_plus_canny,3,7.5,0.5,20,0.732,0.5566,23.9667
47112,A pizza served on a white plate next to empty wine glass and beer.,"A freshly baked pizza sits on a white plate on a restaurant table, with a glass of beer and an empty wine glass positioned behind it. The pizza has visible cheese and toppings, and the background contains tables, chairs, and restaurant décor. The low angle.",,/Users/yixiaoz/Desktop/cs348k_proj/outputs/controlNetScale/baseline_structural_canny/cfg_7p5_control_0p5/000000047112/target.png,/Users/yixiaoz/Desktop/cs348k_proj/outputs/controlNetScale/baseline_structural_canny/cfg_7p5_control_0p5/000000047112/canny.png,/Users/yixiaoz/Desktop/cs348k_proj/outputs/controlNetScale/baseline_structural_canny/cfg_7p5_control_0p5/000000047112/generated.png,empty_text_plus_canny,3,7.5,0.5,20,0.6868,0.6819,19.4597
59598,"A table with a laptop a plate with a muffin and a banana, a can and a cellphone.","An open laptop sits on a table in a classroom, meeting room, or conference setting. Nearby are a plate with a muffin and banana, a soda can, a mobile phone, and other small items. In the background, a presentation screen or projector area is visible.",,/Users/yixiaoz/Desktop/cs348k_proj/outputs/controlNetScale/baseline_structural_canny/cfg_7p5_control_0p5/000000059598/target.png,/Users/yixiaoz/Desktop/cs348k_proj/outputs/controlNetScale/baseline_structural_canny/cfg_7p5_control_0p5/000000059598/canny.png,/Users/yixiaoz/Desktop/cs348k_proj/outputs/controlNetScale/baseline_structural_canny/cfg_7p5_control_0p5/000000059598/generated.png,empty_text_plus_canny,3,7.5,0.5,20,0.6171,0.6234,25.4831
91779,Three hot dogs with different toppings lined up on a tabletop.,"Three hot dogs with different toppings are arranged side by side on a tray or tabletop. One appears topped with sauce or chili, another with bright red peppers, and the surrounding area contains side dishes, cups, and food wrappers. The close-up composition highlights the variety.",,/Users/yixiaoz/Desktop/cs348k_proj/outputs/controlNetScale/baseline_structural_canny/cfg_7p5_control_0p5/000000091779/target.png,/Users/yixiaoz/Desktop/cs348k_proj/outputs/controlNetScale/baseline_structural_canny/cfg_7p5_control_0p5/000000091779/canny.png,/Users/yixiaoz/Desktop/cs348k_proj/outputs/controlNetScale/baseline_structural_canny/cfg_7p5_control_0p5/000000091779/generated.png,empty_text_plus_canny,3,7.5,0.5,20,0.6835,0.5633,23.9905
22892,"A cat sitting on a table next to plants and a dog outside of a sliding glass door, looking in.","A gray cat sits indoors on a table beside potted plants near a sliding glass door, while a dog stands outside looking in through the glass. The cat faces downward toward the plants, and the dog is visible beyond the door on a balcony or.",,/Users/yixiaoz/Desktop/cs348k_proj/outputs/controlNetScale/baseline_structural_canny/cfg_7p5_control_0p5/000000022892/target.png,/Users/yixiaoz/Desktop/cs348k_proj/outputs/controlNetScale/baseline_structural_canny/cfg_7p5_control_0p5/000000022892/canny.png,/Users/yixiaoz/Desktop/cs348k_proj/outputs/controlNetScale/baseline_structural_canny/cfg_7p5_control_0p5/000000022892/generated.png,empty_text_plus_canny,3,7.5,0.5,20,0.6387,0.6333,19.0347
97337,This is a nice living room set up with two couches and a television.,"A cozy living room contains two couches arranged around a coffee table facing a television. The television displays a map or graphic image, while lamps, curtains, and decorative furniture create a warm indoor atmosphere. The room appears tidy and comfortable, with soft lighting and a.",,/Users/yixiaoz/Desktop/cs348k_proj/outputs/controlNetScale/baseline_structural_canny/cfg_7p5_control_0p5/000000097337/target.png,/Users/yixiaoz/Desktop/cs348k_proj/outputs/controlNetScale/baseline_structural_canny/cfg_7p5_control_0p5/000000097337/canny.png,/Users/yixiaoz/Desktop/cs348k_proj/outputs/controlNetScale/baseline_structural_canny/cfg_7p5_control_0p5/000000097337/generated.png,empty_text_plus_canny,3,7.5,0.5,20,0.6153,0.4213,30.8115
10707,Man with video game controller in living room with onlooker seated nearby.,"Several people gather in a living room around a coffee table covered with drinks, snacks, and small items. One man stands holding a video game controller, while others sit nearby watching or participating. Sofas, warm lighting, and casual clothing create the feeling of a relaxed.",,/Users/yixiaoz/Desktop/cs348k_proj/outputs/controlNetScale/baseline_structural_canny/cfg_7p5_control_0p5/000000010707/target.png,/Users/yixiaoz/Desktop/cs348k_proj/outputs/controlNetScale/baseline_structural_canny/cfg_7p5_control_0p5/000000010707/canny.png,/Users/yixiaoz/Desktop/cs348k_proj/outputs/controlNetScale/baseline_structural_canny/cfg_7p5_control_0p5/000000010707/generated.png,empty_text_plus_canny,3,7.5,0.5,20,0.7748,0.5978,25.3385
65288,A yellow and green object with a brown bird perched on top of it.,"An ornate yellow and green decorative structure sits in the foreground, with a small brown bird perched on its top edge. Behind it, a crowd of people gathers outdoors near tables, chairs, plants, and shaded areas, suggesting a plaza, café, or public gathering space. The.",,/Users/yixiaoz/Desktop/cs348k_proj/outputs/controlNetScale/baseline_structural_canny/cfg_7p5_control_0p5/000000065288/target.png,/Users/yixiaoz/Desktop/cs348k_proj/outputs/controlNetScale/baseline_structural_canny/cfg_7p5_control_0p5/000000065288/canny.png,/Users/yixiaoz/Desktop/cs348k_proj/outputs/controlNetScale/baseline_structural_canny/cfg_7p5_control_0p5/000000065288/generated.png,empty_text_plus_canny,3,7.5,0.5,20,0.6662,0.554,25.6069
116208,"A large pizza is shown on a table, with bottles and glasses of wine.","A large pizza topped with cheese, mushrooms, and other ingredients is placed on a raised stand at the center of a restaurant table. Wine bottles, glasses, plates, utensils, and small dishes surround it, suggesting a shared meal among several diners. The pizza is viewed from.",,/Users/yixiaoz/Desktop/cs348k_proj/outputs/controlNetScale/baseline_structural_canny/cfg_7p5_control_0p5/000000116208/target.png,/Users/yixiaoz/Desktop/cs348k_proj/outputs/controlNetScale/baseline_structural_canny/cfg_7p5_control_0p5/000000116208/canny.png,/Users/yixiaoz/Desktop/cs348k_proj/outputs/controlNetScale/baseline_structural_canny/cfg_7p5_control_0p5/000000116208/generated.png,empty_text_plus_canny,3,7.5,0.5,20,0.6131,0.5443,24.1019
74733,two flatbread pieces covered with different ingredients in between a flight of beers,"Two rectangular flatbread dishes topped with different ingredients are served on a wooden board beside a flight of beers. Several small glasses of beer, dipping containers, and additional drinkware are arranged around the food. The warm indoor lighting and tabletop presentation suggest a restaurant, pub.",,/Users/yixiaoz/Desktop/cs348k_proj/outputs/controlNetScale/baseline_structural_canny/cfg_7p5_control_0p5/000000074733/target.png,/Users/yixiaoz/Desktop/cs348k_proj/outputs/controlNetScale/baseline_structural_canny/cfg_7p5_control_0p5/000000074733/canny.png,/Users/yixiaoz/Desktop/cs348k_proj/outputs/controlNetScale/baseline_structural_canny/cfg_7p5_control_0p5/000000074733/generated.png,empty_text_plus_canny,3,7.5,0.5,20,0.657,0.6074,25.5144
114907,"A woman holding a milking attachment and standing in front of a cow, with a group of people in the audience.","A woman stands beside a large dairy cow while demonstrating or holding a milking attachment in front of a seated audience. The cow is positioned behind a metal barrier, and many people watch attentively from the foreground. The scene appears to be part of an.",,/Users/yixiaoz/Desktop/cs348k_proj/outputs/controlNetScale/baseline_structural_canny/cfg_7p5_control_0p5/000000114907/target.png,/Users/yixiaoz/Desktop/cs348k_proj/outputs/controlNetScale/baseline_structural_canny/cfg_7p5_control_0p5/000000114907/canny.png,/Users/yixiaoz/Desktop/cs348k_proj/outputs/controlNetScale/baseline_structural_canny/cfg_7p5_control_0p5/000000114907/generated.png,empty_text_plus_canny,3,7.5,0.5,20,0.6479,0.6641,16.4071
61333,The caramel-colored kitten is  lying on the small blanket on top of the unmade bed.,"An orange tabby kitten lies curled up on a small blanket placed on top of an unmade bed. The cat appears relaxed and sleepy, with its body tucked close and its head resting near the blanket. A bookshelf filled with books lines the background, adding.",,/Users/yixiaoz/Desktop/cs348k_proj/outputs/controlNetScale/baseline_structural_canny/cfg_7p5_control_0p5/000000061333/target.png,/Users/yixiaoz/Desktop/cs348k_proj/outputs/controlNetScale/baseline_structural_canny/cfg_7p5_control_0p5/000000061333/canny.png,/Users/yixiaoz/Desktop/cs348k_proj/outputs/controlNetScale/baseline_structural_canny/cfg_7p5_control_0p5/000000061333/generated.png,empty_text_plus_canny,3,7.5,0.5,20,0.7587,0.6031,27.9796
18837,A large truck on a city street with two works sitting on top and one worker climbing in through door.,"A large green utility truck is parked on a city street while workers perform maintenance tasks around it. One worker appears to be on top of the vehicle, and another is climbing into or standing near the door. Cars, buildings, traffic signs, and urban infrastructure.",,/Users/yixiaoz/Desktop/cs348k_proj/outputs/controlNetScale/baseline_structural_canny/cfg_7p5_control_0p5/000000018837/target.png,/Users/yixiaoz/Desktop/cs348k_proj/outputs/controlNetScale/baseline_structural_canny/cfg_7p5_control_0p5/000000018837/canny.png,/Users/yixiaoz/Desktop/cs348k_proj/outputs/controlNetScale/baseline_structural_canny/cfg_7p5_control_0p5/000000018837/generated.png,empty_text_plus_canny,3,7.5,0.5,20,0.6015,0.4248,23.2023
9914,"A sandwich, french fries, bowl of ketchup, onion slice, lettuce slice, tomato slice, and knife sit on the white plate.","A sandwich meal is served on a white plate with French fries, a small bowl of ketchup, sliced onion, tomato, lettuce, and a knife. The sandwich bun is topped with sesame seeds, and the fries are piled beside it. The close-up view focuses on the.",,/Users/yixiaoz/Desktop/cs348k_proj/outputs/controlNetScale/baseline_structural_canny/cfg_7p5_control_0p5/000000009914/target.png,/Users/yixiaoz/Desktop/cs348k_proj/outputs/controlNetScale/baseline_structural_canny/cfg_7p5_control_0p5/000000009914/canny.png,/Users/yixiaoz/Desktop/cs348k_proj/outputs/controlNetScale/baseline_structural_canny/cfg_7p5_control_0p5/000000009914/generated.png,empty_text_plus_canny,3,7.5,0.5,20,0.6716,0.6464,15.2151
39477,A beach towel covers a TV across from plants on the wall and in front of the window.,"A compact living room features a couch facing a television, with several plants placed near the window and on the wall. Natural light enters through a large curtained window, brightening the small room. A low table, rug, wall decorations, and shelving create a tidy residential.",,/Users/yixiaoz/Desktop/cs348k_proj/outputs/controlNetScale/baseline_structural_canny/cfg_7p5_control_0p5/000000039477/target.png,/Users/yixiaoz/Desktop/cs348k_proj/outputs/controlNetScale/baseline_structural_canny/cfg_7p5_control_0p5/000000039477/canny.png,/Users/yixiaoz/Desktop/cs348k_proj/outputs/controlNetScale/baseline_structural_canny/cfg_7p5_control_0p5/000000039477/generated.png,empty_text_plus_canny,3,7.5,0.5,20,0.6358,0.6107,19.7943
61108,A blue bicycle with a puppy in its basket is parked next to the bleacher steps.,"A blue bicycle is parked beside outdoor bleacher steps, with a small puppy sitting inside a basket attached to the front. The bicycle rests near concrete steps and railings, suggesting a sports field, park, or recreational area. The puppy sits securely in the basket and.",,/Users/yixiaoz/Desktop/cs348k_proj/outputs/controlNetScale/baseline_structural_canny/cfg_7p5_control_0p5/000000061108/target.png,/Users/yixiaoz/Desktop/cs348k_proj/outputs/controlNetScale/baseline_structural_canny/cfg_7p5_control_0p5/000000061108/canny.png,/Users/yixiaoz/Desktop/cs348k_proj/outputs/controlNetScale/baseline_structural_canny/cfg_7p5_control_0p5/000000061108/generated.png,empty_text_plus_canny,3,7.5,0.5,20,0.547,0.5358,27.5777
91615,"A kitchen has light wooden colored cabinetry, beige countertops, and stainless steel appliances in an open concept house.","A clean modern kitchen features light wooden cabinets, beige countertops, stainless steel appliances, and a sink built into a central counter area. A microwave, oven, refrigerator, dishwasher, and decorative flowers are visible throughout the room. The space appears bright, organized, and open, with neutral colors.",,/Users/yixiaoz/Desktop/cs348k_proj/outputs/controlNetScale/baseline_structural_canny/cfg_7p5_control_0p5/000000091615/target.png,/Users/yixiaoz/Desktop/cs348k_proj/outputs/controlNetScale/baseline_structural_canny/cfg_7p5_control_0p5/000000091615/canny.png,/Users/yixiaoz/Desktop/cs348k_proj/outputs/controlNetScale/baseline_structural_canny/cfg_7p5_control_0p5/000000091615/generated.png,empty_text_plus_canny,3,7.5,0.5,20,0.5529,0.4663,29.813
77396,A cat being lazy and a cat being nozy in a living room with tv and a laptop displaying the same things.,"Two cats are in a living room facing a television and a laptop displaying similar imagery. One cat stands upright near the television, appearing curious about the screen, while another cat lies on the floor nearby. The room contains a TV stand, small table, and.",,/Users/yixiaoz/Desktop/cs348k_proj/outputs/controlNetScale/baseline_structural_canny/cfg_7p5_control_0p5/000000077396/target.png,/Users/yixiaoz/Desktop/cs348k_proj/outputs/controlNetScale/baseline_structural_canny/cfg_7p5_control_0p5/000000077396/canny.png,/Users/yixiaoz/Desktop/cs348k_proj/outputs/controlNetScale/baseline_structural_canny/cfg_7p5_control_0p5/000000077396/generated.png,empty_text_plus_canny,3,7.5,0.5,20,0.562,0.434,31.8046
119233,A cat sprawled out over the top of a laptop computer keyboard.,"A black-and-white cat sprawls across the keyboard area of an open laptop on a wooden desk or counter. The cat lies comfortably with its body stretched over the computer, partially blocking the screen and keyboard. Various household objects, office supplies, and plants are visible around.",,/Users/yixiaoz/Desktop/cs348k_proj/outputs/controlNetScale/baseline_structural_canny/cfg_7p5_control_0p5/000000119233/target.png,/Users/yixiaoz/Desktop/cs348k_proj/outputs/controlNetScale/baseline_structural_canny/cfg_7p5_control_0p5/000000119233/canny.png,/Users/yixiaoz/Desktop/cs348k_proj/outputs/controlNetScale/baseline_structural_canny/cfg_7p5_control_0p5/000000119233/generated.png,empty_text_plus_canny,3,7.5,0.5,20,0.6599,0.4766,21.8875
2431,"A table with a plate, wine-filled glass, and bread, among other items","A restaurant table is set with a plate, a wine-filled glass, bread, napkins, utensils, and other dining items. The objects are arranged closely together on a wooden surface, suggesting an ongoing or prepared meal. The image is framed from above and at a slight angle.",,/Users/yixiaoz/Desktop/cs348k_proj/outputs/controlNetScale/baseline_structural_canny/cfg_7p5_control_0p5/000000002431/target.png,/Users/yixiaoz/Desktop/cs348k_proj/outputs/controlNetScale/baseline_structural_canny/cfg_7p5_control_0p5/000000002431/canny.png,/Users/yixiaoz/Desktop/cs348k_proj/outputs/controlNetScale/baseline_structural_canny/cfg_7p5_control_0p5/000000002431/generated.png,empty_text_plus_canny,3,7.5,0.5,20,0.6755,0.6911,18.4543
56344,"Looking down at a desktop with two monitors, a key board, mouse and cell phones on it.","A desk workstation contains two large computer monitors positioned side by side, along with a keyboard, mouse, mobile phones, and several electronic accessories. The screens display different windows or web pages, and cables and devices are spread across the desktop. The space appears dimly lit.",,/Users/yixiaoz/Desktop/cs348k_proj/outputs/controlNetScale/baseline_structural_canny/cfg_7p5_control_0p5/000000056344/target.png,/Users/yixiaoz/Desktop/cs348k_proj/outputs/controlNetScale/baseline_structural_canny/cfg_7p5_control_0p5/000000056344/canny.png,/Users/yixiaoz/Desktop/cs348k_proj/outputs/controlNetScale/baseline_structural_canny/cfg_7p5_control_0p5/000000056344/generated.png,empty_text_plus_canny,3,7.5,0.5,20,0.6937,0.7072,18.1266
54628,A tall multi layer cake sitting on top of a blue table cloth.,"A tall multi-layered decorative cake stands on a table covered with a blue tablecloth inside an elegant event venue. The cake is decorated with detailed patterns, flowers, and multiple tiers, making it the centerpiece of the room. Guests, tables, chairs, and chandeliers are visible in.",,/Users/yixiaoz/Desktop/cs348k_proj/outputs/controlNetScale/baseline_structural_canny/cfg_7p5_control_0p5/000000054628/target.png,/Users/yixiaoz/Desktop/cs348k_proj/outputs/controlNetScale/baseline_structural_canny/cfg_7p5_control_0p5/000000054628/canny.png,/Users/yixiaoz/Desktop/cs348k_proj/outputs/controlNetScale/baseline_structural_canny/cfg_7p5_control_0p5/000000054628/generated.png,empty_text_plus_canny,3,7.5,0.5,20,0.5994,0.4686,26.843
110999,"A painting of a bowl of fruit sitting in front of another painting,","A framed painting of a bowl of fruit hangs above a table where a real bowl of fruit and decorative objects are arranged below it. The dark background and warm lighting create a still-life atmosphere, connecting the artwork to the physical objects in front of.",,/Users/yixiaoz/Desktop/cs348k_proj/outputs/controlNetScale/baseline_structural_canny/cfg_7p5_control_0p5/000000110999/target.png,/Users/yixiaoz/Desktop/cs348k_proj/outputs/controlNetScale/baseline_structural_canny/cfg_7p5_control_0p5/000000110999/canny.png,/Users/yixiaoz/Desktop/cs348k_proj/outputs/controlNetScale/baseline_structural_canny/cfg_7p5_control_0p5/000000110999/generated.png,empty_text_plus_canny,3,7.5,0.5,20,0.7177,0.4899,27.856
72795,a group of ball players playing on a field in front of an audience,"Baseball players are positioned on a field during a game while a large audience watches from the stadium seats. The batter stands near home plate, with the catcher and umpire crouched behind him and other players visible on the field. The scene is viewed from.",,/Users/yixiaoz/Desktop/cs348k_proj/outputs/controlNetScale/baseline_structural_canny/cfg_7p5_control_0p5/000000072795/target.png,/Users/yixiaoz/Desktop/cs348k_proj/outputs/controlNetScale/baseline_structural_canny/cfg_7p5_control_0p5/000000072795/canny.png,/Users/yixiaoz/Desktop/cs348k_proj/outputs/controlNetScale/baseline_structural_canny/cfg_7p5_control_0p5/000000072795/generated.png,empty_text_plus_canny,3,7.5,0.5,20,0.6195,0.4482,23.3072
92091,A little girl is using the toy brush for a chew toy rather than brushing the teddy.,"A young girl wearing a bright pink dress stands inside a cozy room while holding a toy brush near a stuffed teddy bear. The room includes wooden walls, chairs, a television, artwork, and home furnishings. The child appears to be playing pretend, possibly brushing the.",,/Users/yixiaoz/Desktop/cs348k_proj/outputs/controlNetScale/baseline_structural_canny/cfg_7p5_control_0p5/000000092091/target.png,/Users/yixiaoz/Desktop/cs348k_proj/outputs/controlNetScale/baseline_structural_canny/cfg_7p5_control_0p5/000000092091/canny.png,/Users/yixiaoz/Desktop/cs348k_proj/outputs/controlNetScale/baseline_structural_canny/cfg_7p5_control_0p5/000000092091/generated.png,empty_text_plus_canny,3,7.5,0.5,20,0.6388,0.4889,27.001
108253,there are two plates of food and a beer in the middle of the table,"Two plates of food and a beer bottle are arranged on a restaurant table. The plates contain sandwiches, fries, and other side dishes, while condiments and utensils sit nearby. The bottle of beer stands prominently near the center of the table, suggesting a casual meal.",,/Users/yixiaoz/Desktop/cs348k_proj/outputs/controlNetScale/baseline_structural_canny/cfg_7p5_control_0p5/000000108253/target.png,/Users/yixiaoz/Desktop/cs348k_proj/outputs/controlNetScale/baseline_structural_canny/cfg_7p5_control_0p5/000000108253/canny.png,/Users/yixiaoz/Desktop/cs348k_proj/outputs/controlNetScale/baseline_structural_canny/cfg_7p5_control_0p5/000000108253/generated.png,empty_text_plus_canny,3,7.5,0.5,20,0.7432,0.6141,22.9222
80932,A little boy sits at a table in a restaurant eating a slice of pizza.,"A young boy sits at a restaurant table eating a large slice of pizza. He holds the pizza close to his mouth while leaning over a white plate, concentrating on the meal. Other diners and wooden booth seating are visible in the background, creating a.",,/Users/yixiaoz/Desktop/cs348k_proj/outputs/controlNetScale/baseline_structural_canny/cfg_7p5_control_0p5/000000080932/target.png,/Users/yixiaoz/Desktop/cs348k_proj/outputs/controlNetScale/baseline_structural_canny/cfg_7p5_control_0p5/000000080932/canny.png,/Users/yixiaoz/Desktop/cs348k_proj/outputs/controlNetScale/baseline_structural_canny/cfg_7p5_control_0p5/000000080932/generated.png,empty_text_plus_canny,3,7.5,0.5,20,0.7255,0.7471,16.3827
50811,A man in a suit sitting a table with an empty bowl and empty beer bottles.,A man wearing a gray suit jacket sits alone at a wooden dining table with an empty bowl and several empty beer bottles placed in front of him. He smiles toward the camera in a simple indoor setting with a plain light-colored background. The table.,,/Users/yixiaoz/Desktop/cs348k_proj/outputs/controlNetScale/baseline_structural_canny/cfg_7p5_control_0p5/000000050811/target.png,/Users/yixiaoz/Desktop/cs348k_proj/outputs/controlNetScale/baseline_structural_canny/cfg_7p5_control_0p5/000000050811/canny.png,/Users/yixiaoz/Desktop/cs348k_proj/outputs/controlNetScale/baseline_structural_canny/cfg_7p5_control_0p5/000000050811/generated.png,empty_text_plus_canny,3,7.5,0.5,20,0.6243,0.4057,33.7404
13659,A man typing on a laptop keyboard in a cluttered work environment.,"Several people work in a busy, cluttered office environment filled with desks, laptops, papers, cardboard boxes, and electronic equipment. A man in the foreground sits at a desk typing on a laptop while wearing headphones, and other people work in the background. The room looks.",,/Users/yixiaoz/Desktop/cs348k_proj/outputs/controlNetScale/baseline_structural_canny/cfg_7p5_control_0p5/000000013659/target.png,/Users/yixiaoz/Desktop/cs348k_proj/outputs/controlNetScale/baseline_structural_canny/cfg_7p5_control_0p5/000000013659/canny.png,/Users/yixiaoz/Desktop/cs348k_proj/outputs/controlNetScale/baseline_structural_canny/cfg_7p5_control_0p5/000000013659/generated.png,empty_text_plus_canny,3,7.5,0.5,20,0.6263,0.527,28.5901
26465,The opened  laptop is sitting on the table along with other technological tools.,"An open laptop sits on a white tabletop surrounded by small technological tools and accessories, including a smartphone, a pen, and a compact electronic device. The laptop screen shows a dark desktop with a bright reflection near the center. The arrangement is simple and sparse.",,/Users/yixiaoz/Desktop/cs348k_proj/outputs/controlNetScale/baseline_structural_canny/cfg_7p5_control_0p5/000000026465/target.png,/Users/yixiaoz/Desktop/cs348k_proj/outputs/controlNetScale/baseline_structural_canny/cfg_7p5_control_0p5/000000026465/canny.png,/Users/yixiaoz/Desktop/cs348k_proj/outputs/controlNetScale/baseline_structural_canny/cfg_7p5_control_0p5/000000026465/generated.png,empty_text_plus_canny,3,7.5,0.5,20,0.6251,0.5472,25.6985
25096,A boy sitting in front of cake fashioned to look like a skateboard.,"A young boy wearing a blue sports jersey sits at a table looking down at a cake designed to resemble a skateboard. The cake is decorated with bright colors and small details, and the boy appears focused on it as if preparing to cut or.",,/Users/yixiaoz/Desktop/cs348k_proj/outputs/controlNetScale/baseline_structural_canny/cfg_7p5_control_0p5/000000025096/target.png,/Users/yixiaoz/Desktop/cs348k_proj/outputs/controlNetScale/baseline_structural_canny/cfg_7p5_control_0p5/000000025096/canny.png,/Users/yixiaoz/Desktop/cs348k_proj/outputs/controlNetScale/baseline_structural_canny/cfg_7p5_control_0p5/000000025096/generated.png,empty_text_plus_canny,3,7.5,0.5,20,0.6884,0.4612,30.3708
26564,An office desk with a row of books and a desktop computer and laptop computer on the desk.,"An office desk is arranged with a desktop computer, laptop, keyboard, mouse, books, papers, and a row of binders or reference materials. The monitor displays a document or screen of text, and large windows brighten the workspace. The corner desk is compact but well equipped.",,/Users/yixiaoz/Desktop/cs348k_proj/outputs/controlNetScale/baseline_structural_canny/cfg_7p5_control_0p5/000000026564/target.png,/Users/yixiaoz/Desktop/cs348k_proj/outputs/controlNetScale/baseline_structural_canny/cfg_7p5_control_0p5/000000026564/canny.png,/Users/yixiaoz/Desktop/cs348k_proj/outputs/controlNetScale/baseline_structural_canny/cfg_7p5_control_0p5/000000026564/generated.png,empty_text_plus_canny,3,7.5,0.5,20,0.5353,0.4351,27.63
12670,A large crowd of people walking around while one owns a teddy bear.,"A large crowd of people walks and gathers in a busy outdoor public space, possibly a street, plaza, or festival area. The scene contains many individuals of different ages wearing colorful clothing, and one person appears to carry or hold a teddy bear among the.",,/Users/yixiaoz/Desktop/cs348k_proj/outputs/controlNetScale/baseline_structural_canny/cfg_7p5_control_0p5/000000012670/target.png,/Users/yixiaoz/Desktop/cs348k_proj/outputs/controlNetScale/baseline_structural_canny/cfg_7p5_control_0p5/000000012670/canny.png,/Users/yixiaoz/Desktop/cs348k_proj/outputs/controlNetScale/baseline_structural_canny/cfg_7p5_control_0p5/000000012670/generated.png,empty_text_plus_canny,3,7.5,0.5,20,0.7148,0.5063,27.6215
9400,Sever people are sitting next to each other while using laptops.,"Several people sit close together around a table while using laptop computers in a dimly lit indoor environment. Multiple screens glow in front of them, and drinks, cables, and computer accessories are spread across the table. The group appears to be collaborating, studying, or working.",,/Users/yixiaoz/Desktop/cs348k_proj/outputs/controlNetScale/baseline_structural_canny/cfg_7p5_control_0p5/000000009400/target.png,/Users/yixiaoz/Desktop/cs348k_proj/outputs/controlNetScale/baseline_structural_canny/cfg_7p5_control_0p5/000000009400/canny.png,/Users/yixiaoz/Desktop/cs348k_proj/outputs/controlNetScale/baseline_structural_canny/cfg_7p5_control_0p5/000000009400/generated.png,empty_text_plus_canny,3,7.5,0.5,20,0.6984,0.7339,22.8647
92053,Three white dishes with three different sorts of food on them.,"Three white plates with different dishes are arranged on a restaurant table under warm, dim lighting. The food includes various items with sauces, sides, and garnishes, and a drink sits nearby. Utensils are placed on or beside the plates, suggesting the meal is in progress.",,/Users/yixiaoz/Desktop/cs348k_proj/outputs/controlNetScale/baseline_structural_canny/cfg_7p5_control_0p5/000000092053/target.png,/Users/yixiaoz/Desktop/cs348k_proj/outputs/controlNetScale/baseline_structural_canny/cfg_7p5_control_0p5/000000092053/canny.png,/Users/yixiaoz/Desktop/cs348k_proj/outputs/controlNetScale/baseline_structural_canny/cfg_7p5_control_0p5/000000092053/generated.png,empty_text_plus_canny,3,7.5,0.5,20,0.6745,0.4759,29.1092
74256,Two women standing in a train station looking at their phones.,"Two women stand together at an outdoor train station platform while looking down at their mobile phones. One woman wears a green scarf and dark clothing, while the other wears a patterned jacket. Train station signs, tracks, buildings, and platform structures appear in the background.",,/Users/yixiaoz/Desktop/cs348k_proj/outputs/controlNetScale/baseline_structural_canny/cfg_7p5_control_0p5/000000074256/target.png,/Users/yixiaoz/Desktop/cs348k_proj/outputs/controlNetScale/baseline_structural_canny/cfg_7p5_control_0p5/000000074256/canny.png,/Users/yixiaoz/Desktop/cs348k_proj/outputs/controlNetScale/baseline_structural_canny/cfg_7p5_control_0p5/000000074256/generated.png,empty_text_plus_canny,3,7.5,0.5,20,0.581,0.5123,19.5673
7818,An illuminated floral display forms the centerpiece of the arrangement in this close up of a dining room table setting.,"A small illuminated floral display sits at the center of a dining table arranged with plates, napkins, glasses, and formal place settings. The image is softly focused with the centerpiece and table surface highlighted against a darker background. The scene appears elegant and quiet, possibly.",,/Users/yixiaoz/Desktop/cs348k_proj/outputs/controlNetScale/baseline_structural_canny/cfg_7p5_control_0p5/000000007818/target.png,/Users/yixiaoz/Desktop/cs348k_proj/outputs/controlNetScale/baseline_structural_canny/cfg_7p5_control_0p5/000000007818/canny.png,/Users/yixiaoz/Desktop/cs348k_proj/outputs/controlNetScale/baseline_structural_canny/cfg_7p5_control_0p5/000000007818/generated.png,empty_text_plus_canny,3,7.5,0.5,20,0.7001,0.5457,28.4138
109313,A man holding a Wii game controller while standing in a living room.,"A man stands in a living room holding a Wii game controller while facing a television outside the frame. He wears casual clothes and stands among household items, toys, furniture, and a colorful floor mat. The room appears lived-in and informal, with a kitchen or.",,/Users/yixiaoz/Desktop/cs348k_proj/outputs/controlNetScale/baseline_structural_canny/cfg_7p5_control_0p5/000000109313/target.png,/Users/yixiaoz/Desktop/cs348k_proj/outputs/controlNetScale/baseline_structural_canny/cfg_7p5_control_0p5/000000109313/canny.png,/Users/yixiaoz/Desktop/cs348k_proj/outputs/controlNetScale/baseline_structural_canny/cfg_7p5_control_0p5/000000109313/generated.png,empty_text_plus_canny,3,7.5,0.5,20,0.637,0.4387,27.469
116439,A woman with a straw style hat sitting on a small row boat in the water and accessory items hanging behind her on the land area.,"A woman wearing a straw-style hat sits in a small wooden boat floating on water, surrounded by colorful fabrics and hanging accessories near the shoreline. The scene appears to take place in a riverside or floating market environment, with reflections on the water and goods.",,/Users/yixiaoz/Desktop/cs348k_proj/outputs/controlNetScale/baseline_structural_canny/cfg_7p5_control_0p5/000000116439/target.png,/Users/yixiaoz/Desktop/cs348k_proj/outputs/controlNetScale/baseline_structural_canny/cfg_7p5_control_0p5/000000116439/canny.png,/Users/yixiaoz/Desktop/cs348k_proj/outputs/controlNetScale/baseline_structural_canny/cfg_7p5_control_0p5/000000116439/generated.png,empty_text_plus_canny,3,7.5,0.5,20,0.6611,0.6807,22.6464
11511,A sculpture of two women stting on a bench with their purses on the ground while people standing in a line behind them.,"A bronze sculpture of two women seated together on a bench is displayed in an outdoor public area. The figures sit close together with handbags or purses placed near their feet, and pedestrians stand or walk in the background. Strong light highlights the sculpture against.",,/Users/yixiaoz/Desktop/cs348k_proj/outputs/controlNetScale/baseline_structural_canny/cfg_7p5_control_0p5/000000011511/target.png,/Users/yixiaoz/Desktop/cs348k_proj/outputs/controlNetScale/baseline_structural_canny/cfg_7p5_control_0p5/000000011511/canny.png,/Users/yixiaoz/Desktop/cs348k_proj/outputs/controlNetScale/baseline_structural_canny/cfg_7p5_control_0p5/000000011511/generated.png,empty_text_plus_canny,3,7.5,0.5,20,0.6601,0.5112,27.2852
17714,A banana frittata next to a plate of decoratively cut fruit and a cup of coffee.,"A breakfast or brunch meal is arranged on a wooden table, including a banana frittata, a plate of decorative cut fruit, and a cup of coffee. Sunlight falls across the tabletop, casting shadows and giving the meal a bright morning feel. The dishes are neatly.",,/Users/yixiaoz/Desktop/cs348k_proj/outputs/controlNetScale/baseline_structural_canny/cfg_7p5_control_0p5/000000017714/target.png,/Users/yixiaoz/Desktop/cs348k_proj/outputs/controlNetScale/baseline_structural_canny/cfg_7p5_control_0p5/000000017714/canny.png,/Users/yixiaoz/Desktop/cs348k_proj/outputs/controlNetScale/baseline_structural_canny/cfg_7p5_control_0p5/000000017714/generated.png,empty_text_plus_canny,3,7.5,0.5,20,0.6573,0.6134,28.8647
15335,"a young child, lady , and man sitting in a booth at a table","A young child sits in a restaurant booth between adults at a table, with plates, drinks, and food items visible in the dim interior. The child appears to be eating or touching their mouth, while the adults sit close on either side. Warm lighting and.",,/Users/yixiaoz/Desktop/cs348k_proj/outputs/controlNetScale/baseline_structural_canny/cfg_7p5_control_0p5/000000015335/target.png,/Users/yixiaoz/Desktop/cs348k_proj/outputs/controlNetScale/baseline_structural_canny/cfg_7p5_control_0p5/000000015335/canny.png,/Users/yixiaoz/Desktop/cs348k_proj/outputs/controlNetScale/baseline_structural_canny/cfg_7p5_control_0p5/000000015335/generated.png,empty_text_plus_canny,3,7.5,0.5,20,0.7175,0.6725,20.5436
113589,"Two containers containing quiche, a salad, apples and a banana on the side.","A healthy prepared meal is arranged in two clear food containers and a small side area, including a slice of quiche, green salad, apple slices, and a banana. The food is neatly separated and photographed from above against a plain background. The composition emphasizes balanced.",,/Users/yixiaoz/Desktop/cs348k_proj/outputs/controlNetScale/baseline_structural_canny/cfg_7p5_control_0p5/000000113589/target.png,/Users/yixiaoz/Desktop/cs348k_proj/outputs/controlNetScale/baseline_structural_canny/cfg_7p5_control_0p5/000000113589/canny.png,/Users/yixiaoz/Desktop/cs348k_proj/outputs/controlNetScale/baseline_structural_canny/cfg_7p5_control_0p5/000000113589/generated.png,empty_text_plus_canny,3,7.5,0.5,20,0.7043,0.5507,25.6623
1503,A picture of an iMac desktop next to a Mac laptop on a desk.,"An older Apple iMac desktop computer sits on a desk beside a Mac laptop and several computer accessories. A keyboard, mouse, speakers, and monitor are arranged across the workspace, creating a technology-focused setup. The desk is positioned near a window with blinds, and the white.",,/Users/yixiaoz/Desktop/cs348k_proj/outputs/controlNetScale/baseline_structural_canny/cfg_7p5_control_0p5/000000001503/target.png,/Users/yixiaoz/Desktop/cs348k_proj/outputs/controlNetScale/baseline_structural_canny/cfg_7p5_control_0p5/000000001503/canny.png,/Users/yixiaoz/Desktop/cs348k_proj/outputs/controlNetScale/baseline_structural_canny/cfg_7p5_control_0p5/000000001503/generated.png,empty_text_plus_canny,3,7.5,0.5,20,0.5796,0.5893,25.8948
88848,"Multiple pictures of fire hydrants, a woman standing near a tree, and people posing in front of a boat.","A collage of multiple photographs shows several yellow fire hydrants, a woman standing near a tree, and people posing in front of a boat or outdoor landmark. The images are arranged together in a grid-like layout, combining different scenes into one visual composition. The subject.",,/Users/yixiaoz/Desktop/cs348k_proj/outputs/controlNetScale/baseline_structural_canny/cfg_7p5_control_0p5/000000088848/target.png,/Users/yixiaoz/Desktop/cs348k_proj/outputs/controlNetScale/baseline_structural_canny/cfg_7p5_control_0p5/000000088848/canny.png,/Users/yixiaoz/Desktop/cs348k_proj/outputs/controlNetScale/baseline_structural_canny/cfg_7p5_control_0p5/000000088848/generated.png,empty_text_plus_canny,3,7.5,0.5,20,0.582,0.5258,32.5488
6471,A man at bat waiting for a pitch with a catcher and umpire behind him and players from the opposing team in the dugout.,"A baseball player in a white uniform stands at home plate holding a bat while waiting for a pitch. A catcher and umpire crouch behind him, and members of the opposing team sit in the dugout watching the play. The green field and stadium seating.",,/Users/yixiaoz/Desktop/cs348k_proj/outputs/controlNetScale/baseline_structural_canny/cfg_7p5_control_0p5/000000006471/target.png,/Users/yixiaoz/Desktop/cs348k_proj/outputs/controlNetScale/baseline_structural_canny/cfg_7p5_control_0p5/000000006471/canny.png,/Users/yixiaoz/Desktop/cs348k_proj/outputs/controlNetScale/baseline_structural_canny/cfg_7p5_control_0p5/000000006471/generated.png,empty_text_plus_canny,3,7.5,0.5,20,0.6996,0.6321,18.5209
92660,An unbaked pizza with cheese and herbs on one half and broccoli on the second.,"An uncooked pizza topped with cheese, herbs, and broccoli sits on a round baking tray or pan. One half of the pizza appears more heavily covered with broccoli, while the other has more cheese and herbs exposed. The crust and toppings are clearly visible from.",,/Users/yixiaoz/Desktop/cs348k_proj/outputs/controlNetScale/baseline_structural_canny/cfg_7p5_control_0p5/000000092660/target.png,/Users/yixiaoz/Desktop/cs348k_proj/outputs/controlNetScale/baseline_structural_canny/cfg_7p5_control_0p5/000000092660/canny.png,/Users/yixiaoz/Desktop/cs348k_proj/outputs/controlNetScale/baseline_structural_canny/cfg_7p5_control_0p5/000000092660/generated.png,empty_text_plus_canny,3,7.5,0.5,20,0.6289,0.4704,20.9519
105335,"A bowl of stew in a white bowl, being held by a person.","A bowl of stew in a white dish is being held by a person, with pieces of vegetables and meat visible in a warm broth. The stew contains colorful ingredients such as carrots, potatoes, and chunks of protein. The close-up framing focuses on the food.",,/Users/yixiaoz/Desktop/cs348k_proj/outputs/controlNetScale/baseline_structural_canny/cfg_7p5_control_0p5/000000105335/target.png,/Users/yixiaoz/Desktop/cs348k_proj/outputs/controlNetScale/baseline_structural_canny/cfg_7p5_control_0p5/000000105335/canny.png,/Users/yixiaoz/Desktop/cs348k_proj/outputs/controlNetScale/baseline_structural_canny/cfg_7p5_control_0p5/000000105335/generated.png,empty_text_plus_canny,3,7.5,0.5,20,0.7467,0.6599,22.6313
117719,A man sits at a bar in front of dozens of bottles of alcohol.,"A man stands behind a warmly lit bar surrounded by dozens of bottles of alcohol arranged on shelves. The bar interior features dark wood, glowing lights, glassware, and a cozy pub-like atmosphere. The bartender or customer is partly silhouetted against the illuminated bottles, creating a.",,/Users/yixiaoz/Desktop/cs348k_proj/outputs/controlNetScale/baseline_structural_canny/cfg_7p5_control_0p5/000000117719/target.png,/Users/yixiaoz/Desktop/cs348k_proj/outputs/controlNetScale/baseline_structural_canny/cfg_7p5_control_0p5/000000117719/canny.png,/Users/yixiaoz/Desktop/cs348k_proj/outputs/controlNetScale/baseline_structural_canny/cfg_7p5_control_0p5/000000117719/generated.png,empty_text_plus_canny,3,7.5,0.5,20,0.6596,0.472,30.689
82085,A brightly colored train is stopped on the tracks to let passengers on.,"A brightly colored passenger train is stopped on railway tracks beside a platform, allowing passengers to board or exit. The train has yellow, blue, and red sections, and people stand nearby along the track area. Buildings, vegetation, and station infrastructure surround the scene. The image.",,/Users/yixiaoz/Desktop/cs348k_proj/outputs/controlNetScale/baseline_structural_canny/cfg_7p5_control_0p5/000000082085/target.png,/Users/yixiaoz/Desktop/cs348k_proj/outputs/controlNetScale/baseline_structural_canny/cfg_7p5_control_0p5/000000082085/canny.png,/Users/yixiaoz/Desktop/cs348k_proj/outputs/controlNetScale/baseline_structural_canny/cfg_7p5_control_0p5/000000082085/generated.png,empty_text_plus_canny,3,7.5,0.5,20,0.5346,0.4224,23.1977
70048,"A glass of wine sits next to a bowl of soup, salad, and a plate with a sandwich.","A restaurant meal is arranged on a table, including a glass of wine, a bowl of soup, a green salad, and a sandwich served on a round bread roll. Condiments, utensils, napkins, and additional dining items sit nearby. The overhead view emphasizes the variety and.",,/Users/yixiaoz/Desktop/cs348k_proj/outputs/controlNetScale/baseline_structural_canny/cfg_7p5_control_0p5/000000070048/target.png,/Users/yixiaoz/Desktop/cs348k_proj/outputs/controlNetScale/baseline_structural_canny/cfg_7p5_control_0p5/000000070048/canny.png,/Users/yixiaoz/Desktop/cs348k_proj/outputs/controlNetScale/baseline_structural_canny/cfg_7p5_control_0p5/000000070048/generated.png,empty_text_plus_canny,3,7.5,0.5,20,0.6556,0.5265,28.1799
3845,A dinner plate that has white steamed rice with stir fry vegetables and chicken.,A large dinner plate holds a mound of white steamed rice next to stir-fried vegetables and pieces of chicken in a colorful sauce. The food is arranged on a patterned plate and viewed from above on a wooden table. The bright vegetables and sauce contrast.,,/Users/yixiaoz/Desktop/cs348k_proj/outputs/controlNetScale/baseline_structural_canny/cfg_7p5_control_0p5/000000003845/target.png,/Users/yixiaoz/Desktop/cs348k_proj/outputs/controlNetScale/baseline_structural_canny/cfg_7p5_control_0p5/000000003845/canny.png,/Users/yixiaoz/Desktop/cs348k_proj/outputs/controlNetScale/baseline_structural_canny/cfg_7p5_control_0p5/000000003845/generated.png,empty_text_plus_canny,3,7.5,0.5,20,0.6947,0.5791,18.0703
92939,a man and female standing side by side with a cake cutter in their hand,"A smiling man and woman stand side by side beside a small decorated cake, holding a cake knife together. The woman wears a light-colored strapless dress and the man wears a white shirt, suggesting a wedding, anniversary, or celebratory event. Palm trees and outdoor lighting.",,/Users/yixiaoz/Desktop/cs348k_proj/outputs/controlNetScale/baseline_structural_canny/cfg_7p5_control_0p5/000000092939/target.png,/Users/yixiaoz/Desktop/cs348k_proj/outputs/controlNetScale/baseline_structural_canny/cfg_7p5_control_0p5/000000092939/canny.png,/Users/yixiaoz/Desktop/cs348k_proj/outputs/controlNetScale/baseline_structural_canny/cfg_7p5_control_0p5/000000092939/generated.png,empty_text_plus_canny,3,7.5,0.5,20,0.5954,0.4641,30.2338
1268,A waterway under a bridge with people sitting down and a woman taking a photo.,"People sit and relax under a large bridge beside a waterfront, with sunlight reflecting brightly off the water. A woman stands in the foreground taking a photograph, while several people sit along the edge facing the river. The bridge structure forms a strong curved frame.",,/Users/yixiaoz/Desktop/cs348k_proj/outputs/controlNetScale/baseline_structural_canny/cfg_7p5_control_0p5/000000001268/target.png,/Users/yixiaoz/Desktop/cs348k_proj/outputs/controlNetScale/baseline_structural_canny/cfg_7p5_control_0p5/000000001268/canny.png,/Users/yixiaoz/Desktop/cs348k_proj/outputs/controlNetScale/baseline_structural_canny/cfg_7p5_control_0p5/000000001268/generated.png,empty_text_plus_canny,3,7.5,0.5,20,0.6078,0.5726,25.6172
33221,Two women at a beach with tennis rackets in their hands and one girl looking very excited with her tennis racket in the air.,"Two women stand on a sandy beach holding tennis rackets while people walk nearby in the background. One woman raises her racket enthusiastically above her head, while the other stands beside her wearing a hood or scarf. The beach, distant hills, flags, and open sky.",,/Users/yixiaoz/Desktop/cs348k_proj/outputs/controlNetScale/baseline_structural_canny/cfg_7p5_control_0p5/000000033221/target.png,/Users/yixiaoz/Desktop/cs348k_proj/outputs/controlNetScale/baseline_structural_canny/cfg_7p5_control_0p5/000000033221/canny.png,/Users/yixiaoz/Desktop/cs348k_proj/outputs/controlNetScale/baseline_structural_canny/cfg_7p5_control_0p5/000000033221/generated.png,empty_text_plus_canny,3,7.5,0.5,20,0.6389,0.6425,23.9197
68409,School boys sit cross legged in front of a chalkboard sign in a vintage black and white photo.,A vintage black-and-white photograph shows a group of schoolboys sitting cross-legged in a row in front of a chalkboard sign. The boys wear similar school uniforms and pose formally for the camera outdoors. Trees and a simple background are visible behind them. The image has.,,/Users/yixiaoz/Desktop/cs348k_proj/outputs/controlNetScale/baseline_structural_canny/cfg_7p5_control_0p5/000000068409/target.png,/Users/yixiaoz/Desktop/cs348k_proj/outputs/controlNetScale/baseline_structural_canny/cfg_7p5_control_0p5/000000068409/canny.png,/Users/yixiaoz/Desktop/cs348k_proj/outputs/controlNetScale/baseline_structural_canny/cfg_7p5_control_0p5/000000068409/generated.png,empty_text_plus_canny,3,7.5,0.5,20,0.7095,0.605,19.7693
78170,"PASSENGER TRAIN IN THE NIGHT HOURS WITH NO SMOKING SIGN, AND TWO WOMEN","A black-and-white nighttime image shows passengers visible through the windows of a train car. A no-smoking sign and interior lights can be seen inside, while reflections and shadows create a dramatic atmosphere. Two women or passengers are visible near separate windows, framed by the train.",,/Users/yixiaoz/Desktop/cs348k_proj/outputs/controlNetScale/baseline_structural_canny/cfg_7p5_control_0p5/000000078170/target.png,/Users/yixiaoz/Desktop/cs348k_proj/outputs/controlNetScale/baseline_structural_canny/cfg_7p5_control_0p5/000000078170/canny.png,/Users/yixiaoz/Desktop/cs348k_proj/outputs/controlNetScale/baseline_structural_canny/cfg_7p5_control_0p5/000000078170/generated.png,empty_text_plus_canny,3,7.5,0.5,20,0.6214,0.5993,25.1967
62554,a plate of broccoli on a table next to some other plates of food,"A plate or bowl of broccoli sits on a table next to other plates of food, including pasta or noodles and additional dishes in the background. The broccoli is bright green and placed prominently in the foreground, while the other foods are slightly out of.",,/Users/yixiaoz/Desktop/cs348k_proj/outputs/controlNetScale/baseline_structural_canny/cfg_7p5_control_0p5/000000062554/target.png,/Users/yixiaoz/Desktop/cs348k_proj/outputs/controlNetScale/baseline_structural_canny/cfg_7p5_control_0p5/000000062554/canny.png,/Users/yixiaoz/Desktop/cs348k_proj/outputs/controlNetScale/baseline_structural_canny/cfg_7p5_control_0p5/000000062554/generated.png,empty_text_plus_canny,3,7.5,0.5,20,0.7045,0.6213,25.605
58539,"A man in a red hat, suit, and blue striped tie walks past two other men on a street.","A man wearing a bright red hat, dark suit, and blue striped tie walks along a city street while other men and pedestrians stand nearby. Cars, buildings, and urban activity fill the background. The red hat makes the man stand out clearly from the crowd.",,/Users/yixiaoz/Desktop/cs348k_proj/outputs/controlNetScale/baseline_structural_canny/cfg_7p5_control_0p5/000000058539/target.png,/Users/yixiaoz/Desktop/cs348k_proj/outputs/controlNetScale/baseline_structural_canny/cfg_7p5_control_0p5/000000058539/canny.png,/Users/yixiaoz/Desktop/cs348k_proj/outputs/controlNetScale/baseline_structural_canny/cfg_7p5_control_0p5/000000058539/generated.png,empty_text_plus_canny,3,7.5,0.5,20,0.6828,0.6108,25.9907
46031,A small tablet computer next to a larger monitor and keyboard.,"A laptop computer sits on a small desk beside a larger external monitor, keyboard, mouse, speakers, and other electronic devices. The laptop and monitor display green leaf or plant imagery, creating a matching visual theme across the screens. The desk is placed near a window.",,/Users/yixiaoz/Desktop/cs348k_proj/outputs/controlNetScale/baseline_structural_canny/cfg_7p5_control_0p5/000000046031/target.png,/Users/yixiaoz/Desktop/cs348k_proj/outputs/controlNetScale/baseline_structural_canny/cfg_7p5_control_0p5/000000046031/canny.png,/Users/yixiaoz/Desktop/cs348k_proj/outputs/controlNetScale/baseline_structural_canny/cfg_7p5_control_0p5/000000046031/generated.png,empty_text_plus_canny,3,7.5,0.5,20,0.6061,0.5514,33.2235
9891,The man is loading luggage suitcases onto the cart in the parking lot.,"A man loads luggage and suitcases onto a metal cart in a parking lot filled with vehicles. He bends over while handling the bags beside a parked car, suggesting travel, airport transport, or hotel arrival. Other cars and a parking garage or covered structure are.",,/Users/yixiaoz/Desktop/cs348k_proj/outputs/controlNetScale/baseline_structural_canny/cfg_7p5_control_0p5/000000009891/target.png,/Users/yixiaoz/Desktop/cs348k_proj/outputs/controlNetScale/baseline_structural_canny/cfg_7p5_control_0p5/000000009891/canny.png,/Users/yixiaoz/Desktop/cs348k_proj/outputs/controlNetScale/baseline_structural_canny/cfg_7p5_control_0p5/000000009891/generated.png,empty_text_plus_canny,3,7.5,0.5,20,0.5764,0.5824,26.1654
37777,The dining table near the kitchen has a bowl of fruit on it.,"A bright open kitchen and dining area features wooden cabinets, white appliances, tiled flooring, and a small table with a bowl of fruit on top. Sunlight enters through windows and illuminates the clean interior. The kitchen includes counters, a refrigerator, stove, and cabinets arranged along.",,/Users/yixiaoz/Desktop/cs348k_proj/outputs/controlNetScale/baseline_structural_canny/cfg_7p5_control_0p5/000000037777/target.png,/Users/yixiaoz/Desktop/cs348k_proj/outputs/controlNetScale/baseline_structural_canny/cfg_7p5_control_0p5/000000037777/canny.png,/Users/yixiaoz/Desktop/cs348k_proj/outputs/controlNetScale/baseline_structural_canny/cfg_7p5_control_0p5/000000037777/generated.png,empty_text_plus_canny,3,7.5,0.5,20,0.6892,0.7498,20.1539
65350,"Two young people are skateboarding on the ramp, trying to pull off tricks.","Two young people are skateboarding on a skate park ramp while attempting tricks. One skater lies or slides on the ramp with a skateboard nearby, while another stands or moves close by. Other people and bicycles are visible in the background near concrete walls. The.",,/Users/yixiaoz/Desktop/cs348k_proj/outputs/controlNetScale/baseline_structural_canny/cfg_7p5_control_0p5/000000065350/target.png,/Users/yixiaoz/Desktop/cs348k_proj/outputs/controlNetScale/baseline_structural_canny/cfg_7p5_control_0p5/000000065350/canny.png,/Users/yixiaoz/Desktop/cs348k_proj/outputs/controlNetScale/baseline_structural_canny/cfg_7p5_control_0p5/000000065350/generated.png,empty_text_plus_canny,3,7.5,0.5,20,0.5888,0.6202,19.0974
48396,A woman in a tan sweater holding a knife by a young boy in a plaid shirt.,"A woman wearing a tan or light-colored sweater stands beside a young boy in a plaid shirt near a table with cups and food items. The woman holds a knife, possibly preparing to cut or serve something. Both subjects face the camera in an indoor.",,/Users/yixiaoz/Desktop/cs348k_proj/outputs/controlNetScale/baseline_structural_canny/cfg_7p5_control_0p5/000000048396/target.png,/Users/yixiaoz/Desktop/cs348k_proj/outputs/controlNetScale/baseline_structural_canny/cfg_7p5_control_0p5/000000048396/canny.png,/Users/yixiaoz/Desktop/cs348k_proj/outputs/controlNetScale/baseline_structural_canny/cfg_7p5_control_0p5/000000048396/generated.png,empty_text_plus_canny,3,7.5,0.5,20,0.6811,0.497,30.2591
117908,A man looking in the refrigerator with a cat also looking inside,"A man bends over and looks inside an open refrigerator while a cat stands nearby also peering into the fridge. Food, bottles, and containers are visible on the refrigerator shelves, and the cat appears curious about the contents. The warm indoor lighting and humorous interaction.",,/Users/yixiaoz/Desktop/cs348k_proj/outputs/controlNetScale/baseline_structural_canny/cfg_7p5_control_0p5/000000117908/target.png,/Users/yixiaoz/Desktop/cs348k_proj/outputs/controlNetScale/baseline_structural_canny/cfg_7p5_control_0p5/000000117908/canny.png,/Users/yixiaoz/Desktop/cs348k_proj/outputs/controlNetScale/baseline_structural_canny/cfg_7p5_control_0p5/000000117908/generated.png,empty_text_plus_canny,3,7.5,0.5,20,0.7144,0.6413,24.1682
97994,Three laptop computers and a desktop computer sit next to each other.,"Three laptop computers and a desktop workstation are arranged together on a desk in a compact home office or technical workspace. Several screens, keyboards, cables, and electronic accessories fill the tabletop, suggesting multitasking or computer-intensive work. A microphone or lamp stands near the setup, and.",,/Users/yixiaoz/Desktop/cs348k_proj/outputs/controlNetScale/baseline_structural_canny/cfg_7p5_control_0p5/000000097994/target.png,/Users/yixiaoz/Desktop/cs348k_proj/outputs/controlNetScale/baseline_structural_canny/cfg_7p5_control_0p5/000000097994/canny.png,/Users/yixiaoz/Desktop/cs348k_proj/outputs/controlNetScale/baseline_structural_canny/cfg_7p5_control_0p5/000000097994/generated.png,empty_text_plus_canny,3,7.5,0.5,20,0.616,0.5739,25.0948
30785,A plate filled with a bowl of vegetables and two slices of bread with a spread on them.,"A plate holds a healthy meal consisting of a bowl of green vegetables, slices of bread topped with a spread, and additional fresh ingredients. The food is arranged neatly on a wooden table, with the bowl and bread sharing the plate. The overhead view emphasizes.",,/Users/yixiaoz/Desktop/cs348k_proj/outputs/controlNetScale/baseline_structural_canny/cfg_7p5_control_0p5/000000030785/target.png,/Users/yixiaoz/Desktop/cs348k_proj/outputs/controlNetScale/baseline_structural_canny/cfg_7p5_control_0p5/000000030785/canny.png,/Users/yixiaoz/Desktop/cs348k_proj/outputs/controlNetScale/baseline_structural_canny/cfg_7p5_control_0p5/000000030785/generated.png,empty_text_plus_canny,3,7.5,0.5,20,0.5299,0.5022,30.5469
76547,a male in a white shirt a bicycle and an orange and white train,"A man wearing a light-colored shirt sits at a table on a railway station platform near a parked bicycle. An orange and white passenger train is stopped alongside the platform, while overhead signs, metal beams, and station infrastructure extend into the background. The scene captures.",,/Users/yixiaoz/Desktop/cs348k_proj/outputs/controlNetScale/baseline_structural_canny/cfg_7p5_control_0p5/000000076547/target.png,/Users/yixiaoz/Desktop/cs348k_proj/outputs/controlNetScale/baseline_structural_canny/cfg_7p5_control_0p5/000000076547/canny.png,/Users/yixiaoz/Desktop/cs348k_proj/outputs/controlNetScale/baseline_structural_canny/cfg_7p5_control_0p5/000000076547/generated.png,empty_text_plus_canny,3,7.5,0.5,20,0.5755,0.479,21.2532
116362,A small bowl filled with chopped vegetables and spoon,"A bowl filled with chopped fruit pieces sits on a wooden table with a spoon resting inside. The food appears freshly prepared, with colorful slices arranged casually in the bowl. The photograph is taken from above, focusing closely on the meal while leaving the surrounding.",,/Users/yixiaoz/Desktop/cs348k_proj/outputs/controlNetScale/baseline_structural_canny/cfg_7p5_control_0p5/000000116362/target.png,/Users/yixiaoz/Desktop/cs348k_proj/outputs/controlNetScale/baseline_structural_canny/cfg_7p5_control_0p5/000000116362/canny.png,/Users/yixiaoz/Desktop/cs348k_proj/outputs/controlNetScale/baseline_structural_canny/cfg_7p5_control_0p5/000000116362/generated.png,empty_text_plus_canny,3,7.5,0.5,20,0.6948,0.7317,16.9183
22371,A man in thought sitting in front of a laptop with a pen in his hand.,"A businessman sits at a desk in front of an open laptop computer while holding a pen and resting his head on one hand. He appears thoughtful and focused, possibly reviewing information or planning a project. The clean office setting includes a desk surface and.",,/Users/yixiaoz/Desktop/cs348k_proj/outputs/controlNetScale/baseline_structural_canny/cfg_7p5_control_0p5/000000022371/target.png,/Users/yixiaoz/Desktop/cs348k_proj/outputs/controlNetScale/baseline_structural_canny/cfg_7p5_control_0p5/000000022371/canny.png,/Users/yixiaoz/Desktop/cs348k_proj/outputs/controlNetScale/baseline_structural_canny/cfg_7p5_control_0p5/000000022371/generated.png,empty_text_plus_canny,3,7.5,0.5,20,0.7012,0.5428,31.9423
69224,A man and woman eating doughnuts out of a box at a coffee shop.,"A man and woman sit together at a table inside a café or coffee shop while sharing food from a box. Drinks, containers, and personal belongings are spread across the table. The pair appear engaged in conversation as they eat, creating a friendly and relaxed.",,/Users/yixiaoz/Desktop/cs348k_proj/outputs/controlNetScale/baseline_structural_canny/cfg_7p5_control_0p5/000000069224/target.png,/Users/yixiaoz/Desktop/cs348k_proj/outputs/controlNetScale/baseline_structural_canny/cfg_7p5_control_0p5/000000069224/canny.png,/Users/yixiaoz/Desktop/cs348k_proj/outputs/controlNetScale/baseline_structural_canny/cfg_7p5_control_0p5/000000069224/generated.png,empty_text_plus_canny,3,7.5,0.5,20,0.639,0.5271,30.0142
16249,It sure is a beautiful day to sit outside and read the paper.,"An older man sits outdoors on a bench reading a newspaper while enjoying a pleasant day in a public area. Several other people sit or stand nearby, creating a relaxed community setting. Sunlight illuminates the scene, and the man appears absorbed in reading while the.",,/Users/yixiaoz/Desktop/cs348k_proj/outputs/controlNetScale/baseline_structural_canny/cfg_7p5_control_0p5/000000016249/target.png,/Users/yixiaoz/Desktop/cs348k_proj/outputs/controlNetScale/baseline_structural_canny/cfg_7p5_control_0p5/000000016249/canny.png,/Users/yixiaoz/Desktop/cs348k_proj/outputs/controlNetScale/baseline_structural_canny/cfg_7p5_control_0p5/000000016249/generated.png,empty_text_plus_canny,3,7.5,0.5,20,0.5962,0.6095,21.1353
85157,A group of people sitting around a table have a meal and a drink.,"A group of people sit around a restaurant table sharing food and drinks. Plates, glasses, and table settings fill the dining area while the diners converse with one another. The gathering appears social and informal, with participants enjoying a meal together in a warm indoor.",,/Users/yixiaoz/Desktop/cs348k_proj/outputs/controlNetScale/baseline_structural_canny/cfg_7p5_control_0p5/000000085157/target.png,/Users/yixiaoz/Desktop/cs348k_proj/outputs/controlNetScale/baseline_structural_canny/cfg_7p5_control_0p5/000000085157/canny.png,/Users/yixiaoz/Desktop/cs348k_proj/outputs/controlNetScale/baseline_structural_canny/cfg_7p5_control_0p5/000000085157/generated.png,empty_text_plus_canny,3,7.5,0.5,20,0.6346,0.5135,25.5081
20571,A tugboat sits beside a ferry on placid water with a mountain in the distance.,"Several fishing boats are docked beside a harbor on calm water, with hills or mountains visible in the distance. Ropes, masts, and harbor equipment line the waterfront while the boats rest quietly along the dock. The scene reflects a working maritime environment and highlights the.",,/Users/yixiaoz/Desktop/cs348k_proj/outputs/controlNetScale/baseline_structural_canny/cfg_7p5_control_0p5/000000020571/target.png,/Users/yixiaoz/Desktop/cs348k_proj/outputs/controlNetScale/baseline_structural_canny/cfg_7p5_control_0p5/000000020571/canny.png,/Users/yixiaoz/Desktop/cs348k_proj/outputs/controlNetScale/baseline_structural_canny/cfg_7p5_control_0p5/000000020571/generated.png,empty_text_plus_canny,3,7.5,0.5,20,0.6019,0.5473,26.4153
84362,A toddler and cat are in a living room with open curtains.,"A toddler and a cat occupy a cozy living room illuminated by daylight coming through large windows with open curtains. Sofas and chairs surround the room, while the child sits or plays near the center of the space. The cat relaxes nearby, contributing to the.",,/Users/yixiaoz/Desktop/cs348k_proj/outputs/controlNetScale/baseline_structural_canny/cfg_7p5_control_0p5/000000084362/target.png,/Users/yixiaoz/Desktop/cs348k_proj/outputs/controlNetScale/baseline_structural_canny/cfg_7p5_control_0p5/000000084362/canny.png,/Users/yixiaoz/Desktop/cs348k_proj/outputs/controlNetScale/baseline_structural_canny/cfg_7p5_control_0p5/000000084362/generated.png,empty_text_plus_canny,3,7.5,0.5,20,0.6243,0.7383,21.4653
62808,Man photographing a fresh pizza his tired buddy just wants to eat,"A freshly baked pizza sits on a table in a restaurant while one man photographs it with a camera or phone. Another man sits nearby waiting to eat, looking toward the meal. Plates and dining items surround the pizza, suggesting the meal is about to.",,/Users/yixiaoz/Desktop/cs348k_proj/outputs/controlNetScale/baseline_structural_canny/cfg_7p5_control_0p5/000000062808/target.png,/Users/yixiaoz/Desktop/cs348k_proj/outputs/controlNetScale/baseline_structural_canny/cfg_7p5_control_0p5/000000062808/canny.png,/Users/yixiaoz/Desktop/cs348k_proj/outputs/controlNetScale/baseline_structural_canny/cfg_7p5_control_0p5/000000062808/generated.png,empty_text_plus_canny,3,7.5,0.5,20,0.6298,0.5467,25.1864
106235,A living room featuring a comfortable seating arrangement of chairs and tables.,"A comfortable living room features sofas, armchairs, lamps, and a coffee table arranged around a central seating area. Warm lighting and decorative furnishings create a welcoming atmosphere. The room appears carefully organized for relaxation and conversation, with furniture positioned to encourage social interaction. Soft colors.",,/Users/yixiaoz/Desktop/cs348k_proj/outputs/controlNetScale/baseline_structural_canny/cfg_7p5_control_0p5/000000106235/target.png,/Users/yixiaoz/Desktop/cs348k_proj/outputs/controlNetScale/baseline_structural_canny/cfg_7p5_control_0p5/000000106235/canny.png,/Users/yixiaoz/Desktop/cs348k_proj/outputs/controlNetScale/baseline_structural_canny/cfg_7p5_control_0p5/000000106235/generated.png,empty_text_plus_canny,3,7.5,0.5,20,0.7172,0.6173,28.1106
117425,A young boy with a spoon looking at a birthday cupcake.,"A young child sits at a wooden table while looking closely at a small birthday cupcake decorated with a candle. The toddler appears curious and fascinated by the treat positioned directly in front of them. An adult stands nearby, partially visible, supervising the moment. Warm.",,/Users/yixiaoz/Desktop/cs348k_proj/outputs/controlNetScale/baseline_structural_canny/cfg_7p5_control_0p5/000000117425/target.png,/Users/yixiaoz/Desktop/cs348k_proj/outputs/controlNetScale/baseline_structural_canny/cfg_7p5_control_0p5/000000117425/canny.png,/Users/yixiaoz/Desktop/cs348k_proj/outputs/controlNetScale/baseline_structural_canny/cfg_7p5_control_0p5/000000117425/generated.png,empty_text_plus_canny,3,7.5,0.5,20,0.656,0.4519,26.7698
100624,A girl is standing by a storefront while talking on her phone.,"A young woman stands on a city sidewalk at night while talking on her mobile phone. Storefront windows, streetlights, and blurred city lights illuminate the background, creating an urban evening atmosphere. She appears focused on her conversation while standing near a shop entrance. The image.",,/Users/yixiaoz/Desktop/cs348k_proj/outputs/controlNetScale/baseline_structural_canny/cfg_7p5_control_0p5/000000100624/target.png,/Users/yixiaoz/Desktop/cs348k_proj/outputs/controlNetScale/baseline_structural_canny/cfg_7p5_control_0p5/000000100624/canny.png,/Users/yixiaoz/Desktop/cs348k_proj/outputs/controlNetScale/baseline_structural_canny/cfg_7p5_control_0p5/000000100624/generated.png,empty_text_plus_canny,3,7.5,0.5,20,0.733,0.6102,24.3541
24243,"Two ladies seated with cups of drinks, one smoking while the other seated inside a fridge",Two women sit near a storefront or street-side seating area while holding drinks. One woman smokes a cigarette while the other sits inside a display-like enclosure resembling a refrigerator or booth. The unusual arrangement creates an eye-catching urban scene. Pedestrians and city elements appear in.,,/Users/yixiaoz/Desktop/cs348k_proj/outputs/controlNetScale/baseline_structural_canny/cfg_7p5_control_0p5/000000024243/target.png,/Users/yixiaoz/Desktop/cs348k_proj/outputs/controlNetScale/baseline_structural_canny/cfg_7p5_control_0p5/000000024243/canny.png,/Users/yixiaoz/Desktop/cs348k_proj/outputs/controlNetScale/baseline_structural_canny/cfg_7p5_control_0p5/000000024243/generated.png,empty_text_plus_canny,3,7.5,0.5,20,0.5747,0.4711,29.6194
31296,"A group of people, some in leftover US army clothing, sit at tables in a large dining room.","A large group of people gather around tables inside a spacious dining room decorated with military memorabilia and clothing. The diners appear engaged in conversation while sharing food and drinks. Wooden floors, warm lighting, and the arrangement of tables create a communal atmosphere. The image.",,/Users/yixiaoz/Desktop/cs348k_proj/outputs/controlNetScale/baseline_structural_canny/cfg_7p5_control_0p5/000000031296/target.png,/Users/yixiaoz/Desktop/cs348k_proj/outputs/controlNetScale/baseline_structural_canny/cfg_7p5_control_0p5/000000031296/canny.png,/Users/yixiaoz/Desktop/cs348k_proj/outputs/controlNetScale/baseline_structural_canny/cfg_7p5_control_0p5/000000031296/generated.png,empty_text_plus_canny,3,7.5,0.5,20,0.6618,0.4523,25.6088
40083,a vintage photo of some people sitting under an umbrella,"This black-and-white photograph shows several people seated beneath a large umbrella beside a street or outdoor market area. Tables, chairs, and nearby structures suggest a casual public gathering place. The monochrome presentation gives the image a vintage appearance, emphasizing everyday social activity and street life.",,/Users/yixiaoz/Desktop/cs348k_proj/outputs/controlNetScale/baseline_structural_canny/cfg_7p5_control_0p5/000000040083/target.png,/Users/yixiaoz/Desktop/cs348k_proj/outputs/controlNetScale/baseline_structural_canny/cfg_7p5_control_0p5/000000040083/canny.png,/Users/yixiaoz/Desktop/cs348k_proj/outputs/controlNetScale/baseline_structural_canny/cfg_7p5_control_0p5/000000040083/generated.png,empty_text_plus_canny,3,7.5,0.5,20,0.5849,0.5797,17.0865
36936,A man and woman sitting on a couch playing a video game.,"A man and woman sit together on a couch in a living room while playing a video game. A television displays the game in front of them, and snacks or drinks are visible on nearby tables. The indoor setting feels comfortable and informal, with warm.",,/Users/yixiaoz/Desktop/cs348k_proj/outputs/controlNetScale/baseline_structural_canny/cfg_7p5_control_0p5/000000036936/target.png,/Users/yixiaoz/Desktop/cs348k_proj/outputs/controlNetScale/baseline_structural_canny/cfg_7p5_control_0p5/000000036936/canny.png,/Users/yixiaoz/Desktop/cs348k_proj/outputs/controlNetScale/baseline_structural_canny/cfg_7p5_control_0p5/000000036936/generated.png,empty_text_plus_canny,3,7.5,0.5,20,0.7057,0.6016,24.0524
18150,A man with a receding hairline offers a slice of pizza to a toddler.,"A man with a receding hairline offers a slice of pizza to a young child seated nearby. The pair appear engaged in a friendly interaction, with the child focusing on the food being presented. The indoor setting suggests a casual family meal or gathering. The.",,/Users/yixiaoz/Desktop/cs348k_proj/outputs/controlNetScale/baseline_structural_canny/cfg_7p5_control_0p5/000000018150/target.png,/Users/yixiaoz/Desktop/cs348k_proj/outputs/controlNetScale/baseline_structural_canny/cfg_7p5_control_0p5/000000018150/canny.png,/Users/yixiaoz/Desktop/cs348k_proj/outputs/controlNetScale/baseline_structural_canny/cfg_7p5_control_0p5/000000018150/generated.png,empty_text_plus_canny,3,7.5,0.5,20,0.6964,0.5458,25.5032
115870,Some people hanging around in a living room with a big couch.,Several people relax in a spacious living room centered around a large couch and coffee table. Some sit while others stand and converse near large windows that bring natural light into the room. Household decorations and comfortable furniture create a welcoming atmosphere. The scene captures.,,/Users/yixiaoz/Desktop/cs348k_proj/outputs/controlNetScale/baseline_structural_canny/cfg_7p5_control_0p5/000000115870/target.png,/Users/yixiaoz/Desktop/cs348k_proj/outputs/controlNetScale/baseline_structural_canny/cfg_7p5_control_0p5/000000115870/canny.png,/Users/yixiaoz/Desktop/cs348k_proj/outputs/controlNetScale/baseline_structural_canny/cfg_7p5_control_0p5/000000115870/generated.png,empty_text_plus_canny,3,7.5,0.5,20,0.6051,0.5469,31.4986
32901,Four men are standing together behind a group of red chairs.,"Four men stand together behind a row of red chairs in an indoor event or meeting room. They smile toward the camera and appear dressed in semi-formal attire, suggesting a gathering, celebration, or professional occasion. The composition resembles a group portrait, with the individuals positioned.",,/Users/yixiaoz/Desktop/cs348k_proj/outputs/controlNetScale/baseline_structural_canny/cfg_7p5_control_0p5/000000032901/target.png,/Users/yixiaoz/Desktop/cs348k_proj/outputs/controlNetScale/baseline_structural_canny/cfg_7p5_control_0p5/000000032901/canny.png,/Users/yixiaoz/Desktop/cs348k_proj/outputs/controlNetScale/baseline_structural_canny/cfg_7p5_control_0p5/000000032901/generated.png,empty_text_plus_canny,3,7.5,0.5,20,0.5344,0.3875,25.0191
25560,A cat perches on top of an entertainment center in front of a TV.,"A cat perches on top of an entertainment center directly in front of a television screen. The television displays a person on screen, while the cat appears more interested in the elevated resting spot than the program itself. Household electronics and furniture surround the scene.",,/Users/yixiaoz/Desktop/cs348k_proj/outputs/controlNetScale/baseline_structural_canny/cfg_7p5_control_0p5/000000025560/target.png,/Users/yixiaoz/Desktop/cs348k_proj/outputs/controlNetScale/baseline_structural_canny/cfg_7p5_control_0p5/000000025560/canny.png,/Users/yixiaoz/Desktop/cs348k_proj/outputs/controlNetScale/baseline_structural_canny/cfg_7p5_control_0p5/000000025560/generated.png,empty_text_plus_canny,3,7.5,0.5,20,0.6165,0.5956,25.663
115245,Several suitcases on wheels leaning up against one long table with chairs.,"Several suitcases of different sizes stand upright beside a long table and a row of chairs in what appears to be a waiting area or meeting room. The luggage is grouped together on a polished wooden floor, suggesting recent travel, arrival, or preparation for departure.",,/Users/yixiaoz/Desktop/cs348k_proj/outputs/controlNetScale/baseline_structural_canny/cfg_7p5_control_0p5/000000115245/target.png,/Users/yixiaoz/Desktop/cs348k_proj/outputs/controlNetScale/baseline_structural_canny/cfg_7p5_control_0p5/000000115245/canny.png,/Users/yixiaoz/Desktop/cs348k_proj/outputs/controlNetScale/baseline_structural_canny/cfg_7p5_control_0p5/000000115245/generated.png,empty_text_plus_canny,3,7.5,0.5,20,0.7083,0.7977,18.1442
5001,A group of people holding a large pair of scissors to a ribbon.,"A crowd of adults and children gather around a ceremonial ribbon-cutting event. Several people smile and pose while a large pair of scissors is used to cut a ribbon stretched across the foreground. Balloons, cameras, and excited expressions contribute to the celebratory atmosphere. The gathering.",,/Users/yixiaoz/Desktop/cs348k_proj/outputs/controlNetScale/baseline_structural_canny/cfg_7p5_control_0p5/000000005001/target.png,/Users/yixiaoz/Desktop/cs348k_proj/outputs/controlNetScale/baseline_structural_canny/cfg_7p5_control_0p5/000000005001/canny.png,/Users/yixiaoz/Desktop/cs348k_proj/outputs/controlNetScale/baseline_structural_canny/cfg_7p5_control_0p5/000000005001/generated.png,empty_text_plus_canny,3,7.5,0.5,20,0.6816,0.7311,20.3254
3934,A young girl in the foreground and a woman in a bridal dress and other adults in the background.,"A young girl wearing a light-colored dress stands in the foreground of a living room while adults gather in the background. Motion blur gives the impression of movement and activity throughout the room. Furniture, decorations, and warm indoor lighting create a family-oriented atmosphere. The scene.",,/Users/yixiaoz/Desktop/cs348k_proj/outputs/controlNetScale/baseline_structural_canny/cfg_7p5_control_0p5/000000003934/target.png,/Users/yixiaoz/Desktop/cs348k_proj/outputs/controlNetScale/baseline_structural_canny/cfg_7p5_control_0p5/000000003934/canny.png,/Users/yixiaoz/Desktop/cs348k_proj/outputs/controlNetScale/baseline_structural_canny/cfg_7p5_control_0p5/000000003934/generated.png,empty_text_plus_canny,3,7.5,0.5,20,0.7357,0.6051,23.4858
91500,Two kids hanging out playing video games on folding chairs.,"Two young men sit on folding chairs while playing a video game together indoors. Each player holds a game controller and focuses on an off-camera television or display. The room contains tables, chairs, and household furnishings that suggest a casual social gathering. Their relaxed posture.",,/Users/yixiaoz/Desktop/cs348k_proj/outputs/controlNetScale/baseline_structural_canny/cfg_7p5_control_0p5/000000091500/target.png,/Users/yixiaoz/Desktop/cs348k_proj/outputs/controlNetScale/baseline_structural_canny/cfg_7p5_control_0p5/000000091500/canny.png,/Users/yixiaoz/Desktop/cs348k_proj/outputs/controlNetScale/baseline_structural_canny/cfg_7p5_control_0p5/000000091500/generated.png,empty_text_plus_canny,3,7.5,0.5,20,0.6953,0.5838,24.2772
82696,a white and black bird is walking by a table and some chairs,"A white and black bird walks across the floor of an indoor dining area filled with tables and chairs. The bird moves freely between the furniture, creating an unusual contrast between wildlife and a human-designed environment. Empty chairs and table arrangements suggest a cafeteria, restaurant.",,/Users/yixiaoz/Desktop/cs348k_proj/outputs/controlNetScale/baseline_structural_canny/cfg_7p5_control_0p5/000000082696/target.png,/Users/yixiaoz/Desktop/cs348k_proj/outputs/controlNetScale/baseline_structural_canny/cfg_7p5_control_0p5/000000082696/canny.png,/Users/yixiaoz/Desktop/cs348k_proj/outputs/controlNetScale/baseline_structural_canny/cfg_7p5_control_0p5/000000082696/generated.png,empty_text_plus_canny,3,7.5,0.5,20,0.6282,0.5248,28.0381
25986,"Food is on the counter including a glass of water, rice, vegetables, and more","Several plates of food are arranged on a kitchen counter, including vegetables, rice, and prepared dishes ready to be served. Bowls, utensils, and drinking glasses surround the meal preparation area. The countertop is busy with ingredients and completed dishes, suggesting an active cooking session or.",,/Users/yixiaoz/Desktop/cs348k_proj/outputs/controlNetScale/baseline_structural_canny/cfg_7p5_control_0p5/000000025986/target.png,/Users/yixiaoz/Desktop/cs348k_proj/outputs/controlNetScale/baseline_structural_canny/cfg_7p5_control_0p5/000000025986/canny.png,/Users/yixiaoz/Desktop/cs348k_proj/outputs/controlNetScale/baseline_structural_canny/cfg_7p5_control_0p5/000000025986/generated.png,empty_text_plus_canny,3,7.5,0.5,20,0.7036,0.7032,17.1171
17899,Woman working with large assortment of baked goods at kitchen table.,An older woman works at a kitchen table covered with baking supplies and a large assortment of cookies or pastries. Trays of baked goods are arranged across the tabletop while ingredients and utensils remain nearby. The woman appears focused on decorating or organizing the treats.,,/Users/yixiaoz/Desktop/cs348k_proj/outputs/controlNetScale/baseline_structural_canny/cfg_7p5_control_0p5/000000017899/target.png,/Users/yixiaoz/Desktop/cs348k_proj/outputs/controlNetScale/baseline_structural_canny/cfg_7p5_control_0p5/000000017899/canny.png,/Users/yixiaoz/Desktop/cs348k_proj/outputs/controlNetScale/baseline_structural_canny/cfg_7p5_control_0p5/000000017899/generated.png,empty_text_plus_canny,3,7.5,0.5,20,0.5992,0.3687,30.9008
36494,"A crowd of people sitting in a room, with a clock tower in front.","A large crowd gathers inside a spacious hall featuring an enormous illuminated clock structure mounted on the wall. People sit and stand around tables while enjoying food, drinks, and conversation. The architecture, lighting, and oversized clock create a dramatic focal point within the room. The.",,/Users/yixiaoz/Desktop/cs348k_proj/outputs/controlNetScale/baseline_structural_canny/cfg_7p5_control_0p5/000000036494/target.png,/Users/yixiaoz/Desktop/cs348k_proj/outputs/controlNetScale/baseline_structural_canny/cfg_7p5_control_0p5/000000036494/canny.png,/Users/yixiaoz/Desktop/cs348k_proj/outputs/controlNetScale/baseline_structural_canny/cfg_7p5_control_0p5/000000036494/generated.png,empty_text_plus_canny,3,7.5,0.5,20,0.6311,0.4587,23.4662
24610,There is a laptop computer in a room with a couch and a bookcase.,"A quiet room contains a desk with a laptop computer, bookshelves filled with books, and a couch positioned along one wall. Warm lighting and simple furnishings create a calm, comfortable environment suitable for reading, studying, or working. The arrangement suggests a personal living space or.",,/Users/yixiaoz/Desktop/cs348k_proj/outputs/controlNetScale/baseline_structural_canny/cfg_7p5_control_0p5/000000024610/target.png,/Users/yixiaoz/Desktop/cs348k_proj/outputs/controlNetScale/baseline_structural_canny/cfg_7p5_control_0p5/000000024610/canny.png,/Users/yixiaoz/Desktop/cs348k_proj/outputs/controlNetScale/baseline_structural_canny/cfg_7p5_control_0p5/000000024610/generated.png,empty_text_plus_canny,3,7.5,0.5,20,0.807,0.703,19.3149
18380,a family sitting around a long table filled with a lot of food,"A large family gathers around a long dining table filled with food, drinks, and serving dishes. Adults and children smile toward the camera while seated closely together in a warm home environment. The table is crowded with meals prepared for sharing, creating a festive atmosphere.",,/Users/yixiaoz/Desktop/cs348k_proj/outputs/controlNetScale/baseline_structural_canny/cfg_7p5_control_0p5/000000018380/target.png,/Users/yixiaoz/Desktop/cs348k_proj/outputs/controlNetScale/baseline_structural_canny/cfg_7p5_control_0p5/000000018380/canny.png,/Users/yixiaoz/Desktop/cs348k_proj/outputs/controlNetScale/baseline_structural_canny/cfg_7p5_control_0p5/000000018380/generated.png,empty_text_plus_canny,3,7.5,0.5,20,0.5481,0.212,31.9112
102411,Two people sitting on a motorcycle in the street next to a beach.,"Two people sit on a motorcycle parked beside a waterfront area near a beach. The ocean, shoreline, and distant scenery provide a scenic backdrop while the riders pause along the road. Nearby pedestrians and open coastal views contribute to the relaxed atmosphere. The image combines.",,/Users/yixiaoz/Desktop/cs348k_proj/outputs/controlNetScale/baseline_structural_canny/cfg_7p5_control_0p5/000000102411/target.png,/Users/yixiaoz/Desktop/cs348k_proj/outputs/controlNetScale/baseline_structural_canny/cfg_7p5_control_0p5/000000102411/canny.png,/Users/yixiaoz/Desktop/cs348k_proj/outputs/controlNetScale/baseline_structural_canny/cfg_7p5_control_0p5/000000102411/generated.png,empty_text_plus_canny,3,7.5,0.5,20,0.6108,0.6094,24.9534
99053,"A bowl of noodles, meat, broccoli and carrots in a sauce with a fork.","A bowl of noodles mixed with meat, broccoli, carrots, and vegetables sits on a table with a fork resting inside. The colorful ingredients are coated in sauce and arranged casually within the bowl. The close-up perspective focuses attention on the meal while minimizing background distractions.",,/Users/yixiaoz/Desktop/cs348k_proj/outputs/controlNetScale/baseline_structural_canny/cfg_7p5_control_0p5/000000099053/target.png,/Users/yixiaoz/Desktop/cs348k_proj/outputs/controlNetScale/baseline_structural_canny/cfg_7p5_control_0p5/000000099053/canny.png,/Users/yixiaoz/Desktop/cs348k_proj/outputs/controlNetScale/baseline_structural_canny/cfg_7p5_control_0p5/000000099053/generated.png,empty_text_plus_canny,3,7.5,0.5,20,0.673,0.4853,28.7165
84650,THERE IS A CAT THAT IS SITTION ON TOP OF THE SUITCASE,A cat rests comfortably on top of a large suitcase surrounded by luggage and travel bags. The animal appears relaxed despite sitting among items associated with movement and transportation. The scene suggests preparation for a trip or recent arrival. The contrast between the cat’s calm.,,/Users/yixiaoz/Desktop/cs348k_proj/outputs/controlNetScale/baseline_structural_canny/cfg_7p5_control_0p5/000000084650/target.png,/Users/yixiaoz/Desktop/cs348k_proj/outputs/controlNetScale/baseline_structural_canny/cfg_7p5_control_0p5/000000084650/canny.png,/Users/yixiaoz/Desktop/cs348k_proj/outputs/controlNetScale/baseline_structural_canny/cfg_7p5_control_0p5/000000084650/generated.png,empty_text_plus_canny,3,7.5,0.5,20,0.7121,0.7441,13.0392
114049,"People inside a commuter train, with their luggage and bicycles.","Passengers stand inside a crowded train car surrounded by luggage, bicycles, and personal belongings. The narrow aisle is filled with travelers preparing for or continuing their journey. Bicycle wheels, suitcases, and overhead fixtures emphasize the transportation setting. The image captures the realities of public transit.",,/Users/yixiaoz/Desktop/cs348k_proj/outputs/controlNetScale/baseline_structural_canny/cfg_7p5_control_0p5/000000114049/target.png,/Users/yixiaoz/Desktop/cs348k_proj/outputs/controlNetScale/baseline_structural_canny/cfg_7p5_control_0p5/000000114049/canny.png,/Users/yixiaoz/Desktop/cs348k_proj/outputs/controlNetScale/baseline_structural_canny/cfg_7p5_control_0p5/000000114049/generated.png,empty_text_plus_canny,3,7.5,0.5,20,0.6258,0.5793,19.9591
100723,Crown marching in one direction in a lightly attended protest.,"A group of protesters march through a public street carrying signs and banners while moving together in the same direction. Participants of different ages fill the scene, creating a visible demonstration of collective action. The signs suggest support for a social or political cause, while.",,/Users/yixiaoz/Desktop/cs348k_proj/outputs/controlNetScale/baseline_structural_canny/cfg_7p5_control_0p5/000000100723/target.png,/Users/yixiaoz/Desktop/cs348k_proj/outputs/controlNetScale/baseline_structural_canny/cfg_7p5_control_0p5/000000100723/canny.png,/Users/yixiaoz/Desktop/cs348k_proj/outputs/controlNetScale/baseline_structural_canny/cfg_7p5_control_0p5/000000100723/generated.png,empty_text_plus_canny,3,7.5,0.5,20,0.6349,0.5251,31.0152
40471,A painted white kitchen with a refrigerator and an automatic dish washer next to an oven stove.,"A clean white kitchen contains a refrigerator, oven, dishwasher, cabinets, and countertops arranged in a practical layout. Bright lighting reflects off the appliances and tiled surfaces, creating an organized and modern appearance. The room appears ready for cooking and daily household use. The image emphasizes.",,/Users/yixiaoz/Desktop/cs348k_proj/outputs/controlNetScale/baseline_structural_canny/cfg_7p5_control_0p5/000000040471/target.png,/Users/yixiaoz/Desktop/cs348k_proj/outputs/controlNetScale/baseline_structural_canny/cfg_7p5_control_0p5/000000040471/canny.png,/Users/yixiaoz/Desktop/cs348k_proj/outputs/controlNetScale/baseline_structural_canny/cfg_7p5_control_0p5/000000040471/generated.png,empty_text_plus_canny,3,7.5,0.5,20,0.6155,0.4707,29.9716
100238,A family standing next to each other while holding frisbees.,"A family stands outdoors together while holding colorful frisbees. Adults and children pose side by side in a grassy area, appearing relaxed and cheerful. The open environment suggests a park, recreational field, or family gathering. Their casual clothing and outdoor setting contribute to a friendly.",,/Users/yixiaoz/Desktop/cs348k_proj/outputs/controlNetScale/baseline_structural_canny/cfg_7p5_control_0p5/000000100238/target.png,/Users/yixiaoz/Desktop/cs348k_proj/outputs/controlNetScale/baseline_structural_canny/cfg_7p5_control_0p5/000000100238/canny.png,/Users/yixiaoz/Desktop/cs348k_proj/outputs/controlNetScale/baseline_structural_canny/cfg_7p5_control_0p5/000000100238/generated.png,empty_text_plus_canny,3,7.5,0.5,20,0.5965,0.5012,26.7714
39484,A street full of cars that are driving and parked and a group of people sitting outside eating.,"Cars move along a city street lined with buildings, storefronts, and restaurants. Some people sit outside dining establishments while traffic passes through the urban area. Signs, parked vehicles, and commercial activity contribute to a lively downtown atmosphere. The image captures the interaction between transportation, business.",,/Users/yixiaoz/Desktop/cs348k_proj/outputs/controlNetScale/baseline_structural_canny/cfg_7p5_control_0p5/000000039484/target.png,/Users/yixiaoz/Desktop/cs348k_proj/outputs/controlNetScale/baseline_structural_canny/cfg_7p5_control_0p5/000000039484/canny.png,/Users/yixiaoz/Desktop/cs348k_proj/outputs/controlNetScale/baseline_structural_canny/cfg_7p5_control_0p5/000000039484/generated.png,empty_text_plus_canny,3,7.5,0.5,20,0.6113,0.5285,28.6441
13729,A group of people playing with a Wii in the living room.,"Several people stand in a living room while playing a Nintendo Wii video game. Participants face a television and appear engaged in the activity, moving their bodies as part of the gameplay. Household furniture, decorations, and open floor space provide room for interaction. The image.",,/Users/yixiaoz/Desktop/cs348k_proj/outputs/controlNetScale/baseline_structural_canny/cfg_7p5_control_0p5/000000013729/target.png,/Users/yixiaoz/Desktop/cs348k_proj/outputs/controlNetScale/baseline_structural_canny/cfg_7p5_control_0p5/000000013729/canny.png,/Users/yixiaoz/Desktop/cs348k_proj/outputs/controlNetScale/baseline_structural_canny/cfg_7p5_control_0p5/000000013729/generated.png,empty_text_plus_canny,3,7.5,0.5,20,0.6186,0.5039,25.6788
80340,a small child wearing a tie and holding a suitcase with other people in the background,"A small child wearing a dress shirt, tie, and formal clothing stands on a sidewalk holding a rolling suitcase. Adults and other people gather nearby in the background, suggesting a family event, celebration, or travel occasion. The child’s serious posture contrasts with the oversized luggage.",,/Users/yixiaoz/Desktop/cs348k_proj/outputs/controlNetScale/baseline_structural_canny/cfg_7p5_control_0p5/000000080340/target.png,/Users/yixiaoz/Desktop/cs348k_proj/outputs/controlNetScale/baseline_structural_canny/cfg_7p5_control_0p5/000000080340/canny.png,/Users/yixiaoz/Desktop/cs348k_proj/outputs/controlNetScale/baseline_structural_canny/cfg_7p5_control_0p5/000000080340/generated.png,empty_text_plus_canny,3,7.5,0.5,20,0.5056,0.401,27.4384
38829,Two boys riding on a single bicycle on a city street,"Two people ride together through a busy city street on a single bicycle while surrounded by scooters, motorcycles, and other commuters. Urban storefronts, signs, and passing vehicles create a lively transportation scene. The riders appear relaxed as they navigate traffic alongside other travelers. The image.",,/Users/yixiaoz/Desktop/cs348k_proj/outputs/controlNetScale/baseline_structural_canny/cfg_7p5_control_0p5/000000038829/target.png,/Users/yixiaoz/Desktop/cs348k_proj/outputs/controlNetScale/baseline_structural_canny/cfg_7p5_control_0p5/000000038829/canny.png,/Users/yixiaoz/Desktop/cs348k_proj/outputs/controlNetScale/baseline_structural_canny/cfg_7p5_control_0p5/000000038829/generated.png,empty_text_plus_canny,3,7.5,0.5,20,0.6719,0.5425,29.33
66841,"A whimsical artistic toaster has eyes, a mouth, a nose, spoon feet, spoon ears, and a mixing beater tail.","A whimsical toaster has been creatively decorated with eyes, a nose, spoon-shaped ears, and other objects to resemble a human face. The appliance stands upright in a kitchen or dining area, transforming an ordinary household item into a playful character. Surrounding utensils and decorative elements.",,/Users/yixiaoz/Desktop/cs348k_proj/outputs/controlNetScale/baseline_structural_canny/cfg_7p5_control_0p5/000000066841/target.png,/Users/yixiaoz/Desktop/cs348k_proj/outputs/controlNetScale/baseline_structural_canny/cfg_7p5_control_0p5/000000066841/canny.png,/Users/yixiaoz/Desktop/cs348k_proj/outputs/controlNetScale/baseline_structural_canny/cfg_7p5_control_0p5/000000066841/generated.png,empty_text_plus_canny,3,7.5,0.5,20,0.6446,0.5075,25.4241
25386,A man and woman are sitting together while the man eats with chopsticks.,"A man and woman sit together at a restaurant table while sharing a meal. Plates of food, chopsticks, drinks, and condiments are arranged in front of them as they look toward the camera. The indoor dining environment appears casual and welcoming. Their expressions suggest a.",,/Users/yixiaoz/Desktop/cs348k_proj/outputs/controlNetScale/baseline_structural_canny/cfg_7p5_control_0p5/000000025386/target.png,/Users/yixiaoz/Desktop/cs348k_proj/outputs/controlNetScale/baseline_structural_canny/cfg_7p5_control_0p5/000000025386/canny.png,/Users/yixiaoz/Desktop/cs348k_proj/outputs/controlNetScale/baseline_structural_canny/cfg_7p5_control_0p5/000000025386/generated.png,empty_text_plus_canny,3,7.5,0.5,20,0.6304,0.4643,32.2492
83531,A BBQ topped with lots of sausages sitting side by side.,"Several sausages cook on a barbecue grill above glowing heat while metal tongs rest nearby. The close-up perspective focuses on the food as it browns and develops grill marks. Smoke, cooking equipment, and the outdoor setting suggest a backyard gathering or cookout. The image emphasizes.",,/Users/yixiaoz/Desktop/cs348k_proj/outputs/controlNetScale/baseline_structural_canny/cfg_7p5_control_0p5/000000083531/target.png,/Users/yixiaoz/Desktop/cs348k_proj/outputs/controlNetScale/baseline_structural_canny/cfg_7p5_control_0p5/000000083531/canny.png,/Users/yixiaoz/Desktop/cs348k_proj/outputs/controlNetScale/baseline_structural_canny/cfg_7p5_control_0p5/000000083531/generated.png,empty_text_plus_canny,3,7.5,0.5,20,0.7128,0.7142,25.432
98392,"A photo of a busy intersection with a bus, several cars and a clock tower.","A busy city intersection contains multiple cars, a bus, and a prominent clock tower rising above nearby buildings. Traffic moves through the streets while pedestrians and commercial activity contribute to the urban atmosphere. Architectural details and transportation infrastructure create a recognizable downtown setting. The image.",,/Users/yixiaoz/Desktop/cs348k_proj/outputs/controlNetScale/baseline_structural_canny/cfg_7p5_control_0p5/000000098392/target.png,/Users/yixiaoz/Desktop/cs348k_proj/outputs/controlNetScale/baseline_structural_canny/cfg_7p5_control_0p5/000000098392/canny.png,/Users/yixiaoz/Desktop/cs348k_proj/outputs/controlNetScale/baseline_structural_canny/cfg_7p5_control_0p5/000000098392/generated.png,empty_text_plus_canny,3,7.5,0.5,20,0.602,0.4421,28.0211
12576,An elderly woman seated at a table holding three pizzas.,"An elderly woman sits at a dining table with several pizzas placed in front of her. Glasses, dishes, and table settings suggest a meal shared with others outside the frame. The warm indoor environment creates a comfortable and social atmosphere. The image highlights casual dining.",,/Users/yixiaoz/Desktop/cs348k_proj/outputs/controlNetScale/baseline_structural_canny/cfg_7p5_control_0p5/000000012576/target.png,/Users/yixiaoz/Desktop/cs348k_proj/outputs/controlNetScale/baseline_structural_canny/cfg_7p5_control_0p5/000000012576/canny.png,/Users/yixiaoz/Desktop/cs348k_proj/outputs/controlNetScale/baseline_structural_canny/cfg_7p5_control_0p5/000000012576/generated.png,empty_text_plus_canny,3,7.5,0.5,20,0.6375,0.5162,23.6377
22705,A woman in a short black dress is holding a champagne flute and standing in front of a refrigerator.,"A woman wearing a black dress stands confidently in a kitchen while holding a champagne flute. Stainless steel appliances, wooden cabinets, and household furnishings form the background. Her posture and expression suggest she may be attending a celebration, gathering, or special occasion. The image combines.",,/Users/yixiaoz/Desktop/cs348k_proj/outputs/controlNetScale/baseline_structural_canny/cfg_7p5_control_0p5/000000022705/target.png,/Users/yixiaoz/Desktop/cs348k_proj/outputs/controlNetScale/baseline_structural_canny/cfg_7p5_control_0p5/000000022705/canny.png,/Users/yixiaoz/Desktop/cs348k_proj/outputs/controlNetScale/baseline_structural_canny/cfg_7p5_control_0p5/000000022705/generated.png,empty_text_plus_canny,3,7.5,0.5,20,0.5342,0.4315,27.4685
26204,A group of cars waiting at an intersection for the light to change,"Cars wait at an urban intersection lined with buildings, trees, and traffic infrastructure. Vehicles occupy multiple lanes as they pause for a traffic signal before continuing through the city. Sidewalks, storefronts, and street signs contribute to the metropolitan atmosphere. The image emphasizes transportation systems, traffic.",,/Users/yixiaoz/Desktop/cs348k_proj/outputs/controlNetScale/baseline_structural_canny/cfg_7p5_control_0p5/000000026204/target.png,/Users/yixiaoz/Desktop/cs348k_proj/outputs/controlNetScale/baseline_structural_canny/cfg_7p5_control_0p5/000000026204/canny.png,/Users/yixiaoz/Desktop/cs348k_proj/outputs/controlNetScale/baseline_structural_canny/cfg_7p5_control_0p5/000000026204/generated.png,empty_text_plus_canny,3,7.5,0.5,20,0.5022,0.4146,29.1802
31248,"Living room with white chairs and couches, fireplace and books on bookshelves.","A bright living room features white chairs, comfortable couches, bookshelves, and a fireplace serving as the central focal point. Decorative lamps, framed artwork, and neatly arranged furniture create an elegant and inviting atmosphere. Natural light and balanced interior design contribute to the room’s spacious appearance.",,/Users/yixiaoz/Desktop/cs348k_proj/outputs/controlNetScale/baseline_structural_canny/cfg_7p5_control_0p5/000000031248/target.png,/Users/yixiaoz/Desktop/cs348k_proj/outputs/controlNetScale/baseline_structural_canny/cfg_7p5_control_0p5/000000031248/canny.png,/Users/yixiaoz/Desktop/cs348k_proj/outputs/controlNetScale/baseline_structural_canny/cfg_7p5_control_0p5/000000031248/generated.png,empty_text_plus_canny,3,7.5,0.5,20,0.5124,0.4214,26.356
107339,A pretty young lady standing in front of a couch behind a wooden table.,"A woman stands in a modern room near a couch and low wooden tables while another person sits nearby. Bright walls, large windows, and contemporary furniture create a clean and open interior space. The standing woman appears to be speaking, presenting, or interacting with the.",,/Users/yixiaoz/Desktop/cs348k_proj/outputs/controlNetScale/baseline_structural_canny/cfg_7p5_control_0p5/000000107339/target.png,/Users/yixiaoz/Desktop/cs348k_proj/outputs/controlNetScale/baseline_structural_canny/cfg_7p5_control_0p5/000000107339/canny.png,/Users/yixiaoz/Desktop/cs348k_proj/outputs/controlNetScale/baseline_structural_canny/cfg_7p5_control_0p5/000000107339/generated.png,empty_text_plus_canny,3,7.5,0.5,20,0.7408,0.573,25.3077
87476,two people standing on the same skateboard and holding each other up.,"Two young people stand together at a public event while holding skateboards and interacting with one another. One person wears a helmet while colorful vehicles and event displays appear in the background. Their posture suggests friendship, instruction, or support during a skateboarding activity. The image.",,/Users/yixiaoz/Desktop/cs348k_proj/outputs/controlNetScale/baseline_structural_canny/cfg_7p5_control_0p5/000000087476/target.png,/Users/yixiaoz/Desktop/cs348k_proj/outputs/controlNetScale/baseline_structural_canny/cfg_7p5_control_0p5/000000087476/canny.png,/Users/yixiaoz/Desktop/cs348k_proj/outputs/controlNetScale/baseline_structural_canny/cfg_7p5_control_0p5/000000087476/generated.png,empty_text_plus_canny,3,7.5,0.5,20,0.6553,0.5275,28.0189
78748,"A couple of motorcycles in front of sign, with people standing around.","Several motorcycles are parked in front of a display area featuring brand signage while people gather nearby. The polished bikes are arranged for viewing, suggesting a motorcycle show, dealership event, or public exhibition. Spectators walk around the display, examining the vehicles and socializing. The image.",,/Users/yixiaoz/Desktop/cs348k_proj/outputs/controlNetScale/baseline_structural_canny/cfg_7p5_control_0p5/000000078748/target.png,/Users/yixiaoz/Desktop/cs348k_proj/outputs/controlNetScale/baseline_structural_canny/cfg_7p5_control_0p5/000000078748/canny.png,/Users/yixiaoz/Desktop/cs348k_proj/outputs/controlNetScale/baseline_structural_canny/cfg_7p5_control_0p5/000000078748/generated.png,empty_text_plus_canny,3,7.5,0.5,20,0.6145,0.5277,29.2423
29596,"A room with a couch, table set with dinnerware and a television.","A hotel-style room contains a couch, television, dining table, and neatly arranged place settings. Warm lighting, curtains, and decorative furnishings create a comfortable and welcoming atmosphere. The table is prepared for a meal, suggesting hospitality or room service. The image highlights interior design, temporary accommodations.",,/Users/yixiaoz/Desktop/cs348k_proj/outputs/controlNetScale/baseline_structural_canny/cfg_7p5_control_0p5/000000029596/target.png,/Users/yixiaoz/Desktop/cs348k_proj/outputs/controlNetScale/baseline_structural_canny/cfg_7p5_control_0p5/000000029596/canny.png,/Users/yixiaoz/Desktop/cs348k_proj/outputs/controlNetScale/baseline_structural_canny/cfg_7p5_control_0p5/000000029596/generated.png,empty_text_plus_canny,3,7.5,0.5,20,0.5607,0.3708,28.7887
33854,"parked cars, motorcycles and buses on a cobblestone parking lot next to a street.","Cars, buses, and motorcycles occupy a cobblestone parking area near a city street lined with buildings. The scene contains multiple forms of transportation gathered within a shared urban space. Pedestrians move through the area while parked vehicles await their drivers. The image captures urban infrastructure.",,/Users/yixiaoz/Desktop/cs348k_proj/outputs/controlNetScale/baseline_structural_canny/cfg_7p5_control_0p5/000000033854/target.png,/Users/yixiaoz/Desktop/cs348k_proj/outputs/controlNetScale/baseline_structural_canny/cfg_7p5_control_0p5/000000033854/canny.png,/Users/yixiaoz/Desktop/cs348k_proj/outputs/controlNetScale/baseline_structural_canny/cfg_7p5_control_0p5/000000033854/generated.png,empty_text_plus_canny,3,7.5,0.5,20,0.6713,0.6288,24.8073
36844,a black couch a green chair a red chair a mirror and a ceiling fan,"A living room contains a black couch, colorful chairs, a ceiling fan, and large windows that allow natural light into the space. Various pieces of furniture and decorative items are arranged throughout the room, creating a comfortable residential environment. The layout suggests an area designed.",,/Users/yixiaoz/Desktop/cs348k_proj/outputs/controlNetScale/baseline_structural_canny/cfg_7p5_control_0p5/000000036844/target.png,/Users/yixiaoz/Desktop/cs348k_proj/outputs/controlNetScale/baseline_structural_canny/cfg_7p5_control_0p5/000000036844/canny.png,/Users/yixiaoz/Desktop/cs348k_proj/outputs/controlNetScale/baseline_structural_canny/cfg_7p5_control_0p5/000000036844/generated.png,empty_text_plus_canny,3,7.5,0.5,20,0.571,0.4248,25.6073
1000,A group of kids posing for a picture on a tennis court.,A large group of children gather together on a tennis court while posing for a photograph. Some hold tennis equipment while others stand closely beside teammates and friends. The outdoor sports facility provides a bright and energetic setting. Smiles and casual poses suggest a team.,,/Users/yixiaoz/Desktop/cs348k_proj/outputs/controlNetScale/baseline_structural_canny/cfg_7p5_control_0p5/000000001000/target.png,/Users/yixiaoz/Desktop/cs348k_proj/outputs/controlNetScale/baseline_structural_canny/cfg_7p5_control_0p5/000000001000/canny.png,/Users/yixiaoz/Desktop/cs348k_proj/outputs/controlNetScale/baseline_structural_canny/cfg_7p5_control_0p5/000000001000/generated.png,empty_text_plus_canny,3,7.5,0.5,20,0.5998,0.2853,21.5439
55528,A man holding a paper bag while showing the camera a toothbrush.,"A man sits in a chair while holding a paper bag and displaying a toothbrush toward the camera. His expression suggests humor or casual conversation as he presents the object. The indoor environment appears relaxed and informal, with household furnishings visible around him. The image.",,/Users/yixiaoz/Desktop/cs348k_proj/outputs/controlNetScale/baseline_structural_canny/cfg_7p5_control_0p5/000000055528/target.png,/Users/yixiaoz/Desktop/cs348k_proj/outputs/controlNetScale/baseline_structural_canny/cfg_7p5_control_0p5/000000055528/canny.png,/Users/yixiaoz/Desktop/cs348k_proj/outputs/controlNetScale/baseline_structural_canny/cfg_7p5_control_0p5/000000055528/generated.png,empty_text_plus_canny,3,7.5,0.5,20,0.5491,0.5789,30.322
2006,City bus driving through pedestrian saturated area near crosswalk.,"A city bus travels through a busy urban area near a crosswalk while pedestrians and vehicles move through the surrounding streets. Buildings, signs, and transportation infrastructure create a dynamic city environment. The bus serves as the focal point, illustrating the role of public transit in.",,/Users/yixiaoz/Desktop/cs348k_proj/outputs/controlNetScale/baseline_structural_canny/cfg_7p5_control_0p5/000000002006/target.png,/Users/yixiaoz/Desktop/cs348k_proj/outputs/controlNetScale/baseline_structural_canny/cfg_7p5_control_0p5/000000002006/canny.png,/Users/yixiaoz/Desktop/cs348k_proj/outputs/controlNetScale/baseline_structural_canny/cfg_7p5_control_0p5/000000002006/generated.png,empty_text_plus_canny,3,7.5,0.5,20,0.5511,0.3838,29.6466
113720,A couple are enjoying pizza and drinks at the restaurant,"A smiling couple sits together at a restaurant table enjoying pizza, drinks, and conversation. Plates of food and beverages are arranged neatly while the pair look toward the camera. The atmosphere appears relaxed and friendly, suggesting a casual meal shared between friends or partners. The.",,/Users/yixiaoz/Desktop/cs348k_proj/outputs/controlNetScale/baseline_structural_canny/cfg_7p5_control_0p5/000000113720/target.png,/Users/yixiaoz/Desktop/cs348k_proj/outputs/controlNetScale/baseline_structural_canny/cfg_7p5_control_0p5/000000113720/canny.png,/Users/yixiaoz/Desktop/cs348k_proj/outputs/controlNetScale/baseline_structural_canny/cfg_7p5_control_0p5/000000113720/generated.png,empty_text_plus_canny,3,7.5,0.5,20,0.7056,0.663,22.0451
52413,"A child holding a pink toy cell phone with ""Princess Aurora"" inside it.",A child holds a pink toy flip phone decorated with imagery inspired by a princess character. The toy is displayed prominently in the foreground while other people and objects appear nearby. Bright colors and playful design elements emphasize childhood interests and imaginative play. The image.,,/Users/yixiaoz/Desktop/cs348k_proj/outputs/controlNetScale/baseline_structural_canny/cfg_7p5_control_0p5/000000052413/target.png,/Users/yixiaoz/Desktop/cs348k_proj/outputs/controlNetScale/baseline_structural_canny/cfg_7p5_control_0p5/000000052413/canny.png,/Users/yixiaoz/Desktop/cs348k_proj/outputs/controlNetScale/baseline_structural_canny/cfg_7p5_control_0p5/000000052413/generated.png,empty_text_plus_canny,3,7.5,0.5,20,0.7161,0.739,25.1638
60932,A man in a suit that is standing in front of a group of people.,"A man dressed in a formal suit stands confidently in front of a group of people at what appears to be a celebration or reception. The black-and-white image captures him smiling and raising a hand while guests gather in the background. Tables, decorations, and formally.",,/Users/yixiaoz/Desktop/cs348k_proj/outputs/controlNetScale/baseline_structural_canny/cfg_7p5_control_0p5/000000060932/target.png,/Users/yixiaoz/Desktop/cs348k_proj/outputs/controlNetScale/baseline_structural_canny/cfg_7p5_control_0p5/000000060932/canny.png,/Users/yixiaoz/Desktop/cs348k_proj/outputs/controlNetScale/baseline_structural_canny/cfg_7p5_control_0p5/000000060932/generated.png,empty_text_plus_canny,3,7.5,0.5,20,0.6112,0.5726,20.6874
102805,A man in holds a Frisbee in the parking lot by the river.,"A man wearing a hat stands near a riverside parking area while holding a Frisbee in his hand. Mountains and water stretch across the background, creating a scenic outdoor setting. Several parked vehicles and open space suggest a recreational destination where people gather for leisure.",,/Users/yixiaoz/Desktop/cs348k_proj/outputs/controlNetScale/baseline_structural_canny/cfg_7p5_control_0p5/000000102805/target.png,/Users/yixiaoz/Desktop/cs348k_proj/outputs/controlNetScale/baseline_structural_canny/cfg_7p5_control_0p5/000000102805/canny.png,/Users/yixiaoz/Desktop/cs348k_proj/outputs/controlNetScale/baseline_structural_canny/cfg_7p5_control_0p5/000000102805/generated.png,empty_text_plus_canny,3,7.5,0.5,20,0.6381,0.5596,27.4665
15254,These platters display healthy food choices of two entrees with a side  vegetable and fruit,"A neatly organized lunch container displays a balanced meal consisting of rice, vegetables, fruit, and other healthy foods arranged in separate compartments. Grapes, carrots, and a colorful entrée contribute to the vibrant appearance. The close-up perspective emphasizes nutrition, portioning, and meal preparation. The image reflects.",,/Users/yixiaoz/Desktop/cs348k_proj/outputs/controlNetScale/baseline_structural_canny/cfg_7p5_control_0p5/000000015254/target.png,/Users/yixiaoz/Desktop/cs348k_proj/outputs/controlNetScale/baseline_structural_canny/cfg_7p5_control_0p5/000000015254/canny.png,/Users/yixiaoz/Desktop/cs348k_proj/outputs/controlNetScale/baseline_structural_canny/cfg_7p5_control_0p5/000000015254/generated.png,empty_text_plus_canny,3,7.5,0.5,20,0.5968,0.4283,28.5787
24567,There is a man looking at a lot if hot dogs in a bun in a pan,"A man wearing a hat looks down at a tray filled with hot dogs arranged in buns. The outdoor setting suggests a barbecue, picnic, or community gathering where food is being prepared and served. Bright colors from the toppings and buns create a festive appearance.",,/Users/yixiaoz/Desktop/cs348k_proj/outputs/controlNetScale/baseline_structural_canny/cfg_7p5_control_0p5/000000024567/target.png,/Users/yixiaoz/Desktop/cs348k_proj/outputs/controlNetScale/baseline_structural_canny/cfg_7p5_control_0p5/000000024567/canny.png,/Users/yixiaoz/Desktop/cs348k_proj/outputs/controlNetScale/baseline_structural_canny/cfg_7p5_control_0p5/000000024567/generated.png,empty_text_plus_canny,3,7.5,0.5,20,0.6323,0.6024,18.5284
25603,A girl sitting around a table in a restaurant eating a pizza.,"A young girl sits at a restaurant table with a pizza placed in front of her. Glasses, plates, and table settings surround the meal while the warm indoor lighting creates a cozy atmosphere. She looks toward the camera as if waiting to eat or enjoying.",,/Users/yixiaoz/Desktop/cs348k_proj/outputs/controlNetScale/baseline_structural_canny/cfg_7p5_control_0p5/000000025603/target.png,/Users/yixiaoz/Desktop/cs348k_proj/outputs/controlNetScale/baseline_structural_canny/cfg_7p5_control_0p5/000000025603/canny.png,/Users/yixiaoz/Desktop/cs348k_proj/outputs/controlNetScale/baseline_structural_canny/cfg_7p5_control_0p5/000000025603/generated.png,empty_text_plus_canny,3,7.5,0.5,20,0.6459,0.5699,28.3171
55150,Two children sit atop their parent's luggage in the parking lot.,"Two children sit atop luggage carts in a parking lot while surrounded by parked vehicles. The scene appears to capture a family trip, airport arrival, or vacation departure. The children seem comfortable and playful as they ride on the luggage. Cars, travel equipment, and open.",,/Users/yixiaoz/Desktop/cs348k_proj/outputs/controlNetScale/baseline_structural_canny/cfg_7p5_control_0p5/000000055150/target.png,/Users/yixiaoz/Desktop/cs348k_proj/outputs/controlNetScale/baseline_structural_canny/cfg_7p5_control_0p5/000000055150/canny.png,/Users/yixiaoz/Desktop/cs348k_proj/outputs/controlNetScale/baseline_structural_canny/cfg_7p5_control_0p5/000000055150/generated.png,empty_text_plus_canny,3,7.5,0.5,20,0.6201,0.5452,23.8054
30828,A person covered with an orange sleeping bag rests his head on a blue back pack as he sleeps on a park bench.,"A person sleeps on a park bench while covered by an orange sleeping bag and resting beside a backpack. The outdoor setting includes grass, trees, and surrounding park features. The image captures a quiet moment of rest in a public space, contrasting the bright colors.",,/Users/yixiaoz/Desktop/cs348k_proj/outputs/controlNetScale/baseline_structural_canny/cfg_7p5_control_0p5/000000030828/target.png,/Users/yixiaoz/Desktop/cs348k_proj/outputs/controlNetScale/baseline_structural_canny/cfg_7p5_control_0p5/000000030828/canny.png,/Users/yixiaoz/Desktop/cs348k_proj/outputs/controlNetScale/baseline_structural_canny/cfg_7p5_control_0p5/000000030828/generated.png,empty_text_plus_canny,3,7.5,0.5,20,0.6592,0.6721,27.0563
32334,"Two people, a man and a woman, are toasting with wine glasses.","A smiling man and woman hold wine glasses while posing together indoors. The casual setting appears to be a social gathering, dinner, or celebration where friends enjoy food and drinks. Warm lighting and relaxed expressions create a welcoming atmosphere. The image emphasizes companionship, hospitality, and.",,/Users/yixiaoz/Desktop/cs348k_proj/outputs/controlNetScale/baseline_structural_canny/cfg_7p5_control_0p5/000000032334/target.png,/Users/yixiaoz/Desktop/cs348k_proj/outputs/controlNetScale/baseline_structural_canny/cfg_7p5_control_0p5/000000032334/canny.png,/Users/yixiaoz/Desktop/cs348k_proj/outputs/controlNetScale/baseline_structural_canny/cfg_7p5_control_0p5/000000032334/generated.png,empty_text_plus_canny,3,7.5,0.5,20,0.6114,0.6166,17.8776
92416,A male with a bottled beverage wearing a flower in his lapel.,"A young man wearing formal attire stands outdoors holding a bottled beverage. A flower pinned to his lapel suggests participation in a wedding, graduation, or other ceremonial event. Water and distant scenery form a pleasant background. His posture and clothing indicate a special occasion, while.",,/Users/yixiaoz/Desktop/cs348k_proj/outputs/controlNetScale/baseline_structural_canny/cfg_7p5_control_0p5/000000092416/target.png,/Users/yixiaoz/Desktop/cs348k_proj/outputs/controlNetScale/baseline_structural_canny/cfg_7p5_control_0p5/000000092416/canny.png,/Users/yixiaoz/Desktop/cs348k_proj/outputs/controlNetScale/baseline_structural_canny/cfg_7p5_control_0p5/000000092416/generated.png,empty_text_plus_canny,3,7.5,0.5,20,0.6125,0.5138,27.3958
20553,Large stuffed animal posed outdoors as if sitting in a chair with beverages on a table.,A large stuffed animal is arranged outdoors in a desert-like environment while seated in a chair beside beverages and decorative items placed on a small table. The unusual setup creates a humorous and imaginative scene. Open ground and sparse surroundings emphasize the contrast between the.,,/Users/yixiaoz/Desktop/cs348k_proj/outputs/controlNetScale/baseline_structural_canny/cfg_7p5_control_0p5/000000020553/target.png,/Users/yixiaoz/Desktop/cs348k_proj/outputs/controlNetScale/baseline_structural_canny/cfg_7p5_control_0p5/000000020553/canny.png,/Users/yixiaoz/Desktop/cs348k_proj/outputs/controlNetScale/baseline_structural_canny/cfg_7p5_control_0p5/000000020553/generated.png,empty_text_plus_canny,3,7.5,0.5,20,0.7269,0.5469,21.3845
93437,An older man is wearing a funny hat in his dining room.,"An elderly man wearing a distinctive hat stands inside a dining area or kitchen while smiling toward the camera. Household furnishings and cabinets appear in the background, creating a comfortable domestic setting. His expression suggests warmth and friendliness, while the unusual hat adds character and.",,/Users/yixiaoz/Desktop/cs348k_proj/outputs/controlNetScale/baseline_structural_canny/cfg_7p5_control_0p5/000000093437/target.png,/Users/yixiaoz/Desktop/cs348k_proj/outputs/controlNetScale/baseline_structural_canny/cfg_7p5_control_0p5/000000093437/canny.png,/Users/yixiaoz/Desktop/cs348k_proj/outputs/controlNetScale/baseline_structural_canny/cfg_7p5_control_0p5/000000093437/generated.png,empty_text_plus_canny,3,7.5,0.5,20,0.5856,0.4803,25.3983
89648,People using electronic devises all facing in the same direction.,"Several people sit in rows while using laptops and other electronic devices. Viewed from above, the scene resembles a classroom, workshop, conference, or training session focused on technology. Participants face the same direction and appear engaged with their screens. The arrangement emphasizes learning, collaboration, and.",,/Users/yixiaoz/Desktop/cs348k_proj/outputs/controlNetScale/baseline_structural_canny/cfg_7p5_control_0p5/000000089648/target.png,/Users/yixiaoz/Desktop/cs348k_proj/outputs/controlNetScale/baseline_structural_canny/cfg_7p5_control_0p5/000000089648/canny.png,/Users/yixiaoz/Desktop/cs348k_proj/outputs/controlNetScale/baseline_structural_canny/cfg_7p5_control_0p5/000000089648/generated.png,empty_text_plus_canny,3,7.5,0.5,20,0.6313,0.5138,24.6154
7574,"A kitchen with two sinks, a counter, detergent, a stove and a refrigerator in it.","A kitchen interior contains wooden cabinets, a refrigerator, a stove, countertops, and cleaning supplies arranged around the room. Various household items are visible near the sink and work surfaces, creating a realistic lived-in appearance. The image emphasizes domestic functionality and organization while showcasing the appliances.",,/Users/yixiaoz/Desktop/cs348k_proj/outputs/controlNetScale/baseline_structural_canny/cfg_7p5_control_0p5/000000007574/target.png,/Users/yixiaoz/Desktop/cs348k_proj/outputs/controlNetScale/baseline_structural_canny/cfg_7p5_control_0p5/000000007574/canny.png,/Users/yixiaoz/Desktop/cs348k_proj/outputs/controlNetScale/baseline_structural_canny/cfg_7p5_control_0p5/000000007574/generated.png,empty_text_plus_canny,3,7.5,0.5,20,0.5932,0.4423,31.7615
88040,"Plates of shrimp, vegetables, and noodles served with tea.","Several plates of food are arranged on a table viewed from above, including shrimp, vegetables, noodles, and accompanying beverages. Bowls, cups, and serving dishes contribute to the inviting dining presentation. The meal appears carefully prepared and shared among multiple people. The image highlights culinary variety.",,/Users/yixiaoz/Desktop/cs348k_proj/outputs/controlNetScale/baseline_structural_canny/cfg_7p5_control_0p5/000000088040/target.png,/Users/yixiaoz/Desktop/cs348k_proj/outputs/controlNetScale/baseline_structural_canny/cfg_7p5_control_0p5/000000088040/canny.png,/Users/yixiaoz/Desktop/cs348k_proj/outputs/controlNetScale/baseline_structural_canny/cfg_7p5_control_0p5/000000088040/generated.png,empty_text_plus_canny,3,7.5,0.5,20,0.5547,0.3153,28.8287
4134,Two men standing next to each other holding hands.,"Two men stand together at a formal event while greeting one another and shaking hands. Other attendees and banquet tables are visible in the background, suggesting a conference, reception, or celebration. Their professional attire and engaged expressions indicate a respectful social interaction. The image highlights.",,/Users/yixiaoz/Desktop/cs348k_proj/outputs/controlNetScale/baseline_structural_canny/cfg_7p5_control_0p5/000000004134/target.png,/Users/yixiaoz/Desktop/cs348k_proj/outputs/controlNetScale/baseline_structural_canny/cfg_7p5_control_0p5/000000004134/canny.png,/Users/yixiaoz/Desktop/cs348k_proj/outputs/controlNetScale/baseline_structural_canny/cfg_7p5_control_0p5/000000004134/generated.png,empty_text_plus_canny,3,7.5,0.5,20,0.6751,0.5606,23.0389
39769,Two cats sleeping with a remote control near each of them.,Two cats sleep peacefully on a bright pink blanket with television remotes placed nearby. Their relaxed poses and stretched bodies create a calm and comfortable scene. The indoor setting suggests a living room or bedroom where the animals have chosen a soft resting place. The.,,/Users/yixiaoz/Desktop/cs348k_proj/outputs/controlNetScale/baseline_structural_canny/cfg_7p5_control_0p5/000000039769/target.png,/Users/yixiaoz/Desktop/cs348k_proj/outputs/controlNetScale/baseline_structural_canny/cfg_7p5_control_0p5/000000039769/canny.png,/Users/yixiaoz/Desktop/cs348k_proj/outputs/controlNetScale/baseline_structural_canny/cfg_7p5_control_0p5/000000039769/generated.png,empty_text_plus_canny,3,7.5,0.5,20,0.6773,0.5292,24.8104
14439,A group of people standing on a field flying a colorful kite.,"A group of people stand together in a grassy park while flying a large colorful kite. Open space, recreational equipment, and other visitors create a lively outdoor environment. Participants work together to manage the kite as it catches the wind above the field. The image.",,/Users/yixiaoz/Desktop/cs348k_proj/outputs/controlNetScale/baseline_structural_canny/cfg_7p5_control_0p5/000000014439/target.png,/Users/yixiaoz/Desktop/cs348k_proj/outputs/controlNetScale/baseline_structural_canny/cfg_7p5_control_0p5/000000014439/canny.png,/Users/yixiaoz/Desktop/cs348k_proj/outputs/controlNetScale/baseline_structural_canny/cfg_7p5_control_0p5/000000014439/generated.png,empty_text_plus_canny,3,7.5,0.5,20,0.7879,0.6839,20.7403
104669,"A plate with a meal of meat, potatoes, carrots, and broccoli.","A plate holds a complete meal featuring a piece of meat alongside potatoes, carrots, broccoli, and other vegetables. The arrangement is neatly presented, suggesting a restaurant dish or carefully prepared home-cooked dinner. Bright colors from the vegetables contrast with the darker entrée. The image emphasizes.",,/Users/yixiaoz/Desktop/cs348k_proj/outputs/controlNetScale/baseline_structural_canny/cfg_7p5_control_0p5/000000104669/target.png,/Users/yixiaoz/Desktop/cs348k_proj/outputs/controlNetScale/baseline_structural_canny/cfg_7p5_control_0p5/000000104669/canny.png,/Users/yixiaoz/Desktop/cs348k_proj/outputs/controlNetScale/baseline_structural_canny/cfg_7p5_control_0p5/000000104669/generated.png,empty_text_plus_canny,3,7.5,0.5,20,0.6195,0.4414,24.5396
11149,A man sitting on a motorcycle near several bicycles with a partially visible person standing nearby.,"A motorcycle is parked near several bicycles while people stand nearby in an outdoor setting. The collection of vehicles suggests a shared recreational or transportation area. Trees, pathways, and surrounding activity contribute to the public atmosphere. The image highlights different modes of personal transportation and.",,/Users/yixiaoz/Desktop/cs348k_proj/outputs/controlNetScale/baseline_structural_canny/cfg_7p5_control_0p5/000000011149/target.png,/Users/yixiaoz/Desktop/cs348k_proj/outputs/controlNetScale/baseline_structural_canny/cfg_7p5_control_0p5/000000011149/canny.png,/Users/yixiaoz/Desktop/cs348k_proj/outputs/controlNetScale/baseline_structural_canny/cfg_7p5_control_0p5/000000011149/generated.png,empty_text_plus_canny,3,7.5,0.5,20,0.5752,0.425,28.2453
52996,A group of women in military outfits helping other women in a kitchen.,"A group of women wearing military-style uniforms work together in a kitchen while preparing food. Large pots, utensils, and work surfaces indicate an organized cooking effort intended to serve many people. Their coordinated activity reflects teamwork and shared responsibility. The image highlights food preparation, community.",,/Users/yixiaoz/Desktop/cs348k_proj/outputs/controlNetScale/baseline_structural_canny/cfg_7p5_control_0p5/000000052996/target.png,/Users/yixiaoz/Desktop/cs348k_proj/outputs/controlNetScale/baseline_structural_canny/cfg_7p5_control_0p5/000000052996/canny.png,/Users/yixiaoz/Desktop/cs348k_proj/outputs/controlNetScale/baseline_structural_canny/cfg_7p5_control_0p5/000000052996/generated.png,empty_text_plus_canny,3,7.5,0.5,20,0.6498,0.588,15.4624
30213,"The picture shows the interior of a kitchen, with vintage refrigerator, stove, and other appliances.","The interior of a vintage-style kitchen is filled with retro appliances, patterned wallpaper, wooden cabinets, and decorative household items. A classic refrigerator, stove, sink, and dining furniture create a nostalgic atmosphere reminiscent of mid-century home design. Various utensils, containers, and decorations are arranged throughout the.",,/Users/yixiaoz/Desktop/cs348k_proj/outputs/controlNetScale/baseline_structural_canny/cfg_7p5_control_0p5/000000030213/target.png,/Users/yixiaoz/Desktop/cs348k_proj/outputs/controlNetScale/baseline_structural_canny/cfg_7p5_control_0p5/000000030213/canny.png,/Users/yixiaoz/Desktop/cs348k_proj/outputs/controlNetScale/baseline_structural_canny/cfg_7p5_control_0p5/000000030213/generated.png,empty_text_plus_canny,3,7.5,0.5,20,0.6356,0.4003,25.9987
56127,"A room with a fire extinguisher, mugs hanging from a shelf and several lights.","A narrow interior room contains shelves lined with mugs, a fire extinguisher, counters, hanging lights, and decorative details. Warm lighting and colorful walls create a welcoming atmosphere that resembles a small café, restaurant service area, or compact workspace. The room is carefully organized to maximize.",,/Users/yixiaoz/Desktop/cs348k_proj/outputs/controlNetScale/baseline_structural_canny/cfg_7p5_control_0p5/000000056127/target.png,/Users/yixiaoz/Desktop/cs348k_proj/outputs/controlNetScale/baseline_structural_canny/cfg_7p5_control_0p5/000000056127/canny.png,/Users/yixiaoz/Desktop/cs348k_proj/outputs/controlNetScale/baseline_structural_canny/cfg_7p5_control_0p5/000000056127/generated.png,empty_text_plus_canny,3,7.5,0.5,20,0.6261,0.3919,26.6752
84031,A batter swinging a bat at a baseball with the catcher and umpire behind him.,A baseball player swings at a pitch while the catcher and umpire closely follow the action behind home plate. The game takes place on a well-maintained field surrounded by spectators and stadium structures. The batter’s posture captures the intensity and timing required in competitive baseball.,,/Users/yixiaoz/Desktop/cs348k_proj/outputs/controlNetScale/baseline_structural_canny/cfg_7p5_control_0p5/000000084031/target.png,/Users/yixiaoz/Desktop/cs348k_proj/outputs/controlNetScale/baseline_structural_canny/cfg_7p5_control_0p5/000000084031/canny.png,/Users/yixiaoz/Desktop/cs348k_proj/outputs/controlNetScale/baseline_structural_canny/cfg_7p5_control_0p5/000000084031/generated.png,empty_text_plus_canny,3,7.5,0.5,20,0.5563,0.5212,14.8063
74209,A black and stainless steel kitchen with a snack bar and bar stools.,"A modern kitchen features stainless steel appliances, polished countertops, pendant lighting, and a snack bar lined with stools. The clean design emphasizes contemporary architecture and efficient use of space. Cabinets, sinks, and work surfaces are neatly arranged to support cooking and dining activities. The room.",,/Users/yixiaoz/Desktop/cs348k_proj/outputs/controlNetScale/baseline_structural_canny/cfg_7p5_control_0p5/000000074209/target.png,/Users/yixiaoz/Desktop/cs348k_proj/outputs/controlNetScale/baseline_structural_canny/cfg_7p5_control_0p5/000000074209/canny.png,/Users/yixiaoz/Desktop/cs348k_proj/outputs/controlNetScale/baseline_structural_canny/cfg_7p5_control_0p5/000000074209/generated.png,empty_text_plus_canny,3,7.5,0.5,20,0.5395,0.4356,26.2682
52891,A dog walking on the beach with a frizzbe in his month.,"A dog stands on a sandy beach while carrying a bright yellow frisbee in its mouth. Ocean water, waves, and distant shoreline scenery create a scenic coastal backdrop. The animal appears alert and energetic, as if engaged in a game of fetch with its owner.",,/Users/yixiaoz/Desktop/cs348k_proj/outputs/controlNetScale/baseline_structural_canny/cfg_7p5_control_0p5/000000052891/target.png,/Users/yixiaoz/Desktop/cs348k_proj/outputs/controlNetScale/baseline_structural_canny/cfg_7p5_control_0p5/000000052891/canny.png,/Users/yixiaoz/Desktop/cs348k_proj/outputs/controlNetScale/baseline_structural_canny/cfg_7p5_control_0p5/000000052891/generated.png,empty_text_plus_canny,3,7.5,0.5,20,0.728,0.725,18.4157
99039,Plates of food and two glasses of red wine are on a table.,Several plates of food and two glasses of red wine are arranged on a table beside a large window overlooking greenery and nearby buildings. The setting appears to be a restaurant or dining area where people are enjoying a meal together. Soft natural light enters.,,/Users/yixiaoz/Desktop/cs348k_proj/outputs/controlNetScale/baseline_structural_canny/cfg_7p5_control_0p5/000000099039/target.png,/Users/yixiaoz/Desktop/cs348k_proj/outputs/controlNetScale/baseline_structural_canny/cfg_7p5_control_0p5/000000099039/canny.png,/Users/yixiaoz/Desktop/cs348k_proj/outputs/controlNetScale/baseline_structural_canny/cfg_7p5_control_0p5/000000099039/generated.png,empty_text_plus_canny,3,7.5,0.5,20,0.6704,0.591,27.3158
66635,"An apple computer monitor, keyboard and mouse sits on top of a clean wooden desk.","An Apple desktop computer sits on a clean wooden desk alongside a keyboard and mouse. The workspace is simple, organized, and free from clutter, emphasizing productivity and focus. The monitor occupies the center of the arrangement while the surrounding furniture provides ample working space. The.",,/Users/yixiaoz/Desktop/cs348k_proj/outputs/controlNetScale/baseline_structural_canny/cfg_7p5_control_0p5/000000066635/target.png,/Users/yixiaoz/Desktop/cs348k_proj/outputs/controlNetScale/baseline_structural_canny/cfg_7p5_control_0p5/000000066635/canny.png,/Users/yixiaoz/Desktop/cs348k_proj/outputs/controlNetScale/baseline_structural_canny/cfg_7p5_control_0p5/000000066635/generated.png,empty_text_plus_canny,3,7.5,0.5,20,0.6461,0.5835,25.6994
107226,Men race on wheeled vehicles towed by a group of husky dogs.,Competitors participate in a dog-powered racing event where huskies pull wheeled vehicles through an outdoor course. Spectators gather nearby to watch the action while handlers guide the dogs. The animals appear strong and energetic as they work together as a team. The image highlights sporting.,,/Users/yixiaoz/Desktop/cs348k_proj/outputs/controlNetScale/baseline_structural_canny/cfg_7p5_control_0p5/000000107226/target.png,/Users/yixiaoz/Desktop/cs348k_proj/outputs/controlNetScale/baseline_structural_canny/cfg_7p5_control_0p5/000000107226/canny.png,/Users/yixiaoz/Desktop/cs348k_proj/outputs/controlNetScale/baseline_structural_canny/cfg_7p5_control_0p5/000000107226/generated.png,empty_text_plus_canny,3,7.5,0.5,20,0.7122,0.7323,21.0868
14038,A kitchen with hard wood floors and a yellow smiley face balloon.,"A living room decorated for a celebration contains colorful balloons, furniture, and a large yellow smiley-face balloon suspended near the ceiling. The room features wooden flooring, entertainment equipment, and decorative touches that create a festive atmosphere. The arrangement suggests a birthday party or social gathering.",,/Users/yixiaoz/Desktop/cs348k_proj/outputs/controlNetScale/baseline_structural_canny/cfg_7p5_control_0p5/000000014038/target.png,/Users/yixiaoz/Desktop/cs348k_proj/outputs/controlNetScale/baseline_structural_canny/cfg_7p5_control_0p5/000000014038/canny.png,/Users/yixiaoz/Desktop/cs348k_proj/outputs/controlNetScale/baseline_structural_canny/cfg_7p5_control_0p5/000000014038/generated.png,empty_text_plus_canny,3,7.5,0.5,20,0.6331,0.5124,25.193
114884,"A woman with a cigarette standing, while a group of people with luggage walk towards a bus.","A woman stands inside a transportation terminal while travelers carrying luggage move through the background toward buses or other transit services. The spacious facility contains seating areas, structural supports, and signs associated with public transportation. People appear focused on their journeys as they navigate the.",,/Users/yixiaoz/Desktop/cs348k_proj/outputs/controlNetScale/baseline_structural_canny/cfg_7p5_control_0p5/000000114884/target.png,/Users/yixiaoz/Desktop/cs348k_proj/outputs/controlNetScale/baseline_structural_canny/cfg_7p5_control_0p5/000000114884/canny.png,/Users/yixiaoz/Desktop/cs348k_proj/outputs/controlNetScale/baseline_structural_canny/cfg_7p5_control_0p5/000000114884/generated.png,empty_text_plus_canny,3,7.5,0.5,20,0.5923,0.5248,23.4134
12120,A couple of women playing a game of tennis on a tennis court.,"Two women compete in a tennis match on a professional court surrounded by spectators and stadium seating. Both athletes focus intensely on the ball as they move across the blue playing surface. The sporting venue includes advertising displays, officials, and fans observing the competition. The.",,/Users/yixiaoz/Desktop/cs348k_proj/outputs/controlNetScale/baseline_structural_canny/cfg_7p5_control_0p5/000000012120/target.png,/Users/yixiaoz/Desktop/cs348k_proj/outputs/controlNetScale/baseline_structural_canny/cfg_7p5_control_0p5/000000012120/canny.png,/Users/yixiaoz/Desktop/cs348k_proj/outputs/controlNetScale/baseline_structural_canny/cfg_7p5_control_0p5/000000012120/generated.png,empty_text_plus_canny,3,7.5,0.5,20,0.6808,0.4956,29.6512
87470,a big heard of cows walking down a road in a row with green tags on their ears,A large herd of cattle walks together along a rural road bordered by open countryside. The animals move in an organized line while green ear tags help identify members of the herd. Rolling terrain and natural vegetation create an agricultural landscape in the background. The.,,/Users/yixiaoz/Desktop/cs348k_proj/outputs/controlNetScale/baseline_structural_canny/cfg_7p5_control_0p5/000000087470/target.png,/Users/yixiaoz/Desktop/cs348k_proj/outputs/controlNetScale/baseline_structural_canny/cfg_7p5_control_0p5/000000087470/canny.png,/Users/yixiaoz/Desktop/cs348k_proj/outputs/controlNetScale/baseline_structural_canny/cfg_7p5_control_0p5/000000087470/generated.png,empty_text_plus_canny,3,7.5,0.5,20,0.6054,0.5062,25.2158
41872,"A bedroom with  a large bed facing a fireplace that has a television over the top of it, in a shelf space.","A comfortable bedroom contains a large bed, fireplace, television, built-in shelving, and warm lighting. Soft furnishings and decorative details create a relaxing atmosphere designed for rest and comfort. The layout resembles a hotel suite or upscale residential bedroom where entertainment and relaxation are combined in.",,/Users/yixiaoz/Desktop/cs348k_proj/outputs/controlNetScale/baseline_structural_canny/cfg_7p5_control_0p5/000000041872/target.png,/Users/yixiaoz/Desktop/cs348k_proj/outputs/controlNetScale/baseline_structural_canny/cfg_7p5_control_0p5/000000041872/canny.png,/Users/yixiaoz/Desktop/cs348k_proj/outputs/controlNetScale/baseline_structural_canny/cfg_7p5_control_0p5/000000041872/generated.png,empty_text_plus_canny,3,7.5,0.5,20,0.7398,0.4538,26.6819
60899,The young boy is playing in the living room of his house.,"A young boy plays in a living room while raising an object above his head. Household furniture, rugs, and natural light create a comfortable domestic setting. The child appears energetic and engaged in imaginative play. The image captures a candid family moment that reflects childhood.",,/Users/yixiaoz/Desktop/cs348k_proj/outputs/controlNetScale/baseline_structural_canny/cfg_7p5_control_0p5/000000060899/target.png,/Users/yixiaoz/Desktop/cs348k_proj/outputs/controlNetScale/baseline_structural_canny/cfg_7p5_control_0p5/000000060899/canny.png,/Users/yixiaoz/Desktop/cs348k_proj/outputs/controlNetScale/baseline_structural_canny/cfg_7p5_control_0p5/000000060899/generated.png,empty_text_plus_canny,3,7.5,0.5,20,0.6254,0.5001,31.7315
46872,a man standing next to a truck with some stuff on it,"A man stands beside a flatbed truck loaded with large industrial materials and equipment. The outdoor setting suggests a construction, transportation, or delivery operation. The truck occupies most of the scene while the worker appears to inspect or supervise the cargo. The image highlights logistics.",,/Users/yixiaoz/Desktop/cs348k_proj/outputs/controlNetScale/baseline_structural_canny/cfg_7p5_control_0p5/000000046872/target.png,/Users/yixiaoz/Desktop/cs348k_proj/outputs/controlNetScale/baseline_structural_canny/cfg_7p5_control_0p5/000000046872/canny.png,/Users/yixiaoz/Desktop/cs348k_proj/outputs/controlNetScale/baseline_structural_canny/cfg_7p5_control_0p5/000000046872/generated.png,empty_text_plus_canny,3,7.5,0.5,20,0.6,0.6423,17.5677
33638,A woman wearing shorts bends over a frying pan on a stove.,"A woman bends over a stove while preparing food in a traditional kitchen. Pots, utensils, and cooking equipment surround her as she works on a meal. The room contains functional appliances and furnishings that support everyday household cooking. The image emphasizes domestic life, food preparation.",,/Users/yixiaoz/Desktop/cs348k_proj/outputs/controlNetScale/baseline_structural_canny/cfg_7p5_control_0p5/000000033638/target.png,/Users/yixiaoz/Desktop/cs348k_proj/outputs/controlNetScale/baseline_structural_canny/cfg_7p5_control_0p5/000000033638/canny.png,/Users/yixiaoz/Desktop/cs348k_proj/outputs/controlNetScale/baseline_structural_canny/cfg_7p5_control_0p5/000000033638/generated.png,empty_text_plus_canny,3,7.5,0.5,20,0.6598,0.6129,24.3076
66038,The father and daughter are under an umbrella on the beach.,"A father and daughter relax beneath colorful beach umbrellas near the shoreline. Sand, water, and bright weather create a pleasant coastal environment suited for recreation and family outings. The pair appear comfortable as they spend time together enjoying the outdoors. The image highlights family relationships.",,/Users/yixiaoz/Desktop/cs348k_proj/outputs/controlNetScale/baseline_structural_canny/cfg_7p5_control_0p5/000000066038/target.png,/Users/yixiaoz/Desktop/cs348k_proj/outputs/controlNetScale/baseline_structural_canny/cfg_7p5_control_0p5/000000066038/canny.png,/Users/yixiaoz/Desktop/cs348k_proj/outputs/controlNetScale/baseline_structural_canny/cfg_7p5_control_0p5/000000066038/generated.png,empty_text_plus_canny,3,7.5,0.5,20,0.5798,0.4683,21.789
86582,A person watering plants with a computer in the foreground.,"A laptop computer sits prominently in the foreground while a person tends plants in the background. Potted plants, gardening supplies, and outdoor views create a peaceful setting that combines technology with nature. The scene suggests remote work, personal projects, or a lifestyle that balances digital.",,/Users/yixiaoz/Desktop/cs348k_proj/outputs/controlNetScale/baseline_structural_canny/cfg_7p5_control_0p5/000000086582/target.png,/Users/yixiaoz/Desktop/cs348k_proj/outputs/controlNetScale/baseline_structural_canny/cfg_7p5_control_0p5/000000086582/canny.png,/Users/yixiaoz/Desktop/cs348k_proj/outputs/controlNetScale/baseline_structural_canny/cfg_7p5_control_0p5/000000086582/generated.png,empty_text_plus_canny,3,7.5,0.5,20,0.6699,0.5768,29.0945
32610,Assortment of laptop computers displayed on table with backpacks full of electronic cords.,"Multiple laptop computers, backpacks, cables, and electronic accessories are displayed across a table. The collection of equipment suggests a workshop, conference, classroom, or technology-focused event. Devices are arranged side by side, emphasizing preparation and connectivity. The image highlights digital tools used for communication, learning, and.",,/Users/yixiaoz/Desktop/cs348k_proj/outputs/controlNetScale/baseline_structural_canny/cfg_7p5_control_0p5/000000032610/target.png,/Users/yixiaoz/Desktop/cs348k_proj/outputs/controlNetScale/baseline_structural_canny/cfg_7p5_control_0p5/000000032610/canny.png,/Users/yixiaoz/Desktop/cs348k_proj/outputs/controlNetScale/baseline_structural_canny/cfg_7p5_control_0p5/000000032610/generated.png,empty_text_plus_canny,3,7.5,0.5,20,0.706,0.5771,22.4329
8021,An audience is looking at an film of a man taking that is projected onto a wall.,"A speaker stands in front of a large projected image while addressing an audience seated in a darkened room. The presentation appears to be part of a conference, lecture, or public event. Audience members focus on the stage while the presenter gestures toward visual material.",,/Users/yixiaoz/Desktop/cs348k_proj/outputs/controlNetScale/baseline_structural_canny/cfg_7p5_control_0p5/000000008021/target.png,/Users/yixiaoz/Desktop/cs348k_proj/outputs/controlNetScale/baseline_structural_canny/cfg_7p5_control_0p5/000000008021/canny.png,/Users/yixiaoz/Desktop/cs348k_proj/outputs/controlNetScale/baseline_structural_canny/cfg_7p5_control_0p5/000000008021/generated.png,empty_text_plus_canny,3,7.5,0.5,20,0.7238,0.7323,21.2576
81738,Someone about to cut and birthday cake with blue and yellow frosting.,"A rectangular birthday cake decorated with blue and yellow frosting sits on a kitchen counter while a person uses a knife to cut into it. The cake appears homemade or specially prepared for a celebration, with decorative writing and icing patterns spread across the surface.",,/Users/yixiaoz/Desktop/cs348k_proj/outputs/controlNetScale/baseline_structural_canny/cfg_7p5_control_0p5/000000081738/target.png,/Users/yixiaoz/Desktop/cs348k_proj/outputs/controlNetScale/baseline_structural_canny/cfg_7p5_control_0p5/000000081738/canny.png,/Users/yixiaoz/Desktop/cs348k_proj/outputs/controlNetScale/baseline_structural_canny/cfg_7p5_control_0p5/000000081738/generated.png,empty_text_plus_canny,3,7.5,0.5,20,0.6528,0.584,20.7035
94944,A skier on skies and a snowboarder carrying a snowboard on a mountain slope.,"Several people are gathered on a snowy mountain slope surrounded by dramatic alpine scenery and distant snow-covered peaks. One individual carries a snowboard while others prepare equipment or rest nearby. The expansive landscape dominates the background, emphasizing the scale of the mountainous environment. The image.",,/Users/yixiaoz/Desktop/cs348k_proj/outputs/controlNetScale/baseline_structural_canny/cfg_7p5_control_0p5/000000094944/target.png,/Users/yixiaoz/Desktop/cs348k_proj/outputs/controlNetScale/baseline_structural_canny/cfg_7p5_control_0p5/000000094944/canny.png,/Users/yixiaoz/Desktop/cs348k_proj/outputs/controlNetScale/baseline_structural_canny/cfg_7p5_control_0p5/000000094944/generated.png,empty_text_plus_canny,3,7.5,0.5,20,0.6504,0.6161,25.7284
48504,A brown and a gray elephant are in a circus ring and the brown elephant is walking behind the gray elephant as well as two people training them are standing nearby.,Two elephants stand inside a large indoor training or exhibition space while handlers supervise them nearby. One elephant follows behind the other as they move across the floor beneath overhead lighting and structural beams. Equipment and barriers suggest a controlled environment designed for animal care.,,/Users/yixiaoz/Desktop/cs348k_proj/outputs/controlNetScale/baseline_structural_canny/cfg_7p5_control_0p5/000000048504/target.png,/Users/yixiaoz/Desktop/cs348k_proj/outputs/controlNetScale/baseline_structural_canny/cfg_7p5_control_0p5/000000048504/canny.png,/Users/yixiaoz/Desktop/cs348k_proj/outputs/controlNetScale/baseline_structural_canny/cfg_7p5_control_0p5/000000048504/generated.png,empty_text_plus_canny,3,7.5,0.5,20,0.5422,0.3933,28.0675
69213,Two men who are wearing suits and hats standing next to each other.,"Two men wearing dark suits and matching hats stand side by side outdoors while looking toward the camera. Their formal attire contrasts with the busy background, where people and vehicles are visible. The pair appear composed and confident, suggesting they may be attending a formal.",,/Users/yixiaoz/Desktop/cs348k_proj/outputs/controlNetScale/baseline_structural_canny/cfg_7p5_control_0p5/000000069213/target.png,/Users/yixiaoz/Desktop/cs348k_proj/outputs/controlNetScale/baseline_structural_canny/cfg_7p5_control_0p5/000000069213/canny.png,/Users/yixiaoz/Desktop/cs348k_proj/outputs/controlNetScale/baseline_structural_canny/cfg_7p5_control_0p5/000000069213/generated.png,empty_text_plus_canny,3,7.5,0.5,20,0.6482,0.4242,26.8784
44877,Two people are in a wheelchair and only one of them is holding a racket.,"Two people are positioned on a tennis court, one seated in a wheelchair while holding a tennis racket. The scene highlights adaptive sports and athletic participation regardless of physical ability. Both individuals focus on the activity taking place on the court, surrounded by fencing and.",,/Users/yixiaoz/Desktop/cs348k_proj/outputs/controlNetScale/baseline_structural_canny/cfg_7p5_control_0p5/000000044877/target.png,/Users/yixiaoz/Desktop/cs348k_proj/outputs/controlNetScale/baseline_structural_canny/cfg_7p5_control_0p5/000000044877/canny.png,/Users/yixiaoz/Desktop/cs348k_proj/outputs/controlNetScale/baseline_structural_canny/cfg_7p5_control_0p5/000000044877/generated.png,empty_text_plus_canny,3,7.5,0.5,20,0.6131,0.5671,24.622
74058,A sidewalk next to the outdoor sitting area of a restaurant.,"A black-and-white street scene shows a sidewalk café or restaurant with outdoor seating positioned beside a busy road. Bicycles are parked nearby while tables and chairs extend beneath awnings. Cars line the street and pedestrians move through the area. The monochrome presentation emphasizes geometry, shadows.",,/Users/yixiaoz/Desktop/cs348k_proj/outputs/controlNetScale/baseline_structural_canny/cfg_7p5_control_0p5/000000074058/target.png,/Users/yixiaoz/Desktop/cs348k_proj/outputs/controlNetScale/baseline_structural_canny/cfg_7p5_control_0p5/000000074058/canny.png,/Users/yixiaoz/Desktop/cs348k_proj/outputs/controlNetScale/baseline_structural_canny/cfg_7p5_control_0p5/000000074058/generated.png,empty_text_plus_canny,3,7.5,0.5,20,0.5868,0.6098,17.3109
69356,An Indian woman stands in front of a man selling his fruit,"A fruit vendor stands beside a colorful outdoor market stall filled with oranges, bananas, and other produce. A woman stands nearby while additional people move through the area. Trees and buildings line the background, suggesting a neighborhood street market. The image highlights small-scale commerce, local.",,/Users/yixiaoz/Desktop/cs348k_proj/outputs/controlNetScale/baseline_structural_canny/cfg_7p5_control_0p5/000000069356/target.png,/Users/yixiaoz/Desktop/cs348k_proj/outputs/controlNetScale/baseline_structural_canny/cfg_7p5_control_0p5/000000069356/canny.png,/Users/yixiaoz/Desktop/cs348k_proj/outputs/controlNetScale/baseline_structural_canny/cfg_7p5_control_0p5/000000069356/generated.png,empty_text_plus_canny,3,7.5,0.5,20,0.6447,0.5837,22.6054
57232,A chair is fashioned from baseball bats and two cushions.,"A chair has been creatively constructed from baseball bats and cushioned seating materials, transforming sporting equipment into functional furniture. Additional decorative items, including a globe and various objects, surround the unusual piece. The craftsmanship demonstrates artistic repurposing and design innovation. The image highlights the intersection.",,/Users/yixiaoz/Desktop/cs348k_proj/outputs/controlNetScale/baseline_structural_canny/cfg_7p5_control_0p5/000000057232/target.png,/Users/yixiaoz/Desktop/cs348k_proj/outputs/controlNetScale/baseline_structural_canny/cfg_7p5_control_0p5/000000057232/canny.png,/Users/yixiaoz/Desktop/cs348k_proj/outputs/controlNetScale/baseline_structural_canny/cfg_7p5_control_0p5/000000057232/generated.png,empty_text_plus_canny,3,7.5,0.5,20,0.6232,0.5078,26.4668
5193,A group of people pose for a picture while a man holds two surfboards.,"A group of people gathers indoors for a photograph while one individual holds two colorful surfboards upright. Several children and adults pose together, smiling toward the camera. The surfboards act as focal points, suggesting a beach, surfing, or recreational theme. The image captures a celebratory.",,/Users/yixiaoz/Desktop/cs348k_proj/outputs/controlNetScale/baseline_structural_canny/cfg_7p5_control_0p5/000000005193/target.png,/Users/yixiaoz/Desktop/cs348k_proj/outputs/controlNetScale/baseline_structural_canny/cfg_7p5_control_0p5/000000005193/canny.png,/Users/yixiaoz/Desktop/cs348k_proj/outputs/controlNetScale/baseline_structural_canny/cfg_7p5_control_0p5/000000005193/generated.png,empty_text_plus_canny,3,7.5,0.5,20,0.6824,0.4733,22.0893
94751,A traffic light and a signpost at a crossroads intersection near a waterway.,"Traffic lights and road signs stand at an intersection near a waterfront area. Fences, streets, and utility structures define the urban landscape while water and distant infrastructure appear in the background. The scene focuses on transportation systems and traffic management rather than people. The image.",,/Users/yixiaoz/Desktop/cs348k_proj/outputs/controlNetScale/baseline_structural_canny/cfg_7p5_control_0p5/000000094751/target.png,/Users/yixiaoz/Desktop/cs348k_proj/outputs/controlNetScale/baseline_structural_canny/cfg_7p5_control_0p5/000000094751/canny.png,/Users/yixiaoz/Desktop/cs348k_proj/outputs/controlNetScale/baseline_structural_canny/cfg_7p5_control_0p5/000000094751/generated.png,empty_text_plus_canny,3,7.5,0.5,20,0.6717,0.5809,26.0469
13546,Young man on skate board balancing on concrete barrier near sidewalk with small park area near by.,"A skateboarder balances on a concrete structure within a small park while performing a trick. The rider’s posture demonstrates concentration and control as wheels contact the edge of the obstacle. Grass, pathways, and recreational facilities surround the scene. The image captures motion and athletic skill.",,/Users/yixiaoz/Desktop/cs348k_proj/outputs/controlNetScale/baseline_structural_canny/cfg_7p5_control_0p5/000000013546/target.png,/Users/yixiaoz/Desktop/cs348k_proj/outputs/controlNetScale/baseline_structural_canny/cfg_7p5_control_0p5/000000013546/canny.png,/Users/yixiaoz/Desktop/cs348k_proj/outputs/controlNetScale/baseline_structural_canny/cfg_7p5_control_0p5/000000013546/generated.png,empty_text_plus_canny,3,7.5,0.5,20,0.6384,0.5994,24.7568
112378,A bunch of bananas on a wooden bench with hammocks in the background.,"A bunch of bananas rests on a wooden bench in an outdoor setting where hammocks and tropical vegetation appear in the background. The fruit is arranged casually, creating a simple still-life composition. Natural lighting and greenery contribute to a relaxed atmosphere. The image highlights everyday.",,/Users/yixiaoz/Desktop/cs348k_proj/outputs/controlNetScale/baseline_structural_canny/cfg_7p5_control_0p5/000000112378/target.png,/Users/yixiaoz/Desktop/cs348k_proj/outputs/controlNetScale/baseline_structural_canny/cfg_7p5_control_0p5/000000112378/canny.png,/Users/yixiaoz/Desktop/cs348k_proj/outputs/controlNetScale/baseline_structural_canny/cfg_7p5_control_0p5/000000112378/generated.png,empty_text_plus_canny,3,7.5,0.5,20,0.6993,0.6192,20.0504
57672,a river.A group of people with life jacket rowing a long boat in,"A long rowing boat moves across a calm river while a coordinated team of rowers wearing life jackets paddles together. Their synchronized effort propels the vessel through the water as spectators and shoreline features remain visible in the distance. The image highlights teamwork, endurance, and.",,/Users/yixiaoz/Desktop/cs348k_proj/outputs/controlNetScale/baseline_structural_canny/cfg_7p5_control_0p5/000000057672/target.png,/Users/yixiaoz/Desktop/cs348k_proj/outputs/controlNetScale/baseline_structural_canny/cfg_7p5_control_0p5/000000057672/canny.png,/Users/yixiaoz/Desktop/cs348k_proj/outputs/controlNetScale/baseline_structural_canny/cfg_7p5_control_0p5/000000057672/generated.png,empty_text_plus_canny,3,7.5,0.5,20,0.5894,0.3428,31.887
19432,He's almost got this tennis ball at the end of his racket.,"A tennis player focuses intensely on a ball approaching the racket during a match on a professional court. Stadium seating and fencing create the backdrop while the athlete prepares to make contact. The composition freezes a precise moment that requires timing, concentration, and technical skill.",,/Users/yixiaoz/Desktop/cs348k_proj/outputs/controlNetScale/baseline_structural_canny/cfg_7p5_control_0p5/000000019432/target.png,/Users/yixiaoz/Desktop/cs348k_proj/outputs/controlNetScale/baseline_structural_canny/cfg_7p5_control_0p5/000000019432/canny.png,/Users/yixiaoz/Desktop/cs348k_proj/outputs/controlNetScale/baseline_structural_canny/cfg_7p5_control_0p5/000000019432/generated.png,empty_text_plus_canny,3,7.5,0.5,20,0.6952,0.5605,21.5199
73702,A couple of guys standingoutside in the sun talking to each other.,"Several people stand together outdoors near a transportation or public-service area while engaged in conversation. Some individuals carry bags or wear protective clothing, suggesting travel, work, or transit-related activities. The scene appears candid and documentary in nature, focusing on social interaction rather than posed photography.",,/Users/yixiaoz/Desktop/cs348k_proj/outputs/controlNetScale/baseline_structural_canny/cfg_7p5_control_0p5/000000073702/target.png,/Users/yixiaoz/Desktop/cs348k_proj/outputs/controlNetScale/baseline_structural_canny/cfg_7p5_control_0p5/000000073702/canny.png,/Users/yixiaoz/Desktop/cs348k_proj/outputs/controlNetScale/baseline_structural_canny/cfg_7p5_control_0p5/000000073702/generated.png,empty_text_plus_canny,3,7.5,0.5,20,0.6161,0.5663,24.8618
84241,Three women cooking in a professional kitchen together.,"Three women work together inside a professional kitchen while preparing food. Large bowls of vegetables, cookware, and stainless-steel surfaces surround them as they coordinate meal preparation. The environment suggests a restaurant, catering operation, or culinary training setting. The image highlights teamwork, food service, and culinary.",,/Users/yixiaoz/Desktop/cs348k_proj/outputs/controlNetScale/baseline_structural_canny/cfg_7p5_control_0p5/000000084241/target.png,/Users/yixiaoz/Desktop/cs348k_proj/outputs/controlNetScale/baseline_structural_canny/cfg_7p5_control_0p5/000000084241/canny.png,/Users/yixiaoz/Desktop/cs348k_proj/outputs/controlNetScale/baseline_structural_canny/cfg_7p5_control_0p5/000000084241/generated.png,empty_text_plus_canny,3,7.5,0.5,20,0.6911,0.4489,25.8114
34417,Donuts traveling down an assembly line in a factory while people work behind it.,"Donuts move along a production line inside a bakery or food-processing facility while workers supervise operations in the background. Conveyors, trays, and industrial equipment are visible throughout the workspace. The image illustrates large-scale food production and the systems used to manufacture baked goods efficiently. It.",,/Users/yixiaoz/Desktop/cs348k_proj/outputs/controlNetScale/baseline_structural_canny/cfg_7p5_control_0p5/000000034417/target.png,/Users/yixiaoz/Desktop/cs348k_proj/outputs/controlNetScale/baseline_structural_canny/cfg_7p5_control_0p5/000000034417/canny.png,/Users/yixiaoz/Desktop/cs348k_proj/outputs/controlNetScale/baseline_structural_canny/cfg_7p5_control_0p5/000000034417/generated.png,empty_text_plus_canny,3,7.5,0.5,20,0.682,0.5805,19.5189
25181,A train station with an awning is depicted with a train on the right platform.,"A train station platform extends into the distance beneath a large canopy, creating strong lines and symmetry throughout the composition. A train sits along one side of the platform while signs and architectural details reinforce the sense of order. The black-and-white presentation emphasizes structure and.",,/Users/yixiaoz/Desktop/cs348k_proj/outputs/controlNetScale/baseline_structural_canny/cfg_7p5_control_0p5/000000025181/target.png,/Users/yixiaoz/Desktop/cs348k_proj/outputs/controlNetScale/baseline_structural_canny/cfg_7p5_control_0p5/000000025181/canny.png,/Users/yixiaoz/Desktop/cs348k_proj/outputs/controlNetScale/baseline_structural_canny/cfg_7p5_control_0p5/000000025181/generated.png,empty_text_plus_canny,3,7.5,0.5,20,0.5185,0.4097,29.6151
67213,"A dog jumping through the air above a pool of water that has been marked for distance, with people watching in the distance.","A dog leaps high above a pool during a dock-diving competition while spectators watch from behind barriers. The animal is captured midair, demonstrating athletic ability, speed, and confidence. Water, measuring equipment, and event organizers suggest a structured sporting competition. The image highlights the bond between.",,/Users/yixiaoz/Desktop/cs348k_proj/outputs/controlNetScale/baseline_structural_canny/cfg_7p5_control_0p5/000000067213/target.png,/Users/yixiaoz/Desktop/cs348k_proj/outputs/controlNetScale/baseline_structural_canny/cfg_7p5_control_0p5/000000067213/canny.png,/Users/yixiaoz/Desktop/cs348k_proj/outputs/controlNetScale/baseline_structural_canny/cfg_7p5_control_0p5/000000067213/generated.png,empty_text_plus_canny,3,7.5,0.5,20,0.601,0.6616,14.1382
94871,A group of people standing around sheep on a field.,"Several sheep stand together in a field while people gather nearby. Different breeds and wool colors create visual variety across the scene. The setting resembles an agricultural fair, livestock exhibition, or rural community event where animals are displayed and evaluated. The image highlights farming culture.",,/Users/yixiaoz/Desktop/cs348k_proj/outputs/controlNetScale/baseline_structural_canny/cfg_7p5_control_0p5/000000094871/target.png,/Users/yixiaoz/Desktop/cs348k_proj/outputs/controlNetScale/baseline_structural_canny/cfg_7p5_control_0p5/000000094871/canny.png,/Users/yixiaoz/Desktop/cs348k_proj/outputs/controlNetScale/baseline_structural_canny/cfg_7p5_control_0p5/000000094871/generated.png,empty_text_plus_canny,3,7.5,0.5,20,0.6175,0.5452,22.3665
2685,A crowd of people stand near a man behind a bar with wine bottles on it.,"Several people are gathered around a wooden bar counter inside a restaurant, tasting room, or social event space. A man stands behind the counter near shelves filled with wine bottles while customers stand close together and talk in small groups. The room appears warmly lit.",,/Users/yixiaoz/Desktop/cs348k_proj/outputs/controlNetScale/baseline_structural_canny/cfg_7p5_control_1p0/000000002685/target.png,/Users/yixiaoz/Desktop/cs348k_proj/outputs/controlNetScale/baseline_structural_canny/cfg_7p5_control_1p0/000000002685/canny.png,/Users/yixiaoz/Desktop/cs348k_proj/outputs/controlNetScale/baseline_structural_canny/cfg_7p5_control_1p0/000000002685/generated.png,empty_text_plus_canny,3,7.5,1.0,20,0.6054,0.4419,23.351
6763,A man and a women posing next to one another in front of a table.,"A man and a woman sit close together at a table inside a dimly lit restaurant or bar. The man wears a dress shirt and tie and has his arm around the smiling woman beside him. Plates, utensils, and drinks are visible on the table.",,/Users/yixiaoz/Desktop/cs348k_proj/outputs/controlNetScale/baseline_structural_canny/cfg_7p5_control_1p0/000000006763/target.png,/Users/yixiaoz/Desktop/cs348k_proj/outputs/controlNetScale/baseline_structural_canny/cfg_7p5_control_1p0/000000006763/canny.png,/Users/yixiaoz/Desktop/cs348k_proj/outputs/controlNetScale/baseline_structural_canny/cfg_7p5_control_1p0/000000006763/generated.png,empty_text_plus_canny,3,7.5,1.0,20,0.591,0.4742,26.271
87144,A baby sitting between a lady and a man on a bench under a tree.,"A woman, a young child, and an elderly man sit on a park bench beneath the shade of a tree. The woman sits on the left wearing a patterned dress, the child sits near the center, and the older man sits on the right wearing.",,/Users/yixiaoz/Desktop/cs348k_proj/outputs/controlNetScale/baseline_structural_canny/cfg_7p5_control_1p0/000000087144/target.png,/Users/yixiaoz/Desktop/cs348k_proj/outputs/controlNetScale/baseline_structural_canny/cfg_7p5_control_1p0/000000087144/canny.png,/Users/yixiaoz/Desktop/cs348k_proj/outputs/controlNetScale/baseline_structural_canny/cfg_7p5_control_1p0/000000087144/generated.png,empty_text_plus_canny,3,7.5,1.0,20,0.5583,0.4409,32.8932
2157,A table topped with a cake covered in berries next to a plate of sandwiches.,"A table covered with a red tablecloth is arranged with desserts and party food in an outdoor or bright dining setting. A large cake topped with blueberries and raspberries sits near the front beside plates of sandwiches, bread, grapes, wine glasses, napkins, and stacked dishes.",,/Users/yixiaoz/Desktop/cs348k_proj/outputs/controlNetScale/baseline_structural_canny/cfg_7p5_control_1p0/000000002157/target.png,/Users/yixiaoz/Desktop/cs348k_proj/outputs/controlNetScale/baseline_structural_canny/cfg_7p5_control_1p0/000000002157/canny.png,/Users/yixiaoz/Desktop/cs348k_proj/outputs/controlNetScale/baseline_structural_canny/cfg_7p5_control_1p0/000000002157/generated.png,empty_text_plus_canny,3,7.5,1.0,20,0.5552,0.3925,30.4198
14226,A person is sitting in a chair at a table with a laptop computer.,A man sits alone in a passenger train or railcar while using a laptop computer on a fold-out table in front of him. He wears a jacket and looks downward toward the screen with a focused expression. A large window beside him shows blurred scenery.,,/Users/yixiaoz/Desktop/cs348k_proj/outputs/controlNetScale/baseline_structural_canny/cfg_7p5_control_1p0/000000014226/target.png,/Users/yixiaoz/Desktop/cs348k_proj/outputs/controlNetScale/baseline_structural_canny/cfg_7p5_control_1p0/000000014226/canny.png,/Users/yixiaoz/Desktop/cs348k_proj/outputs/controlNetScale/baseline_structural_canny/cfg_7p5_control_1p0/000000014226/generated.png,empty_text_plus_canny,3,7.5,1.0,20,0.4819,0.4158,33.4903
35279,"A man laying his head down next to electronics, a butterfly, and a book.","A cluttered workspace or floor area contains several electronic devices and accessories arranged close together. A laptop displays a simple image on its screen, while a smartphone, cables, speakers, papers, a bottle, and other gadgets sit nearby. Part of a person’s face appears near the.",,/Users/yixiaoz/Desktop/cs348k_proj/outputs/controlNetScale/baseline_structural_canny/cfg_7p5_control_1p0/000000035279/target.png,/Users/yixiaoz/Desktop/cs348k_proj/outputs/controlNetScale/baseline_structural_canny/cfg_7p5_control_1p0/000000035279/canny.png,/Users/yixiaoz/Desktop/cs348k_proj/outputs/controlNetScale/baseline_structural_canny/cfg_7p5_control_1p0/000000035279/generated.png,empty_text_plus_canny,3,7.5,1.0,20,0.4952,0.2874,32.2134
31620,A woman in a white dress and a man in gray stand near a cake on a white table under a white canopy.,"Inside a large white event tent, a woman in a white dress and a man in a gray suit stand near a decorated table. The table is covered with a white cloth and appears to hold a cake or centerpiece. Soft light filters through the.",,/Users/yixiaoz/Desktop/cs348k_proj/outputs/controlNetScale/baseline_structural_canny/cfg_7p5_control_1p0/000000031620/target.png,/Users/yixiaoz/Desktop/cs348k_proj/outputs/controlNetScale/baseline_structural_canny/cfg_7p5_control_1p0/000000031620/canny.png,/Users/yixiaoz/Desktop/cs348k_proj/outputs/controlNetScale/baseline_structural_canny/cfg_7p5_control_1p0/000000031620/generated.png,empty_text_plus_canny,3,7.5,1.0,20,0.6176,0.6572,24.3067
95707,Several pastries sitting on aluminum foil next to a bowl with a knife and spatula in it.,"Several pastries and baked goods are arranged on aluminum foil on a table, with a bowl, knife, and spatula placed nearby for serving. The food includes rectangular pieces and a pale frosted or light-colored dessert item, suggesting a dessert spread or homemade baked selection. The.",,/Users/yixiaoz/Desktop/cs348k_proj/outputs/controlNetScale/baseline_structural_canny/cfg_7p5_control_1p0/000000095707/target.png,/Users/yixiaoz/Desktop/cs348k_proj/outputs/controlNetScale/baseline_structural_canny/cfg_7p5_control_1p0/000000095707/canny.png,/Users/yixiaoz/Desktop/cs348k_proj/outputs/controlNetScale/baseline_structural_canny/cfg_7p5_control_1p0/000000095707/generated.png,empty_text_plus_canny,3,7.5,1.0,20,0.5796,0.4909,22.8114
54605,Milkshake in tall glass and piece of cake on plate near forks.,"A tall milkshake in a glass is topped with whipped cream and placed on a restaurant table beside a slice of layered cake on a white plate. A fork, napkins, and other table items sit nearby, while the background is dim and softly blurred. The.",,/Users/yixiaoz/Desktop/cs348k_proj/outputs/controlNetScale/baseline_structural_canny/cfg_7p5_control_1p0/000000054605/target.png,/Users/yixiaoz/Desktop/cs348k_proj/outputs/controlNetScale/baseline_structural_canny/cfg_7p5_control_1p0/000000054605/canny.png,/Users/yixiaoz/Desktop/cs348k_proj/outputs/controlNetScale/baseline_structural_canny/cfg_7p5_control_1p0/000000054605/generated.png,empty_text_plus_canny,3,7.5,1.0,20,0.5575,0.4592,32.5742
27620,A laptop sitting on a desk next to a chair and another computer.,"A small home office or study area contains a glass-top desk, a laptop computer, a chair, and additional electronic equipment. The desk is positioned near a wall with windows and blinds, and another chair sits in front of the workspace. Cables, accessories, and a cup.",,/Users/yixiaoz/Desktop/cs348k_proj/outputs/controlNetScale/baseline_structural_canny/cfg_7p5_control_1p0/000000027620/target.png,/Users/yixiaoz/Desktop/cs348k_proj/outputs/controlNetScale/baseline_structural_canny/cfg_7p5_control_1p0/000000027620/canny.png,/Users/yixiaoz/Desktop/cs348k_proj/outputs/controlNetScale/baseline_structural_canny/cfg_7p5_control_1p0/000000027620/generated.png,empty_text_plus_canny,3,7.5,1.0,20,0.4337,0.3157,31.4525
66771,Two people sitting at a table with beverages on it and the woman holding her phone.,"Two people sit together at a restaurant table with beverages, cups, and small dishes in front of them. The man smiles while looking toward the woman, and the woman looks down at a smartphone in her hand. The table includes a drink with a straw.",,/Users/yixiaoz/Desktop/cs348k_proj/outputs/controlNetScale/baseline_structural_canny/cfg_7p5_control_1p0/000000066771/target.png,/Users/yixiaoz/Desktop/cs348k_proj/outputs/controlNetScale/baseline_structural_canny/cfg_7p5_control_1p0/000000066771/canny.png,/Users/yixiaoz/Desktop/cs348k_proj/outputs/controlNetScale/baseline_structural_canny/cfg_7p5_control_1p0/000000066771/generated.png,empty_text_plus_canny,3,7.5,1.0,20,0.5537,0.5509,29.4013
18575,"Two plates, one with a sandwich and fries, the other with just a sandwich and a pickle.","Two plates of food are served on a restaurant table. One plate contains a sandwich with French fries, while the other plate includes a sandwich and a pickle with sliced vegetables and condiments nearby. Drinks, small containers, and utensils surround the plates, suggesting a casual.",,/Users/yixiaoz/Desktop/cs348k_proj/outputs/controlNetScale/baseline_structural_canny/cfg_7p5_control_1p0/000000018575/target.png,/Users/yixiaoz/Desktop/cs348k_proj/outputs/controlNetScale/baseline_structural_canny/cfg_7p5_control_1p0/000000018575/canny.png,/Users/yixiaoz/Desktop/cs348k_proj/outputs/controlNetScale/baseline_structural_canny/cfg_7p5_control_1p0/000000018575/generated.png,empty_text_plus_canny,3,7.5,1.0,20,0.4753,0.478,28.9044
66817,This plate consists of rice with sauce and peas and meat patties on the side.,"A plate of food is photographed from above on a table, containing rice covered with sauce, peas, and several browned meat patties on the side. A cup of yogurt or creamy dessert and a small bowl of fruit sit near the plate, creating a complete.",,/Users/yixiaoz/Desktop/cs348k_proj/outputs/controlNetScale/baseline_structural_canny/cfg_7p5_control_1p0/000000066817/target.png,/Users/yixiaoz/Desktop/cs348k_proj/outputs/controlNetScale/baseline_structural_canny/cfg_7p5_control_1p0/000000066817/canny.png,/Users/yixiaoz/Desktop/cs348k_proj/outputs/controlNetScale/baseline_structural_canny/cfg_7p5_control_1p0/000000066817/generated.png,empty_text_plus_canny,3,7.5,1.0,20,0.6421,0.4773,25.5161
84674,a girl holds a baby eating a bagel with a boy standing next to them,"A woman sits indoors holding a small child who is eating a bagel or bread roll, while a young boy stands next to them facing the camera. The group appears to be in a restaurant, event space, or public indoor setting, with people and warm.",,/Users/yixiaoz/Desktop/cs348k_proj/outputs/controlNetScale/baseline_structural_canny/cfg_7p5_control_1p0/000000084674/target.png,/Users/yixiaoz/Desktop/cs348k_proj/outputs/controlNetScale/baseline_structural_canny/cfg_7p5_control_1p0/000000084674/canny.png,/Users/yixiaoz/Desktop/cs348k_proj/outputs/controlNetScale/baseline_structural_canny/cfg_7p5_control_1p0/000000084674/generated.png,empty_text_plus_canny,3,7.5,1.0,20,0.624,0.3969,25.4794
47112,A pizza served on a white plate next to empty wine glass and beer.,"A freshly baked pizza sits on a white plate on a restaurant table, with a glass of beer and an empty wine glass positioned behind it. The pizza has visible cheese and toppings, and the background contains tables, chairs, and restaurant décor. The low angle.",,/Users/yixiaoz/Desktop/cs348k_proj/outputs/controlNetScale/baseline_structural_canny/cfg_7p5_control_1p0/000000047112/target.png,/Users/yixiaoz/Desktop/cs348k_proj/outputs/controlNetScale/baseline_structural_canny/cfg_7p5_control_1p0/000000047112/canny.png,/Users/yixiaoz/Desktop/cs348k_proj/outputs/controlNetScale/baseline_structural_canny/cfg_7p5_control_1p0/000000047112/generated.png,empty_text_plus_canny,3,7.5,1.0,20,0.6341,0.5326,25.7911
59598,"A table with a laptop a plate with a muffin and a banana, a can and a cellphone.","An open laptop sits on a table in a classroom, meeting room, or conference setting. Nearby are a plate with a muffin and banana, a soda can, a mobile phone, and other small items. In the background, a presentation screen or projector area is visible.",,/Users/yixiaoz/Desktop/cs348k_proj/outputs/controlNetScale/baseline_structural_canny/cfg_7p5_control_1p0/000000059598/target.png,/Users/yixiaoz/Desktop/cs348k_proj/outputs/controlNetScale/baseline_structural_canny/cfg_7p5_control_1p0/000000059598/canny.png,/Users/yixiaoz/Desktop/cs348k_proj/outputs/controlNetScale/baseline_structural_canny/cfg_7p5_control_1p0/000000059598/generated.png,empty_text_plus_canny,3,7.5,1.0,20,0.5353,0.3061,30.2382
91779,Three hot dogs with different toppings lined up on a tabletop.,"Three hot dogs with different toppings are arranged side by side on a tray or tabletop. One appears topped with sauce or chili, another with bright red peppers, and the surrounding area contains side dishes, cups, and food wrappers. The close-up composition highlights the variety.",,/Users/yixiaoz/Desktop/cs348k_proj/outputs/controlNetScale/baseline_structural_canny/cfg_7p5_control_1p0/000000091779/target.png,/Users/yixiaoz/Desktop/cs348k_proj/outputs/controlNetScale/baseline_structural_canny/cfg_7p5_control_1p0/000000091779/canny.png,/Users/yixiaoz/Desktop/cs348k_proj/outputs/controlNetScale/baseline_structural_canny/cfg_7p5_control_1p0/000000091779/generated.png,empty_text_plus_canny,3,7.5,1.0,20,0.5321,0.4206,17.6427
22892,"A cat sitting on a table next to plants and a dog outside of a sliding glass door, looking in.","A gray cat sits indoors on a table beside potted plants near a sliding glass door, while a dog stands outside looking in through the glass. The cat faces downward toward the plants, and the dog is visible beyond the door on a balcony or.",,/Users/yixiaoz/Desktop/cs348k_proj/outputs/controlNetScale/baseline_structural_canny/cfg_7p5_control_1p0/000000022892/target.png,/Users/yixiaoz/Desktop/cs348k_proj/outputs/controlNetScale/baseline_structural_canny/cfg_7p5_control_1p0/000000022892/canny.png,/Users/yixiaoz/Desktop/cs348k_proj/outputs/controlNetScale/baseline_structural_canny/cfg_7p5_control_1p0/000000022892/generated.png,empty_text_plus_canny,3,7.5,1.0,20,0.5598,0.4769,22.8427
97337,This is a nice living room set up with two couches and a television.,"A cozy living room contains two couches arranged around a coffee table facing a television. The television displays a map or graphic image, while lamps, curtains, and decorative furniture create a warm indoor atmosphere. The room appears tidy and comfortable, with soft lighting and a.",,/Users/yixiaoz/Desktop/cs348k_proj/outputs/controlNetScale/baseline_structural_canny/cfg_7p5_control_1p0/000000097337/target.png,/Users/yixiaoz/Desktop/cs348k_proj/outputs/controlNetScale/baseline_structural_canny/cfg_7p5_control_1p0/000000097337/canny.png,/Users/yixiaoz/Desktop/cs348k_proj/outputs/controlNetScale/baseline_structural_canny/cfg_7p5_control_1p0/000000097337/generated.png,empty_text_plus_canny,3,7.5,1.0,20,0.5907,0.4261,30.452
10707,Man with video game controller in living room with onlooker seated nearby.,"Several people gather in a living room around a coffee table covered with drinks, snacks, and small items. One man stands holding a video game controller, while others sit nearby watching or participating. Sofas, warm lighting, and casual clothing create the feeling of a relaxed.",,/Users/yixiaoz/Desktop/cs348k_proj/outputs/controlNetScale/baseline_structural_canny/cfg_7p5_control_1p0/000000010707/target.png,/Users/yixiaoz/Desktop/cs348k_proj/outputs/controlNetScale/baseline_structural_canny/cfg_7p5_control_1p0/000000010707/canny.png,/Users/yixiaoz/Desktop/cs348k_proj/outputs/controlNetScale/baseline_structural_canny/cfg_7p5_control_1p0/000000010707/generated.png,empty_text_plus_canny,3,7.5,1.0,20,0.6575,0.4022,26.8154
65288,A yellow and green object with a brown bird perched on top of it.,"An ornate yellow and green decorative structure sits in the foreground, with a small brown bird perched on its top edge. Behind it, a crowd of people gathers outdoors near tables, chairs, plants, and shaded areas, suggesting a plaza, café, or public gathering space. The.",,/Users/yixiaoz/Desktop/cs348k_proj/outputs/controlNetScale/baseline_structural_canny/cfg_7p5_control_1p0/000000065288/target.png,/Users/yixiaoz/Desktop/cs348k_proj/outputs/controlNetScale/baseline_structural_canny/cfg_7p5_control_1p0/000000065288/canny.png,/Users/yixiaoz/Desktop/cs348k_proj/outputs/controlNetScale/baseline_structural_canny/cfg_7p5_control_1p0/000000065288/generated.png,empty_text_plus_canny,3,7.5,1.0,20,0.6031,0.5103,21.5753
116208,"A large pizza is shown on a table, with bottles and glasses of wine.","A large pizza topped with cheese, mushrooms, and other ingredients is placed on a raised stand at the center of a restaurant table. Wine bottles, glasses, plates, utensils, and small dishes surround it, suggesting a shared meal among several diners. The pizza is viewed from.",,/Users/yixiaoz/Desktop/cs348k_proj/outputs/controlNetScale/baseline_structural_canny/cfg_7p5_control_1p0/000000116208/target.png,/Users/yixiaoz/Desktop/cs348k_proj/outputs/controlNetScale/baseline_structural_canny/cfg_7p5_control_1p0/000000116208/canny.png,/Users/yixiaoz/Desktop/cs348k_proj/outputs/controlNetScale/baseline_structural_canny/cfg_7p5_control_1p0/000000116208/generated.png,empty_text_plus_canny,3,7.5,1.0,20,0.5303,0.4825,26.5155
74733,two flatbread pieces covered with different ingredients in between a flight of beers,"Two rectangular flatbread dishes topped with different ingredients are served on a wooden board beside a flight of beers. Several small glasses of beer, dipping containers, and additional drinkware are arranged around the food. The warm indoor lighting and tabletop presentation suggest a restaurant, pub.",,/Users/yixiaoz/Desktop/cs348k_proj/outputs/controlNetScale/baseline_structural_canny/cfg_7p5_control_1p0/000000074733/target.png,/Users/yixiaoz/Desktop/cs348k_proj/outputs/controlNetScale/baseline_structural_canny/cfg_7p5_control_1p0/000000074733/canny.png,/Users/yixiaoz/Desktop/cs348k_proj/outputs/controlNetScale/baseline_structural_canny/cfg_7p5_control_1p0/000000074733/generated.png,empty_text_plus_canny,3,7.5,1.0,20,0.5525,0.4346,30.882
114907,"A woman holding a milking attachment and standing in front of a cow, with a group of people in the audience.","A woman stands beside a large dairy cow while demonstrating or holding a milking attachment in front of a seated audience. The cow is positioned behind a metal barrier, and many people watch attentively from the foreground. The scene appears to be part of an.",,/Users/yixiaoz/Desktop/cs348k_proj/outputs/controlNetScale/baseline_structural_canny/cfg_7p5_control_1p0/000000114907/target.png,/Users/yixiaoz/Desktop/cs348k_proj/outputs/controlNetScale/baseline_structural_canny/cfg_7p5_control_1p0/000000114907/canny.png,/Users/yixiaoz/Desktop/cs348k_proj/outputs/controlNetScale/baseline_structural_canny/cfg_7p5_control_1p0/000000114907/generated.png,empty_text_plus_canny,3,7.5,1.0,20,0.4783,0.4256,23.0249
61333,The caramel-colored kitten is  lying on the small blanket on top of the unmade bed.,"An orange tabby kitten lies curled up on a small blanket placed on top of an unmade bed. The cat appears relaxed and sleepy, with its body tucked close and its head resting near the blanket. A bookshelf filled with books lines the background, adding.",,/Users/yixiaoz/Desktop/cs348k_proj/outputs/controlNetScale/baseline_structural_canny/cfg_7p5_control_1p0/000000061333/target.png,/Users/yixiaoz/Desktop/cs348k_proj/outputs/controlNetScale/baseline_structural_canny/cfg_7p5_control_1p0/000000061333/canny.png,/Users/yixiaoz/Desktop/cs348k_proj/outputs/controlNetScale/baseline_structural_canny/cfg_7p5_control_1p0/000000061333/generated.png,empty_text_plus_canny,3,7.5,1.0,20,0.6085,0.4779,31.0514
18837,A large truck on a city street with two works sitting on top and one worker climbing in through door.,"A large green utility truck is parked on a city street while workers perform maintenance tasks around it. One worker appears to be on top of the vehicle, and another is climbing into or standing near the door. Cars, buildings, traffic signs, and urban infrastructure.",,/Users/yixiaoz/Desktop/cs348k_proj/outputs/controlNetScale/baseline_structural_canny/cfg_7p5_control_1p0/000000018837/target.png,/Users/yixiaoz/Desktop/cs348k_proj/outputs/controlNetScale/baseline_structural_canny/cfg_7p5_control_1p0/000000018837/canny.png,/Users/yixiaoz/Desktop/cs348k_proj/outputs/controlNetScale/baseline_structural_canny/cfg_7p5_control_1p0/000000018837/generated.png,empty_text_plus_canny,3,7.5,1.0,20,0.5169,0.3287,30.9785
9914,"A sandwich, french fries, bowl of ketchup, onion slice, lettuce slice, tomato slice, and knife sit on the white plate.","A sandwich meal is served on a white plate with French fries, a small bowl of ketchup, sliced onion, tomato, lettuce, and a knife. The sandwich bun is topped with sesame seeds, and the fries are piled beside it. The close-up view focuses on the.",,/Users/yixiaoz/Desktop/cs348k_proj/outputs/controlNetScale/baseline_structural_canny/cfg_7p5_control_1p0/000000009914/target.png,/Users/yixiaoz/Desktop/cs348k_proj/outputs/controlNetScale/baseline_structural_canny/cfg_7p5_control_1p0/000000009914/canny.png,/Users/yixiaoz/Desktop/cs348k_proj/outputs/controlNetScale/baseline_structural_canny/cfg_7p5_control_1p0/000000009914/generated.png,empty_text_plus_canny,3,7.5,1.0,20,0.6342,0.5867,17.4733
39477,A beach towel covers a TV across from plants on the wall and in front of the window.,"A compact living room features a couch facing a television, with several plants placed near the window and on the wall. Natural light enters through a large curtained window, brightening the small room. A low table, rug, wall decorations, and shelving create a tidy residential.",,/Users/yixiaoz/Desktop/cs348k_proj/outputs/controlNetScale/baseline_structural_canny/cfg_7p5_control_1p0/000000039477/target.png,/Users/yixiaoz/Desktop/cs348k_proj/outputs/controlNetScale/baseline_structural_canny/cfg_7p5_control_1p0/000000039477/canny.png,/Users/yixiaoz/Desktop/cs348k_proj/outputs/controlNetScale/baseline_structural_canny/cfg_7p5_control_1p0/000000039477/generated.png,empty_text_plus_canny,3,7.5,1.0,20,0.4953,0.4032,28.5082
61108,A blue bicycle with a puppy in its basket is parked next to the bleacher steps.,"A blue bicycle is parked beside outdoor bleacher steps, with a small puppy sitting inside a basket attached to the front. The bicycle rests near concrete steps and railings, suggesting a sports field, park, or recreational area. The puppy sits securely in the basket and.",,/Users/yixiaoz/Desktop/cs348k_proj/outputs/controlNetScale/baseline_structural_canny/cfg_7p5_control_1p0/000000061108/target.png,/Users/yixiaoz/Desktop/cs348k_proj/outputs/controlNetScale/baseline_structural_canny/cfg_7p5_control_1p0/000000061108/canny.png,/Users/yixiaoz/Desktop/cs348k_proj/outputs/controlNetScale/baseline_structural_canny/cfg_7p5_control_1p0/000000061108/generated.png,empty_text_plus_canny,3,7.5,1.0,20,0.4737,0.385,27.6948
91615,"A kitchen has light wooden colored cabinetry, beige countertops, and stainless steel appliances in an open concept house.","A clean modern kitchen features light wooden cabinets, beige countertops, stainless steel appliances, and a sink built into a central counter area. A microwave, oven, refrigerator, dishwasher, and decorative flowers are visible throughout the room. The space appears bright, organized, and open, with neutral colors.",,/Users/yixiaoz/Desktop/cs348k_proj/outputs/controlNetScale/baseline_structural_canny/cfg_7p5_control_1p0/000000091615/target.png,/Users/yixiaoz/Desktop/cs348k_proj/outputs/controlNetScale/baseline_structural_canny/cfg_7p5_control_1p0/000000091615/canny.png,/Users/yixiaoz/Desktop/cs348k_proj/outputs/controlNetScale/baseline_structural_canny/cfg_7p5_control_1p0/000000091615/generated.png,empty_text_plus_canny,3,7.5,1.0,20,0.4288,0.195,32.0796
77396,A cat being lazy and a cat being nozy in a living room with tv and a laptop displaying the same things.,"Two cats are in a living room facing a television and a laptop displaying similar imagery. One cat stands upright near the television, appearing curious about the screen, while another cat lies on the floor nearby. The room contains a TV stand, small table, and.",,/Users/yixiaoz/Desktop/cs348k_proj/outputs/controlNetScale/baseline_structural_canny/cfg_7p5_control_1p0/000000077396/target.png,/Users/yixiaoz/Desktop/cs348k_proj/outputs/controlNetScale/baseline_structural_canny/cfg_7p5_control_1p0/000000077396/canny.png,/Users/yixiaoz/Desktop/cs348k_proj/outputs/controlNetScale/baseline_structural_canny/cfg_7p5_control_1p0/000000077396/generated.png,empty_text_plus_canny,3,7.5,1.0,20,0.4982,0.3922,32.7239
119233,A cat sprawled out over the top of a laptop computer keyboard.,"A black-and-white cat sprawls across the keyboard area of an open laptop on a wooden desk or counter. The cat lies comfortably with its body stretched over the computer, partially blocking the screen and keyboard. Various household objects, office supplies, and plants are visible around.",,/Users/yixiaoz/Desktop/cs348k_proj/outputs/controlNetScale/baseline_structural_canny/cfg_7p5_control_1p0/000000119233/target.png,/Users/yixiaoz/Desktop/cs348k_proj/outputs/controlNetScale/baseline_structural_canny/cfg_7p5_control_1p0/000000119233/canny.png,/Users/yixiaoz/Desktop/cs348k_proj/outputs/controlNetScale/baseline_structural_canny/cfg_7p5_control_1p0/000000119233/generated.png,empty_text_plus_canny,3,7.5,1.0,20,0.6357,0.4096,31.4029
2431,"A table with a plate, wine-filled glass, and bread, among other items","A restaurant table is set with a plate, a wine-filled glass, bread, napkins, utensils, and other dining items. The objects are arranged closely together on a wooden surface, suggesting an ongoing or prepared meal. The image is framed from above and at a slight angle.",,/Users/yixiaoz/Desktop/cs348k_proj/outputs/controlNetScale/baseline_structural_canny/cfg_7p5_control_1p0/000000002431/target.png,/Users/yixiaoz/Desktop/cs348k_proj/outputs/controlNetScale/baseline_structural_canny/cfg_7p5_control_1p0/000000002431/canny.png,/Users/yixiaoz/Desktop/cs348k_proj/outputs/controlNetScale/baseline_structural_canny/cfg_7p5_control_1p0/000000002431/generated.png,empty_text_plus_canny,3,7.5,1.0,20,0.4842,0.3402,29.2973
56344,"Looking down at a desktop with two monitors, a key board, mouse and cell phones on it.","A desk workstation contains two large computer monitors positioned side by side, along with a keyboard, mouse, mobile phones, and several electronic accessories. The screens display different windows or web pages, and cables and devices are spread across the desktop. The space appears dimly lit.",,/Users/yixiaoz/Desktop/cs348k_proj/outputs/controlNetScale/baseline_structural_canny/cfg_7p5_control_1p0/000000056344/target.png,/Users/yixiaoz/Desktop/cs348k_proj/outputs/controlNetScale/baseline_structural_canny/cfg_7p5_control_1p0/000000056344/canny.png,/Users/yixiaoz/Desktop/cs348k_proj/outputs/controlNetScale/baseline_structural_canny/cfg_7p5_control_1p0/000000056344/generated.png,empty_text_plus_canny,3,7.5,1.0,20,0.5857,0.4594,31.2089
54628,A tall multi layer cake sitting on top of a blue table cloth.,"A tall multi-layered decorative cake stands on a table covered with a blue tablecloth inside an elegant event venue. The cake is decorated with detailed patterns, flowers, and multiple tiers, making it the centerpiece of the room. Guests, tables, chairs, and chandeliers are visible in.",,/Users/yixiaoz/Desktop/cs348k_proj/outputs/controlNetScale/baseline_structural_canny/cfg_7p5_control_1p0/000000054628/target.png,/Users/yixiaoz/Desktop/cs348k_proj/outputs/controlNetScale/baseline_structural_canny/cfg_7p5_control_1p0/000000054628/canny.png,/Users/yixiaoz/Desktop/cs348k_proj/outputs/controlNetScale/baseline_structural_canny/cfg_7p5_control_1p0/000000054628/generated.png,empty_text_plus_canny,3,7.5,1.0,20,0.5237,0.3829,24.8299
110999,"A painting of a bowl of fruit sitting in front of another painting,","A framed painting of a bowl of fruit hangs above a table where a real bowl of fruit and decorative objects are arranged below it. The dark background and warm lighting create a still-life atmosphere, connecting the artwork to the physical objects in front of.",,/Users/yixiaoz/Desktop/cs348k_proj/outputs/controlNetScale/baseline_structural_canny/cfg_7p5_control_1p0/000000110999/target.png,/Users/yixiaoz/Desktop/cs348k_proj/outputs/controlNetScale/baseline_structural_canny/cfg_7p5_control_1p0/000000110999/canny.png,/Users/yixiaoz/Desktop/cs348k_proj/outputs/controlNetScale/baseline_structural_canny/cfg_7p5_control_1p0/000000110999/generated.png,empty_text_plus_canny,3,7.5,1.0,20,0.6345,0.4481,35.165
72795,a group of ball players playing on a field in front of an audience,"Baseball players are positioned on a field during a game while a large audience watches from the stadium seats. The batter stands near home plate, with the catcher and umpire crouched behind him and other players visible on the field. The scene is viewed from.",,/Users/yixiaoz/Desktop/cs348k_proj/outputs/controlNetScale/baseline_structural_canny/cfg_7p5_control_1p0/000000072795/target.png,/Users/yixiaoz/Desktop/cs348k_proj/outputs/controlNetScale/baseline_structural_canny/cfg_7p5_control_1p0/000000072795/canny.png,/Users/yixiaoz/Desktop/cs348k_proj/outputs/controlNetScale/baseline_structural_canny/cfg_7p5_control_1p0/000000072795/generated.png,empty_text_plus_canny,3,7.5,1.0,20,0.5488,0.436,26.4186
92091,A little girl is using the toy brush for a chew toy rather than brushing the teddy.,"A young girl wearing a bright pink dress stands inside a cozy room while holding a toy brush near a stuffed teddy bear. The room includes wooden walls, chairs, a television, artwork, and home furnishings. The child appears to be playing pretend, possibly brushing the.",,/Users/yixiaoz/Desktop/cs348k_proj/outputs/controlNetScale/baseline_structural_canny/cfg_7p5_control_1p0/000000092091/target.png,/Users/yixiaoz/Desktop/cs348k_proj/outputs/controlNetScale/baseline_structural_canny/cfg_7p5_control_1p0/000000092091/canny.png,/Users/yixiaoz/Desktop/cs348k_proj/outputs/controlNetScale/baseline_structural_canny/cfg_7p5_control_1p0/000000092091/generated.png,empty_text_plus_canny,3,7.5,1.0,20,0.5267,0.3326,29.4705
108253,there are two plates of food and a beer in the middle of the table,"Two plates of food and a beer bottle are arranged on a restaurant table. The plates contain sandwiches, fries, and other side dishes, while condiments and utensils sit nearby. The bottle of beer stands prominently near the center of the table, suggesting a casual meal.",,/Users/yixiaoz/Desktop/cs348k_proj/outputs/controlNetScale/baseline_structural_canny/cfg_7p5_control_1p0/000000108253/target.png,/Users/yixiaoz/Desktop/cs348k_proj/outputs/controlNetScale/baseline_structural_canny/cfg_7p5_control_1p0/000000108253/canny.png,/Users/yixiaoz/Desktop/cs348k_proj/outputs/controlNetScale/baseline_structural_canny/cfg_7p5_control_1p0/000000108253/generated.png,empty_text_plus_canny,3,7.5,1.0,20,0.642,0.6227,28.6814
80932,A little boy sits at a table in a restaurant eating a slice of pizza.,"A young boy sits at a restaurant table eating a large slice of pizza. He holds the pizza close to his mouth while leaning over a white plate, concentrating on the meal. Other diners and wooden booth seating are visible in the background, creating a.",,/Users/yixiaoz/Desktop/cs348k_proj/outputs/controlNetScale/baseline_structural_canny/cfg_7p5_control_1p0/000000080932/target.png,/Users/yixiaoz/Desktop/cs348k_proj/outputs/controlNetScale/baseline_structural_canny/cfg_7p5_control_1p0/000000080932/canny.png,/Users/yixiaoz/Desktop/cs348k_proj/outputs/controlNetScale/baseline_structural_canny/cfg_7p5_control_1p0/000000080932/generated.png,empty_text_plus_canny,3,7.5,1.0,20,0.6311,0.6533,20.2093
50811,A man in a suit sitting a table with an empty bowl and empty beer bottles.,A man wearing a gray suit jacket sits alone at a wooden dining table with an empty bowl and several empty beer bottles placed in front of him. He smiles toward the camera in a simple indoor setting with a plain light-colored background. The table.,,/Users/yixiaoz/Desktop/cs348k_proj/outputs/controlNetScale/baseline_structural_canny/cfg_7p5_control_1p0/000000050811/target.png,/Users/yixiaoz/Desktop/cs348k_proj/outputs/controlNetScale/baseline_structural_canny/cfg_7p5_control_1p0/000000050811/canny.png,/Users/yixiaoz/Desktop/cs348k_proj/outputs/controlNetScale/baseline_structural_canny/cfg_7p5_control_1p0/000000050811/generated.png,empty_text_plus_canny,3,7.5,1.0,20,0.5182,0.4234,30.8383
13659,A man typing on a laptop keyboard in a cluttered work environment.,"Several people work in a busy, cluttered office environment filled with desks, laptops, papers, cardboard boxes, and electronic equipment. A man in the foreground sits at a desk typing on a laptop while wearing headphones, and other people work in the background. The room looks.",,/Users/yixiaoz/Desktop/cs348k_proj/outputs/controlNetScale/baseline_structural_canny/cfg_7p5_control_1p0/000000013659/target.png,/Users/yixiaoz/Desktop/cs348k_proj/outputs/controlNetScale/baseline_structural_canny/cfg_7p5_control_1p0/000000013659/canny.png,/Users/yixiaoz/Desktop/cs348k_proj/outputs/controlNetScale/baseline_structural_canny/cfg_7p5_control_1p0/000000013659/generated.png,empty_text_plus_canny,3,7.5,1.0,20,0.5296,0.4798,29.8693
26465,The opened  laptop is sitting on the table along with other technological tools.,"An open laptop sits on a white tabletop surrounded by small technological tools and accessories, including a smartphone, a pen, and a compact electronic device. The laptop screen shows a dark desktop with a bright reflection near the center. The arrangement is simple and sparse.",,/Users/yixiaoz/Desktop/cs348k_proj/outputs/controlNetScale/baseline_structural_canny/cfg_7p5_control_1p0/000000026465/target.png,/Users/yixiaoz/Desktop/cs348k_proj/outputs/controlNetScale/baseline_structural_canny/cfg_7p5_control_1p0/000000026465/canny.png,/Users/yixiaoz/Desktop/cs348k_proj/outputs/controlNetScale/baseline_structural_canny/cfg_7p5_control_1p0/000000026465/generated.png,empty_text_plus_canny,3,7.5,1.0,20,0.5777,0.4234,30.6281
25096,A boy sitting in front of cake fashioned to look like a skateboard.,"A young boy wearing a blue sports jersey sits at a table looking down at a cake designed to resemble a skateboard. The cake is decorated with bright colors and small details, and the boy appears focused on it as if preparing to cut or.",,/Users/yixiaoz/Desktop/cs348k_proj/outputs/controlNetScale/baseline_structural_canny/cfg_7p5_control_1p0/000000025096/target.png,/Users/yixiaoz/Desktop/cs348k_proj/outputs/controlNetScale/baseline_structural_canny/cfg_7p5_control_1p0/000000025096/canny.png,/Users/yixiaoz/Desktop/cs348k_proj/outputs/controlNetScale/baseline_structural_canny/cfg_7p5_control_1p0/000000025096/generated.png,empty_text_plus_canny,3,7.5,1.0,20,0.579,0.4147,29.1306
26564,An office desk with a row of books and a desktop computer and laptop computer on the desk.,"An office desk is arranged with a desktop computer, laptop, keyboard, mouse, books, papers, and a row of binders or reference materials. The monitor displays a document or screen of text, and large windows brighten the workspace. The corner desk is compact but well equipped.",,/Users/yixiaoz/Desktop/cs348k_proj/outputs/controlNetScale/baseline_structural_canny/cfg_7p5_control_1p0/000000026564/target.png,/Users/yixiaoz/Desktop/cs348k_proj/outputs/controlNetScale/baseline_structural_canny/cfg_7p5_control_1p0/000000026564/canny.png,/Users/yixiaoz/Desktop/cs348k_proj/outputs/controlNetScale/baseline_structural_canny/cfg_7p5_control_1p0/000000026564/generated.png,empty_text_plus_canny,3,7.5,1.0,20,0.512,0.41,29.5076
12670,A large crowd of people walking around while one owns a teddy bear.,"A large crowd of people walks and gathers in a busy outdoor public space, possibly a street, plaza, or festival area. The scene contains many individuals of different ages wearing colorful clothing, and one person appears to carry or hold a teddy bear among the.",,/Users/yixiaoz/Desktop/cs348k_proj/outputs/controlNetScale/baseline_structural_canny/cfg_7p5_control_1p0/000000012670/target.png,/Users/yixiaoz/Desktop/cs348k_proj/outputs/controlNetScale/baseline_structural_canny/cfg_7p5_control_1p0/000000012670/canny.png,/Users/yixiaoz/Desktop/cs348k_proj/outputs/controlNetScale/baseline_structural_canny/cfg_7p5_control_1p0/000000012670/generated.png,empty_text_plus_canny,3,7.5,1.0,20,0.5903,0.4637,26.6086
9400,Sever people are sitting next to each other while using laptops.,"Several people sit close together around a table while using laptop computers in a dimly lit indoor environment. Multiple screens glow in front of them, and drinks, cables, and computer accessories are spread across the table. The group appears to be collaborating, studying, or working.",,/Users/yixiaoz/Desktop/cs348k_proj/outputs/controlNetScale/baseline_structural_canny/cfg_7p5_control_1p0/000000009400/target.png,/Users/yixiaoz/Desktop/cs348k_proj/outputs/controlNetScale/baseline_structural_canny/cfg_7p5_control_1p0/000000009400/canny.png,/Users/yixiaoz/Desktop/cs348k_proj/outputs/controlNetScale/baseline_structural_canny/cfg_7p5_control_1p0/000000009400/generated.png,empty_text_plus_canny,3,7.5,1.0,20,0.6342,0.6008,26.2976
92053,Three white dishes with three different sorts of food on them.,"Three white plates with different dishes are arranged on a restaurant table under warm, dim lighting. The food includes various items with sauces, sides, and garnishes, and a drink sits nearby. Utensils are placed on or beside the plates, suggesting the meal is in progress.",,/Users/yixiaoz/Desktop/cs348k_proj/outputs/controlNetScale/baseline_structural_canny/cfg_7p5_control_1p0/000000092053/target.png,/Users/yixiaoz/Desktop/cs348k_proj/outputs/controlNetScale/baseline_structural_canny/cfg_7p5_control_1p0/000000092053/canny.png,/Users/yixiaoz/Desktop/cs348k_proj/outputs/controlNetScale/baseline_structural_canny/cfg_7p5_control_1p0/000000092053/generated.png,empty_text_plus_canny,3,7.5,1.0,20,0.6059,0.3945,28.2697
74256,Two women standing in a train station looking at their phones.,"Two women stand together at an outdoor train station platform while looking down at their mobile phones. One woman wears a green scarf and dark clothing, while the other wears a patterned jacket. Train station signs, tracks, buildings, and platform structures appear in the background.",,/Users/yixiaoz/Desktop/cs348k_proj/outputs/controlNetScale/baseline_structural_canny/cfg_7p5_control_1p0/000000074256/target.png,/Users/yixiaoz/Desktop/cs348k_proj/outputs/controlNetScale/baseline_structural_canny/cfg_7p5_control_1p0/000000074256/canny.png,/Users/yixiaoz/Desktop/cs348k_proj/outputs/controlNetScale/baseline_structural_canny/cfg_7p5_control_1p0/000000074256/generated.png,empty_text_plus_canny,3,7.5,1.0,20,0.5303,0.5351,26.5827
7818,An illuminated floral display forms the centerpiece of the arrangement in this close up of a dining room table setting.,"A small illuminated floral display sits at the center of a dining table arranged with plates, napkins, glasses, and formal place settings. The image is softly focused with the centerpiece and table surface highlighted against a darker background. The scene appears elegant and quiet, possibly.",,/Users/yixiaoz/Desktop/cs348k_proj/outputs/controlNetScale/baseline_structural_canny/cfg_7p5_control_1p0/000000007818/target.png,/Users/yixiaoz/Desktop/cs348k_proj/outputs/controlNetScale/baseline_structural_canny/cfg_7p5_control_1p0/000000007818/canny.png,/Users/yixiaoz/Desktop/cs348k_proj/outputs/controlNetScale/baseline_structural_canny/cfg_7p5_control_1p0/000000007818/generated.png,empty_text_plus_canny,3,7.5,1.0,20,0.6578,0.4585,28.749
109313,A man holding a Wii game controller while standing in a living room.,"A man stands in a living room holding a Wii game controller while facing a television outside the frame. He wears casual clothes and stands among household items, toys, furniture, and a colorful floor mat. The room appears lived-in and informal, with a kitchen or.",,/Users/yixiaoz/Desktop/cs348k_proj/outputs/controlNetScale/baseline_structural_canny/cfg_7p5_control_1p0/000000109313/target.png,/Users/yixiaoz/Desktop/cs348k_proj/outputs/controlNetScale/baseline_structural_canny/cfg_7p5_control_1p0/000000109313/canny.png,/Users/yixiaoz/Desktop/cs348k_proj/outputs/controlNetScale/baseline_structural_canny/cfg_7p5_control_1p0/000000109313/generated.png,empty_text_plus_canny,3,7.5,1.0,20,0.4809,0.279,24.8578
116439,A woman with a straw style hat sitting on a small row boat in the water and accessory items hanging behind her on the land area.,"A woman wearing a straw-style hat sits in a small wooden boat floating on water, surrounded by colorful fabrics and hanging accessories near the shoreline. The scene appears to take place in a riverside or floating market environment, with reflections on the water and goods.",,/Users/yixiaoz/Desktop/cs348k_proj/outputs/controlNetScale/baseline_structural_canny/cfg_7p5_control_1p0/000000116439/target.png,/Users/yixiaoz/Desktop/cs348k_proj/outputs/controlNetScale/baseline_structural_canny/cfg_7p5_control_1p0/000000116439/canny.png,/Users/yixiaoz/Desktop/cs348k_proj/outputs/controlNetScale/baseline_structural_canny/cfg_7p5_control_1p0/000000116439/generated.png,empty_text_plus_canny,3,7.5,1.0,20,0.5827,0.5254,28.2829
11511,A sculpture of two women stting on a bench with their purses on the ground while people standing in a line behind them.,"A bronze sculpture of two women seated together on a bench is displayed in an outdoor public area. The figures sit close together with handbags or purses placed near their feet, and pedestrians stand or walk in the background. Strong light highlights the sculpture against.",,/Users/yixiaoz/Desktop/cs348k_proj/outputs/controlNetScale/baseline_structural_canny/cfg_7p5_control_1p0/000000011511/target.png,/Users/yixiaoz/Desktop/cs348k_proj/outputs/controlNetScale/baseline_structural_canny/cfg_7p5_control_1p0/000000011511/canny.png,/Users/yixiaoz/Desktop/cs348k_proj/outputs/controlNetScale/baseline_structural_canny/cfg_7p5_control_1p0/000000011511/generated.png,empty_text_plus_canny,3,7.5,1.0,20,0.5889,0.4743,28.1227
17714,A banana frittata next to a plate of decoratively cut fruit and a cup of coffee.,"A breakfast or brunch meal is arranged on a wooden table, including a banana frittata, a plate of decorative cut fruit, and a cup of coffee. Sunlight falls across the tabletop, casting shadows and giving the meal a bright morning feel. The dishes are neatly.",,/Users/yixiaoz/Desktop/cs348k_proj/outputs/controlNetScale/baseline_structural_canny/cfg_7p5_control_1p0/000000017714/target.png,/Users/yixiaoz/Desktop/cs348k_proj/outputs/controlNetScale/baseline_structural_canny/cfg_7p5_control_1p0/000000017714/canny.png,/Users/yixiaoz/Desktop/cs348k_proj/outputs/controlNetScale/baseline_structural_canny/cfg_7p5_control_1p0/000000017714/generated.png,empty_text_plus_canny,3,7.5,1.0,20,0.5412,0.4104,29.0315
15335,"a young child, lady , and man sitting in a booth at a table","A young child sits in a restaurant booth between adults at a table, with plates, drinks, and food items visible in the dim interior. The child appears to be eating or touching their mouth, while the adults sit close on either side. Warm lighting and.",,/Users/yixiaoz/Desktop/cs348k_proj/outputs/controlNetScale/baseline_structural_canny/cfg_7p5_control_1p0/000000015335/target.png,/Users/yixiaoz/Desktop/cs348k_proj/outputs/controlNetScale/baseline_structural_canny/cfg_7p5_control_1p0/000000015335/canny.png,/Users/yixiaoz/Desktop/cs348k_proj/outputs/controlNetScale/baseline_structural_canny/cfg_7p5_control_1p0/000000015335/generated.png,empty_text_plus_canny,3,7.5,1.0,20,0.6489,0.6581,14.313
113589,"Two containers containing quiche, a salad, apples and a banana on the side.","A healthy prepared meal is arranged in two clear food containers and a small side area, including a slice of quiche, green salad, apple slices, and a banana. The food is neatly separated and photographed from above against a plain background. The composition emphasizes balanced.",,/Users/yixiaoz/Desktop/cs348k_proj/outputs/controlNetScale/baseline_structural_canny/cfg_7p5_control_1p0/000000113589/target.png,/Users/yixiaoz/Desktop/cs348k_proj/outputs/controlNetScale/baseline_structural_canny/cfg_7p5_control_1p0/000000113589/canny.png,/Users/yixiaoz/Desktop/cs348k_proj/outputs/controlNetScale/baseline_structural_canny/cfg_7p5_control_1p0/000000113589/generated.png,empty_text_plus_canny,3,7.5,1.0,20,0.5827,0.4317,30.0402
1503,A picture of an iMac desktop next to a Mac laptop on a desk.,"An older Apple iMac desktop computer sits on a desk beside a Mac laptop and several computer accessories. A keyboard, mouse, speakers, and monitor are arranged across the workspace, creating a technology-focused setup. The desk is positioned near a window with blinds, and the white.",,/Users/yixiaoz/Desktop/cs348k_proj/outputs/controlNetScale/baseline_structural_canny/cfg_7p5_control_1p0/000000001503/target.png,/Users/yixiaoz/Desktop/cs348k_proj/outputs/controlNetScale/baseline_structural_canny/cfg_7p5_control_1p0/000000001503/canny.png,/Users/yixiaoz/Desktop/cs348k_proj/outputs/controlNetScale/baseline_structural_canny/cfg_7p5_control_1p0/000000001503/generated.png,empty_text_plus_canny,3,7.5,1.0,20,0.5325,0.568,24.2287
88848,"Multiple pictures of fire hydrants, a woman standing near a tree, and people posing in front of a boat.","A collage of multiple photographs shows several yellow fire hydrants, a woman standing near a tree, and people posing in front of a boat or outdoor landmark. The images are arranged together in a grid-like layout, combining different scenes into one visual composition. The subject.",,/Users/yixiaoz/Desktop/cs348k_proj/outputs/controlNetScale/baseline_structural_canny/cfg_7p5_control_1p0/000000088848/target.png,/Users/yixiaoz/Desktop/cs348k_proj/outputs/controlNetScale/baseline_structural_canny/cfg_7p5_control_1p0/000000088848/canny.png,/Users/yixiaoz/Desktop/cs348k_proj/outputs/controlNetScale/baseline_structural_canny/cfg_7p5_control_1p0/000000088848/generated.png,empty_text_plus_canny,3,7.5,1.0,20,0.4915,0.4963,38.655
6471,A man at bat waiting for a pitch with a catcher and umpire behind him and players from the opposing team in the dugout.,"A baseball player in a white uniform stands at home plate holding a bat while waiting for a pitch. A catcher and umpire crouch behind him, and members of the opposing team sit in the dugout watching the play. The green field and stadium seating.",,/Users/yixiaoz/Desktop/cs348k_proj/outputs/controlNetScale/baseline_structural_canny/cfg_7p5_control_1p0/000000006471/target.png,/Users/yixiaoz/Desktop/cs348k_proj/outputs/controlNetScale/baseline_structural_canny/cfg_7p5_control_1p0/000000006471/canny.png,/Users/yixiaoz/Desktop/cs348k_proj/outputs/controlNetScale/baseline_structural_canny/cfg_7p5_control_1p0/000000006471/generated.png,empty_text_plus_canny,3,7.5,1.0,20,0.506,0.4729,20.3869
92660,An unbaked pizza with cheese and herbs on one half and broccoli on the second.,"An uncooked pizza topped with cheese, herbs, and broccoli sits on a round baking tray or pan. One half of the pizza appears more heavily covered with broccoli, while the other has more cheese and herbs exposed. The crust and toppings are clearly visible from.",,/Users/yixiaoz/Desktop/cs348k_proj/outputs/controlNetScale/baseline_structural_canny/cfg_7p5_control_1p0/000000092660/target.png,/Users/yixiaoz/Desktop/cs348k_proj/outputs/controlNetScale/baseline_structural_canny/cfg_7p5_control_1p0/000000092660/canny.png,/Users/yixiaoz/Desktop/cs348k_proj/outputs/controlNetScale/baseline_structural_canny/cfg_7p5_control_1p0/000000092660/generated.png,empty_text_plus_canny,3,7.5,1.0,20,0.5862,0.3696,28.5098
105335,"A bowl of stew in a white bowl, being held by a person.","A bowl of stew in a white dish is being held by a person, with pieces of vegetables and meat visible in a warm broth. The stew contains colorful ingredients such as carrots, potatoes, and chunks of protein. The close-up framing focuses on the food.",,/Users/yixiaoz/Desktop/cs348k_proj/outputs/controlNetScale/baseline_structural_canny/cfg_7p5_control_1p0/000000105335/target.png,/Users/yixiaoz/Desktop/cs348k_proj/outputs/controlNetScale/baseline_structural_canny/cfg_7p5_control_1p0/000000105335/canny.png,/Users/yixiaoz/Desktop/cs348k_proj/outputs/controlNetScale/baseline_structural_canny/cfg_7p5_control_1p0/000000105335/generated.png,empty_text_plus_canny,3,7.5,1.0,20,0.6824,0.571,26.4764
117719,A man sits at a bar in front of dozens of bottles of alcohol.,"A man stands behind a warmly lit bar surrounded by dozens of bottles of alcohol arranged on shelves. The bar interior features dark wood, glowing lights, glassware, and a cozy pub-like atmosphere. The bartender or customer is partly silhouetted against the illuminated bottles, creating a.",,/Users/yixiaoz/Desktop/cs348k_proj/outputs/controlNetScale/baseline_structural_canny/cfg_7p5_control_1p0/000000117719/target.png,/Users/yixiaoz/Desktop/cs348k_proj/outputs/controlNetScale/baseline_structural_canny/cfg_7p5_control_1p0/000000117719/canny.png,/Users/yixiaoz/Desktop/cs348k_proj/outputs/controlNetScale/baseline_structural_canny/cfg_7p5_control_1p0/000000117719/generated.png,empty_text_plus_canny,3,7.5,1.0,20,0.5779,0.4977,33.2267
82085,A brightly colored train is stopped on the tracks to let passengers on.,"A brightly colored passenger train is stopped on railway tracks beside a platform, allowing passengers to board or exit. The train has yellow, blue, and red sections, and people stand nearby along the track area. Buildings, vegetation, and station infrastructure surround the scene. The image.",,/Users/yixiaoz/Desktop/cs348k_proj/outputs/controlNetScale/baseline_structural_canny/cfg_7p5_control_1p0/000000082085/target.png,/Users/yixiaoz/Desktop/cs348k_proj/outputs/controlNetScale/baseline_structural_canny/cfg_7p5_control_1p0/000000082085/canny.png,/Users/yixiaoz/Desktop/cs348k_proj/outputs/controlNetScale/baseline_structural_canny/cfg_7p5_control_1p0/000000082085/generated.png,empty_text_plus_canny,3,7.5,1.0,20,0.5635,0.4049,26.7285
70048,"A glass of wine sits next to a bowl of soup, salad, and a plate with a sandwich.","A restaurant meal is arranged on a table, including a glass of wine, a bowl of soup, a green salad, and a sandwich served on a round bread roll. Condiments, utensils, napkins, and additional dining items sit nearby. The overhead view emphasizes the variety and.",,/Users/yixiaoz/Desktop/cs348k_proj/outputs/controlNetScale/baseline_structural_canny/cfg_7p5_control_1p0/000000070048/target.png,/Users/yixiaoz/Desktop/cs348k_proj/outputs/controlNetScale/baseline_structural_canny/cfg_7p5_control_1p0/000000070048/canny.png,/Users/yixiaoz/Desktop/cs348k_proj/outputs/controlNetScale/baseline_structural_canny/cfg_7p5_control_1p0/000000070048/generated.png,empty_text_plus_canny,3,7.5,1.0,20,0.5385,0.3812,29.2324
3845,A dinner plate that has white steamed rice with stir fry vegetables and chicken.,A large dinner plate holds a mound of white steamed rice next to stir-fried vegetables and pieces of chicken in a colorful sauce. The food is arranged on a patterned plate and viewed from above on a wooden table. The bright vegetables and sauce contrast.,,/Users/yixiaoz/Desktop/cs348k_proj/outputs/controlNetScale/baseline_structural_canny/cfg_7p5_control_1p0/000000003845/target.png,/Users/yixiaoz/Desktop/cs348k_proj/outputs/controlNetScale/baseline_structural_canny/cfg_7p5_control_1p0/000000003845/canny.png,/Users/yixiaoz/Desktop/cs348k_proj/outputs/controlNetScale/baseline_structural_canny/cfg_7p5_control_1p0/000000003845/generated.png,empty_text_plus_canny,3,7.5,1.0,20,0.58,0.4299,21.5307
92939,a man and female standing side by side with a cake cutter in their hand,"A smiling man and woman stand side by side beside a small decorated cake, holding a cake knife together. The woman wears a light-colored strapless dress and the man wears a white shirt, suggesting a wedding, anniversary, or celebratory event. Palm trees and outdoor lighting.",,/Users/yixiaoz/Desktop/cs348k_proj/outputs/controlNetScale/baseline_structural_canny/cfg_7p5_control_1p0/000000092939/target.png,/Users/yixiaoz/Desktop/cs348k_proj/outputs/controlNetScale/baseline_structural_canny/cfg_7p5_control_1p0/000000092939/canny.png,/Users/yixiaoz/Desktop/cs348k_proj/outputs/controlNetScale/baseline_structural_canny/cfg_7p5_control_1p0/000000092939/generated.png,empty_text_plus_canny,3,7.5,1.0,20,0.5751,0.5203,31.337
1268,A waterway under a bridge with people sitting down and a woman taking a photo.,"People sit and relax under a large bridge beside a waterfront, with sunlight reflecting brightly off the water. A woman stands in the foreground taking a photograph, while several people sit along the edge facing the river. The bridge structure forms a strong curved frame.",,/Users/yixiaoz/Desktop/cs348k_proj/outputs/controlNetScale/baseline_structural_canny/cfg_7p5_control_1p0/000000001268/target.png,/Users/yixiaoz/Desktop/cs348k_proj/outputs/controlNetScale/baseline_structural_canny/cfg_7p5_control_1p0/000000001268/canny.png,/Users/yixiaoz/Desktop/cs348k_proj/outputs/controlNetScale/baseline_structural_canny/cfg_7p5_control_1p0/000000001268/generated.png,empty_text_plus_canny,3,7.5,1.0,20,0.5272,0.4287,31.094
33221,Two women at a beach with tennis rackets in their hands and one girl looking very excited with her tennis racket in the air.,"Two women stand on a sandy beach holding tennis rackets while people walk nearby in the background. One woman raises her racket enthusiastically above her head, while the other stands beside her wearing a hood or scarf. The beach, distant hills, flags, and open sky.",,/Users/yixiaoz/Desktop/cs348k_proj/outputs/controlNetScale/baseline_structural_canny/cfg_7p5_control_1p0/000000033221/target.png,/Users/yixiaoz/Desktop/cs348k_proj/outputs/controlNetScale/baseline_structural_canny/cfg_7p5_control_1p0/000000033221/canny.png,/Users/yixiaoz/Desktop/cs348k_proj/outputs/controlNetScale/baseline_structural_canny/cfg_7p5_control_1p0/000000033221/generated.png,empty_text_plus_canny,3,7.5,1.0,20,0.5803,0.5251,24.0088
68409,School boys sit cross legged in front of a chalkboard sign in a vintage black and white photo.,A vintage black-and-white photograph shows a group of schoolboys sitting cross-legged in a row in front of a chalkboard sign. The boys wear similar school uniforms and pose formally for the camera outdoors. Trees and a simple background are visible behind them. The image has.,,/Users/yixiaoz/Desktop/cs348k_proj/outputs/controlNetScale/baseline_structural_canny/cfg_7p5_control_1p0/000000068409/target.png,/Users/yixiaoz/Desktop/cs348k_proj/outputs/controlNetScale/baseline_structural_canny/cfg_7p5_control_1p0/000000068409/canny.png,/Users/yixiaoz/Desktop/cs348k_proj/outputs/controlNetScale/baseline_structural_canny/cfg_7p5_control_1p0/000000068409/generated.png,empty_text_plus_canny,3,7.5,1.0,20,0.5367,0.5441,21.0277
78170,"PASSENGER TRAIN IN THE NIGHT HOURS WITH NO SMOKING SIGN, AND TWO WOMEN","A black-and-white nighttime image shows passengers visible through the windows of a train car. A no-smoking sign and interior lights can be seen inside, while reflections and shadows create a dramatic atmosphere. Two women or passengers are visible near separate windows, framed by the train.",,/Users/yixiaoz/Desktop/cs348k_proj/outputs/controlNetScale/baseline_structural_canny/cfg_7p5_control_1p0/000000078170/target.png,/Users/yixiaoz/Desktop/cs348k_proj/outputs/controlNetScale/baseline_structural_canny/cfg_7p5_control_1p0/000000078170/canny.png,/Users/yixiaoz/Desktop/cs348k_proj/outputs/controlNetScale/baseline_structural_canny/cfg_7p5_control_1p0/000000078170/generated.png,empty_text_plus_canny,3,7.5,1.0,20,0.4453,0.3731,29.0093
62554,a plate of broccoli on a table next to some other plates of food,"A plate or bowl of broccoli sits on a table next to other plates of food, including pasta or noodles and additional dishes in the background. The broccoli is bright green and placed prominently in the foreground, while the other foods are slightly out of.",,/Users/yixiaoz/Desktop/cs348k_proj/outputs/controlNetScale/baseline_structural_canny/cfg_7p5_control_1p0/000000062554/target.png,/Users/yixiaoz/Desktop/cs348k_proj/outputs/controlNetScale/baseline_structural_canny/cfg_7p5_control_1p0/000000062554/canny.png,/Users/yixiaoz/Desktop/cs348k_proj/outputs/controlNetScale/baseline_structural_canny/cfg_7p5_control_1p0/000000062554/generated.png,empty_text_plus_canny,3,7.5,1.0,20,0.5993,0.447,28.6215
58539,"A man in a red hat, suit, and blue striped tie walks past two other men on a street.","A man wearing a bright red hat, dark suit, and blue striped tie walks along a city street while other men and pedestrians stand nearby. Cars, buildings, and urban activity fill the background. The red hat makes the man stand out clearly from the crowd.",,/Users/yixiaoz/Desktop/cs348k_proj/outputs/controlNetScale/baseline_structural_canny/cfg_7p5_control_1p0/000000058539/target.png,/Users/yixiaoz/Desktop/cs348k_proj/outputs/controlNetScale/baseline_structural_canny/cfg_7p5_control_1p0/000000058539/canny.png,/Users/yixiaoz/Desktop/cs348k_proj/outputs/controlNetScale/baseline_structural_canny/cfg_7p5_control_1p0/000000058539/generated.png,empty_text_plus_canny,3,7.5,1.0,20,0.5379,0.5215,21.5409
46031,A small tablet computer next to a larger monitor and keyboard.,"A laptop computer sits on a small desk beside a larger external monitor, keyboard, mouse, speakers, and other electronic devices. The laptop and monitor display green leaf or plant imagery, creating a matching visual theme across the screens. The desk is placed near a window.",,/Users/yixiaoz/Desktop/cs348k_proj/outputs/controlNetScale/baseline_structural_canny/cfg_7p5_control_1p0/000000046031/target.png,/Users/yixiaoz/Desktop/cs348k_proj/outputs/controlNetScale/baseline_structural_canny/cfg_7p5_control_1p0/000000046031/canny.png,/Users/yixiaoz/Desktop/cs348k_proj/outputs/controlNetScale/baseline_structural_canny/cfg_7p5_control_1p0/000000046031/generated.png,empty_text_plus_canny,3,7.5,1.0,20,0.534,0.3573,32.8495
9891,The man is loading luggage suitcases onto the cart in the parking lot.,"A man loads luggage and suitcases onto a metal cart in a parking lot filled with vehicles. He bends over while handling the bags beside a parked car, suggesting travel, airport transport, or hotel arrival. Other cars and a parking garage or covered structure are.",,/Users/yixiaoz/Desktop/cs348k_proj/outputs/controlNetScale/baseline_structural_canny/cfg_7p5_control_1p0/000000009891/target.png,/Users/yixiaoz/Desktop/cs348k_proj/outputs/controlNetScale/baseline_structural_canny/cfg_7p5_control_1p0/000000009891/canny.png,/Users/yixiaoz/Desktop/cs348k_proj/outputs/controlNetScale/baseline_structural_canny/cfg_7p5_control_1p0/000000009891/generated.png,empty_text_plus_canny,3,7.5,1.0,20,0.467,0.3748,28.0225
37777,The dining table near the kitchen has a bowl of fruit on it.,"A bright open kitchen and dining area features wooden cabinets, white appliances, tiled flooring, and a small table with a bowl of fruit on top. Sunlight enters through windows and illuminates the clean interior. The kitchen includes counters, a refrigerator, stove, and cabinets arranged along.",,/Users/yixiaoz/Desktop/cs348k_proj/outputs/controlNetScale/baseline_structural_canny/cfg_7p5_control_1p0/000000037777/target.png,/Users/yixiaoz/Desktop/cs348k_proj/outputs/controlNetScale/baseline_structural_canny/cfg_7p5_control_1p0/000000037777/canny.png,/Users/yixiaoz/Desktop/cs348k_proj/outputs/controlNetScale/baseline_structural_canny/cfg_7p5_control_1p0/000000037777/generated.png,empty_text_plus_canny,3,7.5,1.0,20,0.6108,0.4896,25.3088
65350,"Two young people are skateboarding on the ramp, trying to pull off tricks.","Two young people are skateboarding on a skate park ramp while attempting tricks. One skater lies or slides on the ramp with a skateboard nearby, while another stands or moves close by. Other people and bicycles are visible in the background near concrete walls. The.",,/Users/yixiaoz/Desktop/cs348k_proj/outputs/controlNetScale/baseline_structural_canny/cfg_7p5_control_1p0/000000065350/target.png,/Users/yixiaoz/Desktop/cs348k_proj/outputs/controlNetScale/baseline_structural_canny/cfg_7p5_control_1p0/000000065350/canny.png,/Users/yixiaoz/Desktop/cs348k_proj/outputs/controlNetScale/baseline_structural_canny/cfg_7p5_control_1p0/000000065350/generated.png,empty_text_plus_canny,3,7.5,1.0,20,0.5137,0.613,19.234
48396,A woman in a tan sweater holding a knife by a young boy in a plaid shirt.,"A woman wearing a tan or light-colored sweater stands beside a young boy in a plaid shirt near a table with cups and food items. The woman holds a knife, possibly preparing to cut or serve something. Both subjects face the camera in an indoor.",,/Users/yixiaoz/Desktop/cs348k_proj/outputs/controlNetScale/baseline_structural_canny/cfg_7p5_control_1p0/000000048396/target.png,/Users/yixiaoz/Desktop/cs348k_proj/outputs/controlNetScale/baseline_structural_canny/cfg_7p5_control_1p0/000000048396/canny.png,/Users/yixiaoz/Desktop/cs348k_proj/outputs/controlNetScale/baseline_structural_canny/cfg_7p5_control_1p0/000000048396/generated.png,empty_text_plus_canny,3,7.5,1.0,20,0.533,0.3662,27.5085
117908,A man looking in the refrigerator with a cat also looking inside,"A man bends over and looks inside an open refrigerator while a cat stands nearby also peering into the fridge. Food, bottles, and containers are visible on the refrigerator shelves, and the cat appears curious about the contents. The warm indoor lighting and humorous interaction.",,/Users/yixiaoz/Desktop/cs348k_proj/outputs/controlNetScale/baseline_structural_canny/cfg_7p5_control_1p0/000000117908/target.png,/Users/yixiaoz/Desktop/cs348k_proj/outputs/controlNetScale/baseline_structural_canny/cfg_7p5_control_1p0/000000117908/canny.png,/Users/yixiaoz/Desktop/cs348k_proj/outputs/controlNetScale/baseline_structural_canny/cfg_7p5_control_1p0/000000117908/generated.png,empty_text_plus_canny,3,7.5,1.0,20,0.606,0.5373,20.7752
97994,Three laptop computers and a desktop computer sit next to each other.,"Three laptop computers and a desktop workstation are arranged together on a desk in a compact home office or technical workspace. Several screens, keyboards, cables, and electronic accessories fill the tabletop, suggesting multitasking or computer-intensive work. A microphone or lamp stands near the setup, and.",,/Users/yixiaoz/Desktop/cs348k_proj/outputs/controlNetScale/baseline_structural_canny/cfg_7p5_control_1p0/000000097994/target.png,/Users/yixiaoz/Desktop/cs348k_proj/outputs/controlNetScale/baseline_structural_canny/cfg_7p5_control_1p0/000000097994/canny.png,/Users/yixiaoz/Desktop/cs348k_proj/outputs/controlNetScale/baseline_structural_canny/cfg_7p5_control_1p0/000000097994/generated.png,empty_text_plus_canny,3,7.5,1.0,20,0.4695,0.2905,30.1372
30785,A plate filled with a bowl of vegetables and two slices of bread with a spread on them.,"A plate holds a healthy meal consisting of a bowl of green vegetables, slices of bread topped with a spread, and additional fresh ingredients. The food is arranged neatly on a wooden table, with the bowl and bread sharing the plate. The overhead view emphasizes.",,/Users/yixiaoz/Desktop/cs348k_proj/outputs/controlNetScale/baseline_structural_canny/cfg_7p5_control_1p0/000000030785/target.png,/Users/yixiaoz/Desktop/cs348k_proj/outputs/controlNetScale/baseline_structural_canny/cfg_7p5_control_1p0/000000030785/canny.png,/Users/yixiaoz/Desktop/cs348k_proj/outputs/controlNetScale/baseline_structural_canny/cfg_7p5_control_1p0/000000030785/generated.png,empty_text_plus_canny,3,7.5,1.0,20,0.5315,0.4283,24.5117
76547,a male in a white shirt a bicycle and an orange and white train,"A man wearing a light-colored shirt sits at a table on a railway station platform near a parked bicycle. An orange and white passenger train is stopped alongside the platform, while overhead signs, metal beams, and station infrastructure extend into the background. The scene captures.",,/Users/yixiaoz/Desktop/cs348k_proj/outputs/controlNetScale/baseline_structural_canny/cfg_7p5_control_1p0/000000076547/target.png,/Users/yixiaoz/Desktop/cs348k_proj/outputs/controlNetScale/baseline_structural_canny/cfg_7p5_control_1p0/000000076547/canny.png,/Users/yixiaoz/Desktop/cs348k_proj/outputs/controlNetScale/baseline_structural_canny/cfg_7p5_control_1p0/000000076547/generated.png,empty_text_plus_canny,3,7.5,1.0,20,0.4991,0.4334,25.4308
116362,A small bowl filled with chopped vegetables and spoon,"A bowl filled with chopped fruit pieces sits on a wooden table with a spoon resting inside. The food appears freshly prepared, with colorful slices arranged casually in the bowl. The photograph is taken from above, focusing closely on the meal while leaving the surrounding.",,/Users/yixiaoz/Desktop/cs348k_proj/outputs/controlNetScale/baseline_structural_canny/cfg_7p5_control_1p0/000000116362/target.png,/Users/yixiaoz/Desktop/cs348k_proj/outputs/controlNetScale/baseline_structural_canny/cfg_7p5_control_1p0/000000116362/canny.png,/Users/yixiaoz/Desktop/cs348k_proj/outputs/controlNetScale/baseline_structural_canny/cfg_7p5_control_1p0/000000116362/generated.png,empty_text_plus_canny,3,7.5,1.0,20,0.6535,0.5258,27.3024
22371,A man in thought sitting in front of a laptop with a pen in his hand.,"A businessman sits at a desk in front of an open laptop computer while holding a pen and resting his head on one hand. He appears thoughtful and focused, possibly reviewing information or planning a project. The clean office setting includes a desk surface and.",,/Users/yixiaoz/Desktop/cs348k_proj/outputs/controlNetScale/baseline_structural_canny/cfg_7p5_control_1p0/000000022371/target.png,/Users/yixiaoz/Desktop/cs348k_proj/outputs/controlNetScale/baseline_structural_canny/cfg_7p5_control_1p0/000000022371/canny.png,/Users/yixiaoz/Desktop/cs348k_proj/outputs/controlNetScale/baseline_structural_canny/cfg_7p5_control_1p0/000000022371/generated.png,empty_text_plus_canny,3,7.5,1.0,20,0.5993,0.3897,31.2715
69224,A man and woman eating doughnuts out of a box at a coffee shop.,"A man and woman sit together at a table inside a café or coffee shop while sharing food from a box. Drinks, containers, and personal belongings are spread across the table. The pair appear engaged in conversation as they eat, creating a friendly and relaxed.",,/Users/yixiaoz/Desktop/cs348k_proj/outputs/controlNetScale/baseline_structural_canny/cfg_7p5_control_1p0/000000069224/target.png,/Users/yixiaoz/Desktop/cs348k_proj/outputs/controlNetScale/baseline_structural_canny/cfg_7p5_control_1p0/000000069224/canny.png,/Users/yixiaoz/Desktop/cs348k_proj/outputs/controlNetScale/baseline_structural_canny/cfg_7p5_control_1p0/000000069224/generated.png,empty_text_plus_canny,3,7.5,1.0,20,0.5257,0.453,30.6732
16249,It sure is a beautiful day to sit outside and read the paper.,"An older man sits outdoors on a bench reading a newspaper while enjoying a pleasant day in a public area. Several other people sit or stand nearby, creating a relaxed community setting. Sunlight illuminates the scene, and the man appears absorbed in reading while the.",,/Users/yixiaoz/Desktop/cs348k_proj/outputs/controlNetScale/baseline_structural_canny/cfg_7p5_control_1p0/000000016249/target.png,/Users/yixiaoz/Desktop/cs348k_proj/outputs/controlNetScale/baseline_structural_canny/cfg_7p5_control_1p0/000000016249/canny.png,/Users/yixiaoz/Desktop/cs348k_proj/outputs/controlNetScale/baseline_structural_canny/cfg_7p5_control_1p0/000000016249/generated.png,empty_text_plus_canny,3,7.5,1.0,20,0.4659,0.3879,22.4191
85157,A group of people sitting around a table have a meal and a drink.,"A group of people sit around a restaurant table sharing food and drinks. Plates, glasses, and table settings fill the dining area while the diners converse with one another. The gathering appears social and informal, with participants enjoying a meal together in a warm indoor.",,/Users/yixiaoz/Desktop/cs348k_proj/outputs/controlNetScale/baseline_structural_canny/cfg_7p5_control_1p0/000000085157/target.png,/Users/yixiaoz/Desktop/cs348k_proj/outputs/controlNetScale/baseline_structural_canny/cfg_7p5_control_1p0/000000085157/canny.png,/Users/yixiaoz/Desktop/cs348k_proj/outputs/controlNetScale/baseline_structural_canny/cfg_7p5_control_1p0/000000085157/generated.png,empty_text_plus_canny,3,7.5,1.0,20,0.5153,0.3361,32.4935
20571,A tugboat sits beside a ferry on placid water with a mountain in the distance.,"Several fishing boats are docked beside a harbor on calm water, with hills or mountains visible in the distance. Ropes, masts, and harbor equipment line the waterfront while the boats rest quietly along the dock. The scene reflects a working maritime environment and highlights the.",,/Users/yixiaoz/Desktop/cs348k_proj/outputs/controlNetScale/baseline_structural_canny/cfg_7p5_control_1p0/000000020571/target.png,/Users/yixiaoz/Desktop/cs348k_proj/outputs/controlNetScale/baseline_structural_canny/cfg_7p5_control_1p0/000000020571/canny.png,/Users/yixiaoz/Desktop/cs348k_proj/outputs/controlNetScale/baseline_structural_canny/cfg_7p5_control_1p0/000000020571/generated.png,empty_text_plus_canny,3,7.5,1.0,20,0.5064,0.3659,28.2401
84362,A toddler and cat are in a living room with open curtains.,"A toddler and a cat occupy a cozy living room illuminated by daylight coming through large windows with open curtains. Sofas and chairs surround the room, while the child sits or plays near the center of the space. The cat relaxes nearby, contributing to the.",,/Users/yixiaoz/Desktop/cs348k_proj/outputs/controlNetScale/baseline_structural_canny/cfg_7p5_control_1p0/000000084362/target.png,/Users/yixiaoz/Desktop/cs348k_proj/outputs/controlNetScale/baseline_structural_canny/cfg_7p5_control_1p0/000000084362/canny.png,/Users/yixiaoz/Desktop/cs348k_proj/outputs/controlNetScale/baseline_structural_canny/cfg_7p5_control_1p0/000000084362/generated.png,empty_text_plus_canny,3,7.5,1.0,20,0.4745,0.4825,25.934
62808,Man photographing a fresh pizza his tired buddy just wants to eat,"A freshly baked pizza sits on a table in a restaurant while one man photographs it with a camera or phone. Another man sits nearby waiting to eat, looking toward the meal. Plates and dining items surround the pizza, suggesting the meal is about to.",,/Users/yixiaoz/Desktop/cs348k_proj/outputs/controlNetScale/baseline_structural_canny/cfg_7p5_control_1p0/000000062808/target.png,/Users/yixiaoz/Desktop/cs348k_proj/outputs/controlNetScale/baseline_structural_canny/cfg_7p5_control_1p0/000000062808/canny.png,/Users/yixiaoz/Desktop/cs348k_proj/outputs/controlNetScale/baseline_structural_canny/cfg_7p5_control_1p0/000000062808/generated.png,empty_text_plus_canny,3,7.5,1.0,20,0.53,0.5396,26.5736
106235,A living room featuring a comfortable seating arrangement of chairs and tables.,"A comfortable living room features sofas, armchairs, lamps, and a coffee table arranged around a central seating area. Warm lighting and decorative furnishings create a welcoming atmosphere. The room appears carefully organized for relaxation and conversation, with furniture positioned to encourage social interaction. Soft colors.",,/Users/yixiaoz/Desktop/cs348k_proj/outputs/controlNetScale/baseline_structural_canny/cfg_7p5_control_1p0/000000106235/target.png,/Users/yixiaoz/Desktop/cs348k_proj/outputs/controlNetScale/baseline_structural_canny/cfg_7p5_control_1p0/000000106235/canny.png,/Users/yixiaoz/Desktop/cs348k_proj/outputs/controlNetScale/baseline_structural_canny/cfg_7p5_control_1p0/000000106235/generated.png,empty_text_plus_canny,3,7.5,1.0,20,0.6406,0.3995,28.8666
117425,A young boy with a spoon looking at a birthday cupcake.,"A young child sits at a wooden table while looking closely at a small birthday cupcake decorated with a candle. The toddler appears curious and fascinated by the treat positioned directly in front of them. An adult stands nearby, partially visible, supervising the moment. Warm.",,/Users/yixiaoz/Desktop/cs348k_proj/outputs/controlNetScale/baseline_structural_canny/cfg_7p5_control_1p0/000000117425/target.png,/Users/yixiaoz/Desktop/cs348k_proj/outputs/controlNetScale/baseline_structural_canny/cfg_7p5_control_1p0/000000117425/canny.png,/Users/yixiaoz/Desktop/cs348k_proj/outputs/controlNetScale/baseline_structural_canny/cfg_7p5_control_1p0/000000117425/generated.png,empty_text_plus_canny,3,7.5,1.0,20,0.5231,0.3423,32.1619
100624,A girl is standing by a storefront while talking on her phone.,"A young woman stands on a city sidewalk at night while talking on her mobile phone. Storefront windows, streetlights, and blurred city lights illuminate the background, creating an urban evening atmosphere. She appears focused on her conversation while standing near a shop entrance. The image.",,/Users/yixiaoz/Desktop/cs348k_proj/outputs/controlNetScale/baseline_structural_canny/cfg_7p5_control_1p0/000000100624/target.png,/Users/yixiaoz/Desktop/cs348k_proj/outputs/controlNetScale/baseline_structural_canny/cfg_7p5_control_1p0/000000100624/canny.png,/Users/yixiaoz/Desktop/cs348k_proj/outputs/controlNetScale/baseline_structural_canny/cfg_7p5_control_1p0/000000100624/generated.png,empty_text_plus_canny,3,7.5,1.0,20,0.6601,0.4905,33.1756
24243,"Two ladies seated with cups of drinks, one smoking while the other seated inside a fridge",Two women sit near a storefront or street-side seating area while holding drinks. One woman smokes a cigarette while the other sits inside a display-like enclosure resembling a refrigerator or booth. The unusual arrangement creates an eye-catching urban scene. Pedestrians and city elements appear in.,,/Users/yixiaoz/Desktop/cs348k_proj/outputs/controlNetScale/baseline_structural_canny/cfg_7p5_control_1p0/000000024243/target.png,/Users/yixiaoz/Desktop/cs348k_proj/outputs/controlNetScale/baseline_structural_canny/cfg_7p5_control_1p0/000000024243/canny.png,/Users/yixiaoz/Desktop/cs348k_proj/outputs/controlNetScale/baseline_structural_canny/cfg_7p5_control_1p0/000000024243/generated.png,empty_text_plus_canny,3,7.5,1.0,20,0.4918,0.4184,32.7428
31296,"A group of people, some in leftover US army clothing, sit at tables in a large dining room.","A large group of people gather around tables inside a spacious dining room decorated with military memorabilia and clothing. The diners appear engaged in conversation while sharing food and drinks. Wooden floors, warm lighting, and the arrangement of tables create a communal atmosphere. The image.",,/Users/yixiaoz/Desktop/cs348k_proj/outputs/controlNetScale/baseline_structural_canny/cfg_7p5_control_1p0/000000031296/target.png,/Users/yixiaoz/Desktop/cs348k_proj/outputs/controlNetScale/baseline_structural_canny/cfg_7p5_control_1p0/000000031296/canny.png,/Users/yixiaoz/Desktop/cs348k_proj/outputs/controlNetScale/baseline_structural_canny/cfg_7p5_control_1p0/000000031296/generated.png,empty_text_plus_canny,3,7.5,1.0,20,0.5612,0.4341,30.8294
40083,a vintage photo of some people sitting under an umbrella,"This black-and-white photograph shows several people seated beneath a large umbrella beside a street or outdoor market area. Tables, chairs, and nearby structures suggest a casual public gathering place. The monochrome presentation gives the image a vintage appearance, emphasizing everyday social activity and street life.",,/Users/yixiaoz/Desktop/cs348k_proj/outputs/controlNetScale/baseline_structural_canny/cfg_7p5_control_1p0/000000040083/target.png,/Users/yixiaoz/Desktop/cs348k_proj/outputs/controlNetScale/baseline_structural_canny/cfg_7p5_control_1p0/000000040083/canny.png,/Users/yixiaoz/Desktop/cs348k_proj/outputs/controlNetScale/baseline_structural_canny/cfg_7p5_control_1p0/000000040083/generated.png,empty_text_plus_canny,3,7.5,1.0,20,0.5042,0.4185,26.3552
36936,A man and woman sitting on a couch playing a video game.,"A man and woman sit together on a couch in a living room while playing a video game. A television displays the game in front of them, and snacks or drinks are visible on nearby tables. The indoor setting feels comfortable and informal, with warm.",,/Users/yixiaoz/Desktop/cs348k_proj/outputs/controlNetScale/baseline_structural_canny/cfg_7p5_control_1p0/000000036936/target.png,/Users/yixiaoz/Desktop/cs348k_proj/outputs/controlNetScale/baseline_structural_canny/cfg_7p5_control_1p0/000000036936/canny.png,/Users/yixiaoz/Desktop/cs348k_proj/outputs/controlNetScale/baseline_structural_canny/cfg_7p5_control_1p0/000000036936/generated.png,empty_text_plus_canny,3,7.5,1.0,20,0.6266,0.5284,22.0701
18150,A man with a receding hairline offers a slice of pizza to a toddler.,"A man with a receding hairline offers a slice of pizza to a young child seated nearby. The pair appear engaged in a friendly interaction, with the child focusing on the food being presented. The indoor setting suggests a casual family meal or gathering. The.",,/Users/yixiaoz/Desktop/cs348k_proj/outputs/controlNetScale/baseline_structural_canny/cfg_7p5_control_1p0/000000018150/target.png,/Users/yixiaoz/Desktop/cs348k_proj/outputs/controlNetScale/baseline_structural_canny/cfg_7p5_control_1p0/000000018150/canny.png,/Users/yixiaoz/Desktop/cs348k_proj/outputs/controlNetScale/baseline_structural_canny/cfg_7p5_control_1p0/000000018150/generated.png,empty_text_plus_canny,3,7.5,1.0,20,0.5446,0.3427,28.4055
115870,Some people hanging around in a living room with a big couch.,Several people relax in a spacious living room centered around a large couch and coffee table. Some sit while others stand and converse near large windows that bring natural light into the room. Household decorations and comfortable furniture create a welcoming atmosphere. The scene captures.,,/Users/yixiaoz/Desktop/cs348k_proj/outputs/controlNetScale/baseline_structural_canny/cfg_7p5_control_1p0/000000115870/target.png,/Users/yixiaoz/Desktop/cs348k_proj/outputs/controlNetScale/baseline_structural_canny/cfg_7p5_control_1p0/000000115870/canny.png,/Users/yixiaoz/Desktop/cs348k_proj/outputs/controlNetScale/baseline_structural_canny/cfg_7p5_control_1p0/000000115870/generated.png,empty_text_plus_canny,3,7.5,1.0,20,0.4436,0.4151,30.007
32901,Four men are standing together behind a group of red chairs.,"Four men stand together behind a row of red chairs in an indoor event or meeting room. They smile toward the camera and appear dressed in semi-formal attire, suggesting a gathering, celebration, or professional occasion. The composition resembles a group portrait, with the individuals positioned.",,/Users/yixiaoz/Desktop/cs348k_proj/outputs/controlNetScale/baseline_structural_canny/cfg_7p5_control_1p0/000000032901/target.png,/Users/yixiaoz/Desktop/cs348k_proj/outputs/controlNetScale/baseline_structural_canny/cfg_7p5_control_1p0/000000032901/canny.png,/Users/yixiaoz/Desktop/cs348k_proj/outputs/controlNetScale/baseline_structural_canny/cfg_7p5_control_1p0/000000032901/generated.png,empty_text_plus_canny,3,7.5,1.0,20,0.4788,0.2952,26.4166
25560,A cat perches on top of an entertainment center in front of a TV.,"A cat perches on top of an entertainment center directly in front of a television screen. The television displays a person on screen, while the cat appears more interested in the elevated resting spot than the program itself. Household electronics and furniture surround the scene.",,/Users/yixiaoz/Desktop/cs348k_proj/outputs/controlNetScale/baseline_structural_canny/cfg_7p5_control_1p0/000000025560/target.png,/Users/yixiaoz/Desktop/cs348k_proj/outputs/controlNetScale/baseline_structural_canny/cfg_7p5_control_1p0/000000025560/canny.png,/Users/yixiaoz/Desktop/cs348k_proj/outputs/controlNetScale/baseline_structural_canny/cfg_7p5_control_1p0/000000025560/generated.png,empty_text_plus_canny,3,7.5,1.0,20,0.5472,0.3743,30.4553
115245,Several suitcases on wheels leaning up against one long table with chairs.,"Several suitcases of different sizes stand upright beside a long table and a row of chairs in what appears to be a waiting area or meeting room. The luggage is grouped together on a polished wooden floor, suggesting recent travel, arrival, or preparation for departure.",,/Users/yixiaoz/Desktop/cs348k_proj/outputs/controlNetScale/baseline_structural_canny/cfg_7p5_control_1p0/000000115245/target.png,/Users/yixiaoz/Desktop/cs348k_proj/outputs/controlNetScale/baseline_structural_canny/cfg_7p5_control_1p0/000000115245/canny.png,/Users/yixiaoz/Desktop/cs348k_proj/outputs/controlNetScale/baseline_structural_canny/cfg_7p5_control_1p0/000000115245/generated.png,empty_text_plus_canny,3,7.5,1.0,20,0.5778,0.5572,24.7102
5001,A group of people holding a large pair of scissors to a ribbon.,"A crowd of adults and children gather around a ceremonial ribbon-cutting event. Several people smile and pose while a large pair of scissors is used to cut a ribbon stretched across the foreground. Balloons, cameras, and excited expressions contribute to the celebratory atmosphere. The gathering.",,/Users/yixiaoz/Desktop/cs348k_proj/outputs/controlNetScale/baseline_structural_canny/cfg_7p5_control_1p0/000000005001/target.png,/Users/yixiaoz/Desktop/cs348k_proj/outputs/controlNetScale/baseline_structural_canny/cfg_7p5_control_1p0/000000005001/canny.png,/Users/yixiaoz/Desktop/cs348k_proj/outputs/controlNetScale/baseline_structural_canny/cfg_7p5_control_1p0/000000005001/generated.png,empty_text_plus_canny,3,7.5,1.0,20,0.5261,0.4886,25.0366
3934,A young girl in the foreground and a woman in a bridal dress and other adults in the background.,"A young girl wearing a light-colored dress stands in the foreground of a living room while adults gather in the background. Motion blur gives the impression of movement and activity throughout the room. Furniture, decorations, and warm indoor lighting create a family-oriented atmosphere. The scene.",,/Users/yixiaoz/Desktop/cs348k_proj/outputs/controlNetScale/baseline_structural_canny/cfg_7p5_control_1p0/000000003934/target.png,/Users/yixiaoz/Desktop/cs348k_proj/outputs/controlNetScale/baseline_structural_canny/cfg_7p5_control_1p0/000000003934/canny.png,/Users/yixiaoz/Desktop/cs348k_proj/outputs/controlNetScale/baseline_structural_canny/cfg_7p5_control_1p0/000000003934/generated.png,empty_text_plus_canny,3,7.5,1.0,20,0.5359,0.4869,27.2618
91500,Two kids hanging out playing video games on folding chairs.,"Two young men sit on folding chairs while playing a video game together indoors. Each player holds a game controller and focuses on an off-camera television or display. The room contains tables, chairs, and household furnishings that suggest a casual social gathering. Their relaxed posture.",,/Users/yixiaoz/Desktop/cs348k_proj/outputs/controlNetScale/baseline_structural_canny/cfg_7p5_control_1p0/000000091500/target.png,/Users/yixiaoz/Desktop/cs348k_proj/outputs/controlNetScale/baseline_structural_canny/cfg_7p5_control_1p0/000000091500/canny.png,/Users/yixiaoz/Desktop/cs348k_proj/outputs/controlNetScale/baseline_structural_canny/cfg_7p5_control_1p0/000000091500/generated.png,empty_text_plus_canny,3,7.5,1.0,20,0.5721,0.3737,36.8603
82696,a white and black bird is walking by a table and some chairs,"A white and black bird walks across the floor of an indoor dining area filled with tables and chairs. The bird moves freely between the furniture, creating an unusual contrast between wildlife and a human-designed environment. Empty chairs and table arrangements suggest a cafeteria, restaurant.",,/Users/yixiaoz/Desktop/cs348k_proj/outputs/controlNetScale/baseline_structural_canny/cfg_7p5_control_1p0/000000082696/target.png,/Users/yixiaoz/Desktop/cs348k_proj/outputs/controlNetScale/baseline_structural_canny/cfg_7p5_control_1p0/000000082696/canny.png,/Users/yixiaoz/Desktop/cs348k_proj/outputs/controlNetScale/baseline_structural_canny/cfg_7p5_control_1p0/000000082696/generated.png,empty_text_plus_canny,3,7.5,1.0,20,0.5382,0.3618,35.8371
25986,"Food is on the counter including a glass of water, rice, vegetables, and more","Several plates of food are arranged on a kitchen counter, including vegetables, rice, and prepared dishes ready to be served. Bowls, utensils, and drinking glasses surround the meal preparation area. The countertop is busy with ingredients and completed dishes, suggesting an active cooking session or.",,/Users/yixiaoz/Desktop/cs348k_proj/outputs/controlNetScale/baseline_structural_canny/cfg_7p5_control_1p0/000000025986/target.png,/Users/yixiaoz/Desktop/cs348k_proj/outputs/controlNetScale/baseline_structural_canny/cfg_7p5_control_1p0/000000025986/canny.png,/Users/yixiaoz/Desktop/cs348k_proj/outputs/controlNetScale/baseline_structural_canny/cfg_7p5_control_1p0/000000025986/generated.png,empty_text_plus_canny,3,7.5,1.0,20,0.5199,0.3683,29.2745
17899,Woman working with large assortment of baked goods at kitchen table.,An older woman works at a kitchen table covered with baking supplies and a large assortment of cookies or pastries. Trays of baked goods are arranged across the tabletop while ingredients and utensils remain nearby. The woman appears focused on decorating or organizing the treats.,,/Users/yixiaoz/Desktop/cs348k_proj/outputs/controlNetScale/baseline_structural_canny/cfg_7p5_control_1p0/000000017899/target.png,/Users/yixiaoz/Desktop/cs348k_proj/outputs/controlNetScale/baseline_structural_canny/cfg_7p5_control_1p0/000000017899/canny.png,/Users/yixiaoz/Desktop/cs348k_proj/outputs/controlNetScale/baseline_structural_canny/cfg_7p5_control_1p0/000000017899/generated.png,empty_text_plus_canny,3,7.5,1.0,20,0.546,0.4146,26.5321
36494,"A crowd of people sitting in a room, with a clock tower in front.","A large crowd gathers inside a spacious hall featuring an enormous illuminated clock structure mounted on the wall. People sit and stand around tables while enjoying food, drinks, and conversation. The architecture, lighting, and oversized clock create a dramatic focal point within the room. The.",,/Users/yixiaoz/Desktop/cs348k_proj/outputs/controlNetScale/baseline_structural_canny/cfg_7p5_control_1p0/000000036494/target.png,/Users/yixiaoz/Desktop/cs348k_proj/outputs/controlNetScale/baseline_structural_canny/cfg_7p5_control_1p0/000000036494/canny.png,/Users/yixiaoz/Desktop/cs348k_proj/outputs/controlNetScale/baseline_structural_canny/cfg_7p5_control_1p0/000000036494/generated.png,empty_text_plus_canny,3,7.5,1.0,20,0.4879,0.3111,31.1708
24610,There is a laptop computer in a room with a couch and a bookcase.,"A quiet room contains a desk with a laptop computer, bookshelves filled with books, and a couch positioned along one wall. Warm lighting and simple furnishings create a calm, comfortable environment suitable for reading, studying, or working. The arrangement suggests a personal living space or.",,/Users/yixiaoz/Desktop/cs348k_proj/outputs/controlNetScale/baseline_structural_canny/cfg_7p5_control_1p0/000000024610/target.png,/Users/yixiaoz/Desktop/cs348k_proj/outputs/controlNetScale/baseline_structural_canny/cfg_7p5_control_1p0/000000024610/canny.png,/Users/yixiaoz/Desktop/cs348k_proj/outputs/controlNetScale/baseline_structural_canny/cfg_7p5_control_1p0/000000024610/generated.png,empty_text_plus_canny,3,7.5,1.0,20,0.7243,0.5791,26.1989
18380,a family sitting around a long table filled with a lot of food,"A large family gathers around a long dining table filled with food, drinks, and serving dishes. Adults and children smile toward the camera while seated closely together in a warm home environment. The table is crowded with meals prepared for sharing, creating a festive atmosphere.",,/Users/yixiaoz/Desktop/cs348k_proj/outputs/controlNetScale/baseline_structural_canny/cfg_7p5_control_1p0/000000018380/target.png,/Users/yixiaoz/Desktop/cs348k_proj/outputs/controlNetScale/baseline_structural_canny/cfg_7p5_control_1p0/000000018380/canny.png,/Users/yixiaoz/Desktop/cs348k_proj/outputs/controlNetScale/baseline_structural_canny/cfg_7p5_control_1p0/000000018380/generated.png,empty_text_plus_canny,3,7.5,1.0,20,0.515,0.2745,30.9417
102411,Two people sitting on a motorcycle in the street next to a beach.,"Two people sit on a motorcycle parked beside a waterfront area near a beach. The ocean, shoreline, and distant scenery provide a scenic backdrop while the riders pause along the road. Nearby pedestrians and open coastal views contribute to the relaxed atmosphere. The image combines.",,/Users/yixiaoz/Desktop/cs348k_proj/outputs/controlNetScale/baseline_structural_canny/cfg_7p5_control_1p0/000000102411/target.png,/Users/yixiaoz/Desktop/cs348k_proj/outputs/controlNetScale/baseline_structural_canny/cfg_7p5_control_1p0/000000102411/canny.png,/Users/yixiaoz/Desktop/cs348k_proj/outputs/controlNetScale/baseline_structural_canny/cfg_7p5_control_1p0/000000102411/generated.png,empty_text_plus_canny,3,7.5,1.0,20,0.4915,0.5171,32.9444
99053,"A bowl of noodles, meat, broccoli and carrots in a sauce with a fork.","A bowl of noodles mixed with meat, broccoli, carrots, and vegetables sits on a table with a fork resting inside. The colorful ingredients are coated in sauce and arranged casually within the bowl. The close-up perspective focuses attention on the meal while minimizing background distractions.",,/Users/yixiaoz/Desktop/cs348k_proj/outputs/controlNetScale/baseline_structural_canny/cfg_7p5_control_1p0/000000099053/target.png,/Users/yixiaoz/Desktop/cs348k_proj/outputs/controlNetScale/baseline_structural_canny/cfg_7p5_control_1p0/000000099053/canny.png,/Users/yixiaoz/Desktop/cs348k_proj/outputs/controlNetScale/baseline_structural_canny/cfg_7p5_control_1p0/000000099053/generated.png,empty_text_plus_canny,3,7.5,1.0,20,0.5477,0.4517,21.1552
84650,THERE IS A CAT THAT IS SITTION ON TOP OF THE SUITCASE,A cat rests comfortably on top of a large suitcase surrounded by luggage and travel bags. The animal appears relaxed despite sitting among items associated with movement and transportation. The scene suggests preparation for a trip or recent arrival. The contrast between the cat’s calm.,,/Users/yixiaoz/Desktop/cs348k_proj/outputs/controlNetScale/baseline_structural_canny/cfg_7p5_control_1p0/000000084650/target.png,/Users/yixiaoz/Desktop/cs348k_proj/outputs/controlNetScale/baseline_structural_canny/cfg_7p5_control_1p0/000000084650/canny.png,/Users/yixiaoz/Desktop/cs348k_proj/outputs/controlNetScale/baseline_structural_canny/cfg_7p5_control_1p0/000000084650/generated.png,empty_text_plus_canny,3,7.5,1.0,20,0.5709,0.6319,22.292
114049,"People inside a commuter train, with their luggage and bicycles.","Passengers stand inside a crowded train car surrounded by luggage, bicycles, and personal belongings. The narrow aisle is filled with travelers preparing for or continuing their journey. Bicycle wheels, suitcases, and overhead fixtures emphasize the transportation setting. The image captures the realities of public transit.",,/Users/yixiaoz/Desktop/cs348k_proj/outputs/controlNetScale/baseline_structural_canny/cfg_7p5_control_1p0/000000114049/target.png,/Users/yixiaoz/Desktop/cs348k_proj/outputs/controlNetScale/baseline_structural_canny/cfg_7p5_control_1p0/000000114049/canny.png,/Users/yixiaoz/Desktop/cs348k_proj/outputs/controlNetScale/baseline_structural_canny/cfg_7p5_control_1p0/000000114049/generated.png,empty_text_plus_canny,3,7.5,1.0,20,0.6181,0.6037,22.703
100723,Crown marching in one direction in a lightly attended protest.,"A group of protesters march through a public street carrying signs and banners while moving together in the same direction. Participants of different ages fill the scene, creating a visible demonstration of collective action. The signs suggest support for a social or political cause, while.",,/Users/yixiaoz/Desktop/cs348k_proj/outputs/controlNetScale/baseline_structural_canny/cfg_7p5_control_1p0/000000100723/target.png,/Users/yixiaoz/Desktop/cs348k_proj/outputs/controlNetScale/baseline_structural_canny/cfg_7p5_control_1p0/000000100723/canny.png,/Users/yixiaoz/Desktop/cs348k_proj/outputs/controlNetScale/baseline_structural_canny/cfg_7p5_control_1p0/000000100723/generated.png,empty_text_plus_canny,3,7.5,1.0,20,0.502,0.319,31.0427
40471,A painted white kitchen with a refrigerator and an automatic dish washer next to an oven stove.,"A clean white kitchen contains a refrigerator, oven, dishwasher, cabinets, and countertops arranged in a practical layout. Bright lighting reflects off the appliances and tiled surfaces, creating an organized and modern appearance. The room appears ready for cooking and daily household use. The image emphasizes.",,/Users/yixiaoz/Desktop/cs348k_proj/outputs/controlNetScale/baseline_structural_canny/cfg_7p5_control_1p0/000000040471/target.png,/Users/yixiaoz/Desktop/cs348k_proj/outputs/controlNetScale/baseline_structural_canny/cfg_7p5_control_1p0/000000040471/canny.png,/Users/yixiaoz/Desktop/cs348k_proj/outputs/controlNetScale/baseline_structural_canny/cfg_7p5_control_1p0/000000040471/generated.png,empty_text_plus_canny,3,7.5,1.0,20,0.5561,0.4127,28.6361
100238,A family standing next to each other while holding frisbees.,"A family stands outdoors together while holding colorful frisbees. Adults and children pose side by side in a grassy area, appearing relaxed and cheerful. The open environment suggests a park, recreational field, or family gathering. Their casual clothing and outdoor setting contribute to a friendly.",,/Users/yixiaoz/Desktop/cs348k_proj/outputs/controlNetScale/baseline_structural_canny/cfg_7p5_control_1p0/000000100238/target.png,/Users/yixiaoz/Desktop/cs348k_proj/outputs/controlNetScale/baseline_structural_canny/cfg_7p5_control_1p0/000000100238/canny.png,/Users/yixiaoz/Desktop/cs348k_proj/outputs/controlNetScale/baseline_structural_canny/cfg_7p5_control_1p0/000000100238/generated.png,empty_text_plus_canny,3,7.5,1.0,20,0.459,0.3425,26.6234
39484,A street full of cars that are driving and parked and a group of people sitting outside eating.,"Cars move along a city street lined with buildings, storefronts, and restaurants. Some people sit outside dining establishments while traffic passes through the urban area. Signs, parked vehicles, and commercial activity contribute to a lively downtown atmosphere. The image captures the interaction between transportation, business.",,/Users/yixiaoz/Desktop/cs348k_proj/outputs/controlNetScale/baseline_structural_canny/cfg_7p5_control_1p0/000000039484/target.png,/Users/yixiaoz/Desktop/cs348k_proj/outputs/controlNetScale/baseline_structural_canny/cfg_7p5_control_1p0/000000039484/canny.png,/Users/yixiaoz/Desktop/cs348k_proj/outputs/controlNetScale/baseline_structural_canny/cfg_7p5_control_1p0/000000039484/generated.png,empty_text_plus_canny,3,7.5,1.0,20,0.4838,0.3079,26.3702
13729,A group of people playing with a Wii in the living room.,"Several people stand in a living room while playing a Nintendo Wii video game. Participants face a television and appear engaged in the activity, moving their bodies as part of the gameplay. Household furniture, decorations, and open floor space provide room for interaction. The image.",,/Users/yixiaoz/Desktop/cs348k_proj/outputs/controlNetScale/baseline_structural_canny/cfg_7p5_control_1p0/000000013729/target.png,/Users/yixiaoz/Desktop/cs348k_proj/outputs/controlNetScale/baseline_structural_canny/cfg_7p5_control_1p0/000000013729/canny.png,/Users/yixiaoz/Desktop/cs348k_proj/outputs/controlNetScale/baseline_structural_canny/cfg_7p5_control_1p0/000000013729/generated.png,empty_text_plus_canny,3,7.5,1.0,20,0.4864,0.4539,29.9067
80340,a small child wearing a tie and holding a suitcase with other people in the background,"A small child wearing a dress shirt, tie, and formal clothing stands on a sidewalk holding a rolling suitcase. Adults and other people gather nearby in the background, suggesting a family event, celebration, or travel occasion. The child’s serious posture contrasts with the oversized luggage.",,/Users/yixiaoz/Desktop/cs348k_proj/outputs/controlNetScale/baseline_structural_canny/cfg_7p5_control_1p0/000000080340/target.png,/Users/yixiaoz/Desktop/cs348k_proj/outputs/controlNetScale/baseline_structural_canny/cfg_7p5_control_1p0/000000080340/canny.png,/Users/yixiaoz/Desktop/cs348k_proj/outputs/controlNetScale/baseline_structural_canny/cfg_7p5_control_1p0/000000080340/generated.png,empty_text_plus_canny,3,7.5,1.0,20,0.4023,0.3322,34.3024
38829,Two boys riding on a single bicycle on a city street,"Two people ride together through a busy city street on a single bicycle while surrounded by scooters, motorcycles, and other commuters. Urban storefronts, signs, and passing vehicles create a lively transportation scene. The riders appear relaxed as they navigate traffic alongside other travelers. The image.",,/Users/yixiaoz/Desktop/cs348k_proj/outputs/controlNetScale/baseline_structural_canny/cfg_7p5_control_1p0/000000038829/target.png,/Users/yixiaoz/Desktop/cs348k_proj/outputs/controlNetScale/baseline_structural_canny/cfg_7p5_control_1p0/000000038829/canny.png,/Users/yixiaoz/Desktop/cs348k_proj/outputs/controlNetScale/baseline_structural_canny/cfg_7p5_control_1p0/000000038829/generated.png,empty_text_plus_canny,3,7.5,1.0,20,0.5783,0.4093,29.4831
66841,"A whimsical artistic toaster has eyes, a mouth, a nose, spoon feet, spoon ears, and a mixing beater tail.","A whimsical toaster has been creatively decorated with eyes, a nose, spoon-shaped ears, and other objects to resemble a human face. The appliance stands upright in a kitchen or dining area, transforming an ordinary household item into a playful character. Surrounding utensils and decorative elements.",,/Users/yixiaoz/Desktop/cs348k_proj/outputs/controlNetScale/baseline_structural_canny/cfg_7p5_control_1p0/000000066841/target.png,/Users/yixiaoz/Desktop/cs348k_proj/outputs/controlNetScale/baseline_structural_canny/cfg_7p5_control_1p0/000000066841/canny.png,/Users/yixiaoz/Desktop/cs348k_proj/outputs/controlNetScale/baseline_structural_canny/cfg_7p5_control_1p0/000000066841/generated.png,empty_text_plus_canny,3,7.5,1.0,20,0.5065,0.42,24.7082
25386,A man and woman are sitting together while the man eats with chopsticks.,"A man and woman sit together at a restaurant table while sharing a meal. Plates of food, chopsticks, drinks, and condiments are arranged in front of them as they look toward the camera. The indoor dining environment appears casual and welcoming. Their expressions suggest a.",,/Users/yixiaoz/Desktop/cs348k_proj/outputs/controlNetScale/baseline_structural_canny/cfg_7p5_control_1p0/000000025386/target.png,/Users/yixiaoz/Desktop/cs348k_proj/outputs/controlNetScale/baseline_structural_canny/cfg_7p5_control_1p0/000000025386/canny.png,/Users/yixiaoz/Desktop/cs348k_proj/outputs/controlNetScale/baseline_structural_canny/cfg_7p5_control_1p0/000000025386/generated.png,empty_text_plus_canny,3,7.5,1.0,20,0.5012,0.3558,31.7666
83531,A BBQ topped with lots of sausages sitting side by side.,"Several sausages cook on a barbecue grill above glowing heat while metal tongs rest nearby. The close-up perspective focuses on the food as it browns and develops grill marks. Smoke, cooking equipment, and the outdoor setting suggest a backyard gathering or cookout. The image emphasizes.",,/Users/yixiaoz/Desktop/cs348k_proj/outputs/controlNetScale/baseline_structural_canny/cfg_7p5_control_1p0/000000083531/target.png,/Users/yixiaoz/Desktop/cs348k_proj/outputs/controlNetScale/baseline_structural_canny/cfg_7p5_control_1p0/000000083531/canny.png,/Users/yixiaoz/Desktop/cs348k_proj/outputs/controlNetScale/baseline_structural_canny/cfg_7p5_control_1p0/000000083531/generated.png,empty_text_plus_canny,3,7.5,1.0,20,0.6313,0.6438,25.9801
98392,"A photo of a busy intersection with a bus, several cars and a clock tower.","A busy city intersection contains multiple cars, a bus, and a prominent clock tower rising above nearby buildings. Traffic moves through the streets while pedestrians and commercial activity contribute to the urban atmosphere. Architectural details and transportation infrastructure create a recognizable downtown setting. The image.",,/Users/yixiaoz/Desktop/cs348k_proj/outputs/controlNetScale/baseline_structural_canny/cfg_7p5_control_1p0/000000098392/target.png,/Users/yixiaoz/Desktop/cs348k_proj/outputs/controlNetScale/baseline_structural_canny/cfg_7p5_control_1p0/000000098392/canny.png,/Users/yixiaoz/Desktop/cs348k_proj/outputs/controlNetScale/baseline_structural_canny/cfg_7p5_control_1p0/000000098392/generated.png,empty_text_plus_canny,3,7.5,1.0,20,0.5331,0.3722,25.7741
12576,An elderly woman seated at a table holding three pizzas.,"An elderly woman sits at a dining table with several pizzas placed in front of her. Glasses, dishes, and table settings suggest a meal shared with others outside the frame. The warm indoor environment creates a comfortable and social atmosphere. The image highlights casual dining.",,/Users/yixiaoz/Desktop/cs348k_proj/outputs/controlNetScale/baseline_structural_canny/cfg_7p5_control_1p0/000000012576/target.png,/Users/yixiaoz/Desktop/cs348k_proj/outputs/controlNetScale/baseline_structural_canny/cfg_7p5_control_1p0/000000012576/canny.png,/Users/yixiaoz/Desktop/cs348k_proj/outputs/controlNetScale/baseline_structural_canny/cfg_7p5_control_1p0/000000012576/generated.png,empty_text_plus_canny,3,7.5,1.0,20,0.5936,0.6108,25.2595
22705,A woman in a short black dress is holding a champagne flute and standing in front of a refrigerator.,"A woman wearing a black dress stands confidently in a kitchen while holding a champagne flute. Stainless steel appliances, wooden cabinets, and household furnishings form the background. Her posture and expression suggest she may be attending a celebration, gathering, or special occasion. The image combines.",,/Users/yixiaoz/Desktop/cs348k_proj/outputs/controlNetScale/baseline_structural_canny/cfg_7p5_control_1p0/000000022705/target.png,/Users/yixiaoz/Desktop/cs348k_proj/outputs/controlNetScale/baseline_structural_canny/cfg_7p5_control_1p0/000000022705/canny.png,/Users/yixiaoz/Desktop/cs348k_proj/outputs/controlNetScale/baseline_structural_canny/cfg_7p5_control_1p0/000000022705/generated.png,empty_text_plus_canny,3,7.5,1.0,20,0.523,0.4063,30.3321
26204,A group of cars waiting at an intersection for the light to change,"Cars wait at an urban intersection lined with buildings, trees, and traffic infrastructure. Vehicles occupy multiple lanes as they pause for a traffic signal before continuing through the city. Sidewalks, storefronts, and street signs contribute to the metropolitan atmosphere. The image emphasizes transportation systems, traffic.",,/Users/yixiaoz/Desktop/cs348k_proj/outputs/controlNetScale/baseline_structural_canny/cfg_7p5_control_1p0/000000026204/target.png,/Users/yixiaoz/Desktop/cs348k_proj/outputs/controlNetScale/baseline_structural_canny/cfg_7p5_control_1p0/000000026204/canny.png,/Users/yixiaoz/Desktop/cs348k_proj/outputs/controlNetScale/baseline_structural_canny/cfg_7p5_control_1p0/000000026204/generated.png,empty_text_plus_canny,3,7.5,1.0,20,0.4076,0.3143,28.93
31248,"Living room with white chairs and couches, fireplace and books on bookshelves.","A bright living room features white chairs, comfortable couches, bookshelves, and a fireplace serving as the central focal point. Decorative lamps, framed artwork, and neatly arranged furniture create an elegant and inviting atmosphere. Natural light and balanced interior design contribute to the room’s spacious appearance.",,/Users/yixiaoz/Desktop/cs348k_proj/outputs/controlNetScale/baseline_structural_canny/cfg_7p5_control_1p0/000000031248/target.png,/Users/yixiaoz/Desktop/cs348k_proj/outputs/controlNetScale/baseline_structural_canny/cfg_7p5_control_1p0/000000031248/canny.png,/Users/yixiaoz/Desktop/cs348k_proj/outputs/controlNetScale/baseline_structural_canny/cfg_7p5_control_1p0/000000031248/generated.png,empty_text_plus_canny,3,7.5,1.0,20,0.3857,0.2888,26.9843
107339,A pretty young lady standing in front of a couch behind a wooden table.,"A woman stands in a modern room near a couch and low wooden tables while another person sits nearby. Bright walls, large windows, and contemporary furniture create a clean and open interior space. The standing woman appears to be speaking, presenting, or interacting with the.",,/Users/yixiaoz/Desktop/cs348k_proj/outputs/controlNetScale/baseline_structural_canny/cfg_7p5_control_1p0/000000107339/target.png,/Users/yixiaoz/Desktop/cs348k_proj/outputs/controlNetScale/baseline_structural_canny/cfg_7p5_control_1p0/000000107339/canny.png,/Users/yixiaoz/Desktop/cs348k_proj/outputs/controlNetScale/baseline_structural_canny/cfg_7p5_control_1p0/000000107339/generated.png,empty_text_plus_canny,3,7.5,1.0,20,0.6768,0.593,26.439
87476,two people standing on the same skateboard and holding each other up.,"Two young people stand together at a public event while holding skateboards and interacting with one another. One person wears a helmet while colorful vehicles and event displays appear in the background. Their posture suggests friendship, instruction, or support during a skateboarding activity. The image.",,/Users/yixiaoz/Desktop/cs348k_proj/outputs/controlNetScale/baseline_structural_canny/cfg_7p5_control_1p0/000000087476/target.png,/Users/yixiaoz/Desktop/cs348k_proj/outputs/controlNetScale/baseline_structural_canny/cfg_7p5_control_1p0/000000087476/canny.png,/Users/yixiaoz/Desktop/cs348k_proj/outputs/controlNetScale/baseline_structural_canny/cfg_7p5_control_1p0/000000087476/generated.png,empty_text_plus_canny,3,7.5,1.0,20,0.5288,0.3549,31.4095
78748,"A couple of motorcycles in front of sign, with people standing around.","Several motorcycles are parked in front of a display area featuring brand signage while people gather nearby. The polished bikes are arranged for viewing, suggesting a motorcycle show, dealership event, or public exhibition. Spectators walk around the display, examining the vehicles and socializing. The image.",,/Users/yixiaoz/Desktop/cs348k_proj/outputs/controlNetScale/baseline_structural_canny/cfg_7p5_control_1p0/000000078748/target.png,/Users/yixiaoz/Desktop/cs348k_proj/outputs/controlNetScale/baseline_structural_canny/cfg_7p5_control_1p0/000000078748/canny.png,/Users/yixiaoz/Desktop/cs348k_proj/outputs/controlNetScale/baseline_structural_canny/cfg_7p5_control_1p0/000000078748/generated.png,empty_text_plus_canny,3,7.5,1.0,20,0.601,0.4859,33.1219
29596,"A room with a couch, table set with dinnerware and a television.","A hotel-style room contains a couch, television, dining table, and neatly arranged place settings. Warm lighting, curtains, and decorative furnishings create a comfortable and welcoming atmosphere. The table is prepared for a meal, suggesting hospitality or room service. The image highlights interior design, temporary accommodations.",,/Users/yixiaoz/Desktop/cs348k_proj/outputs/controlNetScale/baseline_structural_canny/cfg_7p5_control_1p0/000000029596/target.png,/Users/yixiaoz/Desktop/cs348k_proj/outputs/controlNetScale/baseline_structural_canny/cfg_7p5_control_1p0/000000029596/canny.png,/Users/yixiaoz/Desktop/cs348k_proj/outputs/controlNetScale/baseline_structural_canny/cfg_7p5_control_1p0/000000029596/generated.png,empty_text_plus_canny,3,7.5,1.0,20,0.4553,0.3036,27.6386
33854,"parked cars, motorcycles and buses on a cobblestone parking lot next to a street.","Cars, buses, and motorcycles occupy a cobblestone parking area near a city street lined with buildings. The scene contains multiple forms of transportation gathered within a shared urban space. Pedestrians move through the area while parked vehicles await their drivers. The image captures urban infrastructure.",,/Users/yixiaoz/Desktop/cs348k_proj/outputs/controlNetScale/baseline_structural_canny/cfg_7p5_control_1p0/000000033854/target.png,/Users/yixiaoz/Desktop/cs348k_proj/outputs/controlNetScale/baseline_structural_canny/cfg_7p5_control_1p0/000000033854/canny.png,/Users/yixiaoz/Desktop/cs348k_proj/outputs/controlNetScale/baseline_structural_canny/cfg_7p5_control_1p0/000000033854/generated.png,empty_text_plus_canny,3,7.5,1.0,20,0.5261,0.4199,24.9079
36844,a black couch a green chair a red chair a mirror and a ceiling fan,"A living room contains a black couch, colorful chairs, a ceiling fan, and large windows that allow natural light into the space. Various pieces of furniture and decorative items are arranged throughout the room, creating a comfortable residential environment. The layout suggests an area designed.",,/Users/yixiaoz/Desktop/cs348k_proj/outputs/controlNetScale/baseline_structural_canny/cfg_7p5_control_1p0/000000036844/target.png,/Users/yixiaoz/Desktop/cs348k_proj/outputs/controlNetScale/baseline_structural_canny/cfg_7p5_control_1p0/000000036844/canny.png,/Users/yixiaoz/Desktop/cs348k_proj/outputs/controlNetScale/baseline_structural_canny/cfg_7p5_control_1p0/000000036844/generated.png,empty_text_plus_canny,3,7.5,1.0,20,0.4483,0.3395,27.0119
1000,A group of kids posing for a picture on a tennis court.,A large group of children gather together on a tennis court while posing for a photograph. Some hold tennis equipment while others stand closely beside teammates and friends. The outdoor sports facility provides a bright and energetic setting. Smiles and casual poses suggest a team.,,/Users/yixiaoz/Desktop/cs348k_proj/outputs/controlNetScale/baseline_structural_canny/cfg_7p5_control_1p0/000000001000/target.png,/Users/yixiaoz/Desktop/cs348k_proj/outputs/controlNetScale/baseline_structural_canny/cfg_7p5_control_1p0/000000001000/canny.png,/Users/yixiaoz/Desktop/cs348k_proj/outputs/controlNetScale/baseline_structural_canny/cfg_7p5_control_1p0/000000001000/generated.png,empty_text_plus_canny,3,7.5,1.0,20,0.5141,0.3576,30.2642
55528,A man holding a paper bag while showing the camera a toothbrush.,"A man sits in a chair while holding a paper bag and displaying a toothbrush toward the camera. His expression suggests humor or casual conversation as he presents the object. The indoor environment appears relaxed and informal, with household furnishings visible around him. The image.",,/Users/yixiaoz/Desktop/cs348k_proj/outputs/controlNetScale/baseline_structural_canny/cfg_7p5_control_1p0/000000055528/target.png,/Users/yixiaoz/Desktop/cs348k_proj/outputs/controlNetScale/baseline_structural_canny/cfg_7p5_control_1p0/000000055528/canny.png,/Users/yixiaoz/Desktop/cs348k_proj/outputs/controlNetScale/baseline_structural_canny/cfg_7p5_control_1p0/000000055528/generated.png,empty_text_plus_canny,3,7.5,1.0,20,0.472,0.4306,27.4907
2006,City bus driving through pedestrian saturated area near crosswalk.,"A city bus travels through a busy urban area near a crosswalk while pedestrians and vehicles move through the surrounding streets. Buildings, signs, and transportation infrastructure create a dynamic city environment. The bus serves as the focal point, illustrating the role of public transit in.",,/Users/yixiaoz/Desktop/cs348k_proj/outputs/controlNetScale/baseline_structural_canny/cfg_7p5_control_1p0/000000002006/target.png,/Users/yixiaoz/Desktop/cs348k_proj/outputs/controlNetScale/baseline_structural_canny/cfg_7p5_control_1p0/000000002006/canny.png,/Users/yixiaoz/Desktop/cs348k_proj/outputs/controlNetScale/baseline_structural_canny/cfg_7p5_control_1p0/000000002006/generated.png,empty_text_plus_canny,3,7.5,1.0,20,0.4444,0.3617,30.1336
113720,A couple are enjoying pizza and drinks at the restaurant,"A smiling couple sits together at a restaurant table enjoying pizza, drinks, and conversation. Plates of food and beverages are arranged neatly while the pair look toward the camera. The atmosphere appears relaxed and friendly, suggesting a casual meal shared between friends or partners. The.",,/Users/yixiaoz/Desktop/cs348k_proj/outputs/controlNetScale/baseline_structural_canny/cfg_7p5_control_1p0/000000113720/target.png,/Users/yixiaoz/Desktop/cs348k_proj/outputs/controlNetScale/baseline_structural_canny/cfg_7p5_control_1p0/000000113720/canny.png,/Users/yixiaoz/Desktop/cs348k_proj/outputs/controlNetScale/baseline_structural_canny/cfg_7p5_control_1p0/000000113720/generated.png,empty_text_plus_canny,3,7.5,1.0,20,0.5689,0.5055,27.3022
52413,"A child holding a pink toy cell phone with ""Princess Aurora"" inside it.",A child holds a pink toy flip phone decorated with imagery inspired by a princess character. The toy is displayed prominently in the foreground while other people and objects appear nearby. Bright colors and playful design elements emphasize childhood interests and imaginative play. The image.,,/Users/yixiaoz/Desktop/cs348k_proj/outputs/controlNetScale/baseline_structural_canny/cfg_7p5_control_1p0/000000052413/target.png,/Users/yixiaoz/Desktop/cs348k_proj/outputs/controlNetScale/baseline_structural_canny/cfg_7p5_control_1p0/000000052413/canny.png,/Users/yixiaoz/Desktop/cs348k_proj/outputs/controlNetScale/baseline_structural_canny/cfg_7p5_control_1p0/000000052413/generated.png,empty_text_plus_canny,3,7.5,1.0,20,0.6283,0.5078,24.0354
60932,A man in a suit that is standing in front of a group of people.,"A man dressed in a formal suit stands confidently in front of a group of people at what appears to be a celebration or reception. The black-and-white image captures him smiling and raising a hand while guests gather in the background. Tables, decorations, and formally.",,/Users/yixiaoz/Desktop/cs348k_proj/outputs/controlNetScale/baseline_structural_canny/cfg_7p5_control_1p0/000000060932/target.png,/Users/yixiaoz/Desktop/cs348k_proj/outputs/controlNetScale/baseline_structural_canny/cfg_7p5_control_1p0/000000060932/canny.png,/Users/yixiaoz/Desktop/cs348k_proj/outputs/controlNetScale/baseline_structural_canny/cfg_7p5_control_1p0/000000060932/generated.png,empty_text_plus_canny,3,7.5,1.0,20,0.4665,0.4169,22.3427
102805,A man in holds a Frisbee in the parking lot by the river.,"A man wearing a hat stands near a riverside parking area while holding a Frisbee in his hand. Mountains and water stretch across the background, creating a scenic outdoor setting. Several parked vehicles and open space suggest a recreational destination where people gather for leisure.",,/Users/yixiaoz/Desktop/cs348k_proj/outputs/controlNetScale/baseline_structural_canny/cfg_7p5_control_1p0/000000102805/target.png,/Users/yixiaoz/Desktop/cs348k_proj/outputs/controlNetScale/baseline_structural_canny/cfg_7p5_control_1p0/000000102805/canny.png,/Users/yixiaoz/Desktop/cs348k_proj/outputs/controlNetScale/baseline_structural_canny/cfg_7p5_control_1p0/000000102805/generated.png,empty_text_plus_canny,3,7.5,1.0,20,0.5121,0.583,28.464
15254,These platters display healthy food choices of two entrees with a side  vegetable and fruit,"A neatly organized lunch container displays a balanced meal consisting of rice, vegetables, fruit, and other healthy foods arranged in separate compartments. Grapes, carrots, and a colorful entrée contribute to the vibrant appearance. The close-up perspective emphasizes nutrition, portioning, and meal preparation. The image reflects.",,/Users/yixiaoz/Desktop/cs348k_proj/outputs/controlNetScale/baseline_structural_canny/cfg_7p5_control_1p0/000000015254/target.png,/Users/yixiaoz/Desktop/cs348k_proj/outputs/controlNetScale/baseline_structural_canny/cfg_7p5_control_1p0/000000015254/canny.png,/Users/yixiaoz/Desktop/cs348k_proj/outputs/controlNetScale/baseline_structural_canny/cfg_7p5_control_1p0/000000015254/generated.png,empty_text_plus_canny,3,7.5,1.0,20,0.6649,0.4453,31.2987
24567,There is a man looking at a lot if hot dogs in a bun in a pan,"A man wearing a hat looks down at a tray filled with hot dogs arranged in buns. The outdoor setting suggests a barbecue, picnic, or community gathering where food is being prepared and served. Bright colors from the toppings and buns create a festive appearance.",,/Users/yixiaoz/Desktop/cs348k_proj/outputs/controlNetScale/baseline_structural_canny/cfg_7p5_control_1p0/000000024567/target.png,/Users/yixiaoz/Desktop/cs348k_proj/outputs/controlNetScale/baseline_structural_canny/cfg_7p5_control_1p0/000000024567/canny.png,/Users/yixiaoz/Desktop/cs348k_proj/outputs/controlNetScale/baseline_structural_canny/cfg_7p5_control_1p0/000000024567/generated.png,empty_text_plus_canny,3,7.5,1.0,20,0.5266,0.3288,33.6909
25603,A girl sitting around a table in a restaurant eating a pizza.,"A young girl sits at a restaurant table with a pizza placed in front of her. Glasses, plates, and table settings surround the meal while the warm indoor lighting creates a cozy atmosphere. She looks toward the camera as if waiting to eat or enjoying.",,/Users/yixiaoz/Desktop/cs348k_proj/outputs/controlNetScale/baseline_structural_canny/cfg_7p5_control_1p0/000000025603/target.png,/Users/yixiaoz/Desktop/cs348k_proj/outputs/controlNetScale/baseline_structural_canny/cfg_7p5_control_1p0/000000025603/canny.png,/Users/yixiaoz/Desktop/cs348k_proj/outputs/controlNetScale/baseline_structural_canny/cfg_7p5_control_1p0/000000025603/generated.png,empty_text_plus_canny,3,7.5,1.0,20,0.5849,0.3205,28.4208
55150,Two children sit atop their parent's luggage in the parking lot.,"Two children sit atop luggage carts in a parking lot while surrounded by parked vehicles. The scene appears to capture a family trip, airport arrival, or vacation departure. The children seem comfortable and playful as they ride on the luggage. Cars, travel equipment, and open.",,/Users/yixiaoz/Desktop/cs348k_proj/outputs/controlNetScale/baseline_structural_canny/cfg_7p5_control_1p0/000000055150/target.png,/Users/yixiaoz/Desktop/cs348k_proj/outputs/controlNetScale/baseline_structural_canny/cfg_7p5_control_1p0/000000055150/canny.png,/Users/yixiaoz/Desktop/cs348k_proj/outputs/controlNetScale/baseline_structural_canny/cfg_7p5_control_1p0/000000055150/generated.png,empty_text_plus_canny,3,7.5,1.0,20,0.4878,0.4583,26.6302
30828,A person covered with an orange sleeping bag rests his head on a blue back pack as he sleeps on a park bench.,"A person sleeps on a park bench while covered by an orange sleeping bag and resting beside a backpack. The outdoor setting includes grass, trees, and surrounding park features. The image captures a quiet moment of rest in a public space, contrasting the bright colors.",,/Users/yixiaoz/Desktop/cs348k_proj/outputs/controlNetScale/baseline_structural_canny/cfg_7p5_control_1p0/000000030828/target.png,/Users/yixiaoz/Desktop/cs348k_proj/outputs/controlNetScale/baseline_structural_canny/cfg_7p5_control_1p0/000000030828/canny.png,/Users/yixiaoz/Desktop/cs348k_proj/outputs/controlNetScale/baseline_structural_canny/cfg_7p5_control_1p0/000000030828/generated.png,empty_text_plus_canny,3,7.5,1.0,20,0.6314,0.5076,29.75
32334,"Two people, a man and a woman, are toasting with wine glasses.","A smiling man and woman hold wine glasses while posing together indoors. The casual setting appears to be a social gathering, dinner, or celebration where friends enjoy food and drinks. Warm lighting and relaxed expressions create a welcoming atmosphere. The image emphasizes companionship, hospitality, and.",,/Users/yixiaoz/Desktop/cs348k_proj/outputs/controlNetScale/baseline_structural_canny/cfg_7p5_control_1p0/000000032334/target.png,/Users/yixiaoz/Desktop/cs348k_proj/outputs/controlNetScale/baseline_structural_canny/cfg_7p5_control_1p0/000000032334/canny.png,/Users/yixiaoz/Desktop/cs348k_proj/outputs/controlNetScale/baseline_structural_canny/cfg_7p5_control_1p0/000000032334/generated.png,empty_text_plus_canny,3,7.5,1.0,20,0.515,0.451,21.787
92416,A male with a bottled beverage wearing a flower in his lapel.,"A young man wearing formal attire stands outdoors holding a bottled beverage. A flower pinned to his lapel suggests participation in a wedding, graduation, or other ceremonial event. Water and distant scenery form a pleasant background. His posture and clothing indicate a special occasion, while.",,/Users/yixiaoz/Desktop/cs348k_proj/outputs/controlNetScale/baseline_structural_canny/cfg_7p5_control_1p0/000000092416/target.png,/Users/yixiaoz/Desktop/cs348k_proj/outputs/controlNetScale/baseline_structural_canny/cfg_7p5_control_1p0/000000092416/canny.png,/Users/yixiaoz/Desktop/cs348k_proj/outputs/controlNetScale/baseline_structural_canny/cfg_7p5_control_1p0/000000092416/generated.png,empty_text_plus_canny,3,7.5,1.0,20,0.497,0.4196,29.1139
20553,Large stuffed animal posed outdoors as if sitting in a chair with beverages on a table.,A large stuffed animal is arranged outdoors in a desert-like environment while seated in a chair beside beverages and decorative items placed on a small table. The unusual setup creates a humorous and imaginative scene. Open ground and sparse surroundings emphasize the contrast between the.,,/Users/yixiaoz/Desktop/cs348k_proj/outputs/controlNetScale/baseline_structural_canny/cfg_7p5_control_1p0/000000020553/target.png,/Users/yixiaoz/Desktop/cs348k_proj/outputs/controlNetScale/baseline_structural_canny/cfg_7p5_control_1p0/000000020553/canny.png,/Users/yixiaoz/Desktop/cs348k_proj/outputs/controlNetScale/baseline_structural_canny/cfg_7p5_control_1p0/000000020553/generated.png,empty_text_plus_canny,3,7.5,1.0,20,0.577,0.3794,29.6418
93437,An older man is wearing a funny hat in his dining room.,"An elderly man wearing a distinctive hat stands inside a dining area or kitchen while smiling toward the camera. Household furnishings and cabinets appear in the background, creating a comfortable domestic setting. His expression suggests warmth and friendliness, while the unusual hat adds character and.",,/Users/yixiaoz/Desktop/cs348k_proj/outputs/controlNetScale/baseline_structural_canny/cfg_7p5_control_1p0/000000093437/target.png,/Users/yixiaoz/Desktop/cs348k_proj/outputs/controlNetScale/baseline_structural_canny/cfg_7p5_control_1p0/000000093437/canny.png,/Users/yixiaoz/Desktop/cs348k_proj/outputs/controlNetScale/baseline_structural_canny/cfg_7p5_control_1p0/000000093437/generated.png,empty_text_plus_canny,3,7.5,1.0,20,0.506,0.3381,32.5361
89648,People using electronic devises all facing in the same direction.,"Several people sit in rows while using laptops and other electronic devices. Viewed from above, the scene resembles a classroom, workshop, conference, or training session focused on technology. Participants face the same direction and appear engaged with their screens. The arrangement emphasizes learning, collaboration, and.",,/Users/yixiaoz/Desktop/cs348k_proj/outputs/controlNetScale/baseline_structural_canny/cfg_7p5_control_1p0/000000089648/target.png,/Users/yixiaoz/Desktop/cs348k_proj/outputs/controlNetScale/baseline_structural_canny/cfg_7p5_control_1p0/000000089648/canny.png,/Users/yixiaoz/Desktop/cs348k_proj/outputs/controlNetScale/baseline_structural_canny/cfg_7p5_control_1p0/000000089648/generated.png,empty_text_plus_canny,3,7.5,1.0,20,0.4739,0.3736,31.0761
7574,"A kitchen with two sinks, a counter, detergent, a stove and a refrigerator in it.","A kitchen interior contains wooden cabinets, a refrigerator, a stove, countertops, and cleaning supplies arranged around the room. Various household items are visible near the sink and work surfaces, creating a realistic lived-in appearance. The image emphasizes domestic functionality and organization while showcasing the appliances.",,/Users/yixiaoz/Desktop/cs348k_proj/outputs/controlNetScale/baseline_structural_canny/cfg_7p5_control_1p0/000000007574/target.png,/Users/yixiaoz/Desktop/cs348k_proj/outputs/controlNetScale/baseline_structural_canny/cfg_7p5_control_1p0/000000007574/canny.png,/Users/yixiaoz/Desktop/cs348k_proj/outputs/controlNetScale/baseline_structural_canny/cfg_7p5_control_1p0/000000007574/generated.png,empty_text_plus_canny,3,7.5,1.0,20,0.5259,0.3922,30.8973
88040,"Plates of shrimp, vegetables, and noodles served with tea.","Several plates of food are arranged on a table viewed from above, including shrimp, vegetables, noodles, and accompanying beverages. Bowls, cups, and serving dishes contribute to the inviting dining presentation. The meal appears carefully prepared and shared among multiple people. The image highlights culinary variety.",,/Users/yixiaoz/Desktop/cs348k_proj/outputs/controlNetScale/baseline_structural_canny/cfg_7p5_control_1p0/000000088040/target.png,/Users/yixiaoz/Desktop/cs348k_proj/outputs/controlNetScale/baseline_structural_canny/cfg_7p5_control_1p0/000000088040/canny.png,/Users/yixiaoz/Desktop/cs348k_proj/outputs/controlNetScale/baseline_structural_canny/cfg_7p5_control_1p0/000000088040/generated.png,empty_text_plus_canny,3,7.5,1.0,20,0.4892,0.3497,32.4018
4134,Two men standing next to each other holding hands.,"Two men stand together at a formal event while greeting one another and shaking hands. Other attendees and banquet tables are visible in the background, suggesting a conference, reception, or celebration. Their professional attire and engaged expressions indicate a respectful social interaction. The image highlights.",,/Users/yixiaoz/Desktop/cs348k_proj/outputs/controlNetScale/baseline_structural_canny/cfg_7p5_control_1p0/000000004134/target.png,/Users/yixiaoz/Desktop/cs348k_proj/outputs/controlNetScale/baseline_structural_canny/cfg_7p5_control_1p0/000000004134/canny.png,/Users/yixiaoz/Desktop/cs348k_proj/outputs/controlNetScale/baseline_structural_canny/cfg_7p5_control_1p0/000000004134/generated.png,empty_text_plus_canny,3,7.5,1.0,20,0.5436,0.4038,27.239
39769,Two cats sleeping with a remote control near each of them.,Two cats sleep peacefully on a bright pink blanket with television remotes placed nearby. Their relaxed poses and stretched bodies create a calm and comfortable scene. The indoor setting suggests a living room or bedroom where the animals have chosen a soft resting place. The.,,/Users/yixiaoz/Desktop/cs348k_proj/outputs/controlNetScale/baseline_structural_canny/cfg_7p5_control_1p0/000000039769/target.png,/Users/yixiaoz/Desktop/cs348k_proj/outputs/controlNetScale/baseline_structural_canny/cfg_7p5_control_1p0/000000039769/canny.png,/Users/yixiaoz/Desktop/cs348k_proj/outputs/controlNetScale/baseline_structural_canny/cfg_7p5_control_1p0/000000039769/generated.png,empty_text_plus_canny,3,7.5,1.0,20,0.6969,0.6008,21.7148
14439,A group of people standing on a field flying a colorful kite.,"A group of people stand together in a grassy park while flying a large colorful kite. Open space, recreational equipment, and other visitors create a lively outdoor environment. Participants work together to manage the kite as it catches the wind above the field. The image.",,/Users/yixiaoz/Desktop/cs348k_proj/outputs/controlNetScale/baseline_structural_canny/cfg_7p5_control_1p0/000000014439/target.png,/Users/yixiaoz/Desktop/cs348k_proj/outputs/controlNetScale/baseline_structural_canny/cfg_7p5_control_1p0/000000014439/canny.png,/Users/yixiaoz/Desktop/cs348k_proj/outputs/controlNetScale/baseline_structural_canny/cfg_7p5_control_1p0/000000014439/generated.png,empty_text_plus_canny,3,7.5,1.0,20,0.4877,0.4356,33.0881
104669,"A plate with a meal of meat, potatoes, carrots, and broccoli.","A plate holds a complete meal featuring a piece of meat alongside potatoes, carrots, broccoli, and other vegetables. The arrangement is neatly presented, suggesting a restaurant dish or carefully prepared home-cooked dinner. Bright colors from the vegetables contrast with the darker entrée. The image emphasizes.",,/Users/yixiaoz/Desktop/cs348k_proj/outputs/controlNetScale/baseline_structural_canny/cfg_7p5_control_1p0/000000104669/target.png,/Users/yixiaoz/Desktop/cs348k_proj/outputs/controlNetScale/baseline_structural_canny/cfg_7p5_control_1p0/000000104669/canny.png,/Users/yixiaoz/Desktop/cs348k_proj/outputs/controlNetScale/baseline_structural_canny/cfg_7p5_control_1p0/000000104669/generated.png,empty_text_plus_canny,3,7.5,1.0,20,0.5286,0.3544,27.5266
11149,A man sitting on a motorcycle near several bicycles with a partially visible person standing nearby.,"A motorcycle is parked near several bicycles while people stand nearby in an outdoor setting. The collection of vehicles suggests a shared recreational or transportation area. Trees, pathways, and surrounding activity contribute to the public atmosphere. The image highlights different modes of personal transportation and.",,/Users/yixiaoz/Desktop/cs348k_proj/outputs/controlNetScale/baseline_structural_canny/cfg_7p5_control_1p0/000000011149/target.png,/Users/yixiaoz/Desktop/cs348k_proj/outputs/controlNetScale/baseline_structural_canny/cfg_7p5_control_1p0/000000011149/canny.png,/Users/yixiaoz/Desktop/cs348k_proj/outputs/controlNetScale/baseline_structural_canny/cfg_7p5_control_1p0/000000011149/generated.png,empty_text_plus_canny,3,7.5,1.0,20,0.4652,0.2795,30.5777
52996,A group of women in military outfits helping other women in a kitchen.,"A group of women wearing military-style uniforms work together in a kitchen while preparing food. Large pots, utensils, and work surfaces indicate an organized cooking effort intended to serve many people. Their coordinated activity reflects teamwork and shared responsibility. The image highlights food preparation, community.",,/Users/yixiaoz/Desktop/cs348k_proj/outputs/controlNetScale/baseline_structural_canny/cfg_7p5_control_1p0/000000052996/target.png,/Users/yixiaoz/Desktop/cs348k_proj/outputs/controlNetScale/baseline_structural_canny/cfg_7p5_control_1p0/000000052996/canny.png,/Users/yixiaoz/Desktop/cs348k_proj/outputs/controlNetScale/baseline_structural_canny/cfg_7p5_control_1p0/000000052996/generated.png,empty_text_plus_canny,3,7.5,1.0,20,0.5231,0.3966,30.4899
30213,"The picture shows the interior of a kitchen, with vintage refrigerator, stove, and other appliances.","The interior of a vintage-style kitchen is filled with retro appliances, patterned wallpaper, wooden cabinets, and decorative household items. A classic refrigerator, stove, sink, and dining furniture create a nostalgic atmosphere reminiscent of mid-century home design. Various utensils, containers, and decorations are arranged throughout the.",,/Users/yixiaoz/Desktop/cs348k_proj/outputs/controlNetScale/baseline_structural_canny/cfg_7p5_control_1p0/000000030213/target.png,/Users/yixiaoz/Desktop/cs348k_proj/outputs/controlNetScale/baseline_structural_canny/cfg_7p5_control_1p0/000000030213/canny.png,/Users/yixiaoz/Desktop/cs348k_proj/outputs/controlNetScale/baseline_structural_canny/cfg_7p5_control_1p0/000000030213/generated.png,empty_text_plus_canny,3,7.5,1.0,20,0.5133,0.3003,28.0649
56127,"A room with a fire extinguisher, mugs hanging from a shelf and several lights.","A narrow interior room contains shelves lined with mugs, a fire extinguisher, counters, hanging lights, and decorative details. Warm lighting and colorful walls create a welcoming atmosphere that resembles a small café, restaurant service area, or compact workspace. The room is carefully organized to maximize.",,/Users/yixiaoz/Desktop/cs348k_proj/outputs/controlNetScale/baseline_structural_canny/cfg_7p5_control_1p0/000000056127/target.png,/Users/yixiaoz/Desktop/cs348k_proj/outputs/controlNetScale/baseline_structural_canny/cfg_7p5_control_1p0/000000056127/canny.png,/Users/yixiaoz/Desktop/cs348k_proj/outputs/controlNetScale/baseline_structural_canny/cfg_7p5_control_1p0/000000056127/generated.png,empty_text_plus_canny,3,7.5,1.0,20,0.575,0.3708,24.0849
84031,A batter swinging a bat at a baseball with the catcher and umpire behind him.,A baseball player swings at a pitch while the catcher and umpire closely follow the action behind home plate. The game takes place on a well-maintained field surrounded by spectators and stadium structures. The batter’s posture captures the intensity and timing required in competitive baseball.,,/Users/yixiaoz/Desktop/cs348k_proj/outputs/controlNetScale/baseline_structural_canny/cfg_7p5_control_1p0/000000084031/target.png,/Users/yixiaoz/Desktop/cs348k_proj/outputs/controlNetScale/baseline_structural_canny/cfg_7p5_control_1p0/000000084031/canny.png,/Users/yixiaoz/Desktop/cs348k_proj/outputs/controlNetScale/baseline_structural_canny/cfg_7p5_control_1p0/000000084031/generated.png,empty_text_plus_canny,3,7.5,1.0,20,0.4841,0.4113,22.5419
74209,A black and stainless steel kitchen with a snack bar and bar stools.,"A modern kitchen features stainless steel appliances, polished countertops, pendant lighting, and a snack bar lined with stools. The clean design emphasizes contemporary architecture and efficient use of space. Cabinets, sinks, and work surfaces are neatly arranged to support cooking and dining activities. The room.",,/Users/yixiaoz/Desktop/cs348k_proj/outputs/controlNetScale/baseline_structural_canny/cfg_7p5_control_1p0/000000074209/target.png,/Users/yixiaoz/Desktop/cs348k_proj/outputs/controlNetScale/baseline_structural_canny/cfg_7p5_control_1p0/000000074209/canny.png,/Users/yixiaoz/Desktop/cs348k_proj/outputs/controlNetScale/baseline_structural_canny/cfg_7p5_control_1p0/000000074209/generated.png,empty_text_plus_canny,3,7.5,1.0,20,0.4805,0.3273,28.6762
52891,A dog walking on the beach with a frizzbe in his month.,"A dog stands on a sandy beach while carrying a bright yellow frisbee in its mouth. Ocean water, waves, and distant shoreline scenery create a scenic coastal backdrop. The animal appears alert and energetic, as if engaged in a game of fetch with its owner.",,/Users/yixiaoz/Desktop/cs348k_proj/outputs/controlNetScale/baseline_structural_canny/cfg_7p5_control_1p0/000000052891/target.png,/Users/yixiaoz/Desktop/cs348k_proj/outputs/controlNetScale/baseline_structural_canny/cfg_7p5_control_1p0/000000052891/canny.png,/Users/yixiaoz/Desktop/cs348k_proj/outputs/controlNetScale/baseline_structural_canny/cfg_7p5_control_1p0/000000052891/generated.png,empty_text_plus_canny,3,7.5,1.0,20,0.6622,0.5636,30.494
99039,Plates of food and two glasses of red wine are on a table.,Several plates of food and two glasses of red wine are arranged on a table beside a large window overlooking greenery and nearby buildings. The setting appears to be a restaurant or dining area where people are enjoying a meal together. Soft natural light enters.,,/Users/yixiaoz/Desktop/cs348k_proj/outputs/controlNetScale/baseline_structural_canny/cfg_7p5_control_1p0/000000099039/target.png,/Users/yixiaoz/Desktop/cs348k_proj/outputs/controlNetScale/baseline_structural_canny/cfg_7p5_control_1p0/000000099039/canny.png,/Users/yixiaoz/Desktop/cs348k_proj/outputs/controlNetScale/baseline_structural_canny/cfg_7p5_control_1p0/000000099039/generated.png,empty_text_plus_canny,3,7.5,1.0,20,0.5584,0.4612,31.6936
66635,"An apple computer monitor, keyboard and mouse sits on top of a clean wooden desk.","An Apple desktop computer sits on a clean wooden desk alongside a keyboard and mouse. The workspace is simple, organized, and free from clutter, emphasizing productivity and focus. The monitor occupies the center of the arrangement while the surrounding furniture provides ample working space. The.",,/Users/yixiaoz/Desktop/cs348k_proj/outputs/controlNetScale/baseline_structural_canny/cfg_7p5_control_1p0/000000066635/target.png,/Users/yixiaoz/Desktop/cs348k_proj/outputs/controlNetScale/baseline_structural_canny/cfg_7p5_control_1p0/000000066635/canny.png,/Users/yixiaoz/Desktop/cs348k_proj/outputs/controlNetScale/baseline_structural_canny/cfg_7p5_control_1p0/000000066635/generated.png,empty_text_plus_canny,3,7.5,1.0,20,0.614,0.4214,27.888
107226,Men race on wheeled vehicles towed by a group of husky dogs.,Competitors participate in a dog-powered racing event where huskies pull wheeled vehicles through an outdoor course. Spectators gather nearby to watch the action while handlers guide the dogs. The animals appear strong and energetic as they work together as a team. The image highlights sporting.,,/Users/yixiaoz/Desktop/cs348k_proj/outputs/controlNetScale/baseline_structural_canny/cfg_7p5_control_1p0/000000107226/target.png,/Users/yixiaoz/Desktop/cs348k_proj/outputs/controlNetScale/baseline_structural_canny/cfg_7p5_control_1p0/000000107226/canny.png,/Users/yixiaoz/Desktop/cs348k_proj/outputs/controlNetScale/baseline_structural_canny/cfg_7p5_control_1p0/000000107226/generated.png,empty_text_plus_canny,3,7.5,1.0,20,0.6408,0.6648,20.8794
14038,A kitchen with hard wood floors and a yellow smiley face balloon.,"A living room decorated for a celebration contains colorful balloons, furniture, and a large yellow smiley-face balloon suspended near the ceiling. The room features wooden flooring, entertainment equipment, and decorative touches that create a festive atmosphere. The arrangement suggests a birthday party or social gathering.",,/Users/yixiaoz/Desktop/cs348k_proj/outputs/controlNetScale/baseline_structural_canny/cfg_7p5_control_1p0/000000014038/target.png,/Users/yixiaoz/Desktop/cs348k_proj/outputs/controlNetScale/baseline_structural_canny/cfg_7p5_control_1p0/000000014038/canny.png,/Users/yixiaoz/Desktop/cs348k_proj/outputs/controlNetScale/baseline_structural_canny/cfg_7p5_control_1p0/000000014038/generated.png,empty_text_plus_canny,3,7.5,1.0,20,0.4618,0.3396,23.6006
114884,"A woman with a cigarette standing, while a group of people with luggage walk towards a bus.","A woman stands inside a transportation terminal while travelers carrying luggage move through the background toward buses or other transit services. The spacious facility contains seating areas, structural supports, and signs associated with public transportation. People appear focused on their journeys as they navigate the.",,/Users/yixiaoz/Desktop/cs348k_proj/outputs/controlNetScale/baseline_structural_canny/cfg_7p5_control_1p0/000000114884/target.png,/Users/yixiaoz/Desktop/cs348k_proj/outputs/controlNetScale/baseline_structural_canny/cfg_7p5_control_1p0/000000114884/canny.png,/Users/yixiaoz/Desktop/cs348k_proj/outputs/controlNetScale/baseline_structural_canny/cfg_7p5_control_1p0/000000114884/generated.png,empty_text_plus_canny,3,7.5,1.0,20,0.5755,0.4915,30.5598
12120,A couple of women playing a game of tennis on a tennis court.,"Two women compete in a tennis match on a professional court surrounded by spectators and stadium seating. Both athletes focus intensely on the ball as they move across the blue playing surface. The sporting venue includes advertising displays, officials, and fans observing the competition. The.",,/Users/yixiaoz/Desktop/cs348k_proj/outputs/controlNetScale/baseline_structural_canny/cfg_7p5_control_1p0/000000012120/target.png,/Users/yixiaoz/Desktop/cs348k_proj/outputs/controlNetScale/baseline_structural_canny/cfg_7p5_control_1p0/000000012120/canny.png,/Users/yixiaoz/Desktop/cs348k_proj/outputs/controlNetScale/baseline_structural_canny/cfg_7p5_control_1p0/000000012120/generated.png,empty_text_plus_canny,3,7.5,1.0,20,0.6271,0.3789,34.7819
87470,a big heard of cows walking down a road in a row with green tags on their ears,A large herd of cattle walks together along a rural road bordered by open countryside. The animals move in an organized line while green ear tags help identify members of the herd. Rolling terrain and natural vegetation create an agricultural landscape in the background. The.,,/Users/yixiaoz/Desktop/cs348k_proj/outputs/controlNetScale/baseline_structural_canny/cfg_7p5_control_1p0/000000087470/target.png,/Users/yixiaoz/Desktop/cs348k_proj/outputs/controlNetScale/baseline_structural_canny/cfg_7p5_control_1p0/000000087470/canny.png,/Users/yixiaoz/Desktop/cs348k_proj/outputs/controlNetScale/baseline_structural_canny/cfg_7p5_control_1p0/000000087470/generated.png,empty_text_plus_canny,3,7.5,1.0,20,0.463,0.3862,30.3148
41872,"A bedroom with  a large bed facing a fireplace that has a television over the top of it, in a shelf space.","A comfortable bedroom contains a large bed, fireplace, television, built-in shelving, and warm lighting. Soft furnishings and decorative details create a relaxing atmosphere designed for rest and comfort. The layout resembles a hotel suite or upscale residential bedroom where entertainment and relaxation are combined in.",,/Users/yixiaoz/Desktop/cs348k_proj/outputs/controlNetScale/baseline_structural_canny/cfg_7p5_control_1p0/000000041872/target.png,/Users/yixiaoz/Desktop/cs348k_proj/outputs/controlNetScale/baseline_structural_canny/cfg_7p5_control_1p0/000000041872/canny.png,/Users/yixiaoz/Desktop/cs348k_proj/outputs/controlNetScale/baseline_structural_canny/cfg_7p5_control_1p0/000000041872/generated.png,empty_text_plus_canny,3,7.5,1.0,20,0.5867,0.391,28.6142
60899,The young boy is playing in the living room of his house.,"A young boy plays in a living room while raising an object above his head. Household furniture, rugs, and natural light create a comfortable domestic setting. The child appears energetic and engaged in imaginative play. The image captures a candid family moment that reflects childhood.",,/Users/yixiaoz/Desktop/cs348k_proj/outputs/controlNetScale/baseline_structural_canny/cfg_7p5_control_1p0/000000060899/target.png,/Users/yixiaoz/Desktop/cs348k_proj/outputs/controlNetScale/baseline_structural_canny/cfg_7p5_control_1p0/000000060899/canny.png,/Users/yixiaoz/Desktop/cs348k_proj/outputs/controlNetScale/baseline_structural_canny/cfg_7p5_control_1p0/000000060899/generated.png,empty_text_plus_canny,3,7.5,1.0,20,0.4726,0.4784,29.7207
46872,a man standing next to a truck with some stuff on it,"A man stands beside a flatbed truck loaded with large industrial materials and equipment. The outdoor setting suggests a construction, transportation, or delivery operation. The truck occupies most of the scene while the worker appears to inspect or supervise the cargo. The image highlights logistics.",,/Users/yixiaoz/Desktop/cs348k_proj/outputs/controlNetScale/baseline_structural_canny/cfg_7p5_control_1p0/000000046872/target.png,/Users/yixiaoz/Desktop/cs348k_proj/outputs/controlNetScale/baseline_structural_canny/cfg_7p5_control_1p0/000000046872/canny.png,/Users/yixiaoz/Desktop/cs348k_proj/outputs/controlNetScale/baseline_structural_canny/cfg_7p5_control_1p0/000000046872/generated.png,empty_text_plus_canny,3,7.5,1.0,20,0.5003,0.5027,23.6787
33638,A woman wearing shorts bends over a frying pan on a stove.,"A woman bends over a stove while preparing food in a traditional kitchen. Pots, utensils, and cooking equipment surround her as she works on a meal. The room contains functional appliances and furnishings that support everyday household cooking. The image emphasizes domestic life, food preparation.",,/Users/yixiaoz/Desktop/cs348k_proj/outputs/controlNetScale/baseline_structural_canny/cfg_7p5_control_1p0/000000033638/target.png,/Users/yixiaoz/Desktop/cs348k_proj/outputs/controlNetScale/baseline_structural_canny/cfg_7p5_control_1p0/000000033638/canny.png,/Users/yixiaoz/Desktop/cs348k_proj/outputs/controlNetScale/baseline_structural_canny/cfg_7p5_control_1p0/000000033638/generated.png,empty_text_plus_canny,3,7.5,1.0,20,0.634,0.4914,29.1125
66038,The father and daughter are under an umbrella on the beach.,"A father and daughter relax beneath colorful beach umbrellas near the shoreline. Sand, water, and bright weather create a pleasant coastal environment suited for recreation and family outings. The pair appear comfortable as they spend time together enjoying the outdoors. The image highlights family relationships.",,/Users/yixiaoz/Desktop/cs348k_proj/outputs/controlNetScale/baseline_structural_canny/cfg_7p5_control_1p0/000000066038/target.png,/Users/yixiaoz/Desktop/cs348k_proj/outputs/controlNetScale/baseline_structural_canny/cfg_7p5_control_1p0/000000066038/canny.png,/Users/yixiaoz/Desktop/cs348k_proj/outputs/controlNetScale/baseline_structural_canny/cfg_7p5_control_1p0/000000066038/generated.png,empty_text_plus_canny,3,7.5,1.0,20,0.5336,0.565,18.9959
86582,A person watering plants with a computer in the foreground.,"A laptop computer sits prominently in the foreground while a person tends plants in the background. Potted plants, gardening supplies, and outdoor views create a peaceful setting that combines technology with nature. The scene suggests remote work, personal projects, or a lifestyle that balances digital.",,/Users/yixiaoz/Desktop/cs348k_proj/outputs/controlNetScale/baseline_structural_canny/cfg_7p5_control_1p0/000000086582/target.png,/Users/yixiaoz/Desktop/cs348k_proj/outputs/controlNetScale/baseline_structural_canny/cfg_7p5_control_1p0/000000086582/canny.png,/Users/yixiaoz/Desktop/cs348k_proj/outputs/controlNetScale/baseline_structural_canny/cfg_7p5_control_1p0/000000086582/generated.png,empty_text_plus_canny,3,7.5,1.0,20,0.5355,0.4073,31.3759
32610,Assortment of laptop computers displayed on table with backpacks full of electronic cords.,"Multiple laptop computers, backpacks, cables, and electronic accessories are displayed across a table. The collection of equipment suggests a workshop, conference, classroom, or technology-focused event. Devices are arranged side by side, emphasizing preparation and connectivity. The image highlights digital tools used for communication, learning, and.",,/Users/yixiaoz/Desktop/cs348k_proj/outputs/controlNetScale/baseline_structural_canny/cfg_7p5_control_1p0/000000032610/target.png,/Users/yixiaoz/Desktop/cs348k_proj/outputs/controlNetScale/baseline_structural_canny/cfg_7p5_control_1p0/000000032610/canny.png,/Users/yixiaoz/Desktop/cs348k_proj/outputs/controlNetScale/baseline_structural_canny/cfg_7p5_control_1p0/000000032610/generated.png,empty_text_plus_canny,3,7.5,1.0,20,0.5228,0.3856,35.366
8021,An audience is looking at an film of a man taking that is projected onto a wall.,"A speaker stands in front of a large projected image while addressing an audience seated in a darkened room. The presentation appears to be part of a conference, lecture, or public event. Audience members focus on the stage while the presenter gestures toward visual material.",,/Users/yixiaoz/Desktop/cs348k_proj/outputs/controlNetScale/baseline_structural_canny/cfg_7p5_control_1p0/000000008021/target.png,/Users/yixiaoz/Desktop/cs348k_proj/outputs/controlNetScale/baseline_structural_canny/cfg_7p5_control_1p0/000000008021/canny.png,/Users/yixiaoz/Desktop/cs348k_proj/outputs/controlNetScale/baseline_structural_canny/cfg_7p5_control_1p0/000000008021/generated.png,empty_text_plus_canny,3,7.5,1.0,20,0.6239,0.5358,28.7817
81738,Someone about to cut and birthday cake with blue and yellow frosting.,"A rectangular birthday cake decorated with blue and yellow frosting sits on a kitchen counter while a person uses a knife to cut into it. The cake appears homemade or specially prepared for a celebration, with decorative writing and icing patterns spread across the surface.",,/Users/yixiaoz/Desktop/cs348k_proj/outputs/controlNetScale/baseline_structural_canny/cfg_7p5_control_1p0/000000081738/target.png,/Users/yixiaoz/Desktop/cs348k_proj/outputs/controlNetScale/baseline_structural_canny/cfg_7p5_control_1p0/000000081738/canny.png,/Users/yixiaoz/Desktop/cs348k_proj/outputs/controlNetScale/baseline_structural_canny/cfg_7p5_control_1p0/000000081738/generated.png,empty_text_plus_canny,3,7.5,1.0,20,0.5639,0.4813,28.7196
94944,A skier on skies and a snowboarder carrying a snowboard on a mountain slope.,"Several people are gathered on a snowy mountain slope surrounded by dramatic alpine scenery and distant snow-covered peaks. One individual carries a snowboard while others prepare equipment or rest nearby. The expansive landscape dominates the background, emphasizing the scale of the mountainous environment. The image.",,/Users/yixiaoz/Desktop/cs348k_proj/outputs/controlNetScale/baseline_structural_canny/cfg_7p5_control_1p0/000000094944/target.png,/Users/yixiaoz/Desktop/cs348k_proj/outputs/controlNetScale/baseline_structural_canny/cfg_7p5_control_1p0/000000094944/canny.png,/Users/yixiaoz/Desktop/cs348k_proj/outputs/controlNetScale/baseline_structural_canny/cfg_7p5_control_1p0/000000094944/generated.png,empty_text_plus_canny,3,7.5,1.0,20,0.4836,0.4859,26.5066
48504,A brown and a gray elephant are in a circus ring and the brown elephant is walking behind the gray elephant as well as two people training them are standing nearby.,Two elephants stand inside a large indoor training or exhibition space while handlers supervise them nearby. One elephant follows behind the other as they move across the floor beneath overhead lighting and structural beams. Equipment and barriers suggest a controlled environment designed for animal care.,,/Users/yixiaoz/Desktop/cs348k_proj/outputs/controlNetScale/baseline_structural_canny/cfg_7p5_control_1p0/000000048504/target.png,/Users/yixiaoz/Desktop/cs348k_proj/outputs/controlNetScale/baseline_structural_canny/cfg_7p5_control_1p0/000000048504/canny.png,/Users/yixiaoz/Desktop/cs348k_proj/outputs/controlNetScale/baseline_structural_canny/cfg_7p5_control_1p0/000000048504/generated.png,empty_text_plus_canny,3,7.5,1.0,20,0.4663,0.3656,35.059
69213,Two men who are wearing suits and hats standing next to each other.,"Two men wearing dark suits and matching hats stand side by side outdoors while looking toward the camera. Their formal attire contrasts with the busy background, where people and vehicles are visible. The pair appear composed and confident, suggesting they may be attending a formal.",,/Users/yixiaoz/Desktop/cs348k_proj/outputs/controlNetScale/baseline_structural_canny/cfg_7p5_control_1p0/000000069213/target.png,/Users/yixiaoz/Desktop/cs348k_proj/outputs/controlNetScale/baseline_structural_canny/cfg_7p5_control_1p0/000000069213/canny.png,/Users/yixiaoz/Desktop/cs348k_proj/outputs/controlNetScale/baseline_structural_canny/cfg_7p5_control_1p0/000000069213/generated.png,empty_text_plus_canny,3,7.5,1.0,20,0.5002,0.3183,28.28
44877,Two people are in a wheelchair and only one of them is holding a racket.,"Two people are positioned on a tennis court, one seated in a wheelchair while holding a tennis racket. The scene highlights adaptive sports and athletic participation regardless of physical ability. Both individuals focus on the activity taking place on the court, surrounded by fencing and.",,/Users/yixiaoz/Desktop/cs348k_proj/outputs/controlNetScale/baseline_structural_canny/cfg_7p5_control_1p0/000000044877/target.png,/Users/yixiaoz/Desktop/cs348k_proj/outputs/controlNetScale/baseline_structural_canny/cfg_7p5_control_1p0/000000044877/canny.png,/Users/yixiaoz/Desktop/cs348k_proj/outputs/controlNetScale/baseline_structural_canny/cfg_7p5_control_1p0/000000044877/generated.png,empty_text_plus_canny,3,7.5,1.0,20,0.506,0.4151,29.4162
74058,A sidewalk next to the outdoor sitting area of a restaurant.,"A black-and-white street scene shows a sidewalk café or restaurant with outdoor seating positioned beside a busy road. Bicycles are parked nearby while tables and chairs extend beneath awnings. Cars line the street and pedestrians move through the area. The monochrome presentation emphasizes geometry, shadows.",,/Users/yixiaoz/Desktop/cs348k_proj/outputs/controlNetScale/baseline_structural_canny/cfg_7p5_control_1p0/000000074058/target.png,/Users/yixiaoz/Desktop/cs348k_proj/outputs/controlNetScale/baseline_structural_canny/cfg_7p5_control_1p0/000000074058/canny.png,/Users/yixiaoz/Desktop/cs348k_proj/outputs/controlNetScale/baseline_structural_canny/cfg_7p5_control_1p0/000000074058/generated.png,empty_text_plus_canny,3,7.5,1.0,20,0.5185,0.4003,25.4007
69356,An Indian woman stands in front of a man selling his fruit,"A fruit vendor stands beside a colorful outdoor market stall filled with oranges, bananas, and other produce. A woman stands nearby while additional people move through the area. Trees and buildings line the background, suggesting a neighborhood street market. The image highlights small-scale commerce, local.",,/Users/yixiaoz/Desktop/cs348k_proj/outputs/controlNetScale/baseline_structural_canny/cfg_7p5_control_1p0/000000069356/target.png,/Users/yixiaoz/Desktop/cs348k_proj/outputs/controlNetScale/baseline_structural_canny/cfg_7p5_control_1p0/000000069356/canny.png,/Users/yixiaoz/Desktop/cs348k_proj/outputs/controlNetScale/baseline_structural_canny/cfg_7p5_control_1p0/000000069356/generated.png,empty_text_plus_canny,3,7.5,1.0,20,0.5588,0.5082,26.3286
57232,A chair is fashioned from baseball bats and two cushions.,"A chair has been creatively constructed from baseball bats and cushioned seating materials, transforming sporting equipment into functional furniture. Additional decorative items, including a globe and various objects, surround the unusual piece. The craftsmanship demonstrates artistic repurposing and design innovation. The image highlights the intersection.",,/Users/yixiaoz/Desktop/cs348k_proj/outputs/controlNetScale/baseline_structural_canny/cfg_7p5_control_1p0/000000057232/target.png,/Users/yixiaoz/Desktop/cs348k_proj/outputs/controlNetScale/baseline_structural_canny/cfg_7p5_control_1p0/000000057232/canny.png,/Users/yixiaoz/Desktop/cs348k_proj/outputs/controlNetScale/baseline_structural_canny/cfg_7p5_control_1p0/000000057232/generated.png,empty_text_plus_canny,3,7.5,1.0,20,0.5288,0.2995,27.7664
5193,A group of people pose for a picture while a man holds two surfboards.,"A group of people gathers indoors for a photograph while one individual holds two colorful surfboards upright. Several children and adults pose together, smiling toward the camera. The surfboards act as focal points, suggesting a beach, surfing, or recreational theme. The image captures a celebratory.",,/Users/yixiaoz/Desktop/cs348k_proj/outputs/controlNetScale/baseline_structural_canny/cfg_7p5_control_1p0/000000005193/target.png,/Users/yixiaoz/Desktop/cs348k_proj/outputs/controlNetScale/baseline_structural_canny/cfg_7p5_control_1p0/000000005193/canny.png,/Users/yixiaoz/Desktop/cs348k_proj/outputs/controlNetScale/baseline_structural_canny/cfg_7p5_control_1p0/000000005193/generated.png,empty_text_plus_canny,3,7.5,1.0,20,0.5664,0.455,20.3755
94751,A traffic light and a signpost at a crossroads intersection near a waterway.,"Traffic lights and road signs stand at an intersection near a waterfront area. Fences, streets, and utility structures define the urban landscape while water and distant infrastructure appear in the background. The scene focuses on transportation systems and traffic management rather than people. The image.",,/Users/yixiaoz/Desktop/cs348k_proj/outputs/controlNetScale/baseline_structural_canny/cfg_7p5_control_1p0/000000094751/target.png,/Users/yixiaoz/Desktop/cs348k_proj/outputs/controlNetScale/baseline_structural_canny/cfg_7p5_control_1p0/000000094751/canny.png,/Users/yixiaoz/Desktop/cs348k_proj/outputs/controlNetScale/baseline_structural_canny/cfg_7p5_control_1p0/000000094751/generated.png,empty_text_plus_canny,3,7.5,1.0,20,0.5751,0.5219,28.2336
13546,Young man on skate board balancing on concrete barrier near sidewalk with small park area near by.,"A skateboarder balances on a concrete structure within a small park while performing a trick. The rider’s posture demonstrates concentration and control as wheels contact the edge of the obstacle. Grass, pathways, and recreational facilities surround the scene. The image captures motion and athletic skill.",,/Users/yixiaoz/Desktop/cs348k_proj/outputs/controlNetScale/baseline_structural_canny/cfg_7p5_control_1p0/000000013546/target.png,/Users/yixiaoz/Desktop/cs348k_proj/outputs/controlNetScale/baseline_structural_canny/cfg_7p5_control_1p0/000000013546/canny.png,/Users/yixiaoz/Desktop/cs348k_proj/outputs/controlNetScale/baseline_structural_canny/cfg_7p5_control_1p0/000000013546/generated.png,empty_text_plus_canny,3,7.5,1.0,20,0.519,0.4543,35.2455
112378,A bunch of bananas on a wooden bench with hammocks in the background.,"A bunch of bananas rests on a wooden bench in an outdoor setting where hammocks and tropical vegetation appear in the background. The fruit is arranged casually, creating a simple still-life composition. Natural lighting and greenery contribute to a relaxed atmosphere. The image highlights everyday.",,/Users/yixiaoz/Desktop/cs348k_proj/outputs/controlNetScale/baseline_structural_canny/cfg_7p5_control_1p0/000000112378/target.png,/Users/yixiaoz/Desktop/cs348k_proj/outputs/controlNetScale/baseline_structural_canny/cfg_7p5_control_1p0/000000112378/canny.png,/Users/yixiaoz/Desktop/cs348k_proj/outputs/controlNetScale/baseline_structural_canny/cfg_7p5_control_1p0/000000112378/generated.png,empty_text_plus_canny,3,7.5,1.0,20,0.5738,0.387,26.6233
57672,a river.A group of people with life jacket rowing a long boat in,"A long rowing boat moves across a calm river while a coordinated team of rowers wearing life jackets paddles together. Their synchronized effort propels the vessel through the water as spectators and shoreline features remain visible in the distance. The image highlights teamwork, endurance, and.",,/Users/yixiaoz/Desktop/cs348k_proj/outputs/controlNetScale/baseline_structural_canny/cfg_7p5_control_1p0/000000057672/target.png,/Users/yixiaoz/Desktop/cs348k_proj/outputs/controlNetScale/baseline_structural_canny/cfg_7p5_control_1p0/000000057672/canny.png,/Users/yixiaoz/Desktop/cs348k_proj/outputs/controlNetScale/baseline_structural_canny/cfg_7p5_control_1p0/000000057672/generated.png,empty_text_plus_canny,3,7.5,1.0,20,0.4824,0.3235,29.8891
19432,He's almost got this tennis ball at the end of his racket.,"A tennis player focuses intensely on a ball approaching the racket during a match on a professional court. Stadium seating and fencing create the backdrop while the athlete prepares to make contact. The composition freezes a precise moment that requires timing, concentration, and technical skill.",,/Users/yixiaoz/Desktop/cs348k_proj/outputs/controlNetScale/baseline_structural_canny/cfg_7p5_control_1p0/000000019432/target.png,/Users/yixiaoz/Desktop/cs348k_proj/outputs/controlNetScale/baseline_structural_canny/cfg_7p5_control_1p0/000000019432/canny.png,/Users/yixiaoz/Desktop/cs348k_proj/outputs/controlNetScale/baseline_structural_canny/cfg_7p5_control_1p0/000000019432/generated.png,empty_text_plus_canny,3,7.5,1.0,20,0.5917,0.451,27.0027
73702,A couple of guys standingoutside in the sun talking to each other.,"Several people stand together outdoors near a transportation or public-service area while engaged in conversation. Some individuals carry bags or wear protective clothing, suggesting travel, work, or transit-related activities. The scene appears candid and documentary in nature, focusing on social interaction rather than posed photography.",,/Users/yixiaoz/Desktop/cs348k_proj/outputs/controlNetScale/baseline_structural_canny/cfg_7p5_control_1p0/000000073702/target.png,/Users/yixiaoz/Desktop/cs348k_proj/outputs/controlNetScale/baseline_structural_canny/cfg_7p5_control_1p0/000000073702/canny.png,/Users/yixiaoz/Desktop/cs348k_proj/outputs/controlNetScale/baseline_structural_canny/cfg_7p5_control_1p0/000000073702/generated.png,empty_text_plus_canny,3,7.5,1.0,20,0.4867,0.5274,24.7723
84241,Three women cooking in a professional kitchen together.,"Three women work together inside a professional kitchen while preparing food. Large bowls of vegetables, cookware, and stainless-steel surfaces surround them as they coordinate meal preparation. The environment suggests a restaurant, catering operation, or culinary training setting. The image highlights teamwork, food service, and culinary.",,/Users/yixiaoz/Desktop/cs348k_proj/outputs/controlNetScale/baseline_structural_canny/cfg_7p5_control_1p0/000000084241/target.png,/Users/yixiaoz/Desktop/cs348k_proj/outputs/controlNetScale/baseline_structural_canny/cfg_7p5_control_1p0/000000084241/canny.png,/Users/yixiaoz/Desktop/cs348k_proj/outputs/controlNetScale/baseline_structural_canny/cfg_7p5_control_1p0/000000084241/generated.png,empty_text_plus_canny,3,7.5,1.0,20,0.6031,0.4346,29.7526
34417,Donuts traveling down an assembly line in a factory while people work behind it.,"Donuts move along a production line inside a bakery or food-processing facility while workers supervise operations in the background. Conveyors, trays, and industrial equipment are visible throughout the workspace. The image illustrates large-scale food production and the systems used to manufacture baked goods efficiently. It.",,/Users/yixiaoz/Desktop/cs348k_proj/outputs/controlNetScale/baseline_structural_canny/cfg_7p5_control_1p0/000000034417/target.png,/Users/yixiaoz/Desktop/cs348k_proj/outputs/controlNetScale/baseline_structural_canny/cfg_7p5_control_1p0/000000034417/canny.png,/Users/yixiaoz/Desktop/cs348k_proj/outputs/controlNetScale/baseline_structural_canny/cfg_7p5_control_1p0/000000034417/generated.png,empty_text_plus_canny,3,7.5,1.0,20,0.5576,0.374,23.6861
25181,A train station with an awning is depicted with a train on the right platform.,"A train station platform extends into the distance beneath a large canopy, creating strong lines and symmetry throughout the composition. A train sits along one side of the platform while signs and architectural details reinforce the sense of order. The black-and-white presentation emphasizes structure and.",,/Users/yixiaoz/Desktop/cs348k_proj/outputs/controlNetScale/baseline_structural_canny/cfg_7p5_control_1p0/000000025181/target.png,/Users/yixiaoz/Desktop/cs348k_proj/outputs/controlNetScale/baseline_structural_canny/cfg_7p5_control_1p0/000000025181/canny.png,/Users/yixiaoz/Desktop/cs348k_proj/outputs/controlNetScale/baseline_structural_canny/cfg_7p5_control_1p0/000000025181/generated.png,empty_text_plus_canny,3,7.5,1.0,20,0.3727,0.255,31.5766
67213,"A dog jumping through the air above a pool of water that has been marked for distance, with people watching in the distance.","A dog leaps high above a pool during a dock-diving competition while spectators watch from behind barriers. The animal is captured midair, demonstrating athletic ability, speed, and confidence. Water, measuring equipment, and event organizers suggest a structured sporting competition. The image highlights the bond between.",,/Users/yixiaoz/Desktop/cs348k_proj/outputs/controlNetScale/baseline_structural_canny/cfg_7p5_control_1p0/000000067213/target.png,/Users/yixiaoz/Desktop/cs348k_proj/outputs/controlNetScale/baseline_structural_canny/cfg_7p5_control_1p0/000000067213/canny.png,/Users/yixiaoz/Desktop/cs348k_proj/outputs/controlNetScale/baseline_structural_canny/cfg_7p5_control_1p0/000000067213/generated.png,empty_text_plus_canny,3,7.5,1.0,20,0.6346,0.5882,22.064
94871,A group of people standing around sheep on a field.,"Several sheep stand together in a field while people gather nearby. Different breeds and wool colors create visual variety across the scene. The setting resembles an agricultural fair, livestock exhibition, or rural community event where animals are displayed and evaluated. The image highlights farming culture.",,/Users/yixiaoz/Desktop/cs348k_proj/outputs/controlNetScale/baseline_structural_canny/cfg_7p5_control_1p0/000000094871/target.png,/Users/yixiaoz/Desktop/cs348k_proj/outputs/controlNetScale/baseline_structural_canny/cfg_7p5_control_1p0/000000094871/canny.png,/Users/yixiaoz/Desktop/cs348k_proj/outputs/controlNetScale/baseline_structural_canny/cfg_7p5_control_1p0/000000094871/generated.png,empty_text_plus_canny,3,7.5,1.0,20,0.5495,0.5292,24.2874
2685,A crowd of people stand near a man behind a bar with wine bottles on it.,"Several people are gathered around a wooden bar counter inside a restaurant, tasting room, or social event space. A man stands behind the counter near shelves filled with wine bottles while customers stand close together and talk in small groups. The room appears warmly lit.",,/Users/yixiaoz/Desktop/cs348k_proj/outputs/controlNetScale/baseline_structural_canny/cfg_7p5_control_1p5/000000002685/target.png,/Users/yixiaoz/Desktop/cs348k_proj/outputs/controlNetScale/baseline_structural_canny/cfg_7p5_control_1p5/000000002685/canny.png,/Users/yixiaoz/Desktop/cs348k_proj/outputs/controlNetScale/baseline_structural_canny/cfg_7p5_control_1p5/000000002685/generated.png,empty_text_plus_canny,3,7.5,1.5,20,0.5558,0.4467,25.1554
6763,A man and a women posing next to one another in front of a table.,"A man and a woman sit close together at a table inside a dimly lit restaurant or bar. The man wears a dress shirt and tie and has his arm around the smiling woman beside him. Plates, utensils, and drinks are visible on the table.",,/Users/yixiaoz/Desktop/cs348k_proj/outputs/controlNetScale/baseline_structural_canny/cfg_7p5_control_1p5/000000006763/target.png,/Users/yixiaoz/Desktop/cs348k_proj/outputs/controlNetScale/baseline_structural_canny/cfg_7p5_control_1p5/000000006763/canny.png,/Users/yixiaoz/Desktop/cs348k_proj/outputs/controlNetScale/baseline_structural_canny/cfg_7p5_control_1p5/000000006763/generated.png,empty_text_plus_canny,3,7.5,1.5,20,0.6458,0.6095,25.8098
87144,A baby sitting between a lady and a man on a bench under a tree.,"A woman, a young child, and an elderly man sit on a park bench beneath the shade of a tree. The woman sits on the left wearing a patterned dress, the child sits near the center, and the older man sits on the right wearing.",,/Users/yixiaoz/Desktop/cs348k_proj/outputs/controlNetScale/baseline_structural_canny/cfg_7p5_control_1p5/000000087144/target.png,/Users/yixiaoz/Desktop/cs348k_proj/outputs/controlNetScale/baseline_structural_canny/cfg_7p5_control_1p5/000000087144/canny.png,/Users/yixiaoz/Desktop/cs348k_proj/outputs/controlNetScale/baseline_structural_canny/cfg_7p5_control_1p5/000000087144/generated.png,empty_text_plus_canny,3,7.5,1.5,20,0.5095,0.4391,30.5367
2157,A table topped with a cake covered in berries next to a plate of sandwiches.,"A table covered with a red tablecloth is arranged with desserts and party food in an outdoor or bright dining setting. A large cake topped with blueberries and raspberries sits near the front beside plates of sandwiches, bread, grapes, wine glasses, napkins, and stacked dishes.",,/Users/yixiaoz/Desktop/cs348k_proj/outputs/controlNetScale/baseline_structural_canny/cfg_7p5_control_1p5/000000002157/target.png,/Users/yixiaoz/Desktop/cs348k_proj/outputs/controlNetScale/baseline_structural_canny/cfg_7p5_control_1p5/000000002157/canny.png,/Users/yixiaoz/Desktop/cs348k_proj/outputs/controlNetScale/baseline_structural_canny/cfg_7p5_control_1p5/000000002157/generated.png,empty_text_plus_canny,3,7.5,1.5,20,0.556,0.3998,30.0159
14226,A person is sitting in a chair at a table with a laptop computer.,A man sits alone in a passenger train or railcar while using a laptop computer on a fold-out table in front of him. He wears a jacket and looks downward toward the screen with a focused expression. A large window beside him shows blurred scenery.,,/Users/yixiaoz/Desktop/cs348k_proj/outputs/controlNetScale/baseline_structural_canny/cfg_7p5_control_1p5/000000014226/target.png,/Users/yixiaoz/Desktop/cs348k_proj/outputs/controlNetScale/baseline_structural_canny/cfg_7p5_control_1p5/000000014226/canny.png,/Users/yixiaoz/Desktop/cs348k_proj/outputs/controlNetScale/baseline_structural_canny/cfg_7p5_control_1p5/000000014226/generated.png,empty_text_plus_canny,3,7.5,1.5,20,0.4751,0.3091,33.6152
35279,"A man laying his head down next to electronics, a butterfly, and a book.","A cluttered workspace or floor area contains several electronic devices and accessories arranged close together. A laptop displays a simple image on its screen, while a smartphone, cables, speakers, papers, a bottle, and other gadgets sit nearby. Part of a person’s face appears near the.",,/Users/yixiaoz/Desktop/cs348k_proj/outputs/controlNetScale/baseline_structural_canny/cfg_7p5_control_1p5/000000035279/target.png,/Users/yixiaoz/Desktop/cs348k_proj/outputs/controlNetScale/baseline_structural_canny/cfg_7p5_control_1p5/000000035279/canny.png,/Users/yixiaoz/Desktop/cs348k_proj/outputs/controlNetScale/baseline_structural_canny/cfg_7p5_control_1p5/000000035279/generated.png,empty_text_plus_canny,3,7.5,1.5,20,0.5273,0.3919,27.6489
31620,A woman in a white dress and a man in gray stand near a cake on a white table under a white canopy.,"Inside a large white event tent, a woman in a white dress and a man in a gray suit stand near a decorated table. The table is covered with a white cloth and appears to hold a cake or centerpiece. Soft light filters through the.",,/Users/yixiaoz/Desktop/cs348k_proj/outputs/controlNetScale/baseline_structural_canny/cfg_7p5_control_1p5/000000031620/target.png,/Users/yixiaoz/Desktop/cs348k_proj/outputs/controlNetScale/baseline_structural_canny/cfg_7p5_control_1p5/000000031620/canny.png,/Users/yixiaoz/Desktop/cs348k_proj/outputs/controlNetScale/baseline_structural_canny/cfg_7p5_control_1p5/000000031620/generated.png,empty_text_plus_canny,3,7.5,1.5,20,0.6179,0.6481,26.0681
95707,Several pastries sitting on aluminum foil next to a bowl with a knife and spatula in it.,"Several pastries and baked goods are arranged on aluminum foil on a table, with a bowl, knife, and spatula placed nearby for serving. The food includes rectangular pieces and a pale frosted or light-colored dessert item, suggesting a dessert spread or homemade baked selection. The.",,/Users/yixiaoz/Desktop/cs348k_proj/outputs/controlNetScale/baseline_structural_canny/cfg_7p5_control_1p5/000000095707/target.png,/Users/yixiaoz/Desktop/cs348k_proj/outputs/controlNetScale/baseline_structural_canny/cfg_7p5_control_1p5/000000095707/canny.png,/Users/yixiaoz/Desktop/cs348k_proj/outputs/controlNetScale/baseline_structural_canny/cfg_7p5_control_1p5/000000095707/generated.png,empty_text_plus_canny,3,7.5,1.5,20,0.5507,0.5465,23.3148
54605,Milkshake in tall glass and piece of cake on plate near forks.,"A tall milkshake in a glass is topped with whipped cream and placed on a restaurant table beside a slice of layered cake on a white plate. A fork, napkins, and other table items sit nearby, while the background is dim and softly blurred. The.",,/Users/yixiaoz/Desktop/cs348k_proj/outputs/controlNetScale/baseline_structural_canny/cfg_7p5_control_1p5/000000054605/target.png,/Users/yixiaoz/Desktop/cs348k_proj/outputs/controlNetScale/baseline_structural_canny/cfg_7p5_control_1p5/000000054605/canny.png,/Users/yixiaoz/Desktop/cs348k_proj/outputs/controlNetScale/baseline_structural_canny/cfg_7p5_control_1p5/000000054605/generated.png,empty_text_plus_canny,3,7.5,1.5,20,0.5518,0.4928,27.5378
27620,A laptop sitting on a desk next to a chair and another computer.,"A small home office or study area contains a glass-top desk, a laptop computer, a chair, and additional electronic equipment. The desk is positioned near a wall with windows and blinds, and another chair sits in front of the workspace. Cables, accessories, and a cup.",,/Users/yixiaoz/Desktop/cs348k_proj/outputs/controlNetScale/baseline_structural_canny/cfg_7p5_control_1p5/000000027620/target.png,/Users/yixiaoz/Desktop/cs348k_proj/outputs/controlNetScale/baseline_structural_canny/cfg_7p5_control_1p5/000000027620/canny.png,/Users/yixiaoz/Desktop/cs348k_proj/outputs/controlNetScale/baseline_structural_canny/cfg_7p5_control_1p5/000000027620/generated.png,empty_text_plus_canny,3,7.5,1.5,20,0.3848,0.2835,33.0277
66771,Two people sitting at a table with beverages on it and the woman holding her phone.,"Two people sit together at a restaurant table with beverages, cups, and small dishes in front of them. The man smiles while looking toward the woman, and the woman looks down at a smartphone in her hand. The table includes a drink with a straw.",,/Users/yixiaoz/Desktop/cs348k_proj/outputs/controlNetScale/baseline_structural_canny/cfg_7p5_control_1p5/000000066771/target.png,/Users/yixiaoz/Desktop/cs348k_proj/outputs/controlNetScale/baseline_structural_canny/cfg_7p5_control_1p5/000000066771/canny.png,/Users/yixiaoz/Desktop/cs348k_proj/outputs/controlNetScale/baseline_structural_canny/cfg_7p5_control_1p5/000000066771/generated.png,empty_text_plus_canny,3,7.5,1.5,20,0.4968,0.3638,35.181
18575,"Two plates, one with a sandwich and fries, the other with just a sandwich and a pickle.","Two plates of food are served on a restaurant table. One plate contains a sandwich with French fries, while the other plate includes a sandwich and a pickle with sliced vegetables and condiments nearby. Drinks, small containers, and utensils surround the plates, suggesting a casual.",,/Users/yixiaoz/Desktop/cs348k_proj/outputs/controlNetScale/baseline_structural_canny/cfg_7p5_control_1p5/000000018575/target.png,/Users/yixiaoz/Desktop/cs348k_proj/outputs/controlNetScale/baseline_structural_canny/cfg_7p5_control_1p5/000000018575/canny.png,/Users/yixiaoz/Desktop/cs348k_proj/outputs/controlNetScale/baseline_structural_canny/cfg_7p5_control_1p5/000000018575/generated.png,empty_text_plus_canny,3,7.5,1.5,20,0.4597,0.4684,29.2776
66817,This plate consists of rice with sauce and peas and meat patties on the side.,"A plate of food is photographed from above on a table, containing rice covered with sauce, peas, and several browned meat patties on the side. A cup of yogurt or creamy dessert and a small bowl of fruit sit near the plate, creating a complete.",,/Users/yixiaoz/Desktop/cs348k_proj/outputs/controlNetScale/baseline_structural_canny/cfg_7p5_control_1p5/000000066817/target.png,/Users/yixiaoz/Desktop/cs348k_proj/outputs/controlNetScale/baseline_structural_canny/cfg_7p5_control_1p5/000000066817/canny.png,/Users/yixiaoz/Desktop/cs348k_proj/outputs/controlNetScale/baseline_structural_canny/cfg_7p5_control_1p5/000000066817/generated.png,empty_text_plus_canny,3,7.5,1.5,20,0.5846,0.5496,23.6317
84674,a girl holds a baby eating a bagel with a boy standing next to them,"A woman sits indoors holding a small child who is eating a bagel or bread roll, while a young boy stands next to them facing the camera. The group appears to be in a restaurant, event space, or public indoor setting, with people and warm.",,/Users/yixiaoz/Desktop/cs348k_proj/outputs/controlNetScale/baseline_structural_canny/cfg_7p5_control_1p5/000000084674/target.png,/Users/yixiaoz/Desktop/cs348k_proj/outputs/controlNetScale/baseline_structural_canny/cfg_7p5_control_1p5/000000084674/canny.png,/Users/yixiaoz/Desktop/cs348k_proj/outputs/controlNetScale/baseline_structural_canny/cfg_7p5_control_1p5/000000084674/generated.png,empty_text_plus_canny,3,7.5,1.5,20,0.6072,0.4529,28.0893
47112,A pizza served on a white plate next to empty wine glass and beer.,"A freshly baked pizza sits on a white plate on a restaurant table, with a glass of beer and an empty wine glass positioned behind it. The pizza has visible cheese and toppings, and the background contains tables, chairs, and restaurant décor. The low angle.",,/Users/yixiaoz/Desktop/cs348k_proj/outputs/controlNetScale/baseline_structural_canny/cfg_7p5_control_1p5/000000047112/target.png,/Users/yixiaoz/Desktop/cs348k_proj/outputs/controlNetScale/baseline_structural_canny/cfg_7p5_control_1p5/000000047112/canny.png,/Users/yixiaoz/Desktop/cs348k_proj/outputs/controlNetScale/baseline_structural_canny/cfg_7p5_control_1p5/000000047112/generated.png,empty_text_plus_canny,3,7.5,1.5,20,0.5147,0.3593,30.8046
59598,"A table with a laptop a plate with a muffin and a banana, a can and a cellphone.","An open laptop sits on a table in a classroom, meeting room, or conference setting. Nearby are a plate with a muffin and banana, a soda can, a mobile phone, and other small items. In the background, a presentation screen or projector area is visible.",,/Users/yixiaoz/Desktop/cs348k_proj/outputs/controlNetScale/baseline_structural_canny/cfg_7p5_control_1p5/000000059598/target.png,/Users/yixiaoz/Desktop/cs348k_proj/outputs/controlNetScale/baseline_structural_canny/cfg_7p5_control_1p5/000000059598/canny.png,/Users/yixiaoz/Desktop/cs348k_proj/outputs/controlNetScale/baseline_structural_canny/cfg_7p5_control_1p5/000000059598/generated.png,empty_text_plus_canny,3,7.5,1.5,20,0.4208,0.3992,31.8416
91779,Three hot dogs with different toppings lined up on a tabletop.,"Three hot dogs with different toppings are arranged side by side on a tray or tabletop. One appears topped with sauce or chili, another with bright red peppers, and the surrounding area contains side dishes, cups, and food wrappers. The close-up composition highlights the variety.",,/Users/yixiaoz/Desktop/cs348k_proj/outputs/controlNetScale/baseline_structural_canny/cfg_7p5_control_1p5/000000091779/target.png,/Users/yixiaoz/Desktop/cs348k_proj/outputs/controlNetScale/baseline_structural_canny/cfg_7p5_control_1p5/000000091779/canny.png,/Users/yixiaoz/Desktop/cs348k_proj/outputs/controlNetScale/baseline_structural_canny/cfg_7p5_control_1p5/000000091779/generated.png,empty_text_plus_canny,3,7.5,1.5,20,0.5308,0.4495,24.079
22892,"A cat sitting on a table next to plants and a dog outside of a sliding glass door, looking in.","A gray cat sits indoors on a table beside potted plants near a sliding glass door, while a dog stands outside looking in through the glass. The cat faces downward toward the plants, and the dog is visible beyond the door on a balcony or.",,/Users/yixiaoz/Desktop/cs348k_proj/outputs/controlNetScale/baseline_structural_canny/cfg_7p5_control_1p5/000000022892/target.png,/Users/yixiaoz/Desktop/cs348k_proj/outputs/controlNetScale/baseline_structural_canny/cfg_7p5_control_1p5/000000022892/canny.png,/Users/yixiaoz/Desktop/cs348k_proj/outputs/controlNetScale/baseline_structural_canny/cfg_7p5_control_1p5/000000022892/generated.png,empty_text_plus_canny,3,7.5,1.5,20,0.5219,0.4536,25.9869
97337,This is a nice living room set up with two couches and a television.,"A cozy living room contains two couches arranged around a coffee table facing a television. The television displays a map or graphic image, while lamps, curtains, and decorative furniture create a warm indoor atmosphere. The room appears tidy and comfortable, with soft lighting and a.",,/Users/yixiaoz/Desktop/cs348k_proj/outputs/controlNetScale/baseline_structural_canny/cfg_7p5_control_1p5/000000097337/target.png,/Users/yixiaoz/Desktop/cs348k_proj/outputs/controlNetScale/baseline_structural_canny/cfg_7p5_control_1p5/000000097337/canny.png,/Users/yixiaoz/Desktop/cs348k_proj/outputs/controlNetScale/baseline_structural_canny/cfg_7p5_control_1p5/000000097337/generated.png,empty_text_plus_canny,3,7.5,1.5,20,0.5141,0.341,29.209
10707,Man with video game controller in living room with onlooker seated nearby.,"Several people gather in a living room around a coffee table covered with drinks, snacks, and small items. One man stands holding a video game controller, while others sit nearby watching or participating. Sofas, warm lighting, and casual clothing create the feeling of a relaxed.",,/Users/yixiaoz/Desktop/cs348k_proj/outputs/controlNetScale/baseline_structural_canny/cfg_7p5_control_1p5/000000010707/target.png,/Users/yixiaoz/Desktop/cs348k_proj/outputs/controlNetScale/baseline_structural_canny/cfg_7p5_control_1p5/000000010707/canny.png,/Users/yixiaoz/Desktop/cs348k_proj/outputs/controlNetScale/baseline_structural_canny/cfg_7p5_control_1p5/000000010707/generated.png,empty_text_plus_canny,3,7.5,1.5,20,0.5783,0.4533,26.5619
65288,A yellow and green object with a brown bird perched on top of it.,"An ornate yellow and green decorative structure sits in the foreground, with a small brown bird perched on its top edge. Behind it, a crowd of people gathers outdoors near tables, chairs, plants, and shaded areas, suggesting a plaza, café, or public gathering space. The.",,/Users/yixiaoz/Desktop/cs348k_proj/outputs/controlNetScale/baseline_structural_canny/cfg_7p5_control_1p5/000000065288/target.png,/Users/yixiaoz/Desktop/cs348k_proj/outputs/controlNetScale/baseline_structural_canny/cfg_7p5_control_1p5/000000065288/canny.png,/Users/yixiaoz/Desktop/cs348k_proj/outputs/controlNetScale/baseline_structural_canny/cfg_7p5_control_1p5/000000065288/generated.png,empty_text_plus_canny,3,7.5,1.5,20,0.5344,0.4584,24.635
116208,"A large pizza is shown on a table, with bottles and glasses of wine.","A large pizza topped with cheese, mushrooms, and other ingredients is placed on a raised stand at the center of a restaurant table. Wine bottles, glasses, plates, utensils, and small dishes surround it, suggesting a shared meal among several diners. The pizza is viewed from.",,/Users/yixiaoz/Desktop/cs348k_proj/outputs/controlNetScale/baseline_structural_canny/cfg_7p5_control_1p5/000000116208/target.png,/Users/yixiaoz/Desktop/cs348k_proj/outputs/controlNetScale/baseline_structural_canny/cfg_7p5_control_1p5/000000116208/canny.png,/Users/yixiaoz/Desktop/cs348k_proj/outputs/controlNetScale/baseline_structural_canny/cfg_7p5_control_1p5/000000116208/generated.png,empty_text_plus_canny,3,7.5,1.5,20,0.5026,0.4974,29.0358
74733,two flatbread pieces covered with different ingredients in between a flight of beers,"Two rectangular flatbread dishes topped with different ingredients are served on a wooden board beside a flight of beers. Several small glasses of beer, dipping containers, and additional drinkware are arranged around the food. The warm indoor lighting and tabletop presentation suggest a restaurant, pub.",,/Users/yixiaoz/Desktop/cs348k_proj/outputs/controlNetScale/baseline_structural_canny/cfg_7p5_control_1p5/000000074733/target.png,/Users/yixiaoz/Desktop/cs348k_proj/outputs/controlNetScale/baseline_structural_canny/cfg_7p5_control_1p5/000000074733/canny.png,/Users/yixiaoz/Desktop/cs348k_proj/outputs/controlNetScale/baseline_structural_canny/cfg_7p5_control_1p5/000000074733/generated.png,empty_text_plus_canny,3,7.5,1.5,20,0.4732,0.4289,33.2825
114907,"A woman holding a milking attachment and standing in front of a cow, with a group of people in the audience.","A woman stands beside a large dairy cow while demonstrating or holding a milking attachment in front of a seated audience. The cow is positioned behind a metal barrier, and many people watch attentively from the foreground. The scene appears to be part of an.",,/Users/yixiaoz/Desktop/cs348k_proj/outputs/controlNetScale/baseline_structural_canny/cfg_7p5_control_1p5/000000114907/target.png,/Users/yixiaoz/Desktop/cs348k_proj/outputs/controlNetScale/baseline_structural_canny/cfg_7p5_control_1p5/000000114907/canny.png,/Users/yixiaoz/Desktop/cs348k_proj/outputs/controlNetScale/baseline_structural_canny/cfg_7p5_control_1p5/000000114907/generated.png,empty_text_plus_canny,3,7.5,1.5,20,0.5424,0.54,22.2299
61333,The caramel-colored kitten is  lying on the small blanket on top of the unmade bed.,"An orange tabby kitten lies curled up on a small blanket placed on top of an unmade bed. The cat appears relaxed and sleepy, with its body tucked close and its head resting near the blanket. A bookshelf filled with books lines the background, adding.",,/Users/yixiaoz/Desktop/cs348k_proj/outputs/controlNetScale/baseline_structural_canny/cfg_7p5_control_1p5/000000061333/target.png,/Users/yixiaoz/Desktop/cs348k_proj/outputs/controlNetScale/baseline_structural_canny/cfg_7p5_control_1p5/000000061333/canny.png,/Users/yixiaoz/Desktop/cs348k_proj/outputs/controlNetScale/baseline_structural_canny/cfg_7p5_control_1p5/000000061333/generated.png,empty_text_plus_canny,3,7.5,1.5,20,0.6641,0.5555,29.3434
18837,A large truck on a city street with two works sitting on top and one worker climbing in through door.,"A large green utility truck is parked on a city street while workers perform maintenance tasks around it. One worker appears to be on top of the vehicle, and another is climbing into or standing near the door. Cars, buildings, traffic signs, and urban infrastructure.",,/Users/yixiaoz/Desktop/cs348k_proj/outputs/controlNetScale/baseline_structural_canny/cfg_7p5_control_1p5/000000018837/target.png,/Users/yixiaoz/Desktop/cs348k_proj/outputs/controlNetScale/baseline_structural_canny/cfg_7p5_control_1p5/000000018837/canny.png,/Users/yixiaoz/Desktop/cs348k_proj/outputs/controlNetScale/baseline_structural_canny/cfg_7p5_control_1p5/000000018837/generated.png,empty_text_plus_canny,3,7.5,1.5,20,0.4673,0.3871,27.5139
9914,"A sandwich, french fries, bowl of ketchup, onion slice, lettuce slice, tomato slice, and knife sit on the white plate.","A sandwich meal is served on a white plate with French fries, a small bowl of ketchup, sliced onion, tomato, lettuce, and a knife. The sandwich bun is topped with sesame seeds, and the fries are piled beside it. The close-up view focuses on the.",,/Users/yixiaoz/Desktop/cs348k_proj/outputs/controlNetScale/baseline_structural_canny/cfg_7p5_control_1p5/000000009914/target.png,/Users/yixiaoz/Desktop/cs348k_proj/outputs/controlNetScale/baseline_structural_canny/cfg_7p5_control_1p5/000000009914/canny.png,/Users/yixiaoz/Desktop/cs348k_proj/outputs/controlNetScale/baseline_structural_canny/cfg_7p5_control_1p5/000000009914/generated.png,empty_text_plus_canny,3,7.5,1.5,20,0.6121,0.5528,17.485
39477,A beach towel covers a TV across from plants on the wall and in front of the window.,"A compact living room features a couch facing a television, with several plants placed near the window and on the wall. Natural light enters through a large curtained window, brightening the small room. A low table, rug, wall decorations, and shelving create a tidy residential.",,/Users/yixiaoz/Desktop/cs348k_proj/outputs/controlNetScale/baseline_structural_canny/cfg_7p5_control_1p5/000000039477/target.png,/Users/yixiaoz/Desktop/cs348k_proj/outputs/controlNetScale/baseline_structural_canny/cfg_7p5_control_1p5/000000039477/canny.png,/Users/yixiaoz/Desktop/cs348k_proj/outputs/controlNetScale/baseline_structural_canny/cfg_7p5_control_1p5/000000039477/generated.png,empty_text_plus_canny,3,7.5,1.5,20,0.5226,0.5209,23.489
61108,A blue bicycle with a puppy in its basket is parked next to the bleacher steps.,"A blue bicycle is parked beside outdoor bleacher steps, with a small puppy sitting inside a basket attached to the front. The bicycle rests near concrete steps and railings, suggesting a sports field, park, or recreational area. The puppy sits securely in the basket and.",,/Users/yixiaoz/Desktop/cs348k_proj/outputs/controlNetScale/baseline_structural_canny/cfg_7p5_control_1p5/000000061108/target.png,/Users/yixiaoz/Desktop/cs348k_proj/outputs/controlNetScale/baseline_structural_canny/cfg_7p5_control_1p5/000000061108/canny.png,/Users/yixiaoz/Desktop/cs348k_proj/outputs/controlNetScale/baseline_structural_canny/cfg_7p5_control_1p5/000000061108/generated.png,empty_text_plus_canny,3,7.5,1.5,20,0.417,0.3677,31.6345
91615,"A kitchen has light wooden colored cabinetry, beige countertops, and stainless steel appliances in an open concept house.","A clean modern kitchen features light wooden cabinets, beige countertops, stainless steel appliances, and a sink built into a central counter area. A microwave, oven, refrigerator, dishwasher, and decorative flowers are visible throughout the room. The space appears bright, organized, and open, with neutral colors.",,/Users/yixiaoz/Desktop/cs348k_proj/outputs/controlNetScale/baseline_structural_canny/cfg_7p5_control_1p5/000000091615/target.png,/Users/yixiaoz/Desktop/cs348k_proj/outputs/controlNetScale/baseline_structural_canny/cfg_7p5_control_1p5/000000091615/canny.png,/Users/yixiaoz/Desktop/cs348k_proj/outputs/controlNetScale/baseline_structural_canny/cfg_7p5_control_1p5/000000091615/generated.png,empty_text_plus_canny,3,7.5,1.5,20,0.399,0.2145,31.7314
77396,A cat being lazy and a cat being nozy in a living room with tv and a laptop displaying the same things.,"Two cats are in a living room facing a television and a laptop displaying similar imagery. One cat stands upright near the television, appearing curious about the screen, while another cat lies on the floor nearby. The room contains a TV stand, small table, and.",,/Users/yixiaoz/Desktop/cs348k_proj/outputs/controlNetScale/baseline_structural_canny/cfg_7p5_control_1p5/000000077396/target.png,/Users/yixiaoz/Desktop/cs348k_proj/outputs/controlNetScale/baseline_structural_canny/cfg_7p5_control_1p5/000000077396/canny.png,/Users/yixiaoz/Desktop/cs348k_proj/outputs/controlNetScale/baseline_structural_canny/cfg_7p5_control_1p5/000000077396/generated.png,empty_text_plus_canny,3,7.5,1.5,20,0.451,0.3646,30.8805
119233,A cat sprawled out over the top of a laptop computer keyboard.,"A black-and-white cat sprawls across the keyboard area of an open laptop on a wooden desk or counter. The cat lies comfortably with its body stretched over the computer, partially blocking the screen and keyboard. Various household objects, office supplies, and plants are visible around.",,/Users/yixiaoz/Desktop/cs348k_proj/outputs/controlNetScale/baseline_structural_canny/cfg_7p5_control_1p5/000000119233/target.png,/Users/yixiaoz/Desktop/cs348k_proj/outputs/controlNetScale/baseline_structural_canny/cfg_7p5_control_1p5/000000119233/canny.png,/Users/yixiaoz/Desktop/cs348k_proj/outputs/controlNetScale/baseline_structural_canny/cfg_7p5_control_1p5/000000119233/generated.png,empty_text_plus_canny,3,7.5,1.5,20,0.6001,0.3963,27.7123
2431,"A table with a plate, wine-filled glass, and bread, among other items","A restaurant table is set with a plate, a wine-filled glass, bread, napkins, utensils, and other dining items. The objects are arranged closely together on a wooden surface, suggesting an ongoing or prepared meal. The image is framed from above and at a slight angle.",,/Users/yixiaoz/Desktop/cs348k_proj/outputs/controlNetScale/baseline_structural_canny/cfg_7p5_control_1p5/000000002431/target.png,/Users/yixiaoz/Desktop/cs348k_proj/outputs/controlNetScale/baseline_structural_canny/cfg_7p5_control_1p5/000000002431/canny.png,/Users/yixiaoz/Desktop/cs348k_proj/outputs/controlNetScale/baseline_structural_canny/cfg_7p5_control_1p5/000000002431/generated.png,empty_text_plus_canny,3,7.5,1.5,20,0.5354,0.4144,29.6718
56344,"Looking down at a desktop with two monitors, a key board, mouse and cell phones on it.","A desk workstation contains two large computer monitors positioned side by side, along with a keyboard, mouse, mobile phones, and several electronic accessories. The screens display different windows or web pages, and cables and devices are spread across the desktop. The space appears dimly lit.",,/Users/yixiaoz/Desktop/cs348k_proj/outputs/controlNetScale/baseline_structural_canny/cfg_7p5_control_1p5/000000056344/target.png,/Users/yixiaoz/Desktop/cs348k_proj/outputs/controlNetScale/baseline_structural_canny/cfg_7p5_control_1p5/000000056344/canny.png,/Users/yixiaoz/Desktop/cs348k_proj/outputs/controlNetScale/baseline_structural_canny/cfg_7p5_control_1p5/000000056344/generated.png,empty_text_plus_canny,3,7.5,1.5,20,0.4837,0.3684,32.3196
54628,A tall multi layer cake sitting on top of a blue table cloth.,"A tall multi-layered decorative cake stands on a table covered with a blue tablecloth inside an elegant event venue. The cake is decorated with detailed patterns, flowers, and multiple tiers, making it the centerpiece of the room. Guests, tables, chairs, and chandeliers are visible in.",,/Users/yixiaoz/Desktop/cs348k_proj/outputs/controlNetScale/baseline_structural_canny/cfg_7p5_control_1p5/000000054628/target.png,/Users/yixiaoz/Desktop/cs348k_proj/outputs/controlNetScale/baseline_structural_canny/cfg_7p5_control_1p5/000000054628/canny.png,/Users/yixiaoz/Desktop/cs348k_proj/outputs/controlNetScale/baseline_structural_canny/cfg_7p5_control_1p5/000000054628/generated.png,empty_text_plus_canny,3,7.5,1.5,20,0.4672,0.3257,30.3046
110999,"A painting of a bowl of fruit sitting in front of another painting,","A framed painting of a bowl of fruit hangs above a table where a real bowl of fruit and decorative objects are arranged below it. The dark background and warm lighting create a still-life atmosphere, connecting the artwork to the physical objects in front of.",,/Users/yixiaoz/Desktop/cs348k_proj/outputs/controlNetScale/baseline_structural_canny/cfg_7p5_control_1p5/000000110999/target.png,/Users/yixiaoz/Desktop/cs348k_proj/outputs/controlNetScale/baseline_structural_canny/cfg_7p5_control_1p5/000000110999/canny.png,/Users/yixiaoz/Desktop/cs348k_proj/outputs/controlNetScale/baseline_structural_canny/cfg_7p5_control_1p5/000000110999/generated.png,empty_text_plus_canny,3,7.5,1.5,20,0.6259,0.5704,31.2773
72795,a group of ball players playing on a field in front of an audience,"Baseball players are positioned on a field during a game while a large audience watches from the stadium seats. The batter stands near home plate, with the catcher and umpire crouched behind him and other players visible on the field. The scene is viewed from.",,/Users/yixiaoz/Desktop/cs348k_proj/outputs/controlNetScale/baseline_structural_canny/cfg_7p5_control_1p5/000000072795/target.png,/Users/yixiaoz/Desktop/cs348k_proj/outputs/controlNetScale/baseline_structural_canny/cfg_7p5_control_1p5/000000072795/canny.png,/Users/yixiaoz/Desktop/cs348k_proj/outputs/controlNetScale/baseline_structural_canny/cfg_7p5_control_1p5/000000072795/generated.png,empty_text_plus_canny,3,7.5,1.5,20,0.5659,0.5584,22.2805
92091,A little girl is using the toy brush for a chew toy rather than brushing the teddy.,"A young girl wearing a bright pink dress stands inside a cozy room while holding a toy brush near a stuffed teddy bear. The room includes wooden walls, chairs, a television, artwork, and home furnishings. The child appears to be playing pretend, possibly brushing the.",,/Users/yixiaoz/Desktop/cs348k_proj/outputs/controlNetScale/baseline_structural_canny/cfg_7p5_control_1p5/000000092091/target.png,/Users/yixiaoz/Desktop/cs348k_proj/outputs/controlNetScale/baseline_structural_canny/cfg_7p5_control_1p5/000000092091/canny.png,/Users/yixiaoz/Desktop/cs348k_proj/outputs/controlNetScale/baseline_structural_canny/cfg_7p5_control_1p5/000000092091/generated.png,empty_text_plus_canny,3,7.5,1.5,20,0.4616,0.395,31.1433
108253,there are two plates of food and a beer in the middle of the table,"Two plates of food and a beer bottle are arranged on a restaurant table. The plates contain sandwiches, fries, and other side dishes, while condiments and utensils sit nearby. The bottle of beer stands prominently near the center of the table, suggesting a casual meal.",,/Users/yixiaoz/Desktop/cs348k_proj/outputs/controlNetScale/baseline_structural_canny/cfg_7p5_control_1p5/000000108253/target.png,/Users/yixiaoz/Desktop/cs348k_proj/outputs/controlNetScale/baseline_structural_canny/cfg_7p5_control_1p5/000000108253/canny.png,/Users/yixiaoz/Desktop/cs348k_proj/outputs/controlNetScale/baseline_structural_canny/cfg_7p5_control_1p5/000000108253/generated.png,empty_text_plus_canny,3,7.5,1.5,20,0.6611,0.6125,27.0693
80932,A little boy sits at a table in a restaurant eating a slice of pizza.,"A young boy sits at a restaurant table eating a large slice of pizza. He holds the pizza close to his mouth while leaning over a white plate, concentrating on the meal. Other diners and wooden booth seating are visible in the background, creating a.",,/Users/yixiaoz/Desktop/cs348k_proj/outputs/controlNetScale/baseline_structural_canny/cfg_7p5_control_1p5/000000080932/target.png,/Users/yixiaoz/Desktop/cs348k_proj/outputs/controlNetScale/baseline_structural_canny/cfg_7p5_control_1p5/000000080932/canny.png,/Users/yixiaoz/Desktop/cs348k_proj/outputs/controlNetScale/baseline_structural_canny/cfg_7p5_control_1p5/000000080932/generated.png,empty_text_plus_canny,3,7.5,1.5,20,0.5363,0.5771,24.4941
50811,A man in a suit sitting a table with an empty bowl and empty beer bottles.,A man wearing a gray suit jacket sits alone at a wooden dining table with an empty bowl and several empty beer bottles placed in front of him. He smiles toward the camera in a simple indoor setting with a plain light-colored background. The table.,,/Users/yixiaoz/Desktop/cs348k_proj/outputs/controlNetScale/baseline_structural_canny/cfg_7p5_control_1p5/000000050811/target.png,/Users/yixiaoz/Desktop/cs348k_proj/outputs/controlNetScale/baseline_structural_canny/cfg_7p5_control_1p5/000000050811/canny.png,/Users/yixiaoz/Desktop/cs348k_proj/outputs/controlNetScale/baseline_structural_canny/cfg_7p5_control_1p5/000000050811/generated.png,empty_text_plus_canny,3,7.5,1.5,20,0.5755,0.4498,34.08
13659,A man typing on a laptop keyboard in a cluttered work environment.,"Several people work in a busy, cluttered office environment filled with desks, laptops, papers, cardboard boxes, and electronic equipment. A man in the foreground sits at a desk typing on a laptop while wearing headphones, and other people work in the background. The room looks.",,/Users/yixiaoz/Desktop/cs348k_proj/outputs/controlNetScale/baseline_structural_canny/cfg_7p5_control_1p5/000000013659/target.png,/Users/yixiaoz/Desktop/cs348k_proj/outputs/controlNetScale/baseline_structural_canny/cfg_7p5_control_1p5/000000013659/canny.png,/Users/yixiaoz/Desktop/cs348k_proj/outputs/controlNetScale/baseline_structural_canny/cfg_7p5_control_1p5/000000013659/generated.png,empty_text_plus_canny,3,7.5,1.5,20,0.4933,0.3239,32.8679
26465,The opened  laptop is sitting on the table along with other technological tools.,"An open laptop sits on a white tabletop surrounded by small technological tools and accessories, including a smartphone, a pen, and a compact electronic device. The laptop screen shows a dark desktop with a bright reflection near the center. The arrangement is simple and sparse.",,/Users/yixiaoz/Desktop/cs348k_proj/outputs/controlNetScale/baseline_structural_canny/cfg_7p5_control_1p5/000000026465/target.png,/Users/yixiaoz/Desktop/cs348k_proj/outputs/controlNetScale/baseline_structural_canny/cfg_7p5_control_1p5/000000026465/canny.png,/Users/yixiaoz/Desktop/cs348k_proj/outputs/controlNetScale/baseline_structural_canny/cfg_7p5_control_1p5/000000026465/generated.png,empty_text_plus_canny,3,7.5,1.5,20,0.5661,0.3915,31.9619
25096,A boy sitting in front of cake fashioned to look like a skateboard.,"A young boy wearing a blue sports jersey sits at a table looking down at a cake designed to resemble a skateboard. The cake is decorated with bright colors and small details, and the boy appears focused on it as if preparing to cut or.",,/Users/yixiaoz/Desktop/cs348k_proj/outputs/controlNetScale/baseline_structural_canny/cfg_7p5_control_1p5/000000025096/target.png,/Users/yixiaoz/Desktop/cs348k_proj/outputs/controlNetScale/baseline_structural_canny/cfg_7p5_control_1p5/000000025096/canny.png,/Users/yixiaoz/Desktop/cs348k_proj/outputs/controlNetScale/baseline_structural_canny/cfg_7p5_control_1p5/000000025096/generated.png,empty_text_plus_canny,3,7.5,1.5,20,0.6166,0.6337,21.2062
26564,An office desk with a row of books and a desktop computer and laptop computer on the desk.,"An office desk is arranged with a desktop computer, laptop, keyboard, mouse, books, papers, and a row of binders or reference materials. The monitor displays a document or screen of text, and large windows brighten the workspace. The corner desk is compact but well equipped.",,/Users/yixiaoz/Desktop/cs348k_proj/outputs/controlNetScale/baseline_structural_canny/cfg_7p5_control_1p5/000000026564/target.png,/Users/yixiaoz/Desktop/cs348k_proj/outputs/controlNetScale/baseline_structural_canny/cfg_7p5_control_1p5/000000026564/canny.png,/Users/yixiaoz/Desktop/cs348k_proj/outputs/controlNetScale/baseline_structural_canny/cfg_7p5_control_1p5/000000026564/generated.png,empty_text_plus_canny,3,7.5,1.5,20,0.425,0.3205,32.2231
12670,A large crowd of people walking around while one owns a teddy bear.,"A large crowd of people walks and gathers in a busy outdoor public space, possibly a street, plaza, or festival area. The scene contains many individuals of different ages wearing colorful clothing, and one person appears to carry or hold a teddy bear among the.",,/Users/yixiaoz/Desktop/cs348k_proj/outputs/controlNetScale/baseline_structural_canny/cfg_7p5_control_1p5/000000012670/target.png,/Users/yixiaoz/Desktop/cs348k_proj/outputs/controlNetScale/baseline_structural_canny/cfg_7p5_control_1p5/000000012670/canny.png,/Users/yixiaoz/Desktop/cs348k_proj/outputs/controlNetScale/baseline_structural_canny/cfg_7p5_control_1p5/000000012670/generated.png,empty_text_plus_canny,3,7.5,1.5,20,0.5924,0.4936,26.7249
9400,Sever people are sitting next to each other while using laptops.,"Several people sit close together around a table while using laptop computers in a dimly lit indoor environment. Multiple screens glow in front of them, and drinks, cables, and computer accessories are spread across the table. The group appears to be collaborating, studying, or working.",,/Users/yixiaoz/Desktop/cs348k_proj/outputs/controlNetScale/baseline_structural_canny/cfg_7p5_control_1p5/000000009400/target.png,/Users/yixiaoz/Desktop/cs348k_proj/outputs/controlNetScale/baseline_structural_canny/cfg_7p5_control_1p5/000000009400/canny.png,/Users/yixiaoz/Desktop/cs348k_proj/outputs/controlNetScale/baseline_structural_canny/cfg_7p5_control_1p5/000000009400/generated.png,empty_text_plus_canny,3,7.5,1.5,20,0.605,0.5504,24.4071
92053,Three white dishes with three different sorts of food on them.,"Three white plates with different dishes are arranged on a restaurant table under warm, dim lighting. The food includes various items with sauces, sides, and garnishes, and a drink sits nearby. Utensils are placed on or beside the plates, suggesting the meal is in progress.",,/Users/yixiaoz/Desktop/cs348k_proj/outputs/controlNetScale/baseline_structural_canny/cfg_7p5_control_1p5/000000092053/target.png,/Users/yixiaoz/Desktop/cs348k_proj/outputs/controlNetScale/baseline_structural_canny/cfg_7p5_control_1p5/000000092053/canny.png,/Users/yixiaoz/Desktop/cs348k_proj/outputs/controlNetScale/baseline_structural_canny/cfg_7p5_control_1p5/000000092053/generated.png,empty_text_plus_canny,3,7.5,1.5,20,0.5536,0.3926,31.0918
74256,Two women standing in a train station looking at their phones.,"Two women stand together at an outdoor train station platform while looking down at their mobile phones. One woman wears a green scarf and dark clothing, while the other wears a patterned jacket. Train station signs, tracks, buildings, and platform structures appear in the background.",,/Users/yixiaoz/Desktop/cs348k_proj/outputs/controlNetScale/baseline_structural_canny/cfg_7p5_control_1p5/000000074256/target.png,/Users/yixiaoz/Desktop/cs348k_proj/outputs/controlNetScale/baseline_structural_canny/cfg_7p5_control_1p5/000000074256/canny.png,/Users/yixiaoz/Desktop/cs348k_proj/outputs/controlNetScale/baseline_structural_canny/cfg_7p5_control_1p5/000000074256/generated.png,empty_text_plus_canny,3,7.5,1.5,20,0.4667,0.3841,31.1422
7818,An illuminated floral display forms the centerpiece of the arrangement in this close up of a dining room table setting.,"A small illuminated floral display sits at the center of a dining table arranged with plates, napkins, glasses, and formal place settings. The image is softly focused with the centerpiece and table surface highlighted against a darker background. The scene appears elegant and quiet, possibly.",,/Users/yixiaoz/Desktop/cs348k_proj/outputs/controlNetScale/baseline_structural_canny/cfg_7p5_control_1p5/000000007818/target.png,/Users/yixiaoz/Desktop/cs348k_proj/outputs/controlNetScale/baseline_structural_canny/cfg_7p5_control_1p5/000000007818/canny.png,/Users/yixiaoz/Desktop/cs348k_proj/outputs/controlNetScale/baseline_structural_canny/cfg_7p5_control_1p5/000000007818/generated.png,empty_text_plus_canny,3,7.5,1.5,20,0.6063,0.4229,27.6825
109313,A man holding a Wii game controller while standing in a living room.,"A man stands in a living room holding a Wii game controller while facing a television outside the frame. He wears casual clothes and stands among household items, toys, furniture, and a colorful floor mat. The room appears lived-in and informal, with a kitchen or.",,/Users/yixiaoz/Desktop/cs348k_proj/outputs/controlNetScale/baseline_structural_canny/cfg_7p5_control_1p5/000000109313/target.png,/Users/yixiaoz/Desktop/cs348k_proj/outputs/controlNetScale/baseline_structural_canny/cfg_7p5_control_1p5/000000109313/canny.png,/Users/yixiaoz/Desktop/cs348k_proj/outputs/controlNetScale/baseline_structural_canny/cfg_7p5_control_1p5/000000109313/generated.png,empty_text_plus_canny,3,7.5,1.5,20,0.5129,0.3673,29.5778
116439,A woman with a straw style hat sitting on a small row boat in the water and accessory items hanging behind her on the land area.,"A woman wearing a straw-style hat sits in a small wooden boat floating on water, surrounded by colorful fabrics and hanging accessories near the shoreline. The scene appears to take place in a riverside or floating market environment, with reflections on the water and goods.",,/Users/yixiaoz/Desktop/cs348k_proj/outputs/controlNetScale/baseline_structural_canny/cfg_7p5_control_1p5/000000116439/target.png,/Users/yixiaoz/Desktop/cs348k_proj/outputs/controlNetScale/baseline_structural_canny/cfg_7p5_control_1p5/000000116439/canny.png,/Users/yixiaoz/Desktop/cs348k_proj/outputs/controlNetScale/baseline_structural_canny/cfg_7p5_control_1p5/000000116439/generated.png,empty_text_plus_canny,3,7.5,1.5,20,0.5289,0.3978,32.0727
11511,A sculpture of two women stting on a bench with their purses on the ground while people standing in a line behind them.,"A bronze sculpture of two women seated together on a bench is displayed in an outdoor public area. The figures sit close together with handbags or purses placed near their feet, and pedestrians stand or walk in the background. Strong light highlights the sculpture against.",,/Users/yixiaoz/Desktop/cs348k_proj/outputs/controlNetScale/baseline_structural_canny/cfg_7p5_control_1p5/000000011511/target.png,/Users/yixiaoz/Desktop/cs348k_proj/outputs/controlNetScale/baseline_structural_canny/cfg_7p5_control_1p5/000000011511/canny.png,/Users/yixiaoz/Desktop/cs348k_proj/outputs/controlNetScale/baseline_structural_canny/cfg_7p5_control_1p5/000000011511/generated.png,empty_text_plus_canny,3,7.5,1.5,20,0.5457,0.3626,31.9417
17714,A banana frittata next to a plate of decoratively cut fruit and a cup of coffee.,"A breakfast or brunch meal is arranged on a wooden table, including a banana frittata, a plate of decorative cut fruit, and a cup of coffee. Sunlight falls across the tabletop, casting shadows and giving the meal a bright morning feel. The dishes are neatly.",,/Users/yixiaoz/Desktop/cs348k_proj/outputs/controlNetScale/baseline_structural_canny/cfg_7p5_control_1p5/000000017714/target.png,/Users/yixiaoz/Desktop/cs348k_proj/outputs/controlNetScale/baseline_structural_canny/cfg_7p5_control_1p5/000000017714/canny.png,/Users/yixiaoz/Desktop/cs348k_proj/outputs/controlNetScale/baseline_structural_canny/cfg_7p5_control_1p5/000000017714/generated.png,empty_text_plus_canny,3,7.5,1.5,20,0.4849,0.4374,28.8644
15335,"a young child, lady , and man sitting in a booth at a table","A young child sits in a restaurant booth between adults at a table, with plates, drinks, and food items visible in the dim interior. The child appears to be eating or touching their mouth, while the adults sit close on either side. Warm lighting and.",,/Users/yixiaoz/Desktop/cs348k_proj/outputs/controlNetScale/baseline_structural_canny/cfg_7p5_control_1p5/000000015335/target.png,/Users/yixiaoz/Desktop/cs348k_proj/outputs/controlNetScale/baseline_structural_canny/cfg_7p5_control_1p5/000000015335/canny.png,/Users/yixiaoz/Desktop/cs348k_proj/outputs/controlNetScale/baseline_structural_canny/cfg_7p5_control_1p5/000000015335/generated.png,empty_text_plus_canny,3,7.5,1.5,20,0.6354,0.5937,21.7476
113589,"Two containers containing quiche, a salad, apples and a banana on the side.","A healthy prepared meal is arranged in two clear food containers and a small side area, including a slice of quiche, green salad, apple slices, and a banana. The food is neatly separated and photographed from above against a plain background. The composition emphasizes balanced.",,/Users/yixiaoz/Desktop/cs348k_proj/outputs/controlNetScale/baseline_structural_canny/cfg_7p5_control_1p5/000000113589/target.png,/Users/yixiaoz/Desktop/cs348k_proj/outputs/controlNetScale/baseline_structural_canny/cfg_7p5_control_1p5/000000113589/canny.png,/Users/yixiaoz/Desktop/cs348k_proj/outputs/controlNetScale/baseline_structural_canny/cfg_7p5_control_1p5/000000113589/generated.png,empty_text_plus_canny,3,7.5,1.5,20,0.6061,0.3819,31.2792
1503,A picture of an iMac desktop next to a Mac laptop on a desk.,"An older Apple iMac desktop computer sits on a desk beside a Mac laptop and several computer accessories. A keyboard, mouse, speakers, and monitor are arranged across the workspace, creating a technology-focused setup. The desk is positioned near a window with blinds, and the white.",,/Users/yixiaoz/Desktop/cs348k_proj/outputs/controlNetScale/baseline_structural_canny/cfg_7p5_control_1p5/000000001503/target.png,/Users/yixiaoz/Desktop/cs348k_proj/outputs/controlNetScale/baseline_structural_canny/cfg_7p5_control_1p5/000000001503/canny.png,/Users/yixiaoz/Desktop/cs348k_proj/outputs/controlNetScale/baseline_structural_canny/cfg_7p5_control_1p5/000000001503/generated.png,empty_text_plus_canny,3,7.5,1.5,20,0.5009,0.4407,26.7908
88848,"Multiple pictures of fire hydrants, a woman standing near a tree, and people posing in front of a boat.","A collage of multiple photographs shows several yellow fire hydrants, a woman standing near a tree, and people posing in front of a boat or outdoor landmark. The images are arranged together in a grid-like layout, combining different scenes into one visual composition. The subject.",,/Users/yixiaoz/Desktop/cs348k_proj/outputs/controlNetScale/baseline_structural_canny/cfg_7p5_control_1p5/000000088848/target.png,/Users/yixiaoz/Desktop/cs348k_proj/outputs/controlNetScale/baseline_structural_canny/cfg_7p5_control_1p5/000000088848/canny.png,/Users/yixiaoz/Desktop/cs348k_proj/outputs/controlNetScale/baseline_structural_canny/cfg_7p5_control_1p5/000000088848/generated.png,empty_text_plus_canny,3,7.5,1.5,20,0.5206,0.56,36.2876
6471,A man at bat waiting for a pitch with a catcher and umpire behind him and players from the opposing team in the dugout.,"A baseball player in a white uniform stands at home plate holding a bat while waiting for a pitch. A catcher and umpire crouch behind him, and members of the opposing team sit in the dugout watching the play. The green field and stadium seating.",,/Users/yixiaoz/Desktop/cs348k_proj/outputs/controlNetScale/baseline_structural_canny/cfg_7p5_control_1p5/000000006471/target.png,/Users/yixiaoz/Desktop/cs348k_proj/outputs/controlNetScale/baseline_structural_canny/cfg_7p5_control_1p5/000000006471/canny.png,/Users/yixiaoz/Desktop/cs348k_proj/outputs/controlNetScale/baseline_structural_canny/cfg_7p5_control_1p5/000000006471/generated.png,empty_text_plus_canny,3,7.5,1.5,20,0.5203,0.4912,25.8622
92660,An unbaked pizza with cheese and herbs on one half and broccoli on the second.,"An uncooked pizza topped with cheese, herbs, and broccoli sits on a round baking tray or pan. One half of the pizza appears more heavily covered with broccoli, while the other has more cheese and herbs exposed. The crust and toppings are clearly visible from.",,/Users/yixiaoz/Desktop/cs348k_proj/outputs/controlNetScale/baseline_structural_canny/cfg_7p5_control_1p5/000000092660/target.png,/Users/yixiaoz/Desktop/cs348k_proj/outputs/controlNetScale/baseline_structural_canny/cfg_7p5_control_1p5/000000092660/canny.png,/Users/yixiaoz/Desktop/cs348k_proj/outputs/controlNetScale/baseline_structural_canny/cfg_7p5_control_1p5/000000092660/generated.png,empty_text_plus_canny,3,7.5,1.5,20,0.5357,0.4902,21.5115
105335,"A bowl of stew in a white bowl, being held by a person.","A bowl of stew in a white dish is being held by a person, with pieces of vegetables and meat visible in a warm broth. The stew contains colorful ingredients such as carrots, potatoes, and chunks of protein. The close-up framing focuses on the food.",,/Users/yixiaoz/Desktop/cs348k_proj/outputs/controlNetScale/baseline_structural_canny/cfg_7p5_control_1p5/000000105335/target.png,/Users/yixiaoz/Desktop/cs348k_proj/outputs/controlNetScale/baseline_structural_canny/cfg_7p5_control_1p5/000000105335/canny.png,/Users/yixiaoz/Desktop/cs348k_proj/outputs/controlNetScale/baseline_structural_canny/cfg_7p5_control_1p5/000000105335/generated.png,empty_text_plus_canny,3,7.5,1.5,20,0.6567,0.6277,24.0056
117719,A man sits at a bar in front of dozens of bottles of alcohol.,"A man stands behind a warmly lit bar surrounded by dozens of bottles of alcohol arranged on shelves. The bar interior features dark wood, glowing lights, glassware, and a cozy pub-like atmosphere. The bartender or customer is partly silhouetted against the illuminated bottles, creating a.",,/Users/yixiaoz/Desktop/cs348k_proj/outputs/controlNetScale/baseline_structural_canny/cfg_7p5_control_1p5/000000117719/target.png,/Users/yixiaoz/Desktop/cs348k_proj/outputs/controlNetScale/baseline_structural_canny/cfg_7p5_control_1p5/000000117719/canny.png,/Users/yixiaoz/Desktop/cs348k_proj/outputs/controlNetScale/baseline_structural_canny/cfg_7p5_control_1p5/000000117719/generated.png,empty_text_plus_canny,3,7.5,1.5,20,0.5451,0.421,35.1987
82085,A brightly colored train is stopped on the tracks to let passengers on.,"A brightly colored passenger train is stopped on railway tracks beside a platform, allowing passengers to board or exit. The train has yellow, blue, and red sections, and people stand nearby along the track area. Buildings, vegetation, and station infrastructure surround the scene. The image.",,/Users/yixiaoz/Desktop/cs348k_proj/outputs/controlNetScale/baseline_structural_canny/cfg_7p5_control_1p5/000000082085/target.png,/Users/yixiaoz/Desktop/cs348k_proj/outputs/controlNetScale/baseline_structural_canny/cfg_7p5_control_1p5/000000082085/canny.png,/Users/yixiaoz/Desktop/cs348k_proj/outputs/controlNetScale/baseline_structural_canny/cfg_7p5_control_1p5/000000082085/generated.png,empty_text_plus_canny,3,7.5,1.5,20,0.5163,0.3952,23.1068
70048,"A glass of wine sits next to a bowl of soup, salad, and a plate with a sandwich.","A restaurant meal is arranged on a table, including a glass of wine, a bowl of soup, a green salad, and a sandwich served on a round bread roll. Condiments, utensils, napkins, and additional dining items sit nearby. The overhead view emphasizes the variety and.",,/Users/yixiaoz/Desktop/cs348k_proj/outputs/controlNetScale/baseline_structural_canny/cfg_7p5_control_1p5/000000070048/target.png,/Users/yixiaoz/Desktop/cs348k_proj/outputs/controlNetScale/baseline_structural_canny/cfg_7p5_control_1p5/000000070048/canny.png,/Users/yixiaoz/Desktop/cs348k_proj/outputs/controlNetScale/baseline_structural_canny/cfg_7p5_control_1p5/000000070048/generated.png,empty_text_plus_canny,3,7.5,1.5,20,0.4637,0.398,28.5969
3845,A dinner plate that has white steamed rice with stir fry vegetables and chicken.,A large dinner plate holds a mound of white steamed rice next to stir-fried vegetables and pieces of chicken in a colorful sauce. The food is arranged on a patterned plate and viewed from above on a wooden table. The bright vegetables and sauce contrast.,,/Users/yixiaoz/Desktop/cs348k_proj/outputs/controlNetScale/baseline_structural_canny/cfg_7p5_control_1p5/000000003845/target.png,/Users/yixiaoz/Desktop/cs348k_proj/outputs/controlNetScale/baseline_structural_canny/cfg_7p5_control_1p5/000000003845/canny.png,/Users/yixiaoz/Desktop/cs348k_proj/outputs/controlNetScale/baseline_structural_canny/cfg_7p5_control_1p5/000000003845/generated.png,empty_text_plus_canny,3,7.5,1.5,20,0.5697,0.529,27.0315
92939,a man and female standing side by side with a cake cutter in their hand,"A smiling man and woman stand side by side beside a small decorated cake, holding a cake knife together. The woman wears a light-colored strapless dress and the man wears a white shirt, suggesting a wedding, anniversary, or celebratory event. Palm trees and outdoor lighting.",,/Users/yixiaoz/Desktop/cs348k_proj/outputs/controlNetScale/baseline_structural_canny/cfg_7p5_control_1p5/000000092939/target.png,/Users/yixiaoz/Desktop/cs348k_proj/outputs/controlNetScale/baseline_structural_canny/cfg_7p5_control_1p5/000000092939/canny.png,/Users/yixiaoz/Desktop/cs348k_proj/outputs/controlNetScale/baseline_structural_canny/cfg_7p5_control_1p5/000000092939/generated.png,empty_text_plus_canny,3,7.5,1.5,20,0.508,0.383,32.565
1268,A waterway under a bridge with people sitting down and a woman taking a photo.,"People sit and relax under a large bridge beside a waterfront, with sunlight reflecting brightly off the water. A woman stands in the foreground taking a photograph, while several people sit along the edge facing the river. The bridge structure forms a strong curved frame.",,/Users/yixiaoz/Desktop/cs348k_proj/outputs/controlNetScale/baseline_structural_canny/cfg_7p5_control_1p5/000000001268/target.png,/Users/yixiaoz/Desktop/cs348k_proj/outputs/controlNetScale/baseline_structural_canny/cfg_7p5_control_1p5/000000001268/canny.png,/Users/yixiaoz/Desktop/cs348k_proj/outputs/controlNetScale/baseline_structural_canny/cfg_7p5_control_1p5/000000001268/generated.png,empty_text_plus_canny,3,7.5,1.5,20,0.4946,0.4663,24.5203
33221,Two women at a beach with tennis rackets in their hands and one girl looking very excited with her tennis racket in the air.,"Two women stand on a sandy beach holding tennis rackets while people walk nearby in the background. One woman raises her racket enthusiastically above her head, while the other stands beside her wearing a hood or scarf. The beach, distant hills, flags, and open sky.",,/Users/yixiaoz/Desktop/cs348k_proj/outputs/controlNetScale/baseline_structural_canny/cfg_7p5_control_1p5/000000033221/target.png,/Users/yixiaoz/Desktop/cs348k_proj/outputs/controlNetScale/baseline_structural_canny/cfg_7p5_control_1p5/000000033221/canny.png,/Users/yixiaoz/Desktop/cs348k_proj/outputs/controlNetScale/baseline_structural_canny/cfg_7p5_control_1p5/000000033221/generated.png,empty_text_plus_canny,3,7.5,1.5,20,0.5193,0.4743,29.0507
68409,School boys sit cross legged in front of a chalkboard sign in a vintage black and white photo.,A vintage black-and-white photograph shows a group of schoolboys sitting cross-legged in a row in front of a chalkboard sign. The boys wear similar school uniforms and pose formally for the camera outdoors. Trees and a simple background are visible behind them. The image has.,,/Users/yixiaoz/Desktop/cs348k_proj/outputs/controlNetScale/baseline_structural_canny/cfg_7p5_control_1p5/000000068409/target.png,/Users/yixiaoz/Desktop/cs348k_proj/outputs/controlNetScale/baseline_structural_canny/cfg_7p5_control_1p5/000000068409/canny.png,/Users/yixiaoz/Desktop/cs348k_proj/outputs/controlNetScale/baseline_structural_canny/cfg_7p5_control_1p5/000000068409/generated.png,empty_text_plus_canny,3,7.5,1.5,20,0.5501,0.4645,22.8006
78170,"PASSENGER TRAIN IN THE NIGHT HOURS WITH NO SMOKING SIGN, AND TWO WOMEN","A black-and-white nighttime image shows passengers visible through the windows of a train car. A no-smoking sign and interior lights can be seen inside, while reflections and shadows create a dramatic atmosphere. Two women or passengers are visible near separate windows, framed by the train.",,/Users/yixiaoz/Desktop/cs348k_proj/outputs/controlNetScale/baseline_structural_canny/cfg_7p5_control_1p5/000000078170/target.png,/Users/yixiaoz/Desktop/cs348k_proj/outputs/controlNetScale/baseline_structural_canny/cfg_7p5_control_1p5/000000078170/canny.png,/Users/yixiaoz/Desktop/cs348k_proj/outputs/controlNetScale/baseline_structural_canny/cfg_7p5_control_1p5/000000078170/generated.png,empty_text_plus_canny,3,7.5,1.5,20,0.4427,0.3396,27.5394
62554,a plate of broccoli on a table next to some other plates of food,"A plate or bowl of broccoli sits on a table next to other plates of food, including pasta or noodles and additional dishes in the background. The broccoli is bright green and placed prominently in the foreground, while the other foods are slightly out of.",,/Users/yixiaoz/Desktop/cs348k_proj/outputs/controlNetScale/baseline_structural_canny/cfg_7p5_control_1p5/000000062554/target.png,/Users/yixiaoz/Desktop/cs348k_proj/outputs/controlNetScale/baseline_structural_canny/cfg_7p5_control_1p5/000000062554/canny.png,/Users/yixiaoz/Desktop/cs348k_proj/outputs/controlNetScale/baseline_structural_canny/cfg_7p5_control_1p5/000000062554/generated.png,empty_text_plus_canny,3,7.5,1.5,20,0.5451,0.4336,27.0479
58539,"A man in a red hat, suit, and blue striped tie walks past two other men on a street.","A man wearing a bright red hat, dark suit, and blue striped tie walks along a city street while other men and pedestrians stand nearby. Cars, buildings, and urban activity fill the background. The red hat makes the man stand out clearly from the crowd.",,/Users/yixiaoz/Desktop/cs348k_proj/outputs/controlNetScale/baseline_structural_canny/cfg_7p5_control_1p5/000000058539/target.png,/Users/yixiaoz/Desktop/cs348k_proj/outputs/controlNetScale/baseline_structural_canny/cfg_7p5_control_1p5/000000058539/canny.png,/Users/yixiaoz/Desktop/cs348k_proj/outputs/controlNetScale/baseline_structural_canny/cfg_7p5_control_1p5/000000058539/generated.png,empty_text_plus_canny,3,7.5,1.5,20,0.5037,0.5215,23.265
46031,A small tablet computer next to a larger monitor and keyboard.,"A laptop computer sits on a small desk beside a larger external monitor, keyboard, mouse, speakers, and other electronic devices. The laptop and monitor display green leaf or plant imagery, creating a matching visual theme across the screens. The desk is placed near a window.",,/Users/yixiaoz/Desktop/cs348k_proj/outputs/controlNetScale/baseline_structural_canny/cfg_7p5_control_1p5/000000046031/target.png,/Users/yixiaoz/Desktop/cs348k_proj/outputs/controlNetScale/baseline_structural_canny/cfg_7p5_control_1p5/000000046031/canny.png,/Users/yixiaoz/Desktop/cs348k_proj/outputs/controlNetScale/baseline_structural_canny/cfg_7p5_control_1p5/000000046031/generated.png,empty_text_plus_canny,3,7.5,1.5,20,0.4702,0.4593,31.9929
9891,The man is loading luggage suitcases onto the cart in the parking lot.,"A man loads luggage and suitcases onto a metal cart in a parking lot filled with vehicles. He bends over while handling the bags beside a parked car, suggesting travel, airport transport, or hotel arrival. Other cars and a parking garage or covered structure are.",,/Users/yixiaoz/Desktop/cs348k_proj/outputs/controlNetScale/baseline_structural_canny/cfg_7p5_control_1p5/000000009891/target.png,/Users/yixiaoz/Desktop/cs348k_proj/outputs/controlNetScale/baseline_structural_canny/cfg_7p5_control_1p5/000000009891/canny.png,/Users/yixiaoz/Desktop/cs348k_proj/outputs/controlNetScale/baseline_structural_canny/cfg_7p5_control_1p5/000000009891/generated.png,empty_text_plus_canny,3,7.5,1.5,20,0.4639,0.3975,31.4427
37777,The dining table near the kitchen has a bowl of fruit on it.,"A bright open kitchen and dining area features wooden cabinets, white appliances, tiled flooring, and a small table with a bowl of fruit on top. Sunlight enters through windows and illuminates the clean interior. The kitchen includes counters, a refrigerator, stove, and cabinets arranged along.",,/Users/yixiaoz/Desktop/cs348k_proj/outputs/controlNetScale/baseline_structural_canny/cfg_7p5_control_1p5/000000037777/target.png,/Users/yixiaoz/Desktop/cs348k_proj/outputs/controlNetScale/baseline_structural_canny/cfg_7p5_control_1p5/000000037777/canny.png,/Users/yixiaoz/Desktop/cs348k_proj/outputs/controlNetScale/baseline_structural_canny/cfg_7p5_control_1p5/000000037777/generated.png,empty_text_plus_canny,3,7.5,1.5,20,0.5664,0.478,26.3724
65350,"Two young people are skateboarding on the ramp, trying to pull off tricks.","Two young people are skateboarding on a skate park ramp while attempting tricks. One skater lies or slides on the ramp with a skateboard nearby, while another stands or moves close by. Other people and bicycles are visible in the background near concrete walls. The.",,/Users/yixiaoz/Desktop/cs348k_proj/outputs/controlNetScale/baseline_structural_canny/cfg_7p5_control_1p5/000000065350/target.png,/Users/yixiaoz/Desktop/cs348k_proj/outputs/controlNetScale/baseline_structural_canny/cfg_7p5_control_1p5/000000065350/canny.png,/Users/yixiaoz/Desktop/cs348k_proj/outputs/controlNetScale/baseline_structural_canny/cfg_7p5_control_1p5/000000065350/generated.png,empty_text_plus_canny,3,7.5,1.5,20,0.5323,0.5286,28.3455
48396,A woman in a tan sweater holding a knife by a young boy in a plaid shirt.,"A woman wearing a tan or light-colored sweater stands beside a young boy in a plaid shirt near a table with cups and food items. The woman holds a knife, possibly preparing to cut or serve something. Both subjects face the camera in an indoor.",,/Users/yixiaoz/Desktop/cs348k_proj/outputs/controlNetScale/baseline_structural_canny/cfg_7p5_control_1p5/000000048396/target.png,/Users/yixiaoz/Desktop/cs348k_proj/outputs/controlNetScale/baseline_structural_canny/cfg_7p5_control_1p5/000000048396/canny.png,/Users/yixiaoz/Desktop/cs348k_proj/outputs/controlNetScale/baseline_structural_canny/cfg_7p5_control_1p5/000000048396/generated.png,empty_text_plus_canny,3,7.5,1.5,20,0.5471,0.3367,31.0854
117908,A man looking in the refrigerator with a cat also looking inside,"A man bends over and looks inside an open refrigerator while a cat stands nearby also peering into the fridge. Food, bottles, and containers are visible on the refrigerator shelves, and the cat appears curious about the contents. The warm indoor lighting and humorous interaction.",,/Users/yixiaoz/Desktop/cs348k_proj/outputs/controlNetScale/baseline_structural_canny/cfg_7p5_control_1p5/000000117908/target.png,/Users/yixiaoz/Desktop/cs348k_proj/outputs/controlNetScale/baseline_structural_canny/cfg_7p5_control_1p5/000000117908/canny.png,/Users/yixiaoz/Desktop/cs348k_proj/outputs/controlNetScale/baseline_structural_canny/cfg_7p5_control_1p5/000000117908/generated.png,empty_text_plus_canny,3,7.5,1.5,20,0.5847,0.5104,21.4013
97994,Three laptop computers and a desktop computer sit next to each other.,"Three laptop computers and a desktop workstation are arranged together on a desk in a compact home office or technical workspace. Several screens, keyboards, cables, and electronic accessories fill the tabletop, suggesting multitasking or computer-intensive work. A microphone or lamp stands near the setup, and.",,/Users/yixiaoz/Desktop/cs348k_proj/outputs/controlNetScale/baseline_structural_canny/cfg_7p5_control_1p5/000000097994/target.png,/Users/yixiaoz/Desktop/cs348k_proj/outputs/controlNetScale/baseline_structural_canny/cfg_7p5_control_1p5/000000097994/canny.png,/Users/yixiaoz/Desktop/cs348k_proj/outputs/controlNetScale/baseline_structural_canny/cfg_7p5_control_1p5/000000097994/generated.png,empty_text_plus_canny,3,7.5,1.5,20,0.4954,0.2863,30.9099
30785,A plate filled with a bowl of vegetables and two slices of bread with a spread on them.,"A plate holds a healthy meal consisting of a bowl of green vegetables, slices of bread topped with a spread, and additional fresh ingredients. The food is arranged neatly on a wooden table, with the bowl and bread sharing the plate. The overhead view emphasizes.",,/Users/yixiaoz/Desktop/cs348k_proj/outputs/controlNetScale/baseline_structural_canny/cfg_7p5_control_1p5/000000030785/target.png,/Users/yixiaoz/Desktop/cs348k_proj/outputs/controlNetScale/baseline_structural_canny/cfg_7p5_control_1p5/000000030785/canny.png,/Users/yixiaoz/Desktop/cs348k_proj/outputs/controlNetScale/baseline_structural_canny/cfg_7p5_control_1p5/000000030785/generated.png,empty_text_plus_canny,3,7.5,1.5,20,0.4836,0.3981,25.9444
76547,a male in a white shirt a bicycle and an orange and white train,"A man wearing a light-colored shirt sits at a table on a railway station platform near a parked bicycle. An orange and white passenger train is stopped alongside the platform, while overhead signs, metal beams, and station infrastructure extend into the background. The scene captures.",,/Users/yixiaoz/Desktop/cs348k_proj/outputs/controlNetScale/baseline_structural_canny/cfg_7p5_control_1p5/000000076547/target.png,/Users/yixiaoz/Desktop/cs348k_proj/outputs/controlNetScale/baseline_structural_canny/cfg_7p5_control_1p5/000000076547/canny.png,/Users/yixiaoz/Desktop/cs348k_proj/outputs/controlNetScale/baseline_structural_canny/cfg_7p5_control_1p5/000000076547/generated.png,empty_text_plus_canny,3,7.5,1.5,20,0.5249,0.4533,24.0338
116362,A small bowl filled with chopped vegetables and spoon,"A bowl filled with chopped fruit pieces sits on a wooden table with a spoon resting inside. The food appears freshly prepared, with colorful slices arranged casually in the bowl. The photograph is taken from above, focusing closely on the meal while leaving the surrounding.",,/Users/yixiaoz/Desktop/cs348k_proj/outputs/controlNetScale/baseline_structural_canny/cfg_7p5_control_1p5/000000116362/target.png,/Users/yixiaoz/Desktop/cs348k_proj/outputs/controlNetScale/baseline_structural_canny/cfg_7p5_control_1p5/000000116362/canny.png,/Users/yixiaoz/Desktop/cs348k_proj/outputs/controlNetScale/baseline_structural_canny/cfg_7p5_control_1p5/000000116362/generated.png,empty_text_plus_canny,3,7.5,1.5,20,0.5641,0.6123,22.0157
22371,A man in thought sitting in front of a laptop with a pen in his hand.,"A businessman sits at a desk in front of an open laptop computer while holding a pen and resting his head on one hand. He appears thoughtful and focused, possibly reviewing information or planning a project. The clean office setting includes a desk surface and.",,/Users/yixiaoz/Desktop/cs348k_proj/outputs/controlNetScale/baseline_structural_canny/cfg_7p5_control_1p5/000000022371/target.png,/Users/yixiaoz/Desktop/cs348k_proj/outputs/controlNetScale/baseline_structural_canny/cfg_7p5_control_1p5/000000022371/canny.png,/Users/yixiaoz/Desktop/cs348k_proj/outputs/controlNetScale/baseline_structural_canny/cfg_7p5_control_1p5/000000022371/generated.png,empty_text_plus_canny,3,7.5,1.5,20,0.5841,0.466,30.5141
69224,A man and woman eating doughnuts out of a box at a coffee shop.,"A man and woman sit together at a table inside a café or coffee shop while sharing food from a box. Drinks, containers, and personal belongings are spread across the table. The pair appear engaged in conversation as they eat, creating a friendly and relaxed.",,/Users/yixiaoz/Desktop/cs348k_proj/outputs/controlNetScale/baseline_structural_canny/cfg_7p5_control_1p5/000000069224/target.png,/Users/yixiaoz/Desktop/cs348k_proj/outputs/controlNetScale/baseline_structural_canny/cfg_7p5_control_1p5/000000069224/canny.png,/Users/yixiaoz/Desktop/cs348k_proj/outputs/controlNetScale/baseline_structural_canny/cfg_7p5_control_1p5/000000069224/generated.png,empty_text_plus_canny,3,7.5,1.5,20,0.5191,0.3824,31.6419
16249,It sure is a beautiful day to sit outside and read the paper.,"An older man sits outdoors on a bench reading a newspaper while enjoying a pleasant day in a public area. Several other people sit or stand nearby, creating a relaxed community setting. Sunlight illuminates the scene, and the man appears absorbed in reading while the.",,/Users/yixiaoz/Desktop/cs348k_proj/outputs/controlNetScale/baseline_structural_canny/cfg_7p5_control_1p5/000000016249/target.png,/Users/yixiaoz/Desktop/cs348k_proj/outputs/controlNetScale/baseline_structural_canny/cfg_7p5_control_1p5/000000016249/canny.png,/Users/yixiaoz/Desktop/cs348k_proj/outputs/controlNetScale/baseline_structural_canny/cfg_7p5_control_1p5/000000016249/generated.png,empty_text_plus_canny,3,7.5,1.5,20,0.4457,0.4603,25.7414
85157,A group of people sitting around a table have a meal and a drink.,"A group of people sit around a restaurant table sharing food and drinks. Plates, glasses, and table settings fill the dining area while the diners converse with one another. The gathering appears social and informal, with participants enjoying a meal together in a warm indoor.",,/Users/yixiaoz/Desktop/cs348k_proj/outputs/controlNetScale/baseline_structural_canny/cfg_7p5_control_1p5/000000085157/target.png,/Users/yixiaoz/Desktop/cs348k_proj/outputs/controlNetScale/baseline_structural_canny/cfg_7p5_control_1p5/000000085157/canny.png,/Users/yixiaoz/Desktop/cs348k_proj/outputs/controlNetScale/baseline_structural_canny/cfg_7p5_control_1p5/000000085157/generated.png,empty_text_plus_canny,3,7.5,1.5,20,0.4631,0.3504,31.929
20571,A tugboat sits beside a ferry on placid water with a mountain in the distance.,"Several fishing boats are docked beside a harbor on calm water, with hills or mountains visible in the distance. Ropes, masts, and harbor equipment line the waterfront while the boats rest quietly along the dock. The scene reflects a working maritime environment and highlights the.",,/Users/yixiaoz/Desktop/cs348k_proj/outputs/controlNetScale/baseline_structural_canny/cfg_7p5_control_1p5/000000020571/target.png,/Users/yixiaoz/Desktop/cs348k_proj/outputs/controlNetScale/baseline_structural_canny/cfg_7p5_control_1p5/000000020571/canny.png,/Users/yixiaoz/Desktop/cs348k_proj/outputs/controlNetScale/baseline_structural_canny/cfg_7p5_control_1p5/000000020571/generated.png,empty_text_plus_canny,3,7.5,1.5,20,0.5036,0.4351,29.2186
84362,A toddler and cat are in a living room with open curtains.,"A toddler and a cat occupy a cozy living room illuminated by daylight coming through large windows with open curtains. Sofas and chairs surround the room, while the child sits or plays near the center of the space. The cat relaxes nearby, contributing to the.",,/Users/yixiaoz/Desktop/cs348k_proj/outputs/controlNetScale/baseline_structural_canny/cfg_7p5_control_1p5/000000084362/target.png,/Users/yixiaoz/Desktop/cs348k_proj/outputs/controlNetScale/baseline_structural_canny/cfg_7p5_control_1p5/000000084362/canny.png,/Users/yixiaoz/Desktop/cs348k_proj/outputs/controlNetScale/baseline_structural_canny/cfg_7p5_control_1p5/000000084362/generated.png,empty_text_plus_canny,3,7.5,1.5,20,0.4845,0.573,25.5882
62808,Man photographing a fresh pizza his tired buddy just wants to eat,"A freshly baked pizza sits on a table in a restaurant while one man photographs it with a camera or phone. Another man sits nearby waiting to eat, looking toward the meal. Plates and dining items surround the pizza, suggesting the meal is about to.",,/Users/yixiaoz/Desktop/cs348k_proj/outputs/controlNetScale/baseline_structural_canny/cfg_7p5_control_1p5/000000062808/target.png,/Users/yixiaoz/Desktop/cs348k_proj/outputs/controlNetScale/baseline_structural_canny/cfg_7p5_control_1p5/000000062808/canny.png,/Users/yixiaoz/Desktop/cs348k_proj/outputs/controlNetScale/baseline_structural_canny/cfg_7p5_control_1p5/000000062808/generated.png,empty_text_plus_canny,3,7.5,1.5,20,0.5001,0.4702,30.7448
106235,A living room featuring a comfortable seating arrangement of chairs and tables.,"A comfortable living room features sofas, armchairs, lamps, and a coffee table arranged around a central seating area. Warm lighting and decorative furnishings create a welcoming atmosphere. The room appears carefully organized for relaxation and conversation, with furniture positioned to encourage social interaction. Soft colors.",,/Users/yixiaoz/Desktop/cs348k_proj/outputs/controlNetScale/baseline_structural_canny/cfg_7p5_control_1p5/000000106235/target.png,/Users/yixiaoz/Desktop/cs348k_proj/outputs/controlNetScale/baseline_structural_canny/cfg_7p5_control_1p5/000000106235/canny.png,/Users/yixiaoz/Desktop/cs348k_proj/outputs/controlNetScale/baseline_structural_canny/cfg_7p5_control_1p5/000000106235/generated.png,empty_text_plus_canny,3,7.5,1.5,20,0.5324,0.3913,27.6849
117425,A young boy with a spoon looking at a birthday cupcake.,"A young child sits at a wooden table while looking closely at a small birthday cupcake decorated with a candle. The toddler appears curious and fascinated by the treat positioned directly in front of them. An adult stands nearby, partially visible, supervising the moment. Warm.",,/Users/yixiaoz/Desktop/cs348k_proj/outputs/controlNetScale/baseline_structural_canny/cfg_7p5_control_1p5/000000117425/target.png,/Users/yixiaoz/Desktop/cs348k_proj/outputs/controlNetScale/baseline_structural_canny/cfg_7p5_control_1p5/000000117425/canny.png,/Users/yixiaoz/Desktop/cs348k_proj/outputs/controlNetScale/baseline_structural_canny/cfg_7p5_control_1p5/000000117425/generated.png,empty_text_plus_canny,3,7.5,1.5,20,0.5811,0.4546,27.6151
100624,A girl is standing by a storefront while talking on her phone.,"A young woman stands on a city sidewalk at night while talking on her mobile phone. Storefront windows, streetlights, and blurred city lights illuminate the background, creating an urban evening atmosphere. She appears focused on her conversation while standing near a shop entrance. The image.",,/Users/yixiaoz/Desktop/cs348k_proj/outputs/controlNetScale/baseline_structural_canny/cfg_7p5_control_1p5/000000100624/target.png,/Users/yixiaoz/Desktop/cs348k_proj/outputs/controlNetScale/baseline_structural_canny/cfg_7p5_control_1p5/000000100624/canny.png,/Users/yixiaoz/Desktop/cs348k_proj/outputs/controlNetScale/baseline_structural_canny/cfg_7p5_control_1p5/000000100624/generated.png,empty_text_plus_canny,3,7.5,1.5,20,0.5186,0.4186,30.6623
24243,"Two ladies seated with cups of drinks, one smoking while the other seated inside a fridge",Two women sit near a storefront or street-side seating area while holding drinks. One woman smokes a cigarette while the other sits inside a display-like enclosure resembling a refrigerator or booth. The unusual arrangement creates an eye-catching urban scene. Pedestrians and city elements appear in.,,/Users/yixiaoz/Desktop/cs348k_proj/outputs/controlNetScale/baseline_structural_canny/cfg_7p5_control_1p5/000000024243/target.png,/Users/yixiaoz/Desktop/cs348k_proj/outputs/controlNetScale/baseline_structural_canny/cfg_7p5_control_1p5/000000024243/canny.png,/Users/yixiaoz/Desktop/cs348k_proj/outputs/controlNetScale/baseline_structural_canny/cfg_7p5_control_1p5/000000024243/generated.png,empty_text_plus_canny,3,7.5,1.5,20,0.4034,0.3312,35.6938
31296,"A group of people, some in leftover US army clothing, sit at tables in a large dining room.","A large group of people gather around tables inside a spacious dining room decorated with military memorabilia and clothing. The diners appear engaged in conversation while sharing food and drinks. Wooden floors, warm lighting, and the arrangement of tables create a communal atmosphere. The image.",,/Users/yixiaoz/Desktop/cs348k_proj/outputs/controlNetScale/baseline_structural_canny/cfg_7p5_control_1p5/000000031296/target.png,/Users/yixiaoz/Desktop/cs348k_proj/outputs/controlNetScale/baseline_structural_canny/cfg_7p5_control_1p5/000000031296/canny.png,/Users/yixiaoz/Desktop/cs348k_proj/outputs/controlNetScale/baseline_structural_canny/cfg_7p5_control_1p5/000000031296/generated.png,empty_text_plus_canny,3,7.5,1.5,20,0.4865,0.3625,31.8667
40083,a vintage photo of some people sitting under an umbrella,"This black-and-white photograph shows several people seated beneath a large umbrella beside a street or outdoor market area. Tables, chairs, and nearby structures suggest a casual public gathering place. The monochrome presentation gives the image a vintage appearance, emphasizing everyday social activity and street life.",,/Users/yixiaoz/Desktop/cs348k_proj/outputs/controlNetScale/baseline_structural_canny/cfg_7p5_control_1p5/000000040083/target.png,/Users/yixiaoz/Desktop/cs348k_proj/outputs/controlNetScale/baseline_structural_canny/cfg_7p5_control_1p5/000000040083/canny.png,/Users/yixiaoz/Desktop/cs348k_proj/outputs/controlNetScale/baseline_structural_canny/cfg_7p5_control_1p5/000000040083/generated.png,empty_text_plus_canny,3,7.5,1.5,20,0.4326,0.345,28.5483
36936,A man and woman sitting on a couch playing a video game.,"A man and woman sit together on a couch in a living room while playing a video game. A television displays the game in front of them, and snacks or drinks are visible on nearby tables. The indoor setting feels comfortable and informal, with warm.",,/Users/yixiaoz/Desktop/cs348k_proj/outputs/controlNetScale/baseline_structural_canny/cfg_7p5_control_1p5/000000036936/target.png,/Users/yixiaoz/Desktop/cs348k_proj/outputs/controlNetScale/baseline_structural_canny/cfg_7p5_control_1p5/000000036936/canny.png,/Users/yixiaoz/Desktop/cs348k_proj/outputs/controlNetScale/baseline_structural_canny/cfg_7p5_control_1p5/000000036936/generated.png,empty_text_plus_canny,3,7.5,1.5,20,0.5401,0.5883,26.6387
18150,A man with a receding hairline offers a slice of pizza to a toddler.,"A man with a receding hairline offers a slice of pizza to a young child seated nearby. The pair appear engaged in a friendly interaction, with the child focusing on the food being presented. The indoor setting suggests a casual family meal or gathering. The.",,/Users/yixiaoz/Desktop/cs348k_proj/outputs/controlNetScale/baseline_structural_canny/cfg_7p5_control_1p5/000000018150/target.png,/Users/yixiaoz/Desktop/cs348k_proj/outputs/controlNetScale/baseline_structural_canny/cfg_7p5_control_1p5/000000018150/canny.png,/Users/yixiaoz/Desktop/cs348k_proj/outputs/controlNetScale/baseline_structural_canny/cfg_7p5_control_1p5/000000018150/generated.png,empty_text_plus_canny,3,7.5,1.5,20,0.5368,0.4849,25.5149
115870,Some people hanging around in a living room with a big couch.,Several people relax in a spacious living room centered around a large couch and coffee table. Some sit while others stand and converse near large windows that bring natural light into the room. Household decorations and comfortable furniture create a welcoming atmosphere. The scene captures.,,/Users/yixiaoz/Desktop/cs348k_proj/outputs/controlNetScale/baseline_structural_canny/cfg_7p5_control_1p5/000000115870/target.png,/Users/yixiaoz/Desktop/cs348k_proj/outputs/controlNetScale/baseline_structural_canny/cfg_7p5_control_1p5/000000115870/canny.png,/Users/yixiaoz/Desktop/cs348k_proj/outputs/controlNetScale/baseline_structural_canny/cfg_7p5_control_1p5/000000115870/generated.png,empty_text_plus_canny,3,7.5,1.5,20,0.4239,0.421,30.0326
32901,Four men are standing together behind a group of red chairs.,"Four men stand together behind a row of red chairs in an indoor event or meeting room. They smile toward the camera and appear dressed in semi-formal attire, suggesting a gathering, celebration, or professional occasion. The composition resembles a group portrait, with the individuals positioned.",,/Users/yixiaoz/Desktop/cs348k_proj/outputs/controlNetScale/baseline_structural_canny/cfg_7p5_control_1p5/000000032901/target.png,/Users/yixiaoz/Desktop/cs348k_proj/outputs/controlNetScale/baseline_structural_canny/cfg_7p5_control_1p5/000000032901/canny.png,/Users/yixiaoz/Desktop/cs348k_proj/outputs/controlNetScale/baseline_structural_canny/cfg_7p5_control_1p5/000000032901/generated.png,empty_text_plus_canny,3,7.5,1.5,20,0.4961,0.4387,25.4847
25560,A cat perches on top of an entertainment center in front of a TV.,"A cat perches on top of an entertainment center directly in front of a television screen. The television displays a person on screen, while the cat appears more interested in the elevated resting spot than the program itself. Household electronics and furniture surround the scene.",,/Users/yixiaoz/Desktop/cs348k_proj/outputs/controlNetScale/baseline_structural_canny/cfg_7p5_control_1p5/000000025560/target.png,/Users/yixiaoz/Desktop/cs348k_proj/outputs/controlNetScale/baseline_structural_canny/cfg_7p5_control_1p5/000000025560/canny.png,/Users/yixiaoz/Desktop/cs348k_proj/outputs/controlNetScale/baseline_structural_canny/cfg_7p5_control_1p5/000000025560/generated.png,empty_text_plus_canny,3,7.5,1.5,20,0.4665,0.4287,28.8696
115245,Several suitcases on wheels leaning up against one long table with chairs.,"Several suitcases of different sizes stand upright beside a long table and a row of chairs in what appears to be a waiting area or meeting room. The luggage is grouped together on a polished wooden floor, suggesting recent travel, arrival, or preparation for departure.",,/Users/yixiaoz/Desktop/cs348k_proj/outputs/controlNetScale/baseline_structural_canny/cfg_7p5_control_1p5/000000115245/target.png,/Users/yixiaoz/Desktop/cs348k_proj/outputs/controlNetScale/baseline_structural_canny/cfg_7p5_control_1p5/000000115245/canny.png,/Users/yixiaoz/Desktop/cs348k_proj/outputs/controlNetScale/baseline_structural_canny/cfg_7p5_control_1p5/000000115245/generated.png,empty_text_plus_canny,3,7.5,1.5,20,0.5309,0.5503,27.1757
5001,A group of people holding a large pair of scissors to a ribbon.,"A crowd of adults and children gather around a ceremonial ribbon-cutting event. Several people smile and pose while a large pair of scissors is used to cut a ribbon stretched across the foreground. Balloons, cameras, and excited expressions contribute to the celebratory atmosphere. The gathering.",,/Users/yixiaoz/Desktop/cs348k_proj/outputs/controlNetScale/baseline_structural_canny/cfg_7p5_control_1p5/000000005001/target.png,/Users/yixiaoz/Desktop/cs348k_proj/outputs/controlNetScale/baseline_structural_canny/cfg_7p5_control_1p5/000000005001/canny.png,/Users/yixiaoz/Desktop/cs348k_proj/outputs/controlNetScale/baseline_structural_canny/cfg_7p5_control_1p5/000000005001/generated.png,empty_text_plus_canny,3,7.5,1.5,20,0.4853,0.4644,27.0573
3934,A young girl in the foreground and a woman in a bridal dress and other adults in the background.,"A young girl wearing a light-colored dress stands in the foreground of a living room while adults gather in the background. Motion blur gives the impression of movement and activity throughout the room. Furniture, decorations, and warm indoor lighting create a family-oriented atmosphere. The scene.",,/Users/yixiaoz/Desktop/cs348k_proj/outputs/controlNetScale/baseline_structural_canny/cfg_7p5_control_1p5/000000003934/target.png,/Users/yixiaoz/Desktop/cs348k_proj/outputs/controlNetScale/baseline_structural_canny/cfg_7p5_control_1p5/000000003934/canny.png,/Users/yixiaoz/Desktop/cs348k_proj/outputs/controlNetScale/baseline_structural_canny/cfg_7p5_control_1p5/000000003934/generated.png,empty_text_plus_canny,3,7.5,1.5,20,0.5079,0.4677,25.1703
91500,Two kids hanging out playing video games on folding chairs.,"Two young men sit on folding chairs while playing a video game together indoors. Each player holds a game controller and focuses on an off-camera television or display. The room contains tables, chairs, and household furnishings that suggest a casual social gathering. Their relaxed posture.",,/Users/yixiaoz/Desktop/cs348k_proj/outputs/controlNetScale/baseline_structural_canny/cfg_7p5_control_1p5/000000091500/target.png,/Users/yixiaoz/Desktop/cs348k_proj/outputs/controlNetScale/baseline_structural_canny/cfg_7p5_control_1p5/000000091500/canny.png,/Users/yixiaoz/Desktop/cs348k_proj/outputs/controlNetScale/baseline_structural_canny/cfg_7p5_control_1p5/000000091500/generated.png,empty_text_plus_canny,3,7.5,1.5,20,0.5704,0.3878,36.6993
82696,a white and black bird is walking by a table and some chairs,"A white and black bird walks across the floor of an indoor dining area filled with tables and chairs. The bird moves freely between the furniture, creating an unusual contrast between wildlife and a human-designed environment. Empty chairs and table arrangements suggest a cafeteria, restaurant.",,/Users/yixiaoz/Desktop/cs348k_proj/outputs/controlNetScale/baseline_structural_canny/cfg_7p5_control_1p5/000000082696/target.png,/Users/yixiaoz/Desktop/cs348k_proj/outputs/controlNetScale/baseline_structural_canny/cfg_7p5_control_1p5/000000082696/canny.png,/Users/yixiaoz/Desktop/cs348k_proj/outputs/controlNetScale/baseline_structural_canny/cfg_7p5_control_1p5/000000082696/generated.png,empty_text_plus_canny,3,7.5,1.5,20,0.5377,0.4045,33.0598
25986,"Food is on the counter including a glass of water, rice, vegetables, and more","Several plates of food are arranged on a kitchen counter, including vegetables, rice, and prepared dishes ready to be served. Bowls, utensils, and drinking glasses surround the meal preparation area. The countertop is busy with ingredients and completed dishes, suggesting an active cooking session or.",,/Users/yixiaoz/Desktop/cs348k_proj/outputs/controlNetScale/baseline_structural_canny/cfg_7p5_control_1p5/000000025986/target.png,/Users/yixiaoz/Desktop/cs348k_proj/outputs/controlNetScale/baseline_structural_canny/cfg_7p5_control_1p5/000000025986/canny.png,/Users/yixiaoz/Desktop/cs348k_proj/outputs/controlNetScale/baseline_structural_canny/cfg_7p5_control_1p5/000000025986/generated.png,empty_text_plus_canny,3,7.5,1.5,20,0.5213,0.3415,28.9892
17899,Woman working with large assortment of baked goods at kitchen table.,An older woman works at a kitchen table covered with baking supplies and a large assortment of cookies or pastries. Trays of baked goods are arranged across the tabletop while ingredients and utensils remain nearby. The woman appears focused on decorating or organizing the treats.,,/Users/yixiaoz/Desktop/cs348k_proj/outputs/controlNetScale/baseline_structural_canny/cfg_7p5_control_1p5/000000017899/target.png,/Users/yixiaoz/Desktop/cs348k_proj/outputs/controlNetScale/baseline_structural_canny/cfg_7p5_control_1p5/000000017899/canny.png,/Users/yixiaoz/Desktop/cs348k_proj/outputs/controlNetScale/baseline_structural_canny/cfg_7p5_control_1p5/000000017899/generated.png,empty_text_plus_canny,3,7.5,1.5,20,0.4962,0.3477,28.8785
36494,"A crowd of people sitting in a room, with a clock tower in front.","A large crowd gathers inside a spacious hall featuring an enormous illuminated clock structure mounted on the wall. People sit and stand around tables while enjoying food, drinks, and conversation. The architecture, lighting, and oversized clock create a dramatic focal point within the room. The.",,/Users/yixiaoz/Desktop/cs348k_proj/outputs/controlNetScale/baseline_structural_canny/cfg_7p5_control_1p5/000000036494/target.png,/Users/yixiaoz/Desktop/cs348k_proj/outputs/controlNetScale/baseline_structural_canny/cfg_7p5_control_1p5/000000036494/canny.png,/Users/yixiaoz/Desktop/cs348k_proj/outputs/controlNetScale/baseline_structural_canny/cfg_7p5_control_1p5/000000036494/generated.png,empty_text_plus_canny,3,7.5,1.5,20,0.4601,0.3219,28.9875
24610,There is a laptop computer in a room with a couch and a bookcase.,"A quiet room contains a desk with a laptop computer, bookshelves filled with books, and a couch positioned along one wall. Warm lighting and simple furnishings create a calm, comfortable environment suitable for reading, studying, or working. The arrangement suggests a personal living space or.",,/Users/yixiaoz/Desktop/cs348k_proj/outputs/controlNetScale/baseline_structural_canny/cfg_7p5_control_1p5/000000024610/target.png,/Users/yixiaoz/Desktop/cs348k_proj/outputs/controlNetScale/baseline_structural_canny/cfg_7p5_control_1p5/000000024610/canny.png,/Users/yixiaoz/Desktop/cs348k_proj/outputs/controlNetScale/baseline_structural_canny/cfg_7p5_control_1p5/000000024610/generated.png,empty_text_plus_canny,3,7.5,1.5,20,0.6878,0.3683,28.1459
18380,a family sitting around a long table filled with a lot of food,"A large family gathers around a long dining table filled with food, drinks, and serving dishes. Adults and children smile toward the camera while seated closely together in a warm home environment. The table is crowded with meals prepared for sharing, creating a festive atmosphere.",,/Users/yixiaoz/Desktop/cs348k_proj/outputs/controlNetScale/baseline_structural_canny/cfg_7p5_control_1p5/000000018380/target.png,/Users/yixiaoz/Desktop/cs348k_proj/outputs/controlNetScale/baseline_structural_canny/cfg_7p5_control_1p5/000000018380/canny.png,/Users/yixiaoz/Desktop/cs348k_proj/outputs/controlNetScale/baseline_structural_canny/cfg_7p5_control_1p5/000000018380/generated.png,empty_text_plus_canny,3,7.5,1.5,20,0.5314,0.3172,32.598
102411,Two people sitting on a motorcycle in the street next to a beach.,"Two people sit on a motorcycle parked beside a waterfront area near a beach. The ocean, shoreline, and distant scenery provide a scenic backdrop while the riders pause along the road. Nearby pedestrians and open coastal views contribute to the relaxed atmosphere. The image combines.",,/Users/yixiaoz/Desktop/cs348k_proj/outputs/controlNetScale/baseline_structural_canny/cfg_7p5_control_1p5/000000102411/target.png,/Users/yixiaoz/Desktop/cs348k_proj/outputs/controlNetScale/baseline_structural_canny/cfg_7p5_control_1p5/000000102411/canny.png,/Users/yixiaoz/Desktop/cs348k_proj/outputs/controlNetScale/baseline_structural_canny/cfg_7p5_control_1p5/000000102411/generated.png,empty_text_plus_canny,3,7.5,1.5,20,0.4758,0.411,32.355
99053,"A bowl of noodles, meat, broccoli and carrots in a sauce with a fork.","A bowl of noodles mixed with meat, broccoli, carrots, and vegetables sits on a table with a fork resting inside. The colorful ingredients are coated in sauce and arranged casually within the bowl. The close-up perspective focuses attention on the meal while minimizing background distractions.",,/Users/yixiaoz/Desktop/cs348k_proj/outputs/controlNetScale/baseline_structural_canny/cfg_7p5_control_1p5/000000099053/target.png,/Users/yixiaoz/Desktop/cs348k_proj/outputs/controlNetScale/baseline_structural_canny/cfg_7p5_control_1p5/000000099053/canny.png,/Users/yixiaoz/Desktop/cs348k_proj/outputs/controlNetScale/baseline_structural_canny/cfg_7p5_control_1p5/000000099053/generated.png,empty_text_plus_canny,3,7.5,1.5,20,0.5424,0.5017,22.5537
84650,THERE IS A CAT THAT IS SITTION ON TOP OF THE SUITCASE,A cat rests comfortably on top of a large suitcase surrounded by luggage and travel bags. The animal appears relaxed despite sitting among items associated with movement and transportation. The scene suggests preparation for a trip or recent arrival. The contrast between the cat’s calm.,,/Users/yixiaoz/Desktop/cs348k_proj/outputs/controlNetScale/baseline_structural_canny/cfg_7p5_control_1p5/000000084650/target.png,/Users/yixiaoz/Desktop/cs348k_proj/outputs/controlNetScale/baseline_structural_canny/cfg_7p5_control_1p5/000000084650/canny.png,/Users/yixiaoz/Desktop/cs348k_proj/outputs/controlNetScale/baseline_structural_canny/cfg_7p5_control_1p5/000000084650/generated.png,empty_text_plus_canny,3,7.5,1.5,20,0.6045,0.5969,22.2647
114049,"People inside a commuter train, with their luggage and bicycles.","Passengers stand inside a crowded train car surrounded by luggage, bicycles, and personal belongings. The narrow aisle is filled with travelers preparing for or continuing their journey. Bicycle wheels, suitcases, and overhead fixtures emphasize the transportation setting. The image captures the realities of public transit.",,/Users/yixiaoz/Desktop/cs348k_proj/outputs/controlNetScale/baseline_structural_canny/cfg_7p5_control_1p5/000000114049/target.png,/Users/yixiaoz/Desktop/cs348k_proj/outputs/controlNetScale/baseline_structural_canny/cfg_7p5_control_1p5/000000114049/canny.png,/Users/yixiaoz/Desktop/cs348k_proj/outputs/controlNetScale/baseline_structural_canny/cfg_7p5_control_1p5/000000114049/generated.png,empty_text_plus_canny,3,7.5,1.5,20,0.493,0.5498,24.5983
100723,Crown marching in one direction in a lightly attended protest.,"A group of protesters march through a public street carrying signs and banners while moving together in the same direction. Participants of different ages fill the scene, creating a visible demonstration of collective action. The signs suggest support for a social or political cause, while.",,/Users/yixiaoz/Desktop/cs348k_proj/outputs/controlNetScale/baseline_structural_canny/cfg_7p5_control_1p5/000000100723/target.png,/Users/yixiaoz/Desktop/cs348k_proj/outputs/controlNetScale/baseline_structural_canny/cfg_7p5_control_1p5/000000100723/canny.png,/Users/yixiaoz/Desktop/cs348k_proj/outputs/controlNetScale/baseline_structural_canny/cfg_7p5_control_1p5/000000100723/generated.png,empty_text_plus_canny,3,7.5,1.5,20,0.4677,0.3489,29.8045
40471,A painted white kitchen with a refrigerator and an automatic dish washer next to an oven stove.,"A clean white kitchen contains a refrigerator, oven, dishwasher, cabinets, and countertops arranged in a practical layout. Bright lighting reflects off the appliances and tiled surfaces, creating an organized and modern appearance. The room appears ready for cooking and daily household use. The image emphasizes.",,/Users/yixiaoz/Desktop/cs348k_proj/outputs/controlNetScale/baseline_structural_canny/cfg_7p5_control_1p5/000000040471/target.png,/Users/yixiaoz/Desktop/cs348k_proj/outputs/controlNetScale/baseline_structural_canny/cfg_7p5_control_1p5/000000040471/canny.png,/Users/yixiaoz/Desktop/cs348k_proj/outputs/controlNetScale/baseline_structural_canny/cfg_7p5_control_1p5/000000040471/generated.png,empty_text_plus_canny,3,7.5,1.5,20,0.5164,0.4155,30.6358
100238,A family standing next to each other while holding frisbees.,"A family stands outdoors together while holding colorful frisbees. Adults and children pose side by side in a grassy area, appearing relaxed and cheerful. The open environment suggests a park, recreational field, or family gathering. Their casual clothing and outdoor setting contribute to a friendly.",,/Users/yixiaoz/Desktop/cs348k_proj/outputs/controlNetScale/baseline_structural_canny/cfg_7p5_control_1p5/000000100238/target.png,/Users/yixiaoz/Desktop/cs348k_proj/outputs/controlNetScale/baseline_structural_canny/cfg_7p5_control_1p5/000000100238/canny.png,/Users/yixiaoz/Desktop/cs348k_proj/outputs/controlNetScale/baseline_structural_canny/cfg_7p5_control_1p5/000000100238/generated.png,empty_text_plus_canny,3,7.5,1.5,20,0.5292,0.4223,23.044
39484,A street full of cars that are driving and parked and a group of people sitting outside eating.,"Cars move along a city street lined with buildings, storefronts, and restaurants. Some people sit outside dining establishments while traffic passes through the urban area. Signs, parked vehicles, and commercial activity contribute to a lively downtown atmosphere. The image captures the interaction between transportation, business.",,/Users/yixiaoz/Desktop/cs348k_proj/outputs/controlNetScale/baseline_structural_canny/cfg_7p5_control_1p5/000000039484/target.png,/Users/yixiaoz/Desktop/cs348k_proj/outputs/controlNetScale/baseline_structural_canny/cfg_7p5_control_1p5/000000039484/canny.png,/Users/yixiaoz/Desktop/cs348k_proj/outputs/controlNetScale/baseline_structural_canny/cfg_7p5_control_1p5/000000039484/generated.png,empty_text_plus_canny,3,7.5,1.5,20,0.4995,0.4776,26.9184
13729,A group of people playing with a Wii in the living room.,"Several people stand in a living room while playing a Nintendo Wii video game. Participants face a television and appear engaged in the activity, moving their bodies as part of the gameplay. Household furniture, decorations, and open floor space provide room for interaction. The image.",,/Users/yixiaoz/Desktop/cs348k_proj/outputs/controlNetScale/baseline_structural_canny/cfg_7p5_control_1p5/000000013729/target.png,/Users/yixiaoz/Desktop/cs348k_proj/outputs/controlNetScale/baseline_structural_canny/cfg_7p5_control_1p5/000000013729/canny.png,/Users/yixiaoz/Desktop/cs348k_proj/outputs/controlNetScale/baseline_structural_canny/cfg_7p5_control_1p5/000000013729/generated.png,empty_text_plus_canny,3,7.5,1.5,20,0.5114,0.4121,30.7986
80340,a small child wearing a tie and holding a suitcase with other people in the background,"A small child wearing a dress shirt, tie, and formal clothing stands on a sidewalk holding a rolling suitcase. Adults and other people gather nearby in the background, suggesting a family event, celebration, or travel occasion. The child’s serious posture contrasts with the oversized luggage.",,/Users/yixiaoz/Desktop/cs348k_proj/outputs/controlNetScale/baseline_structural_canny/cfg_7p5_control_1p5/000000080340/target.png,/Users/yixiaoz/Desktop/cs348k_proj/outputs/controlNetScale/baseline_structural_canny/cfg_7p5_control_1p5/000000080340/canny.png,/Users/yixiaoz/Desktop/cs348k_proj/outputs/controlNetScale/baseline_structural_canny/cfg_7p5_control_1p5/000000080340/generated.png,empty_text_plus_canny,3,7.5,1.5,20,0.4241,0.4722,24.8408
38829,Two boys riding on a single bicycle on a city street,"Two people ride together through a busy city street on a single bicycle while surrounded by scooters, motorcycles, and other commuters. Urban storefronts, signs, and passing vehicles create a lively transportation scene. The riders appear relaxed as they navigate traffic alongside other travelers. The image.",,/Users/yixiaoz/Desktop/cs348k_proj/outputs/controlNetScale/baseline_structural_canny/cfg_7p5_control_1p5/000000038829/target.png,/Users/yixiaoz/Desktop/cs348k_proj/outputs/controlNetScale/baseline_structural_canny/cfg_7p5_control_1p5/000000038829/canny.png,/Users/yixiaoz/Desktop/cs348k_proj/outputs/controlNetScale/baseline_structural_canny/cfg_7p5_control_1p5/000000038829/generated.png,empty_text_plus_canny,3,7.5,1.5,20,0.4922,0.3989,30.2651
66841,"A whimsical artistic toaster has eyes, a mouth, a nose, spoon feet, spoon ears, and a mixing beater tail.","A whimsical toaster has been creatively decorated with eyes, a nose, spoon-shaped ears, and other objects to resemble a human face. The appliance stands upright in a kitchen or dining area, transforming an ordinary household item into a playful character. Surrounding utensils and decorative elements.",,/Users/yixiaoz/Desktop/cs348k_proj/outputs/controlNetScale/baseline_structural_canny/cfg_7p5_control_1p5/000000066841/target.png,/Users/yixiaoz/Desktop/cs348k_proj/outputs/controlNetScale/baseline_structural_canny/cfg_7p5_control_1p5/000000066841/canny.png,/Users/yixiaoz/Desktop/cs348k_proj/outputs/controlNetScale/baseline_structural_canny/cfg_7p5_control_1p5/000000066841/generated.png,empty_text_plus_canny,3,7.5,1.5,20,0.4916,0.3209,30.3228
25386,A man and woman are sitting together while the man eats with chopsticks.,"A man and woman sit together at a restaurant table while sharing a meal. Plates of food, chopsticks, drinks, and condiments are arranged in front of them as they look toward the camera. The indoor dining environment appears casual and welcoming. Their expressions suggest a.",,/Users/yixiaoz/Desktop/cs348k_proj/outputs/controlNetScale/baseline_structural_canny/cfg_7p5_control_1p5/000000025386/target.png,/Users/yixiaoz/Desktop/cs348k_proj/outputs/controlNetScale/baseline_structural_canny/cfg_7p5_control_1p5/000000025386/canny.png,/Users/yixiaoz/Desktop/cs348k_proj/outputs/controlNetScale/baseline_structural_canny/cfg_7p5_control_1p5/000000025386/generated.png,empty_text_plus_canny,3,7.5,1.5,20,0.4987,0.4383,33.5793
83531,A BBQ topped with lots of sausages sitting side by side.,"Several sausages cook on a barbecue grill above glowing heat while metal tongs rest nearby. The close-up perspective focuses on the food as it browns and develops grill marks. Smoke, cooking equipment, and the outdoor setting suggest a backyard gathering or cookout. The image emphasizes.",,/Users/yixiaoz/Desktop/cs348k_proj/outputs/controlNetScale/baseline_structural_canny/cfg_7p5_control_1p5/000000083531/target.png,/Users/yixiaoz/Desktop/cs348k_proj/outputs/controlNetScale/baseline_structural_canny/cfg_7p5_control_1p5/000000083531/canny.png,/Users/yixiaoz/Desktop/cs348k_proj/outputs/controlNetScale/baseline_structural_canny/cfg_7p5_control_1p5/000000083531/generated.png,empty_text_plus_canny,3,7.5,1.5,20,0.5933,0.5568,33.7264
98392,"A photo of a busy intersection with a bus, several cars and a clock tower.","A busy city intersection contains multiple cars, a bus, and a prominent clock tower rising above nearby buildings. Traffic moves through the streets while pedestrians and commercial activity contribute to the urban atmosphere. Architectural details and transportation infrastructure create a recognizable downtown setting. The image.",,/Users/yixiaoz/Desktop/cs348k_proj/outputs/controlNetScale/baseline_structural_canny/cfg_7p5_control_1p5/000000098392/target.png,/Users/yixiaoz/Desktop/cs348k_proj/outputs/controlNetScale/baseline_structural_canny/cfg_7p5_control_1p5/000000098392/canny.png,/Users/yixiaoz/Desktop/cs348k_proj/outputs/controlNetScale/baseline_structural_canny/cfg_7p5_control_1p5/000000098392/generated.png,empty_text_plus_canny,3,7.5,1.5,20,0.4633,0.3701,30.7561
12576,An elderly woman seated at a table holding three pizzas.,"An elderly woman sits at a dining table with several pizzas placed in front of her. Glasses, dishes, and table settings suggest a meal shared with others outside the frame. The warm indoor environment creates a comfortable and social atmosphere. The image highlights casual dining.",,/Users/yixiaoz/Desktop/cs348k_proj/outputs/controlNetScale/baseline_structural_canny/cfg_7p5_control_1p5/000000012576/target.png,/Users/yixiaoz/Desktop/cs348k_proj/outputs/controlNetScale/baseline_structural_canny/cfg_7p5_control_1p5/000000012576/canny.png,/Users/yixiaoz/Desktop/cs348k_proj/outputs/controlNetScale/baseline_structural_canny/cfg_7p5_control_1p5/000000012576/generated.png,empty_text_plus_canny,3,7.5,1.5,20,0.5826,0.5967,24.1659
22705,A woman in a short black dress is holding a champagne flute and standing in front of a refrigerator.,"A woman wearing a black dress stands confidently in a kitchen while holding a champagne flute. Stainless steel appliances, wooden cabinets, and household furnishings form the background. Her posture and expression suggest she may be attending a celebration, gathering, or special occasion. The image combines.",,/Users/yixiaoz/Desktop/cs348k_proj/outputs/controlNetScale/baseline_structural_canny/cfg_7p5_control_1p5/000000022705/target.png,/Users/yixiaoz/Desktop/cs348k_proj/outputs/controlNetScale/baseline_structural_canny/cfg_7p5_control_1p5/000000022705/canny.png,/Users/yixiaoz/Desktop/cs348k_proj/outputs/controlNetScale/baseline_structural_canny/cfg_7p5_control_1p5/000000022705/generated.png,empty_text_plus_canny,3,7.5,1.5,20,0.5225,0.2928,33.188
26204,A group of cars waiting at an intersection for the light to change,"Cars wait at an urban intersection lined with buildings, trees, and traffic infrastructure. Vehicles occupy multiple lanes as they pause for a traffic signal before continuing through the city. Sidewalks, storefronts, and street signs contribute to the metropolitan atmosphere. The image emphasizes transportation systems, traffic.",,/Users/yixiaoz/Desktop/cs348k_proj/outputs/controlNetScale/baseline_structural_canny/cfg_7p5_control_1p5/000000026204/target.png,/Users/yixiaoz/Desktop/cs348k_proj/outputs/controlNetScale/baseline_structural_canny/cfg_7p5_control_1p5/000000026204/canny.png,/Users/yixiaoz/Desktop/cs348k_proj/outputs/controlNetScale/baseline_structural_canny/cfg_7p5_control_1p5/000000026204/generated.png,empty_text_plus_canny,3,7.5,1.5,20,0.4087,0.3008,29.1739
31248,"Living room with white chairs and couches, fireplace and books on bookshelves.","A bright living room features white chairs, comfortable couches, bookshelves, and a fireplace serving as the central focal point. Decorative lamps, framed artwork, and neatly arranged furniture create an elegant and inviting atmosphere. Natural light and balanced interior design contribute to the room’s spacious appearance.",,/Users/yixiaoz/Desktop/cs348k_proj/outputs/controlNetScale/baseline_structural_canny/cfg_7p5_control_1p5/000000031248/target.png,/Users/yixiaoz/Desktop/cs348k_proj/outputs/controlNetScale/baseline_structural_canny/cfg_7p5_control_1p5/000000031248/canny.png,/Users/yixiaoz/Desktop/cs348k_proj/outputs/controlNetScale/baseline_structural_canny/cfg_7p5_control_1p5/000000031248/generated.png,empty_text_plus_canny,3,7.5,1.5,20,0.3842,0.2902,27.9625
107339,A pretty young lady standing in front of a couch behind a wooden table.,"A woman stands in a modern room near a couch and low wooden tables while another person sits nearby. Bright walls, large windows, and contemporary furniture create a clean and open interior space. The standing woman appears to be speaking, presenting, or interacting with the.",,/Users/yixiaoz/Desktop/cs348k_proj/outputs/controlNetScale/baseline_structural_canny/cfg_7p5_control_1p5/000000107339/target.png,/Users/yixiaoz/Desktop/cs348k_proj/outputs/controlNetScale/baseline_structural_canny/cfg_7p5_control_1p5/000000107339/canny.png,/Users/yixiaoz/Desktop/cs348k_proj/outputs/controlNetScale/baseline_structural_canny/cfg_7p5_control_1p5/000000107339/generated.png,empty_text_plus_canny,3,7.5,1.5,20,0.6912,0.572,28.295
87476,two people standing on the same skateboard and holding each other up.,"Two young people stand together at a public event while holding skateboards and interacting with one another. One person wears a helmet while colorful vehicles and event displays appear in the background. Their posture suggests friendship, instruction, or support during a skateboarding activity. The image.",,/Users/yixiaoz/Desktop/cs348k_proj/outputs/controlNetScale/baseline_structural_canny/cfg_7p5_control_1p5/000000087476/target.png,/Users/yixiaoz/Desktop/cs348k_proj/outputs/controlNetScale/baseline_structural_canny/cfg_7p5_control_1p5/000000087476/canny.png,/Users/yixiaoz/Desktop/cs348k_proj/outputs/controlNetScale/baseline_structural_canny/cfg_7p5_control_1p5/000000087476/generated.png,empty_text_plus_canny,3,7.5,1.5,20,0.5132,0.4804,27.295
78748,"A couple of motorcycles in front of sign, with people standing around.","Several motorcycles are parked in front of a display area featuring brand signage while people gather nearby. The polished bikes are arranged for viewing, suggesting a motorcycle show, dealership event, or public exhibition. Spectators walk around the display, examining the vehicles and socializing. The image.",,/Users/yixiaoz/Desktop/cs348k_proj/outputs/controlNetScale/baseline_structural_canny/cfg_7p5_control_1p5/000000078748/target.png,/Users/yixiaoz/Desktop/cs348k_proj/outputs/controlNetScale/baseline_structural_canny/cfg_7p5_control_1p5/000000078748/canny.png,/Users/yixiaoz/Desktop/cs348k_proj/outputs/controlNetScale/baseline_structural_canny/cfg_7p5_control_1p5/000000078748/generated.png,empty_text_plus_canny,3,7.5,1.5,20,0.5019,0.4699,32.5554
29596,"A room with a couch, table set with dinnerware and a television.","A hotel-style room contains a couch, television, dining table, and neatly arranged place settings. Warm lighting, curtains, and decorative furnishings create a comfortable and welcoming atmosphere. The table is prepared for a meal, suggesting hospitality or room service. The image highlights interior design, temporary accommodations.",,/Users/yixiaoz/Desktop/cs348k_proj/outputs/controlNetScale/baseline_structural_canny/cfg_7p5_control_1p5/000000029596/target.png,/Users/yixiaoz/Desktop/cs348k_proj/outputs/controlNetScale/baseline_structural_canny/cfg_7p5_control_1p5/000000029596/canny.png,/Users/yixiaoz/Desktop/cs348k_proj/outputs/controlNetScale/baseline_structural_canny/cfg_7p5_control_1p5/000000029596/generated.png,empty_text_plus_canny,3,7.5,1.5,20,0.4791,0.3258,28.5358
33854,"parked cars, motorcycles and buses on a cobblestone parking lot next to a street.","Cars, buses, and motorcycles occupy a cobblestone parking area near a city street lined with buildings. The scene contains multiple forms of transportation gathered within a shared urban space. Pedestrians move through the area while parked vehicles await their drivers. The image captures urban infrastructure.",,/Users/yixiaoz/Desktop/cs348k_proj/outputs/controlNetScale/baseline_structural_canny/cfg_7p5_control_1p5/000000033854/target.png,/Users/yixiaoz/Desktop/cs348k_proj/outputs/controlNetScale/baseline_structural_canny/cfg_7p5_control_1p5/000000033854/canny.png,/Users/yixiaoz/Desktop/cs348k_proj/outputs/controlNetScale/baseline_structural_canny/cfg_7p5_control_1p5/000000033854/generated.png,empty_text_plus_canny,3,7.5,1.5,20,0.489,0.419,24.3868
36844,a black couch a green chair a red chair a mirror and a ceiling fan,"A living room contains a black couch, colorful chairs, a ceiling fan, and large windows that allow natural light into the space. Various pieces of furniture and decorative items are arranged throughout the room, creating a comfortable residential environment. The layout suggests an area designed.",,/Users/yixiaoz/Desktop/cs348k_proj/outputs/controlNetScale/baseline_structural_canny/cfg_7p5_control_1p5/000000036844/target.png,/Users/yixiaoz/Desktop/cs348k_proj/outputs/controlNetScale/baseline_structural_canny/cfg_7p5_control_1p5/000000036844/canny.png,/Users/yixiaoz/Desktop/cs348k_proj/outputs/controlNetScale/baseline_structural_canny/cfg_7p5_control_1p5/000000036844/generated.png,empty_text_plus_canny,3,7.5,1.5,20,0.5038,0.3386,29.3246
1000,A group of kids posing for a picture on a tennis court.,A large group of children gather together on a tennis court while posing for a photograph. Some hold tennis equipment while others stand closely beside teammates and friends. The outdoor sports facility provides a bright and energetic setting. Smiles and casual poses suggest a team.,,/Users/yixiaoz/Desktop/cs348k_proj/outputs/controlNetScale/baseline_structural_canny/cfg_7p5_control_1p5/000000001000/target.png,/Users/yixiaoz/Desktop/cs348k_proj/outputs/controlNetScale/baseline_structural_canny/cfg_7p5_control_1p5/000000001000/canny.png,/Users/yixiaoz/Desktop/cs348k_proj/outputs/controlNetScale/baseline_structural_canny/cfg_7p5_control_1p5/000000001000/generated.png,empty_text_plus_canny,3,7.5,1.5,20,0.4915,0.4062,27.8479
55528,A man holding a paper bag while showing the camera a toothbrush.,"A man sits in a chair while holding a paper bag and displaying a toothbrush toward the camera. His expression suggests humor or casual conversation as he presents the object. The indoor environment appears relaxed and informal, with household furnishings visible around him. The image.",,/Users/yixiaoz/Desktop/cs348k_proj/outputs/controlNetScale/baseline_structural_canny/cfg_7p5_control_1p5/000000055528/target.png,/Users/yixiaoz/Desktop/cs348k_proj/outputs/controlNetScale/baseline_structural_canny/cfg_7p5_control_1p5/000000055528/canny.png,/Users/yixiaoz/Desktop/cs348k_proj/outputs/controlNetScale/baseline_structural_canny/cfg_7p5_control_1p5/000000055528/generated.png,empty_text_plus_canny,3,7.5,1.5,20,0.4438,0.3793,25.0481
2006,City bus driving through pedestrian saturated area near crosswalk.,"A city bus travels through a busy urban area near a crosswalk while pedestrians and vehicles move through the surrounding streets. Buildings, signs, and transportation infrastructure create a dynamic city environment. The bus serves as the focal point, illustrating the role of public transit in.",,/Users/yixiaoz/Desktop/cs348k_proj/outputs/controlNetScale/baseline_structural_canny/cfg_7p5_control_1p5/000000002006/target.png,/Users/yixiaoz/Desktop/cs348k_proj/outputs/controlNetScale/baseline_structural_canny/cfg_7p5_control_1p5/000000002006/canny.png,/Users/yixiaoz/Desktop/cs348k_proj/outputs/controlNetScale/baseline_structural_canny/cfg_7p5_control_1p5/000000002006/generated.png,empty_text_plus_canny,3,7.5,1.5,20,0.3757,0.3618,26.7792
113720,A couple are enjoying pizza and drinks at the restaurant,"A smiling couple sits together at a restaurant table enjoying pizza, drinks, and conversation. Plates of food and beverages are arranged neatly while the pair look toward the camera. The atmosphere appears relaxed and friendly, suggesting a casual meal shared between friends or partners. The.",,/Users/yixiaoz/Desktop/cs348k_proj/outputs/controlNetScale/baseline_structural_canny/cfg_7p5_control_1p5/000000113720/target.png,/Users/yixiaoz/Desktop/cs348k_proj/outputs/controlNetScale/baseline_structural_canny/cfg_7p5_control_1p5/000000113720/canny.png,/Users/yixiaoz/Desktop/cs348k_proj/outputs/controlNetScale/baseline_structural_canny/cfg_7p5_control_1p5/000000113720/generated.png,empty_text_plus_canny,3,7.5,1.5,20,0.5648,0.5393,28.3634
52413,"A child holding a pink toy cell phone with ""Princess Aurora"" inside it.",A child holds a pink toy flip phone decorated with imagery inspired by a princess character. The toy is displayed prominently in the foreground while other people and objects appear nearby. Bright colors and playful design elements emphasize childhood interests and imaginative play. The image.,,/Users/yixiaoz/Desktop/cs348k_proj/outputs/controlNetScale/baseline_structural_canny/cfg_7p5_control_1p5/000000052413/target.png,/Users/yixiaoz/Desktop/cs348k_proj/outputs/controlNetScale/baseline_structural_canny/cfg_7p5_control_1p5/000000052413/canny.png,/Users/yixiaoz/Desktop/cs348k_proj/outputs/controlNetScale/baseline_structural_canny/cfg_7p5_control_1p5/000000052413/generated.png,empty_text_plus_canny,3,7.5,1.5,20,0.5424,0.5185,26.2257
60932,A man in a suit that is standing in front of a group of people.,"A man dressed in a formal suit stands confidently in front of a group of people at what appears to be a celebration or reception. The black-and-white image captures him smiling and raising a hand while guests gather in the background. Tables, decorations, and formally.",,/Users/yixiaoz/Desktop/cs348k_proj/outputs/controlNetScale/baseline_structural_canny/cfg_7p5_control_1p5/000000060932/target.png,/Users/yixiaoz/Desktop/cs348k_proj/outputs/controlNetScale/baseline_structural_canny/cfg_7p5_control_1p5/000000060932/canny.png,/Users/yixiaoz/Desktop/cs348k_proj/outputs/controlNetScale/baseline_structural_canny/cfg_7p5_control_1p5/000000060932/generated.png,empty_text_plus_canny,3,7.5,1.5,20,0.4731,0.4333,24.5826
102805,A man in holds a Frisbee in the parking lot by the river.,"A man wearing a hat stands near a riverside parking area while holding a Frisbee in his hand. Mountains and water stretch across the background, creating a scenic outdoor setting. Several parked vehicles and open space suggest a recreational destination where people gather for leisure.",,/Users/yixiaoz/Desktop/cs348k_proj/outputs/controlNetScale/baseline_structural_canny/cfg_7p5_control_1p5/000000102805/target.png,/Users/yixiaoz/Desktop/cs348k_proj/outputs/controlNetScale/baseline_structural_canny/cfg_7p5_control_1p5/000000102805/canny.png,/Users/yixiaoz/Desktop/cs348k_proj/outputs/controlNetScale/baseline_structural_canny/cfg_7p5_control_1p5/000000102805/generated.png,empty_text_plus_canny,3,7.5,1.5,20,0.4942,0.4023,32.8111
15254,These platters display healthy food choices of two entrees with a side  vegetable and fruit,"A neatly organized lunch container displays a balanced meal consisting of rice, vegetables, fruit, and other healthy foods arranged in separate compartments. Grapes, carrots, and a colorful entrée contribute to the vibrant appearance. The close-up perspective emphasizes nutrition, portioning, and meal preparation. The image reflects.",,/Users/yixiaoz/Desktop/cs348k_proj/outputs/controlNetScale/baseline_structural_canny/cfg_7p5_control_1p5/000000015254/target.png,/Users/yixiaoz/Desktop/cs348k_proj/outputs/controlNetScale/baseline_structural_canny/cfg_7p5_control_1p5/000000015254/canny.png,/Users/yixiaoz/Desktop/cs348k_proj/outputs/controlNetScale/baseline_structural_canny/cfg_7p5_control_1p5/000000015254/generated.png,empty_text_plus_canny,3,7.5,1.5,20,0.541,0.4391,30.7901
24567,There is a man looking at a lot if hot dogs in a bun in a pan,"A man wearing a hat looks down at a tray filled with hot dogs arranged in buns. The outdoor setting suggests a barbecue, picnic, or community gathering where food is being prepared and served. Bright colors from the toppings and buns create a festive appearance.",,/Users/yixiaoz/Desktop/cs348k_proj/outputs/controlNetScale/baseline_structural_canny/cfg_7p5_control_1p5/000000024567/target.png,/Users/yixiaoz/Desktop/cs348k_proj/outputs/controlNetScale/baseline_structural_canny/cfg_7p5_control_1p5/000000024567/canny.png,/Users/yixiaoz/Desktop/cs348k_proj/outputs/controlNetScale/baseline_structural_canny/cfg_7p5_control_1p5/000000024567/generated.png,empty_text_plus_canny,3,7.5,1.5,20,0.5499,0.6262,24.0506
25603,A girl sitting around a table in a restaurant eating a pizza.,"A young girl sits at a restaurant table with a pizza placed in front of her. Glasses, plates, and table settings surround the meal while the warm indoor lighting creates a cozy atmosphere. She looks toward the camera as if waiting to eat or enjoying.",,/Users/yixiaoz/Desktop/cs348k_proj/outputs/controlNetScale/baseline_structural_canny/cfg_7p5_control_1p5/000000025603/target.png,/Users/yixiaoz/Desktop/cs348k_proj/outputs/controlNetScale/baseline_structural_canny/cfg_7p5_control_1p5/000000025603/canny.png,/Users/yixiaoz/Desktop/cs348k_proj/outputs/controlNetScale/baseline_structural_canny/cfg_7p5_control_1p5/000000025603/generated.png,empty_text_plus_canny,3,7.5,1.5,20,0.5683,0.5671,22.221
55150,Two children sit atop their parent's luggage in the parking lot.,"Two children sit atop luggage carts in a parking lot while surrounded by parked vehicles. The scene appears to capture a family trip, airport arrival, or vacation departure. The children seem comfortable and playful as they ride on the luggage. Cars, travel equipment, and open.",,/Users/yixiaoz/Desktop/cs348k_proj/outputs/controlNetScale/baseline_structural_canny/cfg_7p5_control_1p5/000000055150/target.png,/Users/yixiaoz/Desktop/cs348k_proj/outputs/controlNetScale/baseline_structural_canny/cfg_7p5_control_1p5/000000055150/canny.png,/Users/yixiaoz/Desktop/cs348k_proj/outputs/controlNetScale/baseline_structural_canny/cfg_7p5_control_1p5/000000055150/generated.png,empty_text_plus_canny,3,7.5,1.5,20,0.4208,0.4448,32.9389
30828,A person covered with an orange sleeping bag rests his head on a blue back pack as he sleeps on a park bench.,"A person sleeps on a park bench while covered by an orange sleeping bag and resting beside a backpack. The outdoor setting includes grass, trees, and surrounding park features. The image captures a quiet moment of rest in a public space, contrasting the bright colors.",,/Users/yixiaoz/Desktop/cs348k_proj/outputs/controlNetScale/baseline_structural_canny/cfg_7p5_control_1p5/000000030828/target.png,/Users/yixiaoz/Desktop/cs348k_proj/outputs/controlNetScale/baseline_structural_canny/cfg_7p5_control_1p5/000000030828/canny.png,/Users/yixiaoz/Desktop/cs348k_proj/outputs/controlNetScale/baseline_structural_canny/cfg_7p5_control_1p5/000000030828/generated.png,empty_text_plus_canny,3,7.5,1.5,20,0.6195,0.4969,21.4171
32334,"Two people, a man and a woman, are toasting with wine glasses.","A smiling man and woman hold wine glasses while posing together indoors. The casual setting appears to be a social gathering, dinner, or celebration where friends enjoy food and drinks. Warm lighting and relaxed expressions create a welcoming atmosphere. The image emphasizes companionship, hospitality, and.",,/Users/yixiaoz/Desktop/cs348k_proj/outputs/controlNetScale/baseline_structural_canny/cfg_7p5_control_1p5/000000032334/target.png,/Users/yixiaoz/Desktop/cs348k_proj/outputs/controlNetScale/baseline_structural_canny/cfg_7p5_control_1p5/000000032334/canny.png,/Users/yixiaoz/Desktop/cs348k_proj/outputs/controlNetScale/baseline_structural_canny/cfg_7p5_control_1p5/000000032334/generated.png,empty_text_plus_canny,3,7.5,1.5,20,0.5762,0.492,29.5778
92416,A male with a bottled beverage wearing a flower in his lapel.,"A young man wearing formal attire stands outdoors holding a bottled beverage. A flower pinned to his lapel suggests participation in a wedding, graduation, or other ceremonial event. Water and distant scenery form a pleasant background. His posture and clothing indicate a special occasion, while.",,/Users/yixiaoz/Desktop/cs348k_proj/outputs/controlNetScale/baseline_structural_canny/cfg_7p5_control_1p5/000000092416/target.png,/Users/yixiaoz/Desktop/cs348k_proj/outputs/controlNetScale/baseline_structural_canny/cfg_7p5_control_1p5/000000092416/canny.png,/Users/yixiaoz/Desktop/cs348k_proj/outputs/controlNetScale/baseline_structural_canny/cfg_7p5_control_1p5/000000092416/generated.png,empty_text_plus_canny,3,7.5,1.5,20,0.4929,0.3713,25.2099
20553,Large stuffed animal posed outdoors as if sitting in a chair with beverages on a table.,A large stuffed animal is arranged outdoors in a desert-like environment while seated in a chair beside beverages and decorative items placed on a small table. The unusual setup creates a humorous and imaginative scene. Open ground and sparse surroundings emphasize the contrast between the.,,/Users/yixiaoz/Desktop/cs348k_proj/outputs/controlNetScale/baseline_structural_canny/cfg_7p5_control_1p5/000000020553/target.png,/Users/yixiaoz/Desktop/cs348k_proj/outputs/controlNetScale/baseline_structural_canny/cfg_7p5_control_1p5/000000020553/canny.png,/Users/yixiaoz/Desktop/cs348k_proj/outputs/controlNetScale/baseline_structural_canny/cfg_7p5_control_1p5/000000020553/generated.png,empty_text_plus_canny,3,7.5,1.5,20,0.6287,0.4359,30.5676
93437,An older man is wearing a funny hat in his dining room.,"An elderly man wearing a distinctive hat stands inside a dining area or kitchen while smiling toward the camera. Household furnishings and cabinets appear in the background, creating a comfortable domestic setting. His expression suggests warmth and friendliness, while the unusual hat adds character and.",,/Users/yixiaoz/Desktop/cs348k_proj/outputs/controlNetScale/baseline_structural_canny/cfg_7p5_control_1p5/000000093437/target.png,/Users/yixiaoz/Desktop/cs348k_proj/outputs/controlNetScale/baseline_structural_canny/cfg_7p5_control_1p5/000000093437/canny.png,/Users/yixiaoz/Desktop/cs348k_proj/outputs/controlNetScale/baseline_structural_canny/cfg_7p5_control_1p5/000000093437/generated.png,empty_text_plus_canny,3,7.5,1.5,20,0.4217,0.4508,25.7175
89648,People using electronic devises all facing in the same direction.,"Several people sit in rows while using laptops and other electronic devices. Viewed from above, the scene resembles a classroom, workshop, conference, or training session focused on technology. Participants face the same direction and appear engaged with their screens. The arrangement emphasizes learning, collaboration, and.",,/Users/yixiaoz/Desktop/cs348k_proj/outputs/controlNetScale/baseline_structural_canny/cfg_7p5_control_1p5/000000089648/target.png,/Users/yixiaoz/Desktop/cs348k_proj/outputs/controlNetScale/baseline_structural_canny/cfg_7p5_control_1p5/000000089648/canny.png,/Users/yixiaoz/Desktop/cs348k_proj/outputs/controlNetScale/baseline_structural_canny/cfg_7p5_control_1p5/000000089648/generated.png,empty_text_plus_canny,3,7.5,1.5,20,0.4492,0.3466,32.2213
7574,"A kitchen with two sinks, a counter, detergent, a stove and a refrigerator in it.","A kitchen interior contains wooden cabinets, a refrigerator, a stove, countertops, and cleaning supplies arranged around the room. Various household items are visible near the sink and work surfaces, creating a realistic lived-in appearance. The image emphasizes domestic functionality and organization while showcasing the appliances.",,/Users/yixiaoz/Desktop/cs348k_proj/outputs/controlNetScale/baseline_structural_canny/cfg_7p5_control_1p5/000000007574/target.png,/Users/yixiaoz/Desktop/cs348k_proj/outputs/controlNetScale/baseline_structural_canny/cfg_7p5_control_1p5/000000007574/canny.png,/Users/yixiaoz/Desktop/cs348k_proj/outputs/controlNetScale/baseline_structural_canny/cfg_7p5_control_1p5/000000007574/generated.png,empty_text_plus_canny,3,7.5,1.5,20,0.4533,0.4062,31.6418
88040,"Plates of shrimp, vegetables, and noodles served with tea.","Several plates of food are arranged on a table viewed from above, including shrimp, vegetables, noodles, and accompanying beverages. Bowls, cups, and serving dishes contribute to the inviting dining presentation. The meal appears carefully prepared and shared among multiple people. The image highlights culinary variety.",,/Users/yixiaoz/Desktop/cs348k_proj/outputs/controlNetScale/baseline_structural_canny/cfg_7p5_control_1p5/000000088040/target.png,/Users/yixiaoz/Desktop/cs348k_proj/outputs/controlNetScale/baseline_structural_canny/cfg_7p5_control_1p5/000000088040/canny.png,/Users/yixiaoz/Desktop/cs348k_proj/outputs/controlNetScale/baseline_structural_canny/cfg_7p5_control_1p5/000000088040/generated.png,empty_text_plus_canny,3,7.5,1.5,20,0.4773,0.4155,30.8292
4134,Two men standing next to each other holding hands.,"Two men stand together at a formal event while greeting one another and shaking hands. Other attendees and banquet tables are visible in the background, suggesting a conference, reception, or celebration. Their professional attire and engaged expressions indicate a respectful social interaction. The image highlights.",,/Users/yixiaoz/Desktop/cs348k_proj/outputs/controlNetScale/baseline_structural_canny/cfg_7p5_control_1p5/000000004134/target.png,/Users/yixiaoz/Desktop/cs348k_proj/outputs/controlNetScale/baseline_structural_canny/cfg_7p5_control_1p5/000000004134/canny.png,/Users/yixiaoz/Desktop/cs348k_proj/outputs/controlNetScale/baseline_structural_canny/cfg_7p5_control_1p5/000000004134/generated.png,empty_text_plus_canny,3,7.5,1.5,20,0.6124,0.3862,28.4486
39769,Two cats sleeping with a remote control near each of them.,Two cats sleep peacefully on a bright pink blanket with television remotes placed nearby. Their relaxed poses and stretched bodies create a calm and comfortable scene. The indoor setting suggests a living room or bedroom where the animals have chosen a soft resting place. The.,,/Users/yixiaoz/Desktop/cs348k_proj/outputs/controlNetScale/baseline_structural_canny/cfg_7p5_control_1p5/000000039769/target.png,/Users/yixiaoz/Desktop/cs348k_proj/outputs/controlNetScale/baseline_structural_canny/cfg_7p5_control_1p5/000000039769/canny.png,/Users/yixiaoz/Desktop/cs348k_proj/outputs/controlNetScale/baseline_structural_canny/cfg_7p5_control_1p5/000000039769/generated.png,empty_text_plus_canny,3,7.5,1.5,20,0.6949,0.5748,26.1838
14439,A group of people standing on a field flying a colorful kite.,"A group of people stand together in a grassy park while flying a large colorful kite. Open space, recreational equipment, and other visitors create a lively outdoor environment. Participants work together to manage the kite as it catches the wind above the field. The image.",,/Users/yixiaoz/Desktop/cs348k_proj/outputs/controlNetScale/baseline_structural_canny/cfg_7p5_control_1p5/000000014439/target.png,/Users/yixiaoz/Desktop/cs348k_proj/outputs/controlNetScale/baseline_structural_canny/cfg_7p5_control_1p5/000000014439/canny.png,/Users/yixiaoz/Desktop/cs348k_proj/outputs/controlNetScale/baseline_structural_canny/cfg_7p5_control_1p5/000000014439/generated.png,empty_text_plus_canny,3,7.5,1.5,20,0.6956,0.5955,32.5772
104669,"A plate with a meal of meat, potatoes, carrots, and broccoli.","A plate holds a complete meal featuring a piece of meat alongside potatoes, carrots, broccoli, and other vegetables. The arrangement is neatly presented, suggesting a restaurant dish or carefully prepared home-cooked dinner. Bright colors from the vegetables contrast with the darker entrée. The image emphasizes.",,/Users/yixiaoz/Desktop/cs348k_proj/outputs/controlNetScale/baseline_structural_canny/cfg_7p5_control_1p5/000000104669/target.png,/Users/yixiaoz/Desktop/cs348k_proj/outputs/controlNetScale/baseline_structural_canny/cfg_7p5_control_1p5/000000104669/canny.png,/Users/yixiaoz/Desktop/cs348k_proj/outputs/controlNetScale/baseline_structural_canny/cfg_7p5_control_1p5/000000104669/generated.png,empty_text_plus_canny,3,7.5,1.5,20,0.505,0.4371,23.8703
11149,A man sitting on a motorcycle near several bicycles with a partially visible person standing nearby.,"A motorcycle is parked near several bicycles while people stand nearby in an outdoor setting. The collection of vehicles suggests a shared recreational or transportation area. Trees, pathways, and surrounding activity contribute to the public atmosphere. The image highlights different modes of personal transportation and.",,/Users/yixiaoz/Desktop/cs348k_proj/outputs/controlNetScale/baseline_structural_canny/cfg_7p5_control_1p5/000000011149/target.png,/Users/yixiaoz/Desktop/cs348k_proj/outputs/controlNetScale/baseline_structural_canny/cfg_7p5_control_1p5/000000011149/canny.png,/Users/yixiaoz/Desktop/cs348k_proj/outputs/controlNetScale/baseline_structural_canny/cfg_7p5_control_1p5/000000011149/generated.png,empty_text_plus_canny,3,7.5,1.5,20,0.4997,0.3891,26.7821
52996,A group of women in military outfits helping other women in a kitchen.,"A group of women wearing military-style uniforms work together in a kitchen while preparing food. Large pots, utensils, and work surfaces indicate an organized cooking effort intended to serve many people. Their coordinated activity reflects teamwork and shared responsibility. The image highlights food preparation, community.",,/Users/yixiaoz/Desktop/cs348k_proj/outputs/controlNetScale/baseline_structural_canny/cfg_7p5_control_1p5/000000052996/target.png,/Users/yixiaoz/Desktop/cs348k_proj/outputs/controlNetScale/baseline_structural_canny/cfg_7p5_control_1p5/000000052996/canny.png,/Users/yixiaoz/Desktop/cs348k_proj/outputs/controlNetScale/baseline_structural_canny/cfg_7p5_control_1p5/000000052996/generated.png,empty_text_plus_canny,3,7.5,1.5,20,0.4668,0.3064,34.6121
30213,"The picture shows the interior of a kitchen, with vintage refrigerator, stove, and other appliances.","The interior of a vintage-style kitchen is filled with retro appliances, patterned wallpaper, wooden cabinets, and decorative household items. A classic refrigerator, stove, sink, and dining furniture create a nostalgic atmosphere reminiscent of mid-century home design. Various utensils, containers, and decorations are arranged throughout the.",,/Users/yixiaoz/Desktop/cs348k_proj/outputs/controlNetScale/baseline_structural_canny/cfg_7p5_control_1p5/000000030213/target.png,/Users/yixiaoz/Desktop/cs348k_proj/outputs/controlNetScale/baseline_structural_canny/cfg_7p5_control_1p5/000000030213/canny.png,/Users/yixiaoz/Desktop/cs348k_proj/outputs/controlNetScale/baseline_structural_canny/cfg_7p5_control_1p5/000000030213/generated.png,empty_text_plus_canny,3,7.5,1.5,20,0.488,0.3399,28.3899
56127,"A room with a fire extinguisher, mugs hanging from a shelf and several lights.","A narrow interior room contains shelves lined with mugs, a fire extinguisher, counters, hanging lights, and decorative details. Warm lighting and colorful walls create a welcoming atmosphere that resembles a small café, restaurant service area, or compact workspace. The room is carefully organized to maximize.",,/Users/yixiaoz/Desktop/cs348k_proj/outputs/controlNetScale/baseline_structural_canny/cfg_7p5_control_1p5/000000056127/target.png,/Users/yixiaoz/Desktop/cs348k_proj/outputs/controlNetScale/baseline_structural_canny/cfg_7p5_control_1p5/000000056127/canny.png,/Users/yixiaoz/Desktop/cs348k_proj/outputs/controlNetScale/baseline_structural_canny/cfg_7p5_control_1p5/000000056127/generated.png,empty_text_plus_canny,3,7.5,1.5,20,0.4823,0.2674,29.168
84031,A batter swinging a bat at a baseball with the catcher and umpire behind him.,A baseball player swings at a pitch while the catcher and umpire closely follow the action behind home plate. The game takes place on a well-maintained field surrounded by spectators and stadium structures. The batter’s posture captures the intensity and timing required in competitive baseball.,,/Users/yixiaoz/Desktop/cs348k_proj/outputs/controlNetScale/baseline_structural_canny/cfg_7p5_control_1p5/000000084031/target.png,/Users/yixiaoz/Desktop/cs348k_proj/outputs/controlNetScale/baseline_structural_canny/cfg_7p5_control_1p5/000000084031/canny.png,/Users/yixiaoz/Desktop/cs348k_proj/outputs/controlNetScale/baseline_structural_canny/cfg_7p5_control_1p5/000000084031/generated.png,empty_text_plus_canny,3,7.5,1.5,20,0.5094,0.5268,19.6233
74209,A black and stainless steel kitchen with a snack bar and bar stools.,"A modern kitchen features stainless steel appliances, polished countertops, pendant lighting, and a snack bar lined with stools. The clean design emphasizes contemporary architecture and efficient use of space. Cabinets, sinks, and work surfaces are neatly arranged to support cooking and dining activities. The room.",,/Users/yixiaoz/Desktop/cs348k_proj/outputs/controlNetScale/baseline_structural_canny/cfg_7p5_control_1p5/000000074209/target.png,/Users/yixiaoz/Desktop/cs348k_proj/outputs/controlNetScale/baseline_structural_canny/cfg_7p5_control_1p5/000000074209/canny.png,/Users/yixiaoz/Desktop/cs348k_proj/outputs/controlNetScale/baseline_structural_canny/cfg_7p5_control_1p5/000000074209/generated.png,empty_text_plus_canny,3,7.5,1.5,20,0.4145,0.2485,27.9159
52891,A dog walking on the beach with a frizzbe in his month.,"A dog stands on a sandy beach while carrying a bright yellow frisbee in its mouth. Ocean water, waves, and distant shoreline scenery create a scenic coastal backdrop. The animal appears alert and energetic, as if engaged in a game of fetch with its owner.",,/Users/yixiaoz/Desktop/cs348k_proj/outputs/controlNetScale/baseline_structural_canny/cfg_7p5_control_1p5/000000052891/target.png,/Users/yixiaoz/Desktop/cs348k_proj/outputs/controlNetScale/baseline_structural_canny/cfg_7p5_control_1p5/000000052891/canny.png,/Users/yixiaoz/Desktop/cs348k_proj/outputs/controlNetScale/baseline_structural_canny/cfg_7p5_control_1p5/000000052891/generated.png,empty_text_plus_canny,3,7.5,1.5,20,0.5483,0.5124,20.5481
99039,Plates of food and two glasses of red wine are on a table.,Several plates of food and two glasses of red wine are arranged on a table beside a large window overlooking greenery and nearby buildings. The setting appears to be a restaurant or dining area where people are enjoying a meal together. Soft natural light enters.,,/Users/yixiaoz/Desktop/cs348k_proj/outputs/controlNetScale/baseline_structural_canny/cfg_7p5_control_1p5/000000099039/target.png,/Users/yixiaoz/Desktop/cs348k_proj/outputs/controlNetScale/baseline_structural_canny/cfg_7p5_control_1p5/000000099039/canny.png,/Users/yixiaoz/Desktop/cs348k_proj/outputs/controlNetScale/baseline_structural_canny/cfg_7p5_control_1p5/000000099039/generated.png,empty_text_plus_canny,3,7.5,1.5,20,0.4731,0.4464,29.6764
66635,"An apple computer monitor, keyboard and mouse sits on top of a clean wooden desk.","An Apple desktop computer sits on a clean wooden desk alongside a keyboard and mouse. The workspace is simple, organized, and free from clutter, emphasizing productivity and focus. The monitor occupies the center of the arrangement while the surrounding furniture provides ample working space. The.",,/Users/yixiaoz/Desktop/cs348k_proj/outputs/controlNetScale/baseline_structural_canny/cfg_7p5_control_1p5/000000066635/target.png,/Users/yixiaoz/Desktop/cs348k_proj/outputs/controlNetScale/baseline_structural_canny/cfg_7p5_control_1p5/000000066635/canny.png,/Users/yixiaoz/Desktop/cs348k_proj/outputs/controlNetScale/baseline_structural_canny/cfg_7p5_control_1p5/000000066635/generated.png,empty_text_plus_canny,3,7.5,1.5,20,0.582,0.4936,29.2317
107226,Men race on wheeled vehicles towed by a group of husky dogs.,Competitors participate in a dog-powered racing event where huskies pull wheeled vehicles through an outdoor course. Spectators gather nearby to watch the action while handlers guide the dogs. The animals appear strong and energetic as they work together as a team. The image highlights sporting.,,/Users/yixiaoz/Desktop/cs348k_proj/outputs/controlNetScale/baseline_structural_canny/cfg_7p5_control_1p5/000000107226/target.png,/Users/yixiaoz/Desktop/cs348k_proj/outputs/controlNetScale/baseline_structural_canny/cfg_7p5_control_1p5/000000107226/canny.png,/Users/yixiaoz/Desktop/cs348k_proj/outputs/controlNetScale/baseline_structural_canny/cfg_7p5_control_1p5/000000107226/generated.png,empty_text_plus_canny,3,7.5,1.5,20,0.6042,0.6498,22.2549
14038,A kitchen with hard wood floors and a yellow smiley face balloon.,"A living room decorated for a celebration contains colorful balloons, furniture, and a large yellow smiley-face balloon suspended near the ceiling. The room features wooden flooring, entertainment equipment, and decorative touches that create a festive atmosphere. The arrangement suggests a birthday party or social gathering.",,/Users/yixiaoz/Desktop/cs348k_proj/outputs/controlNetScale/baseline_structural_canny/cfg_7p5_control_1p5/000000014038/target.png,/Users/yixiaoz/Desktop/cs348k_proj/outputs/controlNetScale/baseline_structural_canny/cfg_7p5_control_1p5/000000014038/canny.png,/Users/yixiaoz/Desktop/cs348k_proj/outputs/controlNetScale/baseline_structural_canny/cfg_7p5_control_1p5/000000014038/generated.png,empty_text_plus_canny,3,7.5,1.5,20,0.4564,0.3742,22.6646
114884,"A woman with a cigarette standing, while a group of people with luggage walk towards a bus.","A woman stands inside a transportation terminal while travelers carrying luggage move through the background toward buses or other transit services. The spacious facility contains seating areas, structural supports, and signs associated with public transportation. People appear focused on their journeys as they navigate the.",,/Users/yixiaoz/Desktop/cs348k_proj/outputs/controlNetScale/baseline_structural_canny/cfg_7p5_control_1p5/000000114884/target.png,/Users/yixiaoz/Desktop/cs348k_proj/outputs/controlNetScale/baseline_structural_canny/cfg_7p5_control_1p5/000000114884/canny.png,/Users/yixiaoz/Desktop/cs348k_proj/outputs/controlNetScale/baseline_structural_canny/cfg_7p5_control_1p5/000000114884/generated.png,empty_text_plus_canny,3,7.5,1.5,20,0.4464,0.478,24.5362
12120,A couple of women playing a game of tennis on a tennis court.,"Two women compete in a tennis match on a professional court surrounded by spectators and stadium seating. Both athletes focus intensely on the ball as they move across the blue playing surface. The sporting venue includes advertising displays, officials, and fans observing the competition. The.",,/Users/yixiaoz/Desktop/cs348k_proj/outputs/controlNetScale/baseline_structural_canny/cfg_7p5_control_1p5/000000012120/target.png,/Users/yixiaoz/Desktop/cs348k_proj/outputs/controlNetScale/baseline_structural_canny/cfg_7p5_control_1p5/000000012120/canny.png,/Users/yixiaoz/Desktop/cs348k_proj/outputs/controlNetScale/baseline_structural_canny/cfg_7p5_control_1p5/000000012120/generated.png,empty_text_plus_canny,3,7.5,1.5,20,0.4996,0.4107,35.0574
87470,a big heard of cows walking down a road in a row with green tags on their ears,A large herd of cattle walks together along a rural road bordered by open countryside. The animals move in an organized line while green ear tags help identify members of the herd. Rolling terrain and natural vegetation create an agricultural landscape in the background. The.,,/Users/yixiaoz/Desktop/cs348k_proj/outputs/controlNetScale/baseline_structural_canny/cfg_7p5_control_1p5/000000087470/target.png,/Users/yixiaoz/Desktop/cs348k_proj/outputs/controlNetScale/baseline_structural_canny/cfg_7p5_control_1p5/000000087470/canny.png,/Users/yixiaoz/Desktop/cs348k_proj/outputs/controlNetScale/baseline_structural_canny/cfg_7p5_control_1p5/000000087470/generated.png,empty_text_plus_canny,3,7.5,1.5,20,0.4822,0.49,30.3068
41872,"A bedroom with  a large bed facing a fireplace that has a television over the top of it, in a shelf space.","A comfortable bedroom contains a large bed, fireplace, television, built-in shelving, and warm lighting. Soft furnishings and decorative details create a relaxing atmosphere designed for rest and comfort. The layout resembles a hotel suite or upscale residential bedroom where entertainment and relaxation are combined in.",,/Users/yixiaoz/Desktop/cs348k_proj/outputs/controlNetScale/baseline_structural_canny/cfg_7p5_control_1p5/000000041872/target.png,/Users/yixiaoz/Desktop/cs348k_proj/outputs/controlNetScale/baseline_structural_canny/cfg_7p5_control_1p5/000000041872/canny.png,/Users/yixiaoz/Desktop/cs348k_proj/outputs/controlNetScale/baseline_structural_canny/cfg_7p5_control_1p5/000000041872/generated.png,empty_text_plus_canny,3,7.5,1.5,20,0.6819,0.4713,26.0006
60899,The young boy is playing in the living room of his house.,"A young boy plays in a living room while raising an object above his head. Household furniture, rugs, and natural light create a comfortable domestic setting. The child appears energetic and engaged in imaginative play. The image captures a candid family moment that reflects childhood.",,/Users/yixiaoz/Desktop/cs348k_proj/outputs/controlNetScale/baseline_structural_canny/cfg_7p5_control_1p5/000000060899/target.png,/Users/yixiaoz/Desktop/cs348k_proj/outputs/controlNetScale/baseline_structural_canny/cfg_7p5_control_1p5/000000060899/canny.png,/Users/yixiaoz/Desktop/cs348k_proj/outputs/controlNetScale/baseline_structural_canny/cfg_7p5_control_1p5/000000060899/generated.png,empty_text_plus_canny,3,7.5,1.5,20,0.4606,0.4496,29.8427
46872,a man standing next to a truck with some stuff on it,"A man stands beside a flatbed truck loaded with large industrial materials and equipment. The outdoor setting suggests a construction, transportation, or delivery operation. The truck occupies most of the scene while the worker appears to inspect or supervise the cargo. The image highlights logistics.",,/Users/yixiaoz/Desktop/cs348k_proj/outputs/controlNetScale/baseline_structural_canny/cfg_7p5_control_1p5/000000046872/target.png,/Users/yixiaoz/Desktop/cs348k_proj/outputs/controlNetScale/baseline_structural_canny/cfg_7p5_control_1p5/000000046872/canny.png,/Users/yixiaoz/Desktop/cs348k_proj/outputs/controlNetScale/baseline_structural_canny/cfg_7p5_control_1p5/000000046872/generated.png,empty_text_plus_canny,3,7.5,1.5,20,0.4371,0.393,28.5608
33638,A woman wearing shorts bends over a frying pan on a stove.,"A woman bends over a stove while preparing food in a traditional kitchen. Pots, utensils, and cooking equipment surround her as she works on a meal. The room contains functional appliances and furnishings that support everyday household cooking. The image emphasizes domestic life, food preparation.",,/Users/yixiaoz/Desktop/cs348k_proj/outputs/controlNetScale/baseline_structural_canny/cfg_7p5_control_1p5/000000033638/target.png,/Users/yixiaoz/Desktop/cs348k_proj/outputs/controlNetScale/baseline_structural_canny/cfg_7p5_control_1p5/000000033638/canny.png,/Users/yixiaoz/Desktop/cs348k_proj/outputs/controlNetScale/baseline_structural_canny/cfg_7p5_control_1p5/000000033638/generated.png,empty_text_plus_canny,3,7.5,1.5,20,0.579,0.4056,30.1222
66038,The father and daughter are under an umbrella on the beach.,"A father and daughter relax beneath colorful beach umbrellas near the shoreline. Sand, water, and bright weather create a pleasant coastal environment suited for recreation and family outings. The pair appear comfortable as they spend time together enjoying the outdoors. The image highlights family relationships.",,/Users/yixiaoz/Desktop/cs348k_proj/outputs/controlNetScale/baseline_structural_canny/cfg_7p5_control_1p5/000000066038/target.png,/Users/yixiaoz/Desktop/cs348k_proj/outputs/controlNetScale/baseline_structural_canny/cfg_7p5_control_1p5/000000066038/canny.png,/Users/yixiaoz/Desktop/cs348k_proj/outputs/controlNetScale/baseline_structural_canny/cfg_7p5_control_1p5/000000066038/generated.png,empty_text_plus_canny,3,7.5,1.5,20,0.4978,0.5627,23.8004
86582,A person watering plants with a computer in the foreground.,"A laptop computer sits prominently in the foreground while a person tends plants in the background. Potted plants, gardening supplies, and outdoor views create a peaceful setting that combines technology with nature. The scene suggests remote work, personal projects, or a lifestyle that balances digital.",,/Users/yixiaoz/Desktop/cs348k_proj/outputs/controlNetScale/baseline_structural_canny/cfg_7p5_control_1p5/000000086582/target.png,/Users/yixiaoz/Desktop/cs348k_proj/outputs/controlNetScale/baseline_structural_canny/cfg_7p5_control_1p5/000000086582/canny.png,/Users/yixiaoz/Desktop/cs348k_proj/outputs/controlNetScale/baseline_structural_canny/cfg_7p5_control_1p5/000000086582/generated.png,empty_text_plus_canny,3,7.5,1.5,20,0.5427,0.464,23.9915
32610,Assortment of laptop computers displayed on table with backpacks full of electronic cords.,"Multiple laptop computers, backpacks, cables, and electronic accessories are displayed across a table. The collection of equipment suggests a workshop, conference, classroom, or technology-focused event. Devices are arranged side by side, emphasizing preparation and connectivity. The image highlights digital tools used for communication, learning, and.",,/Users/yixiaoz/Desktop/cs348k_proj/outputs/controlNetScale/baseline_structural_canny/cfg_7p5_control_1p5/000000032610/target.png,/Users/yixiaoz/Desktop/cs348k_proj/outputs/controlNetScale/baseline_structural_canny/cfg_7p5_control_1p5/000000032610/canny.png,/Users/yixiaoz/Desktop/cs348k_proj/outputs/controlNetScale/baseline_structural_canny/cfg_7p5_control_1p5/000000032610/generated.png,empty_text_plus_canny,3,7.5,1.5,20,0.5787,0.4879,32.7891
8021,An audience is looking at an film of a man taking that is projected onto a wall.,"A speaker stands in front of a large projected image while addressing an audience seated in a darkened room. The presentation appears to be part of a conference, lecture, or public event. Audience members focus on the stage while the presenter gestures toward visual material.",,/Users/yixiaoz/Desktop/cs348k_proj/outputs/controlNetScale/baseline_structural_canny/cfg_7p5_control_1p5/000000008021/target.png,/Users/yixiaoz/Desktop/cs348k_proj/outputs/controlNetScale/baseline_structural_canny/cfg_7p5_control_1p5/000000008021/canny.png,/Users/yixiaoz/Desktop/cs348k_proj/outputs/controlNetScale/baseline_structural_canny/cfg_7p5_control_1p5/000000008021/generated.png,empty_text_plus_canny,3,7.5,1.5,20,0.6065,0.4855,31.0627
81738,Someone about to cut and birthday cake with blue and yellow frosting.,"A rectangular birthday cake decorated with blue and yellow frosting sits on a kitchen counter while a person uses a knife to cut into it. The cake appears homemade or specially prepared for a celebration, with decorative writing and icing patterns spread across the surface.",,/Users/yixiaoz/Desktop/cs348k_proj/outputs/controlNetScale/baseline_structural_canny/cfg_7p5_control_1p5/000000081738/target.png,/Users/yixiaoz/Desktop/cs348k_proj/outputs/controlNetScale/baseline_structural_canny/cfg_7p5_control_1p5/000000081738/canny.png,/Users/yixiaoz/Desktop/cs348k_proj/outputs/controlNetScale/baseline_structural_canny/cfg_7p5_control_1p5/000000081738/generated.png,empty_text_plus_canny,3,7.5,1.5,20,0.5712,0.4189,30.2188
94944,A skier on skies and a snowboarder carrying a snowboard on a mountain slope.,"Several people are gathered on a snowy mountain slope surrounded by dramatic alpine scenery and distant snow-covered peaks. One individual carries a snowboard while others prepare equipment or rest nearby. The expansive landscape dominates the background, emphasizing the scale of the mountainous environment. The image.",,/Users/yixiaoz/Desktop/cs348k_proj/outputs/controlNetScale/baseline_structural_canny/cfg_7p5_control_1p5/000000094944/target.png,/Users/yixiaoz/Desktop/cs348k_proj/outputs/controlNetScale/baseline_structural_canny/cfg_7p5_control_1p5/000000094944/canny.png,/Users/yixiaoz/Desktop/cs348k_proj/outputs/controlNetScale/baseline_structural_canny/cfg_7p5_control_1p5/000000094944/generated.png,empty_text_plus_canny,3,7.5,1.5,20,0.4942,0.4721,27.1237
48504,A brown and a gray elephant are in a circus ring and the brown elephant is walking behind the gray elephant as well as two people training them are standing nearby.,Two elephants stand inside a large indoor training or exhibition space while handlers supervise them nearby. One elephant follows behind the other as they move across the floor beneath overhead lighting and structural beams. Equipment and barriers suggest a controlled environment designed for animal care.,,/Users/yixiaoz/Desktop/cs348k_proj/outputs/controlNetScale/baseline_structural_canny/cfg_7p5_control_1p5/000000048504/target.png,/Users/yixiaoz/Desktop/cs348k_proj/outputs/controlNetScale/baseline_structural_canny/cfg_7p5_control_1p5/000000048504/canny.png,/Users/yixiaoz/Desktop/cs348k_proj/outputs/controlNetScale/baseline_structural_canny/cfg_7p5_control_1p5/000000048504/generated.png,empty_text_plus_canny,3,7.5,1.5,20,0.45,0.326,36.6969
69213,Two men who are wearing suits and hats standing next to each other.,"Two men wearing dark suits and matching hats stand side by side outdoors while looking toward the camera. Their formal attire contrasts with the busy background, where people and vehicles are visible. The pair appear composed and confident, suggesting they may be attending a formal.",,/Users/yixiaoz/Desktop/cs348k_proj/outputs/controlNetScale/baseline_structural_canny/cfg_7p5_control_1p5/000000069213/target.png,/Users/yixiaoz/Desktop/cs348k_proj/outputs/controlNetScale/baseline_structural_canny/cfg_7p5_control_1p5/000000069213/canny.png,/Users/yixiaoz/Desktop/cs348k_proj/outputs/controlNetScale/baseline_structural_canny/cfg_7p5_control_1p5/000000069213/generated.png,empty_text_plus_canny,3,7.5,1.5,20,0.4907,0.3448,27.57
44877,Two people are in a wheelchair and only one of them is holding a racket.,"Two people are positioned on a tennis court, one seated in a wheelchair while holding a tennis racket. The scene highlights adaptive sports and athletic participation regardless of physical ability. Both individuals focus on the activity taking place on the court, surrounded by fencing and.",,/Users/yixiaoz/Desktop/cs348k_proj/outputs/controlNetScale/baseline_structural_canny/cfg_7p5_control_1p5/000000044877/target.png,/Users/yixiaoz/Desktop/cs348k_proj/outputs/controlNetScale/baseline_structural_canny/cfg_7p5_control_1p5/000000044877/canny.png,/Users/yixiaoz/Desktop/cs348k_proj/outputs/controlNetScale/baseline_structural_canny/cfg_7p5_control_1p5/000000044877/generated.png,empty_text_plus_canny,3,7.5,1.5,20,0.5299,0.5032,27.534
74058,A sidewalk next to the outdoor sitting area of a restaurant.,"A black-and-white street scene shows a sidewalk café or restaurant with outdoor seating positioned beside a busy road. Bicycles are parked nearby while tables and chairs extend beneath awnings. Cars line the street and pedestrians move through the area. The monochrome presentation emphasizes geometry, shadows.",,/Users/yixiaoz/Desktop/cs348k_proj/outputs/controlNetScale/baseline_structural_canny/cfg_7p5_control_1p5/000000074058/target.png,/Users/yixiaoz/Desktop/cs348k_proj/outputs/controlNetScale/baseline_structural_canny/cfg_7p5_control_1p5/000000074058/canny.png,/Users/yixiaoz/Desktop/cs348k_proj/outputs/controlNetScale/baseline_structural_canny/cfg_7p5_control_1p5/000000074058/generated.png,empty_text_plus_canny,3,7.5,1.5,20,0.503,0.4518,24.6487
69356,An Indian woman stands in front of a man selling his fruit,"A fruit vendor stands beside a colorful outdoor market stall filled with oranges, bananas, and other produce. A woman stands nearby while additional people move through the area. Trees and buildings line the background, suggesting a neighborhood street market. The image highlights small-scale commerce, local.",,/Users/yixiaoz/Desktop/cs348k_proj/outputs/controlNetScale/baseline_structural_canny/cfg_7p5_control_1p5/000000069356/target.png,/Users/yixiaoz/Desktop/cs348k_proj/outputs/controlNetScale/baseline_structural_canny/cfg_7p5_control_1p5/000000069356/canny.png,/Users/yixiaoz/Desktop/cs348k_proj/outputs/controlNetScale/baseline_structural_canny/cfg_7p5_control_1p5/000000069356/generated.png,empty_text_plus_canny,3,7.5,1.5,20,0.5171,0.513,28.4152
57232,A chair is fashioned from baseball bats and two cushions.,"A chair has been creatively constructed from baseball bats and cushioned seating materials, transforming sporting equipment into functional furniture. Additional decorative items, including a globe and various objects, surround the unusual piece. The craftsmanship demonstrates artistic repurposing and design innovation. The image highlights the intersection.",,/Users/yixiaoz/Desktop/cs348k_proj/outputs/controlNetScale/baseline_structural_canny/cfg_7p5_control_1p5/000000057232/target.png,/Users/yixiaoz/Desktop/cs348k_proj/outputs/controlNetScale/baseline_structural_canny/cfg_7p5_control_1p5/000000057232/canny.png,/Users/yixiaoz/Desktop/cs348k_proj/outputs/controlNetScale/baseline_structural_canny/cfg_7p5_control_1p5/000000057232/generated.png,empty_text_plus_canny,3,7.5,1.5,20,0.4681,0.3316,23.8848
5193,A group of people pose for a picture while a man holds two surfboards.,"A group of people gathers indoors for a photograph while one individual holds two colorful surfboards upright. Several children and adults pose together, smiling toward the camera. The surfboards act as focal points, suggesting a beach, surfing, or recreational theme. The image captures a celebratory.",,/Users/yixiaoz/Desktop/cs348k_proj/outputs/controlNetScale/baseline_structural_canny/cfg_7p5_control_1p5/000000005193/target.png,/Users/yixiaoz/Desktop/cs348k_proj/outputs/controlNetScale/baseline_structural_canny/cfg_7p5_control_1p5/000000005193/canny.png,/Users/yixiaoz/Desktop/cs348k_proj/outputs/controlNetScale/baseline_structural_canny/cfg_7p5_control_1p5/000000005193/generated.png,empty_text_plus_canny,3,7.5,1.5,20,0.4872,0.5359,22.4733
94751,A traffic light and a signpost at a crossroads intersection near a waterway.,"Traffic lights and road signs stand at an intersection near a waterfront area. Fences, streets, and utility structures define the urban landscape while water and distant infrastructure appear in the background. The scene focuses on transportation systems and traffic management rather than people. The image.",,/Users/yixiaoz/Desktop/cs348k_proj/outputs/controlNetScale/baseline_structural_canny/cfg_7p5_control_1p5/000000094751/target.png,/Users/yixiaoz/Desktop/cs348k_proj/outputs/controlNetScale/baseline_structural_canny/cfg_7p5_control_1p5/000000094751/canny.png,/Users/yixiaoz/Desktop/cs348k_proj/outputs/controlNetScale/baseline_structural_canny/cfg_7p5_control_1p5/000000094751/generated.png,empty_text_plus_canny,3,7.5,1.5,20,0.592,0.425,30.5005
13546,Young man on skate board balancing on concrete barrier near sidewalk with small park area near by.,"A skateboarder balances on a concrete structure within a small park while performing a trick. The rider’s posture demonstrates concentration and control as wheels contact the edge of the obstacle. Grass, pathways, and recreational facilities surround the scene. The image captures motion and athletic skill.",,/Users/yixiaoz/Desktop/cs348k_proj/outputs/controlNetScale/baseline_structural_canny/cfg_7p5_control_1p5/000000013546/target.png,/Users/yixiaoz/Desktop/cs348k_proj/outputs/controlNetScale/baseline_structural_canny/cfg_7p5_control_1p5/000000013546/canny.png,/Users/yixiaoz/Desktop/cs348k_proj/outputs/controlNetScale/baseline_structural_canny/cfg_7p5_control_1p5/000000013546/generated.png,empty_text_plus_canny,3,7.5,1.5,20,0.5043,0.5363,27.4542
112378,A bunch of bananas on a wooden bench with hammocks in the background.,"A bunch of bananas rests on a wooden bench in an outdoor setting where hammocks and tropical vegetation appear in the background. The fruit is arranged casually, creating a simple still-life composition. Natural lighting and greenery contribute to a relaxed atmosphere. The image highlights everyday.",,/Users/yixiaoz/Desktop/cs348k_proj/outputs/controlNetScale/baseline_structural_canny/cfg_7p5_control_1p5/000000112378/target.png,/Users/yixiaoz/Desktop/cs348k_proj/outputs/controlNetScale/baseline_structural_canny/cfg_7p5_control_1p5/000000112378/canny.png,/Users/yixiaoz/Desktop/cs348k_proj/outputs/controlNetScale/baseline_structural_canny/cfg_7p5_control_1p5/000000112378/generated.png,empty_text_plus_canny,3,7.5,1.5,20,0.5825,0.4453,28.9664
57672,a river.A group of people with life jacket rowing a long boat in,"A long rowing boat moves across a calm river while a coordinated team of rowers wearing life jackets paddles together. Their synchronized effort propels the vessel through the water as spectators and shoreline features remain visible in the distance. The image highlights teamwork, endurance, and.",,/Users/yixiaoz/Desktop/cs348k_proj/outputs/controlNetScale/baseline_structural_canny/cfg_7p5_control_1p5/000000057672/target.png,/Users/yixiaoz/Desktop/cs348k_proj/outputs/controlNetScale/baseline_structural_canny/cfg_7p5_control_1p5/000000057672/canny.png,/Users/yixiaoz/Desktop/cs348k_proj/outputs/controlNetScale/baseline_structural_canny/cfg_7p5_control_1p5/000000057672/generated.png,empty_text_plus_canny,3,7.5,1.5,20,0.5122,0.4657,32.1917
19432,He's almost got this tennis ball at the end of his racket.,"A tennis player focuses intensely on a ball approaching the racket during a match on a professional court. Stadium seating and fencing create the backdrop while the athlete prepares to make contact. The composition freezes a precise moment that requires timing, concentration, and technical skill.",,/Users/yixiaoz/Desktop/cs348k_proj/outputs/controlNetScale/baseline_structural_canny/cfg_7p5_control_1p5/000000019432/target.png,/Users/yixiaoz/Desktop/cs348k_proj/outputs/controlNetScale/baseline_structural_canny/cfg_7p5_control_1p5/000000019432/canny.png,/Users/yixiaoz/Desktop/cs348k_proj/outputs/controlNetScale/baseline_structural_canny/cfg_7p5_control_1p5/000000019432/generated.png,empty_text_plus_canny,3,7.5,1.5,20,0.5464,0.408,33.6018
73702,A couple of guys standingoutside in the sun talking to each other.,"Several people stand together outdoors near a transportation or public-service area while engaged in conversation. Some individuals carry bags or wear protective clothing, suggesting travel, work, or transit-related activities. The scene appears candid and documentary in nature, focusing on social interaction rather than posed photography.",,/Users/yixiaoz/Desktop/cs348k_proj/outputs/controlNetScale/baseline_structural_canny/cfg_7p5_control_1p5/000000073702/target.png,/Users/yixiaoz/Desktop/cs348k_proj/outputs/controlNetScale/baseline_structural_canny/cfg_7p5_control_1p5/000000073702/canny.png,/Users/yixiaoz/Desktop/cs348k_proj/outputs/controlNetScale/baseline_structural_canny/cfg_7p5_control_1p5/000000073702/generated.png,empty_text_plus_canny,3,7.5,1.5,20,0.4445,0.4789,27.9796
84241,Three women cooking in a professional kitchen together.,"Three women work together inside a professional kitchen while preparing food. Large bowls of vegetables, cookware, and stainless-steel surfaces surround them as they coordinate meal preparation. The environment suggests a restaurant, catering operation, or culinary training setting. The image highlights teamwork, food service, and culinary.",,/Users/yixiaoz/Desktop/cs348k_proj/outputs/controlNetScale/baseline_structural_canny/cfg_7p5_control_1p5/000000084241/target.png,/Users/yixiaoz/Desktop/cs348k_proj/outputs/controlNetScale/baseline_structural_canny/cfg_7p5_control_1p5/000000084241/canny.png,/Users/yixiaoz/Desktop/cs348k_proj/outputs/controlNetScale/baseline_structural_canny/cfg_7p5_control_1p5/000000084241/generated.png,empty_text_plus_canny,3,7.5,1.5,20,0.5887,0.3503,30.6729
34417,Donuts traveling down an assembly line in a factory while people work behind it.,"Donuts move along a production line inside a bakery or food-processing facility while workers supervise operations in the background. Conveyors, trays, and industrial equipment are visible throughout the workspace. The image illustrates large-scale food production and the systems used to manufacture baked goods efficiently. It.",,/Users/yixiaoz/Desktop/cs348k_proj/outputs/controlNetScale/baseline_structural_canny/cfg_7p5_control_1p5/000000034417/target.png,/Users/yixiaoz/Desktop/cs348k_proj/outputs/controlNetScale/baseline_structural_canny/cfg_7p5_control_1p5/000000034417/canny.png,/Users/yixiaoz/Desktop/cs348k_proj/outputs/controlNetScale/baseline_structural_canny/cfg_7p5_control_1p5/000000034417/generated.png,empty_text_plus_canny,3,7.5,1.5,20,0.4971,0.3919,27.4717
25181,A train station with an awning is depicted with a train on the right platform.,"A train station platform extends into the distance beneath a large canopy, creating strong lines and symmetry throughout the composition. A train sits along one side of the platform while signs and architectural details reinforce the sense of order. The black-and-white presentation emphasizes structure and.",,/Users/yixiaoz/Desktop/cs348k_proj/outputs/controlNetScale/baseline_structural_canny/cfg_7p5_control_1p5/000000025181/target.png,/Users/yixiaoz/Desktop/cs348k_proj/outputs/controlNetScale/baseline_structural_canny/cfg_7p5_control_1p5/000000025181/canny.png,/Users/yixiaoz/Desktop/cs348k_proj/outputs/controlNetScale/baseline_structural_canny/cfg_7p5_control_1p5/000000025181/generated.png,empty_text_plus_canny,3,7.5,1.5,20,0.3858,0.2992,30.7914
67213,"A dog jumping through the air above a pool of water that has been marked for distance, with people watching in the distance.","A dog leaps high above a pool during a dock-diving competition while spectators watch from behind barriers. The animal is captured midair, demonstrating athletic ability, speed, and confidence. Water, measuring equipment, and event organizers suggest a structured sporting competition. The image highlights the bond between.",,/Users/yixiaoz/Desktop/cs348k_proj/outputs/controlNetScale/baseline_structural_canny/cfg_7p5_control_1p5/000000067213/target.png,/Users/yixiaoz/Desktop/cs348k_proj/outputs/controlNetScale/baseline_structural_canny/cfg_7p5_control_1p5/000000067213/canny.png,/Users/yixiaoz/Desktop/cs348k_proj/outputs/controlNetScale/baseline_structural_canny/cfg_7p5_control_1p5/000000067213/generated.png,empty_text_plus_canny,3,7.5,1.5,20,0.5593,0.5417,16.2667
94871,A group of people standing around sheep on a field.,"Several sheep stand together in a field while people gather nearby. Different breeds and wool colors create visual variety across the scene. The setting resembles an agricultural fair, livestock exhibition, or rural community event where animals are displayed and evaluated. The image highlights farming culture.",,/Users/yixiaoz/Desktop/cs348k_proj/outputs/controlNetScale/baseline_structural_canny/cfg_7p5_control_1p5/000000094871/target.png,/Users/yixiaoz/Desktop/cs348k_proj/outputs/controlNetScale/baseline_structural_canny/cfg_7p5_control_1p5/000000094871/canny.png,/Users/yixiaoz/Desktop/cs348k_proj/outputs/controlNetScale/baseline_structural_canny/cfg_7p5_control_1p5/000000094871/generated.png,empty_text_plus_canny,3,7.5,1.5,20,0.4843,0.3567,27.6683
2685,A crowd of people stand near a man behind a bar with wine bottles on it.,"Several people are gathered around a wooden bar counter inside a restaurant, tasting room, or social event space. A man stands behind the counter near shelves filled with wine bottles while customers stand close together and talk in small groups. The room appears warmly lit.",,/Users/yixiaoz/Desktop/cs348k_proj/outputs/controlNetScale/baseline_structural_canny/cfg_7p5_control_2p0/000000002685/target.png,/Users/yixiaoz/Desktop/cs348k_proj/outputs/controlNetScale/baseline_structural_canny/cfg_7p5_control_2p0/000000002685/canny.png,/Users/yixiaoz/Desktop/cs348k_proj/outputs/controlNetScale/baseline_structural_canny/cfg_7p5_control_2p0/000000002685/generated.png,empty_text_plus_canny,3,7.5,2.0,20,0.5886,0.5673,25.8606
6763,A man and a women posing next to one another in front of a table.,"A man and a woman sit close together at a table inside a dimly lit restaurant or bar. The man wears a dress shirt and tie and has his arm around the smiling woman beside him. Plates, utensils, and drinks are visible on the table.",,/Users/yixiaoz/Desktop/cs348k_proj/outputs/controlNetScale/baseline_structural_canny/cfg_7p5_control_2p0/000000006763/target.png,/Users/yixiaoz/Desktop/cs348k_proj/outputs/controlNetScale/baseline_structural_canny/cfg_7p5_control_2p0/000000006763/canny.png,/Users/yixiaoz/Desktop/cs348k_proj/outputs/controlNetScale/baseline_structural_canny/cfg_7p5_control_2p0/000000006763/generated.png,empty_text_plus_canny,3,7.5,2.0,20,0.6103,0.6147,28.0798
87144,A baby sitting between a lady and a man on a bench under a tree.,"A woman, a young child, and an elderly man sit on a park bench beneath the shade of a tree. The woman sits on the left wearing a patterned dress, the child sits near the center, and the older man sits on the right wearing.",,/Users/yixiaoz/Desktop/cs348k_proj/outputs/controlNetScale/baseline_structural_canny/cfg_7p5_control_2p0/000000087144/target.png,/Users/yixiaoz/Desktop/cs348k_proj/outputs/controlNetScale/baseline_structural_canny/cfg_7p5_control_2p0/000000087144/canny.png,/Users/yixiaoz/Desktop/cs348k_proj/outputs/controlNetScale/baseline_structural_canny/cfg_7p5_control_2p0/000000087144/generated.png,empty_text_plus_canny,3,7.5,2.0,20,0.473,0.5117,29.5531
2157,A table topped with a cake covered in berries next to a plate of sandwiches.,"A table covered with a red tablecloth is arranged with desserts and party food in an outdoor or bright dining setting. A large cake topped with blueberries and raspberries sits near the front beside plates of sandwiches, bread, grapes, wine glasses, napkins, and stacked dishes.",,/Users/yixiaoz/Desktop/cs348k_proj/outputs/controlNetScale/baseline_structural_canny/cfg_7p5_control_2p0/000000002157/target.png,/Users/yixiaoz/Desktop/cs348k_proj/outputs/controlNetScale/baseline_structural_canny/cfg_7p5_control_2p0/000000002157/canny.png,/Users/yixiaoz/Desktop/cs348k_proj/outputs/controlNetScale/baseline_structural_canny/cfg_7p5_control_2p0/000000002157/generated.png,empty_text_plus_canny,3,7.5,2.0,20,0.5682,0.4929,22.5464
14226,A person is sitting in a chair at a table with a laptop computer.,A man sits alone in a passenger train or railcar while using a laptop computer on a fold-out table in front of him. He wears a jacket and looks downward toward the screen with a focused expression. A large window beside him shows blurred scenery.,,/Users/yixiaoz/Desktop/cs348k_proj/outputs/controlNetScale/baseline_structural_canny/cfg_7p5_control_2p0/000000014226/target.png,/Users/yixiaoz/Desktop/cs348k_proj/outputs/controlNetScale/baseline_structural_canny/cfg_7p5_control_2p0/000000014226/canny.png,/Users/yixiaoz/Desktop/cs348k_proj/outputs/controlNetScale/baseline_structural_canny/cfg_7p5_control_2p0/000000014226/generated.png,empty_text_plus_canny,3,7.5,2.0,20,0.5002,0.3286,35.625
35279,"A man laying his head down next to electronics, a butterfly, and a book.","A cluttered workspace or floor area contains several electronic devices and accessories arranged close together. A laptop displays a simple image on its screen, while a smartphone, cables, speakers, papers, a bottle, and other gadgets sit nearby. Part of a person’s face appears near the.",,/Users/yixiaoz/Desktop/cs348k_proj/outputs/controlNetScale/baseline_structural_canny/cfg_7p5_control_2p0/000000035279/target.png,/Users/yixiaoz/Desktop/cs348k_proj/outputs/controlNetScale/baseline_structural_canny/cfg_7p5_control_2p0/000000035279/canny.png,/Users/yixiaoz/Desktop/cs348k_proj/outputs/controlNetScale/baseline_structural_canny/cfg_7p5_control_2p0/000000035279/generated.png,empty_text_plus_canny,3,7.5,2.0,20,0.5314,0.4655,30.3041
31620,A woman in a white dress and a man in gray stand near a cake on a white table under a white canopy.,"Inside a large white event tent, a woman in a white dress and a man in a gray suit stand near a decorated table. The table is covered with a white cloth and appears to hold a cake or centerpiece. Soft light filters through the.",,/Users/yixiaoz/Desktop/cs348k_proj/outputs/controlNetScale/baseline_structural_canny/cfg_7p5_control_2p0/000000031620/target.png,/Users/yixiaoz/Desktop/cs348k_proj/outputs/controlNetScale/baseline_structural_canny/cfg_7p5_control_2p0/000000031620/canny.png,/Users/yixiaoz/Desktop/cs348k_proj/outputs/controlNetScale/baseline_structural_canny/cfg_7p5_control_2p0/000000031620/generated.png,empty_text_plus_canny,3,7.5,2.0,20,0.5499,0.6302,27.5767
95707,Several pastries sitting on aluminum foil next to a bowl with a knife and spatula in it.,"Several pastries and baked goods are arranged on aluminum foil on a table, with a bowl, knife, and spatula placed nearby for serving. The food includes rectangular pieces and a pale frosted or light-colored dessert item, suggesting a dessert spread or homemade baked selection. The.",,/Users/yixiaoz/Desktop/cs348k_proj/outputs/controlNetScale/baseline_structural_canny/cfg_7p5_control_2p0/000000095707/target.png,/Users/yixiaoz/Desktop/cs348k_proj/outputs/controlNetScale/baseline_structural_canny/cfg_7p5_control_2p0/000000095707/canny.png,/Users/yixiaoz/Desktop/cs348k_proj/outputs/controlNetScale/baseline_structural_canny/cfg_7p5_control_2p0/000000095707/generated.png,empty_text_plus_canny,3,7.5,2.0,20,0.5541,0.5395,22.9384
54605,Milkshake in tall glass and piece of cake on plate near forks.,"A tall milkshake in a glass is topped with whipped cream and placed on a restaurant table beside a slice of layered cake on a white plate. A fork, napkins, and other table items sit nearby, while the background is dim and softly blurred. The.",,/Users/yixiaoz/Desktop/cs348k_proj/outputs/controlNetScale/baseline_structural_canny/cfg_7p5_control_2p0/000000054605/target.png,/Users/yixiaoz/Desktop/cs348k_proj/outputs/controlNetScale/baseline_structural_canny/cfg_7p5_control_2p0/000000054605/canny.png,/Users/yixiaoz/Desktop/cs348k_proj/outputs/controlNetScale/baseline_structural_canny/cfg_7p5_control_2p0/000000054605/generated.png,empty_text_plus_canny,3,7.5,2.0,20,0.5034,0.5809,28.8843
27620,A laptop sitting on a desk next to a chair and another computer.,"A small home office or study area contains a glass-top desk, a laptop computer, a chair, and additional electronic equipment. The desk is positioned near a wall with windows and blinds, and another chair sits in front of the workspace. Cables, accessories, and a cup.",,/Users/yixiaoz/Desktop/cs348k_proj/outputs/controlNetScale/baseline_structural_canny/cfg_7p5_control_2p0/000000027620/target.png,/Users/yixiaoz/Desktop/cs348k_proj/outputs/controlNetScale/baseline_structural_canny/cfg_7p5_control_2p0/000000027620/canny.png,/Users/yixiaoz/Desktop/cs348k_proj/outputs/controlNetScale/baseline_structural_canny/cfg_7p5_control_2p0/000000027620/generated.png,empty_text_plus_canny,3,7.5,2.0,20,0.427,0.3458,31.2833
66771,Two people sitting at a table with beverages on it and the woman holding her phone.,"Two people sit together at a restaurant table with beverages, cups, and small dishes in front of them. The man smiles while looking toward the woman, and the woman looks down at a smartphone in her hand. The table includes a drink with a straw.",,/Users/yixiaoz/Desktop/cs348k_proj/outputs/controlNetScale/baseline_structural_canny/cfg_7p5_control_2p0/000000066771/target.png,/Users/yixiaoz/Desktop/cs348k_proj/outputs/controlNetScale/baseline_structural_canny/cfg_7p5_control_2p0/000000066771/canny.png,/Users/yixiaoz/Desktop/cs348k_proj/outputs/controlNetScale/baseline_structural_canny/cfg_7p5_control_2p0/000000066771/generated.png,empty_text_plus_canny,3,7.5,2.0,20,0.5543,0.5475,29.3791
18575,"Two plates, one with a sandwich and fries, the other with just a sandwich and a pickle.","Two plates of food are served on a restaurant table. One plate contains a sandwich with French fries, while the other plate includes a sandwich and a pickle with sliced vegetables and condiments nearby. Drinks, small containers, and utensils surround the plates, suggesting a casual.",,/Users/yixiaoz/Desktop/cs348k_proj/outputs/controlNetScale/baseline_structural_canny/cfg_7p5_control_2p0/000000018575/target.png,/Users/yixiaoz/Desktop/cs348k_proj/outputs/controlNetScale/baseline_structural_canny/cfg_7p5_control_2p0/000000018575/canny.png,/Users/yixiaoz/Desktop/cs348k_proj/outputs/controlNetScale/baseline_structural_canny/cfg_7p5_control_2p0/000000018575/generated.png,empty_text_plus_canny,3,7.5,2.0,20,0.4695,0.4861,27.9278
66817,This plate consists of rice with sauce and peas and meat patties on the side.,"A plate of food is photographed from above on a table, containing rice covered with sauce, peas, and several browned meat patties on the side. A cup of yogurt or creamy dessert and a small bowl of fruit sit near the plate, creating a complete.",,/Users/yixiaoz/Desktop/cs348k_proj/outputs/controlNetScale/baseline_structural_canny/cfg_7p5_control_2p0/000000066817/target.png,/Users/yixiaoz/Desktop/cs348k_proj/outputs/controlNetScale/baseline_structural_canny/cfg_7p5_control_2p0/000000066817/canny.png,/Users/yixiaoz/Desktop/cs348k_proj/outputs/controlNetScale/baseline_structural_canny/cfg_7p5_control_2p0/000000066817/generated.png,empty_text_plus_canny,3,7.5,2.0,20,0.5985,0.5551,25.4045
84674,a girl holds a baby eating a bagel with a boy standing next to them,"A woman sits indoors holding a small child who is eating a bagel or bread roll, while a young boy stands next to them facing the camera. The group appears to be in a restaurant, event space, or public indoor setting, with people and warm.",,/Users/yixiaoz/Desktop/cs348k_proj/outputs/controlNetScale/baseline_structural_canny/cfg_7p5_control_2p0/000000084674/target.png,/Users/yixiaoz/Desktop/cs348k_proj/outputs/controlNetScale/baseline_structural_canny/cfg_7p5_control_2p0/000000084674/canny.png,/Users/yixiaoz/Desktop/cs348k_proj/outputs/controlNetScale/baseline_structural_canny/cfg_7p5_control_2p0/000000084674/generated.png,empty_text_plus_canny,3,7.5,2.0,20,0.5225,0.4812,25.5009
47112,A pizza served on a white plate next to empty wine glass and beer.,"A freshly baked pizza sits on a white plate on a restaurant table, with a glass of beer and an empty wine glass positioned behind it. The pizza has visible cheese and toppings, and the background contains tables, chairs, and restaurant décor. The low angle.",,/Users/yixiaoz/Desktop/cs348k_proj/outputs/controlNetScale/baseline_structural_canny/cfg_7p5_control_2p0/000000047112/target.png,/Users/yixiaoz/Desktop/cs348k_proj/outputs/controlNetScale/baseline_structural_canny/cfg_7p5_control_2p0/000000047112/canny.png,/Users/yixiaoz/Desktop/cs348k_proj/outputs/controlNetScale/baseline_structural_canny/cfg_7p5_control_2p0/000000047112/generated.png,empty_text_plus_canny,3,7.5,2.0,20,0.5601,0.4809,27.4516
59598,"A table with a laptop a plate with a muffin and a banana, a can and a cellphone.","An open laptop sits on a table in a classroom, meeting room, or conference setting. Nearby are a plate with a muffin and banana, a soda can, a mobile phone, and other small items. In the background, a presentation screen or projector area is visible.",,/Users/yixiaoz/Desktop/cs348k_proj/outputs/controlNetScale/baseline_structural_canny/cfg_7p5_control_2p0/000000059598/target.png,/Users/yixiaoz/Desktop/cs348k_proj/outputs/controlNetScale/baseline_structural_canny/cfg_7p5_control_2p0/000000059598/canny.png,/Users/yixiaoz/Desktop/cs348k_proj/outputs/controlNetScale/baseline_structural_canny/cfg_7p5_control_2p0/000000059598/generated.png,empty_text_plus_canny,3,7.5,2.0,20,0.4759,0.3822,30.687
91779,Three hot dogs with different toppings lined up on a tabletop.,"Three hot dogs with different toppings are arranged side by side on a tray or tabletop. One appears topped with sauce or chili, another with bright red peppers, and the surrounding area contains side dishes, cups, and food wrappers. The close-up composition highlights the variety.",,/Users/yixiaoz/Desktop/cs348k_proj/outputs/controlNetScale/baseline_structural_canny/cfg_7p5_control_2p0/000000091779/target.png,/Users/yixiaoz/Desktop/cs348k_proj/outputs/controlNetScale/baseline_structural_canny/cfg_7p5_control_2p0/000000091779/canny.png,/Users/yixiaoz/Desktop/cs348k_proj/outputs/controlNetScale/baseline_structural_canny/cfg_7p5_control_2p0/000000091779/generated.png,empty_text_plus_canny,3,7.5,2.0,20,0.5329,0.5683,18.0592
22892,"A cat sitting on a table next to plants and a dog outside of a sliding glass door, looking in.","A gray cat sits indoors on a table beside potted plants near a sliding glass door, while a dog stands outside looking in through the glass. The cat faces downward toward the plants, and the dog is visible beyond the door on a balcony or.",,/Users/yixiaoz/Desktop/cs348k_proj/outputs/controlNetScale/baseline_structural_canny/cfg_7p5_control_2p0/000000022892/target.png,/Users/yixiaoz/Desktop/cs348k_proj/outputs/controlNetScale/baseline_structural_canny/cfg_7p5_control_2p0/000000022892/canny.png,/Users/yixiaoz/Desktop/cs348k_proj/outputs/controlNetScale/baseline_structural_canny/cfg_7p5_control_2p0/000000022892/generated.png,empty_text_plus_canny,3,7.5,2.0,20,0.5522,0.4752,25.7237
97337,This is a nice living room set up with two couches and a television.,"A cozy living room contains two couches arranged around a coffee table facing a television. The television displays a map or graphic image, while lamps, curtains, and decorative furniture create a warm indoor atmosphere. The room appears tidy and comfortable, with soft lighting and a.",,/Users/yixiaoz/Desktop/cs348k_proj/outputs/controlNetScale/baseline_structural_canny/cfg_7p5_control_2p0/000000097337/target.png,/Users/yixiaoz/Desktop/cs348k_proj/outputs/controlNetScale/baseline_structural_canny/cfg_7p5_control_2p0/000000097337/canny.png,/Users/yixiaoz/Desktop/cs348k_proj/outputs/controlNetScale/baseline_structural_canny/cfg_7p5_control_2p0/000000097337/generated.png,empty_text_plus_canny,3,7.5,2.0,20,0.5309,0.3736,26.654
10707,Man with video game controller in living room with onlooker seated nearby.,"Several people gather in a living room around a coffee table covered with drinks, snacks, and small items. One man stands holding a video game controller, while others sit nearby watching or participating. Sofas, warm lighting, and casual clothing create the feeling of a relaxed.",,/Users/yixiaoz/Desktop/cs348k_proj/outputs/controlNetScale/baseline_structural_canny/cfg_7p5_control_2p0/000000010707/target.png,/Users/yixiaoz/Desktop/cs348k_proj/outputs/controlNetScale/baseline_structural_canny/cfg_7p5_control_2p0/000000010707/canny.png,/Users/yixiaoz/Desktop/cs348k_proj/outputs/controlNetScale/baseline_structural_canny/cfg_7p5_control_2p0/000000010707/generated.png,empty_text_plus_canny,3,7.5,2.0,20,0.6246,0.5966,22.8953
65288,A yellow and green object with a brown bird perched on top of it.,"An ornate yellow and green decorative structure sits in the foreground, with a small brown bird perched on its top edge. Behind it, a crowd of people gathers outdoors near tables, chairs, plants, and shaded areas, suggesting a plaza, café, or public gathering space. The.",,/Users/yixiaoz/Desktop/cs348k_proj/outputs/controlNetScale/baseline_structural_canny/cfg_7p5_control_2p0/000000065288/target.png,/Users/yixiaoz/Desktop/cs348k_proj/outputs/controlNetScale/baseline_structural_canny/cfg_7p5_control_2p0/000000065288/canny.png,/Users/yixiaoz/Desktop/cs348k_proj/outputs/controlNetScale/baseline_structural_canny/cfg_7p5_control_2p0/000000065288/generated.png,empty_text_plus_canny,3,7.5,2.0,20,0.5743,0.5499,23.4883
116208,"A large pizza is shown on a table, with bottles and glasses of wine.","A large pizza topped with cheese, mushrooms, and other ingredients is placed on a raised stand at the center of a restaurant table. Wine bottles, glasses, plates, utensils, and small dishes surround it, suggesting a shared meal among several diners. The pizza is viewed from.",,/Users/yixiaoz/Desktop/cs348k_proj/outputs/controlNetScale/baseline_structural_canny/cfg_7p5_control_2p0/000000116208/target.png,/Users/yixiaoz/Desktop/cs348k_proj/outputs/controlNetScale/baseline_structural_canny/cfg_7p5_control_2p0/000000116208/canny.png,/Users/yixiaoz/Desktop/cs348k_proj/outputs/controlNetScale/baseline_structural_canny/cfg_7p5_control_2p0/000000116208/generated.png,empty_text_plus_canny,3,7.5,2.0,20,0.5178,0.4826,29.57
74733,two flatbread pieces covered with different ingredients in between a flight of beers,"Two rectangular flatbread dishes topped with different ingredients are served on a wooden board beside a flight of beers. Several small glasses of beer, dipping containers, and additional drinkware are arranged around the food. The warm indoor lighting and tabletop presentation suggest a restaurant, pub.",,/Users/yixiaoz/Desktop/cs348k_proj/outputs/controlNetScale/baseline_structural_canny/cfg_7p5_control_2p0/000000074733/target.png,/Users/yixiaoz/Desktop/cs348k_proj/outputs/controlNetScale/baseline_structural_canny/cfg_7p5_control_2p0/000000074733/canny.png,/Users/yixiaoz/Desktop/cs348k_proj/outputs/controlNetScale/baseline_structural_canny/cfg_7p5_control_2p0/000000074733/generated.png,empty_text_plus_canny,3,7.5,2.0,20,0.5649,0.594,26.6155
114907,"A woman holding a milking attachment and standing in front of a cow, with a group of people in the audience.","A woman stands beside a large dairy cow while demonstrating or holding a milking attachment in front of a seated audience. The cow is positioned behind a metal barrier, and many people watch attentively from the foreground. The scene appears to be part of an.",,/Users/yixiaoz/Desktop/cs348k_proj/outputs/controlNetScale/baseline_structural_canny/cfg_7p5_control_2p0/000000114907/target.png,/Users/yixiaoz/Desktop/cs348k_proj/outputs/controlNetScale/baseline_structural_canny/cfg_7p5_control_2p0/000000114907/canny.png,/Users/yixiaoz/Desktop/cs348k_proj/outputs/controlNetScale/baseline_structural_canny/cfg_7p5_control_2p0/000000114907/generated.png,empty_text_plus_canny,3,7.5,2.0,20,0.4789,0.5295,19.0969
61333,The caramel-colored kitten is  lying on the small blanket on top of the unmade bed.,"An orange tabby kitten lies curled up on a small blanket placed on top of an unmade bed. The cat appears relaxed and sleepy, with its body tucked close and its head resting near the blanket. A bookshelf filled with books lines the background, adding.",,/Users/yixiaoz/Desktop/cs348k_proj/outputs/controlNetScale/baseline_structural_canny/cfg_7p5_control_2p0/000000061333/target.png,/Users/yixiaoz/Desktop/cs348k_proj/outputs/controlNetScale/baseline_structural_canny/cfg_7p5_control_2p0/000000061333/canny.png,/Users/yixiaoz/Desktop/cs348k_proj/outputs/controlNetScale/baseline_structural_canny/cfg_7p5_control_2p0/000000061333/generated.png,empty_text_plus_canny,3,7.5,2.0,20,0.5941,0.6028,27.2123
18837,A large truck on a city street with two works sitting on top and one worker climbing in through door.,"A large green utility truck is parked on a city street while workers perform maintenance tasks around it. One worker appears to be on top of the vehicle, and another is climbing into or standing near the door. Cars, buildings, traffic signs, and urban infrastructure.",,/Users/yixiaoz/Desktop/cs348k_proj/outputs/controlNetScale/baseline_structural_canny/cfg_7p5_control_2p0/000000018837/target.png,/Users/yixiaoz/Desktop/cs348k_proj/outputs/controlNetScale/baseline_structural_canny/cfg_7p5_control_2p0/000000018837/canny.png,/Users/yixiaoz/Desktop/cs348k_proj/outputs/controlNetScale/baseline_structural_canny/cfg_7p5_control_2p0/000000018837/generated.png,empty_text_plus_canny,3,7.5,2.0,20,0.4597,0.4273,26.9126
9914,"A sandwich, french fries, bowl of ketchup, onion slice, lettuce slice, tomato slice, and knife sit on the white plate.","A sandwich meal is served on a white plate with French fries, a small bowl of ketchup, sliced onion, tomato, lettuce, and a knife. The sandwich bun is topped with sesame seeds, and the fries are piled beside it. The close-up view focuses on the.",,/Users/yixiaoz/Desktop/cs348k_proj/outputs/controlNetScale/baseline_structural_canny/cfg_7p5_control_2p0/000000009914/target.png,/Users/yixiaoz/Desktop/cs348k_proj/outputs/controlNetScale/baseline_structural_canny/cfg_7p5_control_2p0/000000009914/canny.png,/Users/yixiaoz/Desktop/cs348k_proj/outputs/controlNetScale/baseline_structural_canny/cfg_7p5_control_2p0/000000009914/generated.png,empty_text_plus_canny,3,7.5,2.0,20,0.5783,0.5832,17.3442
39477,A beach towel covers a TV across from plants on the wall and in front of the window.,"A compact living room features a couch facing a television, with several plants placed near the window and on the wall. Natural light enters through a large curtained window, brightening the small room. A low table, rug, wall decorations, and shelving create a tidy residential.",,/Users/yixiaoz/Desktop/cs348k_proj/outputs/controlNetScale/baseline_structural_canny/cfg_7p5_control_2p0/000000039477/target.png,/Users/yixiaoz/Desktop/cs348k_proj/outputs/controlNetScale/baseline_structural_canny/cfg_7p5_control_2p0/000000039477/canny.png,/Users/yixiaoz/Desktop/cs348k_proj/outputs/controlNetScale/baseline_structural_canny/cfg_7p5_control_2p0/000000039477/generated.png,empty_text_plus_canny,3,7.5,2.0,20,0.4663,0.5439,20.3472
61108,A blue bicycle with a puppy in its basket is parked next to the bleacher steps.,"A blue bicycle is parked beside outdoor bleacher steps, with a small puppy sitting inside a basket attached to the front. The bicycle rests near concrete steps and railings, suggesting a sports field, park, or recreational area. The puppy sits securely in the basket and.",,/Users/yixiaoz/Desktop/cs348k_proj/outputs/controlNetScale/baseline_structural_canny/cfg_7p5_control_2p0/000000061108/target.png,/Users/yixiaoz/Desktop/cs348k_proj/outputs/controlNetScale/baseline_structural_canny/cfg_7p5_control_2p0/000000061108/canny.png,/Users/yixiaoz/Desktop/cs348k_proj/outputs/controlNetScale/baseline_structural_canny/cfg_7p5_control_2p0/000000061108/generated.png,empty_text_plus_canny,3,7.5,2.0,20,0.4446,0.3982,27.7136
91615,"A kitchen has light wooden colored cabinetry, beige countertops, and stainless steel appliances in an open concept house.","A clean modern kitchen features light wooden cabinets, beige countertops, stainless steel appliances, and a sink built into a central counter area. A microwave, oven, refrigerator, dishwasher, and decorative flowers are visible throughout the room. The space appears bright, organized, and open, with neutral colors.",,/Users/yixiaoz/Desktop/cs348k_proj/outputs/controlNetScale/baseline_structural_canny/cfg_7p5_control_2p0/000000091615/target.png,/Users/yixiaoz/Desktop/cs348k_proj/outputs/controlNetScale/baseline_structural_canny/cfg_7p5_control_2p0/000000091615/canny.png,/Users/yixiaoz/Desktop/cs348k_proj/outputs/controlNetScale/baseline_structural_canny/cfg_7p5_control_2p0/000000091615/generated.png,empty_text_plus_canny,3,7.5,2.0,20,0.4686,0.3533,30.3074
77396,A cat being lazy and a cat being nozy in a living room with tv and a laptop displaying the same things.,"Two cats are in a living room facing a television and a laptop displaying similar imagery. One cat stands upright near the television, appearing curious about the screen, while another cat lies on the floor nearby. The room contains a TV stand, small table, and.",,/Users/yixiaoz/Desktop/cs348k_proj/outputs/controlNetScale/baseline_structural_canny/cfg_7p5_control_2p0/000000077396/target.png,/Users/yixiaoz/Desktop/cs348k_proj/outputs/controlNetScale/baseline_structural_canny/cfg_7p5_control_2p0/000000077396/canny.png,/Users/yixiaoz/Desktop/cs348k_proj/outputs/controlNetScale/baseline_structural_canny/cfg_7p5_control_2p0/000000077396/generated.png,empty_text_plus_canny,3,7.5,2.0,20,0.4984,0.4119,30.8098
119233,A cat sprawled out over the top of a laptop computer keyboard.,"A black-and-white cat sprawls across the keyboard area of an open laptop on a wooden desk or counter. The cat lies comfortably with its body stretched over the computer, partially blocking the screen and keyboard. Various household objects, office supplies, and plants are visible around.",,/Users/yixiaoz/Desktop/cs348k_proj/outputs/controlNetScale/baseline_structural_canny/cfg_7p5_control_2p0/000000119233/target.png,/Users/yixiaoz/Desktop/cs348k_proj/outputs/controlNetScale/baseline_structural_canny/cfg_7p5_control_2p0/000000119233/canny.png,/Users/yixiaoz/Desktop/cs348k_proj/outputs/controlNetScale/baseline_structural_canny/cfg_7p5_control_2p0/000000119233/generated.png,empty_text_plus_canny,3,7.5,2.0,20,0.5866,0.4473,24.9013
2431,"A table with a plate, wine-filled glass, and bread, among other items","A restaurant table is set with a plate, a wine-filled glass, bread, napkins, utensils, and other dining items. The objects are arranged closely together on a wooden surface, suggesting an ongoing or prepared meal. The image is framed from above and at a slight angle.",,/Users/yixiaoz/Desktop/cs348k_proj/outputs/controlNetScale/baseline_structural_canny/cfg_7p5_control_2p0/000000002431/target.png,/Users/yixiaoz/Desktop/cs348k_proj/outputs/controlNetScale/baseline_structural_canny/cfg_7p5_control_2p0/000000002431/canny.png,/Users/yixiaoz/Desktop/cs348k_proj/outputs/controlNetScale/baseline_structural_canny/cfg_7p5_control_2p0/000000002431/generated.png,empty_text_plus_canny,3,7.5,2.0,20,0.4774,0.3762,32.7891
56344,"Looking down at a desktop with two monitors, a key board, mouse and cell phones on it.","A desk workstation contains two large computer monitors positioned side by side, along with a keyboard, mouse, mobile phones, and several electronic accessories. The screens display different windows or web pages, and cables and devices are spread across the desktop. The space appears dimly lit.",,/Users/yixiaoz/Desktop/cs348k_proj/outputs/controlNetScale/baseline_structural_canny/cfg_7p5_control_2p0/000000056344/target.png,/Users/yixiaoz/Desktop/cs348k_proj/outputs/controlNetScale/baseline_structural_canny/cfg_7p5_control_2p0/000000056344/canny.png,/Users/yixiaoz/Desktop/cs348k_proj/outputs/controlNetScale/baseline_structural_canny/cfg_7p5_control_2p0/000000056344/generated.png,empty_text_plus_canny,3,7.5,2.0,20,0.5667,0.4717,30.065
54628,A tall multi layer cake sitting on top of a blue table cloth.,"A tall multi-layered decorative cake stands on a table covered with a blue tablecloth inside an elegant event venue. The cake is decorated with detailed patterns, flowers, and multiple tiers, making it the centerpiece of the room. Guests, tables, chairs, and chandeliers are visible in.",,/Users/yixiaoz/Desktop/cs348k_proj/outputs/controlNetScale/baseline_structural_canny/cfg_7p5_control_2p0/000000054628/target.png,/Users/yixiaoz/Desktop/cs348k_proj/outputs/controlNetScale/baseline_structural_canny/cfg_7p5_control_2p0/000000054628/canny.png,/Users/yixiaoz/Desktop/cs348k_proj/outputs/controlNetScale/baseline_structural_canny/cfg_7p5_control_2p0/000000054628/generated.png,empty_text_plus_canny,3,7.5,2.0,20,0.5116,0.3987,25.241
110999,"A painting of a bowl of fruit sitting in front of another painting,","A framed painting of a bowl of fruit hangs above a table where a real bowl of fruit and decorative objects are arranged below it. The dark background and warm lighting create a still-life atmosphere, connecting the artwork to the physical objects in front of.",,/Users/yixiaoz/Desktop/cs348k_proj/outputs/controlNetScale/baseline_structural_canny/cfg_7p5_control_2p0/000000110999/target.png,/Users/yixiaoz/Desktop/cs348k_proj/outputs/controlNetScale/baseline_structural_canny/cfg_7p5_control_2p0/000000110999/canny.png,/Users/yixiaoz/Desktop/cs348k_proj/outputs/controlNetScale/baseline_structural_canny/cfg_7p5_control_2p0/000000110999/generated.png,empty_text_plus_canny,3,7.5,2.0,20,0.575,0.4919,30.2096
72795,a group of ball players playing on a field in front of an audience,"Baseball players are positioned on a field during a game while a large audience watches from the stadium seats. The batter stands near home plate, with the catcher and umpire crouched behind him and other players visible on the field. The scene is viewed from.",,/Users/yixiaoz/Desktop/cs348k_proj/outputs/controlNetScale/baseline_structural_canny/cfg_7p5_control_2p0/000000072795/target.png,/Users/yixiaoz/Desktop/cs348k_proj/outputs/controlNetScale/baseline_structural_canny/cfg_7p5_control_2p0/000000072795/canny.png,/Users/yixiaoz/Desktop/cs348k_proj/outputs/controlNetScale/baseline_structural_canny/cfg_7p5_control_2p0/000000072795/generated.png,empty_text_plus_canny,3,7.5,2.0,20,0.5594,0.5916,21.5494
92091,A little girl is using the toy brush for a chew toy rather than brushing the teddy.,"A young girl wearing a bright pink dress stands inside a cozy room while holding a toy brush near a stuffed teddy bear. The room includes wooden walls, chairs, a television, artwork, and home furnishings. The child appears to be playing pretend, possibly brushing the.",,/Users/yixiaoz/Desktop/cs348k_proj/outputs/controlNetScale/baseline_structural_canny/cfg_7p5_control_2p0/000000092091/target.png,/Users/yixiaoz/Desktop/cs348k_proj/outputs/controlNetScale/baseline_structural_canny/cfg_7p5_control_2p0/000000092091/canny.png,/Users/yixiaoz/Desktop/cs348k_proj/outputs/controlNetScale/baseline_structural_canny/cfg_7p5_control_2p0/000000092091/generated.png,empty_text_plus_canny,3,7.5,2.0,20,0.5383,0.4808,24.5226
108253,there are two plates of food and a beer in the middle of the table,"Two plates of food and a beer bottle are arranged on a restaurant table. The plates contain sandwiches, fries, and other side dishes, while condiments and utensils sit nearby. The bottle of beer stands prominently near the center of the table, suggesting a casual meal.",,/Users/yixiaoz/Desktop/cs348k_proj/outputs/controlNetScale/baseline_structural_canny/cfg_7p5_control_2p0/000000108253/target.png,/Users/yixiaoz/Desktop/cs348k_proj/outputs/controlNetScale/baseline_structural_canny/cfg_7p5_control_2p0/000000108253/canny.png,/Users/yixiaoz/Desktop/cs348k_proj/outputs/controlNetScale/baseline_structural_canny/cfg_7p5_control_2p0/000000108253/generated.png,empty_text_plus_canny,3,7.5,2.0,20,0.6538,0.6262,27.4316
80932,A little boy sits at a table in a restaurant eating a slice of pizza.,"A young boy sits at a restaurant table eating a large slice of pizza. He holds the pizza close to his mouth while leaning over a white plate, concentrating on the meal. Other diners and wooden booth seating are visible in the background, creating a.",,/Users/yixiaoz/Desktop/cs348k_proj/outputs/controlNetScale/baseline_structural_canny/cfg_7p5_control_2p0/000000080932/target.png,/Users/yixiaoz/Desktop/cs348k_proj/outputs/controlNetScale/baseline_structural_canny/cfg_7p5_control_2p0/000000080932/canny.png,/Users/yixiaoz/Desktop/cs348k_proj/outputs/controlNetScale/baseline_structural_canny/cfg_7p5_control_2p0/000000080932/generated.png,empty_text_plus_canny,3,7.5,2.0,20,0.5546,0.62,22.7255
50811,A man in a suit sitting a table with an empty bowl and empty beer bottles.,A man wearing a gray suit jacket sits alone at a wooden dining table with an empty bowl and several empty beer bottles placed in front of him. He smiles toward the camera in a simple indoor setting with a plain light-colored background. The table.,,/Users/yixiaoz/Desktop/cs348k_proj/outputs/controlNetScale/baseline_structural_canny/cfg_7p5_control_2p0/000000050811/target.png,/Users/yixiaoz/Desktop/cs348k_proj/outputs/controlNetScale/baseline_structural_canny/cfg_7p5_control_2p0/000000050811/canny.png,/Users/yixiaoz/Desktop/cs348k_proj/outputs/controlNetScale/baseline_structural_canny/cfg_7p5_control_2p0/000000050811/generated.png,empty_text_plus_canny,3,7.5,2.0,20,0.447,0.3851,31.8349
13659,A man typing on a laptop keyboard in a cluttered work environment.,"Several people work in a busy, cluttered office environment filled with desks, laptops, papers, cardboard boxes, and electronic equipment. A man in the foreground sits at a desk typing on a laptop while wearing headphones, and other people work in the background. The room looks.",,/Users/yixiaoz/Desktop/cs348k_proj/outputs/controlNetScale/baseline_structural_canny/cfg_7p5_control_2p0/000000013659/target.png,/Users/yixiaoz/Desktop/cs348k_proj/outputs/controlNetScale/baseline_structural_canny/cfg_7p5_control_2p0/000000013659/canny.png,/Users/yixiaoz/Desktop/cs348k_proj/outputs/controlNetScale/baseline_structural_canny/cfg_7p5_control_2p0/000000013659/generated.png,empty_text_plus_canny,3,7.5,2.0,20,0.4982,0.415,31.5267
26465,The opened  laptop is sitting on the table along with other technological tools.,"An open laptop sits on a white tabletop surrounded by small technological tools and accessories, including a smartphone, a pen, and a compact electronic device. The laptop screen shows a dark desktop with a bright reflection near the center. The arrangement is simple and sparse.",,/Users/yixiaoz/Desktop/cs348k_proj/outputs/controlNetScale/baseline_structural_canny/cfg_7p5_control_2p0/000000026465/target.png,/Users/yixiaoz/Desktop/cs348k_proj/outputs/controlNetScale/baseline_structural_canny/cfg_7p5_control_2p0/000000026465/canny.png,/Users/yixiaoz/Desktop/cs348k_proj/outputs/controlNetScale/baseline_structural_canny/cfg_7p5_control_2p0/000000026465/generated.png,empty_text_plus_canny,3,7.5,2.0,20,0.5653,0.4714,33.3781
25096,A boy sitting in front of cake fashioned to look like a skateboard.,"A young boy wearing a blue sports jersey sits at a table looking down at a cake designed to resemble a skateboard. The cake is decorated with bright colors and small details, and the boy appears focused on it as if preparing to cut or.",,/Users/yixiaoz/Desktop/cs348k_proj/outputs/controlNetScale/baseline_structural_canny/cfg_7p5_control_2p0/000000025096/target.png,/Users/yixiaoz/Desktop/cs348k_proj/outputs/controlNetScale/baseline_structural_canny/cfg_7p5_control_2p0/000000025096/canny.png,/Users/yixiaoz/Desktop/cs348k_proj/outputs/controlNetScale/baseline_structural_canny/cfg_7p5_control_2p0/000000025096/generated.png,empty_text_plus_canny,3,7.5,2.0,20,0.5281,0.4712,27.2791
26564,An office desk with a row of books and a desktop computer and laptop computer on the desk.,"An office desk is arranged with a desktop computer, laptop, keyboard, mouse, books, papers, and a row of binders or reference materials. The monitor displays a document or screen of text, and large windows brighten the workspace. The corner desk is compact but well equipped.",,/Users/yixiaoz/Desktop/cs348k_proj/outputs/controlNetScale/baseline_structural_canny/cfg_7p5_control_2p0/000000026564/target.png,/Users/yixiaoz/Desktop/cs348k_proj/outputs/controlNetScale/baseline_structural_canny/cfg_7p5_control_2p0/000000026564/canny.png,/Users/yixiaoz/Desktop/cs348k_proj/outputs/controlNetScale/baseline_structural_canny/cfg_7p5_control_2p0/000000026564/generated.png,empty_text_plus_canny,3,7.5,2.0,20,0.4309,0.435,30.6994
12670,A large crowd of people walking around while one owns a teddy bear.,"A large crowd of people walks and gathers in a busy outdoor public space, possibly a street, plaza, or festival area. The scene contains many individuals of different ages wearing colorful clothing, and one person appears to carry or hold a teddy bear among the.",,/Users/yixiaoz/Desktop/cs348k_proj/outputs/controlNetScale/baseline_structural_canny/cfg_7p5_control_2p0/000000012670/target.png,/Users/yixiaoz/Desktop/cs348k_proj/outputs/controlNetScale/baseline_structural_canny/cfg_7p5_control_2p0/000000012670/canny.png,/Users/yixiaoz/Desktop/cs348k_proj/outputs/controlNetScale/baseline_structural_canny/cfg_7p5_control_2p0/000000012670/generated.png,empty_text_plus_canny,3,7.5,2.0,20,0.5738,0.5597,26.3105
9400,Sever people are sitting next to each other while using laptops.,"Several people sit close together around a table while using laptop computers in a dimly lit indoor environment. Multiple screens glow in front of them, and drinks, cables, and computer accessories are spread across the table. The group appears to be collaborating, studying, or working.",,/Users/yixiaoz/Desktop/cs348k_proj/outputs/controlNetScale/baseline_structural_canny/cfg_7p5_control_2p0/000000009400/target.png,/Users/yixiaoz/Desktop/cs348k_proj/outputs/controlNetScale/baseline_structural_canny/cfg_7p5_control_2p0/000000009400/canny.png,/Users/yixiaoz/Desktop/cs348k_proj/outputs/controlNetScale/baseline_structural_canny/cfg_7p5_control_2p0/000000009400/generated.png,empty_text_plus_canny,3,7.5,2.0,20,0.574,0.5815,21.7569
92053,Three white dishes with three different sorts of food on them.,"Three white plates with different dishes are arranged on a restaurant table under warm, dim lighting. The food includes various items with sauces, sides, and garnishes, and a drink sits nearby. Utensils are placed on or beside the plates, suggesting the meal is in progress.",,/Users/yixiaoz/Desktop/cs348k_proj/outputs/controlNetScale/baseline_structural_canny/cfg_7p5_control_2p0/000000092053/target.png,/Users/yixiaoz/Desktop/cs348k_proj/outputs/controlNetScale/baseline_structural_canny/cfg_7p5_control_2p0/000000092053/canny.png,/Users/yixiaoz/Desktop/cs348k_proj/outputs/controlNetScale/baseline_structural_canny/cfg_7p5_control_2p0/000000092053/generated.png,empty_text_plus_canny,3,7.5,2.0,20,0.6427,0.5637,28.1744
74256,Two women standing in a train station looking at their phones.,"Two women stand together at an outdoor train station platform while looking down at their mobile phones. One woman wears a green scarf and dark clothing, while the other wears a patterned jacket. Train station signs, tracks, buildings, and platform structures appear in the background.",,/Users/yixiaoz/Desktop/cs348k_proj/outputs/controlNetScale/baseline_structural_canny/cfg_7p5_control_2p0/000000074256/target.png,/Users/yixiaoz/Desktop/cs348k_proj/outputs/controlNetScale/baseline_structural_canny/cfg_7p5_control_2p0/000000074256/canny.png,/Users/yixiaoz/Desktop/cs348k_proj/outputs/controlNetScale/baseline_structural_canny/cfg_7p5_control_2p0/000000074256/generated.png,empty_text_plus_canny,3,7.5,2.0,20,0.4488,0.428,30.797
7818,An illuminated floral display forms the centerpiece of the arrangement in this close up of a dining room table setting.,"A small illuminated floral display sits at the center of a dining table arranged with plates, napkins, glasses, and formal place settings. The image is softly focused with the centerpiece and table surface highlighted against a darker background. The scene appears elegant and quiet, possibly.",,/Users/yixiaoz/Desktop/cs348k_proj/outputs/controlNetScale/baseline_structural_canny/cfg_7p5_control_2p0/000000007818/target.png,/Users/yixiaoz/Desktop/cs348k_proj/outputs/controlNetScale/baseline_structural_canny/cfg_7p5_control_2p0/000000007818/canny.png,/Users/yixiaoz/Desktop/cs348k_proj/outputs/controlNetScale/baseline_structural_canny/cfg_7p5_control_2p0/000000007818/generated.png,empty_text_plus_canny,3,7.5,2.0,20,0.6373,0.4522,26.9228
109313,A man holding a Wii game controller while standing in a living room.,"A man stands in a living room holding a Wii game controller while facing a television outside the frame. He wears casual clothes and stands among household items, toys, furniture, and a colorful floor mat. The room appears lived-in and informal, with a kitchen or.",,/Users/yixiaoz/Desktop/cs348k_proj/outputs/controlNetScale/baseline_structural_canny/cfg_7p5_control_2p0/000000109313/target.png,/Users/yixiaoz/Desktop/cs348k_proj/outputs/controlNetScale/baseline_structural_canny/cfg_7p5_control_2p0/000000109313/canny.png,/Users/yixiaoz/Desktop/cs348k_proj/outputs/controlNetScale/baseline_structural_canny/cfg_7p5_control_2p0/000000109313/generated.png,empty_text_plus_canny,3,7.5,2.0,20,0.5181,0.458,30.3899
116439,A woman with a straw style hat sitting on a small row boat in the water and accessory items hanging behind her on the land area.,"A woman wearing a straw-style hat sits in a small wooden boat floating on water, surrounded by colorful fabrics and hanging accessories near the shoreline. The scene appears to take place in a riverside or floating market environment, with reflections on the water and goods.",,/Users/yixiaoz/Desktop/cs348k_proj/outputs/controlNetScale/baseline_structural_canny/cfg_7p5_control_2p0/000000116439/target.png,/Users/yixiaoz/Desktop/cs348k_proj/outputs/controlNetScale/baseline_structural_canny/cfg_7p5_control_2p0/000000116439/canny.png,/Users/yixiaoz/Desktop/cs348k_proj/outputs/controlNetScale/baseline_structural_canny/cfg_7p5_control_2p0/000000116439/generated.png,empty_text_plus_canny,3,7.5,2.0,20,0.5417,0.484,31.7348
11511,A sculpture of two women stting on a bench with their purses on the ground while people standing in a line behind them.,"A bronze sculpture of two women seated together on a bench is displayed in an outdoor public area. The figures sit close together with handbags or purses placed near their feet, and pedestrians stand or walk in the background. Strong light highlights the sculpture against.",,/Users/yixiaoz/Desktop/cs348k_proj/outputs/controlNetScale/baseline_structural_canny/cfg_7p5_control_2p0/000000011511/target.png,/Users/yixiaoz/Desktop/cs348k_proj/outputs/controlNetScale/baseline_structural_canny/cfg_7p5_control_2p0/000000011511/canny.png,/Users/yixiaoz/Desktop/cs348k_proj/outputs/controlNetScale/baseline_structural_canny/cfg_7p5_control_2p0/000000011511/generated.png,empty_text_plus_canny,3,7.5,2.0,20,0.552,0.4714,24.2956
17714,A banana frittata next to a plate of decoratively cut fruit and a cup of coffee.,"A breakfast or brunch meal is arranged on a wooden table, including a banana frittata, a plate of decorative cut fruit, and a cup of coffee. Sunlight falls across the tabletop, casting shadows and giving the meal a bright morning feel. The dishes are neatly.",,/Users/yixiaoz/Desktop/cs348k_proj/outputs/controlNetScale/baseline_structural_canny/cfg_7p5_control_2p0/000000017714/target.png,/Users/yixiaoz/Desktop/cs348k_proj/outputs/controlNetScale/baseline_structural_canny/cfg_7p5_control_2p0/000000017714/canny.png,/Users/yixiaoz/Desktop/cs348k_proj/outputs/controlNetScale/baseline_structural_canny/cfg_7p5_control_2p0/000000017714/generated.png,empty_text_plus_canny,3,7.5,2.0,20,0.4954,0.3574,31.0414
15335,"a young child, lady , and man sitting in a booth at a table","A young child sits in a restaurant booth between adults at a table, with plates, drinks, and food items visible in the dim interior. The child appears to be eating or touching their mouth, while the adults sit close on either side. Warm lighting and.",,/Users/yixiaoz/Desktop/cs348k_proj/outputs/controlNetScale/baseline_structural_canny/cfg_7p5_control_2p0/000000015335/target.png,/Users/yixiaoz/Desktop/cs348k_proj/outputs/controlNetScale/baseline_structural_canny/cfg_7p5_control_2p0/000000015335/canny.png,/Users/yixiaoz/Desktop/cs348k_proj/outputs/controlNetScale/baseline_structural_canny/cfg_7p5_control_2p0/000000015335/generated.png,empty_text_plus_canny,3,7.5,2.0,20,0.6254,0.5963,21.3048
113589,"Two containers containing quiche, a salad, apples and a banana on the side.","A healthy prepared meal is arranged in two clear food containers and a small side area, including a slice of quiche, green salad, apple slices, and a banana. The food is neatly separated and photographed from above against a plain background. The composition emphasizes balanced.",,/Users/yixiaoz/Desktop/cs348k_proj/outputs/controlNetScale/baseline_structural_canny/cfg_7p5_control_2p0/000000113589/target.png,/Users/yixiaoz/Desktop/cs348k_proj/outputs/controlNetScale/baseline_structural_canny/cfg_7p5_control_2p0/000000113589/canny.png,/Users/yixiaoz/Desktop/cs348k_proj/outputs/controlNetScale/baseline_structural_canny/cfg_7p5_control_2p0/000000113589/generated.png,empty_text_plus_canny,3,7.5,2.0,20,0.587,0.5191,27.1226
1503,A picture of an iMac desktop next to a Mac laptop on a desk.,"An older Apple iMac desktop computer sits on a desk beside a Mac laptop and several computer accessories. A keyboard, mouse, speakers, and monitor are arranged across the workspace, creating a technology-focused setup. The desk is positioned near a window with blinds, and the white.",,/Users/yixiaoz/Desktop/cs348k_proj/outputs/controlNetScale/baseline_structural_canny/cfg_7p5_control_2p0/000000001503/target.png,/Users/yixiaoz/Desktop/cs348k_proj/outputs/controlNetScale/baseline_structural_canny/cfg_7p5_control_2p0/000000001503/canny.png,/Users/yixiaoz/Desktop/cs348k_proj/outputs/controlNetScale/baseline_structural_canny/cfg_7p5_control_2p0/000000001503/generated.png,empty_text_plus_canny,3,7.5,2.0,20,0.4642,0.498,33.9305
88848,"Multiple pictures of fire hydrants, a woman standing near a tree, and people posing in front of a boat.","A collage of multiple photographs shows several yellow fire hydrants, a woman standing near a tree, and people posing in front of a boat or outdoor landmark. The images are arranged together in a grid-like layout, combining different scenes into one visual composition. The subject.",,/Users/yixiaoz/Desktop/cs348k_proj/outputs/controlNetScale/baseline_structural_canny/cfg_7p5_control_2p0/000000088848/target.png,/Users/yixiaoz/Desktop/cs348k_proj/outputs/controlNetScale/baseline_structural_canny/cfg_7p5_control_2p0/000000088848/canny.png,/Users/yixiaoz/Desktop/cs348k_proj/outputs/controlNetScale/baseline_structural_canny/cfg_7p5_control_2p0/000000088848/generated.png,empty_text_plus_canny,3,7.5,2.0,20,0.502,0.5762,36.0355
6471,A man at bat waiting for a pitch with a catcher and umpire behind him and players from the opposing team in the dugout.,"A baseball player in a white uniform stands at home plate holding a bat while waiting for a pitch. A catcher and umpire crouch behind him, and members of the opposing team sit in the dugout watching the play. The green field and stadium seating.",,/Users/yixiaoz/Desktop/cs348k_proj/outputs/controlNetScale/baseline_structural_canny/cfg_7p5_control_2p0/000000006471/target.png,/Users/yixiaoz/Desktop/cs348k_proj/outputs/controlNetScale/baseline_structural_canny/cfg_7p5_control_2p0/000000006471/canny.png,/Users/yixiaoz/Desktop/cs348k_proj/outputs/controlNetScale/baseline_structural_canny/cfg_7p5_control_2p0/000000006471/generated.png,empty_text_plus_canny,3,7.5,2.0,20,0.5352,0.5302,22.732
92660,An unbaked pizza with cheese and herbs on one half and broccoli on the second.,"An uncooked pizza topped with cheese, herbs, and broccoli sits on a round baking tray or pan. One half of the pizza appears more heavily covered with broccoli, while the other has more cheese and herbs exposed. The crust and toppings are clearly visible from.",,/Users/yixiaoz/Desktop/cs348k_proj/outputs/controlNetScale/baseline_structural_canny/cfg_7p5_control_2p0/000000092660/target.png,/Users/yixiaoz/Desktop/cs348k_proj/outputs/controlNetScale/baseline_structural_canny/cfg_7p5_control_2p0/000000092660/canny.png,/Users/yixiaoz/Desktop/cs348k_proj/outputs/controlNetScale/baseline_structural_canny/cfg_7p5_control_2p0/000000092660/generated.png,empty_text_plus_canny,3,7.5,2.0,20,0.5822,0.56,23.6383
105335,"A bowl of stew in a white bowl, being held by a person.","A bowl of stew in a white dish is being held by a person, with pieces of vegetables and meat visible in a warm broth. The stew contains colorful ingredients such as carrots, potatoes, and chunks of protein. The close-up framing focuses on the food.",,/Users/yixiaoz/Desktop/cs348k_proj/outputs/controlNetScale/baseline_structural_canny/cfg_7p5_control_2p0/000000105335/target.png,/Users/yixiaoz/Desktop/cs348k_proj/outputs/controlNetScale/baseline_structural_canny/cfg_7p5_control_2p0/000000105335/canny.png,/Users/yixiaoz/Desktop/cs348k_proj/outputs/controlNetScale/baseline_structural_canny/cfg_7p5_control_2p0/000000105335/generated.png,empty_text_plus_canny,3,7.5,2.0,20,0.6566,0.7242,22.669
117719,A man sits at a bar in front of dozens of bottles of alcohol.,"A man stands behind a warmly lit bar surrounded by dozens of bottles of alcohol arranged on shelves. The bar interior features dark wood, glowing lights, glassware, and a cozy pub-like atmosphere. The bartender or customer is partly silhouetted against the illuminated bottles, creating a.",,/Users/yixiaoz/Desktop/cs348k_proj/outputs/controlNetScale/baseline_structural_canny/cfg_7p5_control_2p0/000000117719/target.png,/Users/yixiaoz/Desktop/cs348k_proj/outputs/controlNetScale/baseline_structural_canny/cfg_7p5_control_2p0/000000117719/canny.png,/Users/yixiaoz/Desktop/cs348k_proj/outputs/controlNetScale/baseline_structural_canny/cfg_7p5_control_2p0/000000117719/generated.png,empty_text_plus_canny,3,7.5,2.0,20,0.578,0.4375,27.0968
82085,A brightly colored train is stopped on the tracks to let passengers on.,"A brightly colored passenger train is stopped on railway tracks beside a platform, allowing passengers to board or exit. The train has yellow, blue, and red sections, and people stand nearby along the track area. Buildings, vegetation, and station infrastructure surround the scene. The image.",,/Users/yixiaoz/Desktop/cs348k_proj/outputs/controlNetScale/baseline_structural_canny/cfg_7p5_control_2p0/000000082085/target.png,/Users/yixiaoz/Desktop/cs348k_proj/outputs/controlNetScale/baseline_structural_canny/cfg_7p5_control_2p0/000000082085/canny.png,/Users/yixiaoz/Desktop/cs348k_proj/outputs/controlNetScale/baseline_structural_canny/cfg_7p5_control_2p0/000000082085/generated.png,empty_text_plus_canny,3,7.5,2.0,20,0.509,0.5288,21.9306
70048,"A glass of wine sits next to a bowl of soup, salad, and a plate with a sandwich.","A restaurant meal is arranged on a table, including a glass of wine, a bowl of soup, a green salad, and a sandwich served on a round bread roll. Condiments, utensils, napkins, and additional dining items sit nearby. The overhead view emphasizes the variety and.",,/Users/yixiaoz/Desktop/cs348k_proj/outputs/controlNetScale/baseline_structural_canny/cfg_7p5_control_2p0/000000070048/target.png,/Users/yixiaoz/Desktop/cs348k_proj/outputs/controlNetScale/baseline_structural_canny/cfg_7p5_control_2p0/000000070048/canny.png,/Users/yixiaoz/Desktop/cs348k_proj/outputs/controlNetScale/baseline_structural_canny/cfg_7p5_control_2p0/000000070048/generated.png,empty_text_plus_canny,3,7.5,2.0,20,0.5087,0.4047,28.994
3845,A dinner plate that has white steamed rice with stir fry vegetables and chicken.,A large dinner plate holds a mound of white steamed rice next to stir-fried vegetables and pieces of chicken in a colorful sauce. The food is arranged on a patterned plate and viewed from above on a wooden table. The bright vegetables and sauce contrast.,,/Users/yixiaoz/Desktop/cs348k_proj/outputs/controlNetScale/baseline_structural_canny/cfg_7p5_control_2p0/000000003845/target.png,/Users/yixiaoz/Desktop/cs348k_proj/outputs/controlNetScale/baseline_structural_canny/cfg_7p5_control_2p0/000000003845/canny.png,/Users/yixiaoz/Desktop/cs348k_proj/outputs/controlNetScale/baseline_structural_canny/cfg_7p5_control_2p0/000000003845/generated.png,empty_text_plus_canny,3,7.5,2.0,20,0.623,0.5035,20.8388
92939,a man and female standing side by side with a cake cutter in their hand,"A smiling man and woman stand side by side beside a small decorated cake, holding a cake knife together. The woman wears a light-colored strapless dress and the man wears a white shirt, suggesting a wedding, anniversary, or celebratory event. Palm trees and outdoor lighting.",,/Users/yixiaoz/Desktop/cs348k_proj/outputs/controlNetScale/baseline_structural_canny/cfg_7p5_control_2p0/000000092939/target.png,/Users/yixiaoz/Desktop/cs348k_proj/outputs/controlNetScale/baseline_structural_canny/cfg_7p5_control_2p0/000000092939/canny.png,/Users/yixiaoz/Desktop/cs348k_proj/outputs/controlNetScale/baseline_structural_canny/cfg_7p5_control_2p0/000000092939/generated.png,empty_text_plus_canny,3,7.5,2.0,20,0.5296,0.5895,28.6435
1268,A waterway under a bridge with people sitting down and a woman taking a photo.,"People sit and relax under a large bridge beside a waterfront, with sunlight reflecting brightly off the water. A woman stands in the foreground taking a photograph, while several people sit along the edge facing the river. The bridge structure forms a strong curved frame.",,/Users/yixiaoz/Desktop/cs348k_proj/outputs/controlNetScale/baseline_structural_canny/cfg_7p5_control_2p0/000000001268/target.png,/Users/yixiaoz/Desktop/cs348k_proj/outputs/controlNetScale/baseline_structural_canny/cfg_7p5_control_2p0/000000001268/canny.png,/Users/yixiaoz/Desktop/cs348k_proj/outputs/controlNetScale/baseline_structural_canny/cfg_7p5_control_2p0/000000001268/generated.png,empty_text_plus_canny,3,7.5,2.0,20,0.5324,0.5197,21.6157
33221,Two women at a beach with tennis rackets in their hands and one girl looking very excited with her tennis racket in the air.,"Two women stand on a sandy beach holding tennis rackets while people walk nearby in the background. One woman raises her racket enthusiastically above her head, while the other stands beside her wearing a hood or scarf. The beach, distant hills, flags, and open sky.",,/Users/yixiaoz/Desktop/cs348k_proj/outputs/controlNetScale/baseline_structural_canny/cfg_7p5_control_2p0/000000033221/target.png,/Users/yixiaoz/Desktop/cs348k_proj/outputs/controlNetScale/baseline_structural_canny/cfg_7p5_control_2p0/000000033221/canny.png,/Users/yixiaoz/Desktop/cs348k_proj/outputs/controlNetScale/baseline_structural_canny/cfg_7p5_control_2p0/000000033221/generated.png,empty_text_plus_canny,3,7.5,2.0,20,0.5671,0.6245,27.1341
68409,School boys sit cross legged in front of a chalkboard sign in a vintage black and white photo.,A vintage black-and-white photograph shows a group of schoolboys sitting cross-legged in a row in front of a chalkboard sign. The boys wear similar school uniforms and pose formally for the camera outdoors. Trees and a simple background are visible behind them. The image has.,,/Users/yixiaoz/Desktop/cs348k_proj/outputs/controlNetScale/baseline_structural_canny/cfg_7p5_control_2p0/000000068409/target.png,/Users/yixiaoz/Desktop/cs348k_proj/outputs/controlNetScale/baseline_structural_canny/cfg_7p5_control_2p0/000000068409/canny.png,/Users/yixiaoz/Desktop/cs348k_proj/outputs/controlNetScale/baseline_structural_canny/cfg_7p5_control_2p0/000000068409/generated.png,empty_text_plus_canny,3,7.5,2.0,20,0.4688,0.4574,23.0153
78170,"PASSENGER TRAIN IN THE NIGHT HOURS WITH NO SMOKING SIGN, AND TWO WOMEN","A black-and-white nighttime image shows passengers visible through the windows of a train car. A no-smoking sign and interior lights can be seen inside, while reflections and shadows create a dramatic atmosphere. Two women or passengers are visible near separate windows, framed by the train.",,/Users/yixiaoz/Desktop/cs348k_proj/outputs/controlNetScale/baseline_structural_canny/cfg_7p5_control_2p0/000000078170/target.png,/Users/yixiaoz/Desktop/cs348k_proj/outputs/controlNetScale/baseline_structural_canny/cfg_7p5_control_2p0/000000078170/canny.png,/Users/yixiaoz/Desktop/cs348k_proj/outputs/controlNetScale/baseline_structural_canny/cfg_7p5_control_2p0/000000078170/generated.png,empty_text_plus_canny,3,7.5,2.0,20,0.4376,0.4181,30.0991
62554,a plate of broccoli on a table next to some other plates of food,"A plate or bowl of broccoli sits on a table next to other plates of food, including pasta or noodles and additional dishes in the background. The broccoli is bright green and placed prominently in the foreground, while the other foods are slightly out of.",,/Users/yixiaoz/Desktop/cs348k_proj/outputs/controlNetScale/baseline_structural_canny/cfg_7p5_control_2p0/000000062554/target.png,/Users/yixiaoz/Desktop/cs348k_proj/outputs/controlNetScale/baseline_structural_canny/cfg_7p5_control_2p0/000000062554/canny.png,/Users/yixiaoz/Desktop/cs348k_proj/outputs/controlNetScale/baseline_structural_canny/cfg_7p5_control_2p0/000000062554/generated.png,empty_text_plus_canny,3,7.5,2.0,20,0.5912,0.609,20.7473
58539,"A man in a red hat, suit, and blue striped tie walks past two other men on a street.","A man wearing a bright red hat, dark suit, and blue striped tie walks along a city street while other men and pedestrians stand nearby. Cars, buildings, and urban activity fill the background. The red hat makes the man stand out clearly from the crowd.",,/Users/yixiaoz/Desktop/cs348k_proj/outputs/controlNetScale/baseline_structural_canny/cfg_7p5_control_2p0/000000058539/target.png,/Users/yixiaoz/Desktop/cs348k_proj/outputs/controlNetScale/baseline_structural_canny/cfg_7p5_control_2p0/000000058539/canny.png,/Users/yixiaoz/Desktop/cs348k_proj/outputs/controlNetScale/baseline_structural_canny/cfg_7p5_control_2p0/000000058539/generated.png,empty_text_plus_canny,3,7.5,2.0,20,0.5011,0.5171,24.0644
46031,A small tablet computer next to a larger monitor and keyboard.,"A laptop computer sits on a small desk beside a larger external monitor, keyboard, mouse, speakers, and other electronic devices. The laptop and monitor display green leaf or plant imagery, creating a matching visual theme across the screens. The desk is placed near a window.",,/Users/yixiaoz/Desktop/cs348k_proj/outputs/controlNetScale/baseline_structural_canny/cfg_7p5_control_2p0/000000046031/target.png,/Users/yixiaoz/Desktop/cs348k_proj/outputs/controlNetScale/baseline_structural_canny/cfg_7p5_control_2p0/000000046031/canny.png,/Users/yixiaoz/Desktop/cs348k_proj/outputs/controlNetScale/baseline_structural_canny/cfg_7p5_control_2p0/000000046031/generated.png,empty_text_plus_canny,3,7.5,2.0,20,0.4819,0.4284,31.468
9891,The man is loading luggage suitcases onto the cart in the parking lot.,"A man loads luggage and suitcases onto a metal cart in a parking lot filled with vehicles. He bends over while handling the bags beside a parked car, suggesting travel, airport transport, or hotel arrival. Other cars and a parking garage or covered structure are.",,/Users/yixiaoz/Desktop/cs348k_proj/outputs/controlNetScale/baseline_structural_canny/cfg_7p5_control_2p0/000000009891/target.png,/Users/yixiaoz/Desktop/cs348k_proj/outputs/controlNetScale/baseline_structural_canny/cfg_7p5_control_2p0/000000009891/canny.png,/Users/yixiaoz/Desktop/cs348k_proj/outputs/controlNetScale/baseline_structural_canny/cfg_7p5_control_2p0/000000009891/generated.png,empty_text_plus_canny,3,7.5,2.0,20,0.451,0.4632,29.4803
37777,The dining table near the kitchen has a bowl of fruit on it.,"A bright open kitchen and dining area features wooden cabinets, white appliances, tiled flooring, and a small table with a bowl of fruit on top. Sunlight enters through windows and illuminates the clean interior. The kitchen includes counters, a refrigerator, stove, and cabinets arranged along.",,/Users/yixiaoz/Desktop/cs348k_proj/outputs/controlNetScale/baseline_structural_canny/cfg_7p5_control_2p0/000000037777/target.png,/Users/yixiaoz/Desktop/cs348k_proj/outputs/controlNetScale/baseline_structural_canny/cfg_7p5_control_2p0/000000037777/canny.png,/Users/yixiaoz/Desktop/cs348k_proj/outputs/controlNetScale/baseline_structural_canny/cfg_7p5_control_2p0/000000037777/generated.png,empty_text_plus_canny,3,7.5,2.0,20,0.6243,0.514,25.0711
65350,"Two young people are skateboarding on the ramp, trying to pull off tricks.","Two young people are skateboarding on a skate park ramp while attempting tricks. One skater lies or slides on the ramp with a skateboard nearby, while another stands or moves close by. Other people and bicycles are visible in the background near concrete walls. The.",,/Users/yixiaoz/Desktop/cs348k_proj/outputs/controlNetScale/baseline_structural_canny/cfg_7p5_control_2p0/000000065350/target.png,/Users/yixiaoz/Desktop/cs348k_proj/outputs/controlNetScale/baseline_structural_canny/cfg_7p5_control_2p0/000000065350/canny.png,/Users/yixiaoz/Desktop/cs348k_proj/outputs/controlNetScale/baseline_structural_canny/cfg_7p5_control_2p0/000000065350/generated.png,empty_text_plus_canny,3,7.5,2.0,20,0.5266,0.5669,25.9829
48396,A woman in a tan sweater holding a knife by a young boy in a plaid shirt.,"A woman wearing a tan or light-colored sweater stands beside a young boy in a plaid shirt near a table with cups and food items. The woman holds a knife, possibly preparing to cut or serve something. Both subjects face the camera in an indoor.",,/Users/yixiaoz/Desktop/cs348k_proj/outputs/controlNetScale/baseline_structural_canny/cfg_7p5_control_2p0/000000048396/target.png,/Users/yixiaoz/Desktop/cs348k_proj/outputs/controlNetScale/baseline_structural_canny/cfg_7p5_control_2p0/000000048396/canny.png,/Users/yixiaoz/Desktop/cs348k_proj/outputs/controlNetScale/baseline_structural_canny/cfg_7p5_control_2p0/000000048396/generated.png,empty_text_plus_canny,3,7.5,2.0,20,0.47,0.3862,23.541
117908,A man looking in the refrigerator with a cat also looking inside,"A man bends over and looks inside an open refrigerator while a cat stands nearby also peering into the fridge. Food, bottles, and containers are visible on the refrigerator shelves, and the cat appears curious about the contents. The warm indoor lighting and humorous interaction.",,/Users/yixiaoz/Desktop/cs348k_proj/outputs/controlNetScale/baseline_structural_canny/cfg_7p5_control_2p0/000000117908/target.png,/Users/yixiaoz/Desktop/cs348k_proj/outputs/controlNetScale/baseline_structural_canny/cfg_7p5_control_2p0/000000117908/canny.png,/Users/yixiaoz/Desktop/cs348k_proj/outputs/controlNetScale/baseline_structural_canny/cfg_7p5_control_2p0/000000117908/generated.png,empty_text_plus_canny,3,7.5,2.0,20,0.5932,0.5463,23.7721
97994,Three laptop computers and a desktop computer sit next to each other.,"Three laptop computers and a desktop workstation are arranged together on a desk in a compact home office or technical workspace. Several screens, keyboards, cables, and electronic accessories fill the tabletop, suggesting multitasking or computer-intensive work. A microphone or lamp stands near the setup, and.",,/Users/yixiaoz/Desktop/cs348k_proj/outputs/controlNetScale/baseline_structural_canny/cfg_7p5_control_2p0/000000097994/target.png,/Users/yixiaoz/Desktop/cs348k_proj/outputs/controlNetScale/baseline_structural_canny/cfg_7p5_control_2p0/000000097994/canny.png,/Users/yixiaoz/Desktop/cs348k_proj/outputs/controlNetScale/baseline_structural_canny/cfg_7p5_control_2p0/000000097994/generated.png,empty_text_plus_canny,3,7.5,2.0,20,0.4895,0.2937,32.8059
30785,A plate filled with a bowl of vegetables and two slices of bread with a spread on them.,"A plate holds a healthy meal consisting of a bowl of green vegetables, slices of bread topped with a spread, and additional fresh ingredients. The food is arranged neatly on a wooden table, with the bowl and bread sharing the plate. The overhead view emphasizes.",,/Users/yixiaoz/Desktop/cs348k_proj/outputs/controlNetScale/baseline_structural_canny/cfg_7p5_control_2p0/000000030785/target.png,/Users/yixiaoz/Desktop/cs348k_proj/outputs/controlNetScale/baseline_structural_canny/cfg_7p5_control_2p0/000000030785/canny.png,/Users/yixiaoz/Desktop/cs348k_proj/outputs/controlNetScale/baseline_structural_canny/cfg_7p5_control_2p0/000000030785/generated.png,empty_text_plus_canny,3,7.5,2.0,20,0.5331,0.5827,21.8039
76547,a male in a white shirt a bicycle and an orange and white train,"A man wearing a light-colored shirt sits at a table on a railway station platform near a parked bicycle. An orange and white passenger train is stopped alongside the platform, while overhead signs, metal beams, and station infrastructure extend into the background. The scene captures.",,/Users/yixiaoz/Desktop/cs348k_proj/outputs/controlNetScale/baseline_structural_canny/cfg_7p5_control_2p0/000000076547/target.png,/Users/yixiaoz/Desktop/cs348k_proj/outputs/controlNetScale/baseline_structural_canny/cfg_7p5_control_2p0/000000076547/canny.png,/Users/yixiaoz/Desktop/cs348k_proj/outputs/controlNetScale/baseline_structural_canny/cfg_7p5_control_2p0/000000076547/generated.png,empty_text_plus_canny,3,7.5,2.0,20,0.4169,0.3734,27.5215
116362,A small bowl filled with chopped vegetables and spoon,"A bowl filled with chopped fruit pieces sits on a wooden table with a spoon resting inside. The food appears freshly prepared, with colorful slices arranged casually in the bowl. The photograph is taken from above, focusing closely on the meal while leaving the surrounding.",,/Users/yixiaoz/Desktop/cs348k_proj/outputs/controlNetScale/baseline_structural_canny/cfg_7p5_control_2p0/000000116362/target.png,/Users/yixiaoz/Desktop/cs348k_proj/outputs/controlNetScale/baseline_structural_canny/cfg_7p5_control_2p0/000000116362/canny.png,/Users/yixiaoz/Desktop/cs348k_proj/outputs/controlNetScale/baseline_structural_canny/cfg_7p5_control_2p0/000000116362/generated.png,empty_text_plus_canny,3,7.5,2.0,20,0.5972,0.6169,25.6887
22371,A man in thought sitting in front of a laptop with a pen in his hand.,"A businessman sits at a desk in front of an open laptop computer while holding a pen and resting his head on one hand. He appears thoughtful and focused, possibly reviewing information or planning a project. The clean office setting includes a desk surface and.",,/Users/yixiaoz/Desktop/cs348k_proj/outputs/controlNetScale/baseline_structural_canny/cfg_7p5_control_2p0/000000022371/target.png,/Users/yixiaoz/Desktop/cs348k_proj/outputs/controlNetScale/baseline_structural_canny/cfg_7p5_control_2p0/000000022371/canny.png,/Users/yixiaoz/Desktop/cs348k_proj/outputs/controlNetScale/baseline_structural_canny/cfg_7p5_control_2p0/000000022371/generated.png,empty_text_plus_canny,3,7.5,2.0,20,0.6066,0.448,32.3201
69224,A man and woman eating doughnuts out of a box at a coffee shop.,"A man and woman sit together at a table inside a café or coffee shop while sharing food from a box. Drinks, containers, and personal belongings are spread across the table. The pair appear engaged in conversation as they eat, creating a friendly and relaxed.",,/Users/yixiaoz/Desktop/cs348k_proj/outputs/controlNetScale/baseline_structural_canny/cfg_7p5_control_2p0/000000069224/target.png,/Users/yixiaoz/Desktop/cs348k_proj/outputs/controlNetScale/baseline_structural_canny/cfg_7p5_control_2p0/000000069224/canny.png,/Users/yixiaoz/Desktop/cs348k_proj/outputs/controlNetScale/baseline_structural_canny/cfg_7p5_control_2p0/000000069224/generated.png,empty_text_plus_canny,3,7.5,2.0,20,0.521,0.6289,24.3482
16249,It sure is a beautiful day to sit outside and read the paper.,"An older man sits outdoors on a bench reading a newspaper while enjoying a pleasant day in a public area. Several other people sit or stand nearby, creating a relaxed community setting. Sunlight illuminates the scene, and the man appears absorbed in reading while the.",,/Users/yixiaoz/Desktop/cs348k_proj/outputs/controlNetScale/baseline_structural_canny/cfg_7p5_control_2p0/000000016249/target.png,/Users/yixiaoz/Desktop/cs348k_proj/outputs/controlNetScale/baseline_structural_canny/cfg_7p5_control_2p0/000000016249/canny.png,/Users/yixiaoz/Desktop/cs348k_proj/outputs/controlNetScale/baseline_structural_canny/cfg_7p5_control_2p0/000000016249/generated.png,empty_text_plus_canny,3,7.5,2.0,20,0.4396,0.5089,19.8455
85157,A group of people sitting around a table have a meal and a drink.,"A group of people sit around a restaurant table sharing food and drinks. Plates, glasses, and table settings fill the dining area while the diners converse with one another. The gathering appears social and informal, with participants enjoying a meal together in a warm indoor.",,/Users/yixiaoz/Desktop/cs348k_proj/outputs/controlNetScale/baseline_structural_canny/cfg_7p5_control_2p0/000000085157/target.png,/Users/yixiaoz/Desktop/cs348k_proj/outputs/controlNetScale/baseline_structural_canny/cfg_7p5_control_2p0/000000085157/canny.png,/Users/yixiaoz/Desktop/cs348k_proj/outputs/controlNetScale/baseline_structural_canny/cfg_7p5_control_2p0/000000085157/generated.png,empty_text_plus_canny,3,7.5,2.0,20,0.5296,0.5148,32.4554
20571,A tugboat sits beside a ferry on placid water with a mountain in the distance.,"Several fishing boats are docked beside a harbor on calm water, with hills or mountains visible in the distance. Ropes, masts, and harbor equipment line the waterfront while the boats rest quietly along the dock. The scene reflects a working maritime environment and highlights the.",,/Users/yixiaoz/Desktop/cs348k_proj/outputs/controlNetScale/baseline_structural_canny/cfg_7p5_control_2p0/000000020571/target.png,/Users/yixiaoz/Desktop/cs348k_proj/outputs/controlNetScale/baseline_structural_canny/cfg_7p5_control_2p0/000000020571/canny.png,/Users/yixiaoz/Desktop/cs348k_proj/outputs/controlNetScale/baseline_structural_canny/cfg_7p5_control_2p0/000000020571/generated.png,empty_text_plus_canny,3,7.5,2.0,20,0.4596,0.4793,27.943
84362,A toddler and cat are in a living room with open curtains.,"A toddler and a cat occupy a cozy living room illuminated by daylight coming through large windows with open curtains. Sofas and chairs surround the room, while the child sits or plays near the center of the space. The cat relaxes nearby, contributing to the.",,/Users/yixiaoz/Desktop/cs348k_proj/outputs/controlNetScale/baseline_structural_canny/cfg_7p5_control_2p0/000000084362/target.png,/Users/yixiaoz/Desktop/cs348k_proj/outputs/controlNetScale/baseline_structural_canny/cfg_7p5_control_2p0/000000084362/canny.png,/Users/yixiaoz/Desktop/cs348k_proj/outputs/controlNetScale/baseline_structural_canny/cfg_7p5_control_2p0/000000084362/generated.png,empty_text_plus_canny,3,7.5,2.0,20,0.505,0.5884,24.7996
62808,Man photographing a fresh pizza his tired buddy just wants to eat,"A freshly baked pizza sits on a table in a restaurant while one man photographs it with a camera or phone. Another man sits nearby waiting to eat, looking toward the meal. Plates and dining items surround the pizza, suggesting the meal is about to.",,/Users/yixiaoz/Desktop/cs348k_proj/outputs/controlNetScale/baseline_structural_canny/cfg_7p5_control_2p0/000000062808/target.png,/Users/yixiaoz/Desktop/cs348k_proj/outputs/controlNetScale/baseline_structural_canny/cfg_7p5_control_2p0/000000062808/canny.png,/Users/yixiaoz/Desktop/cs348k_proj/outputs/controlNetScale/baseline_structural_canny/cfg_7p5_control_2p0/000000062808/generated.png,empty_text_plus_canny,3,7.5,2.0,20,0.4796,0.4434,29.223
106235,A living room featuring a comfortable seating arrangement of chairs and tables.,"A comfortable living room features sofas, armchairs, lamps, and a coffee table arranged around a central seating area. Warm lighting and decorative furnishings create a welcoming atmosphere. The room appears carefully organized for relaxation and conversation, with furniture positioned to encourage social interaction. Soft colors.",,/Users/yixiaoz/Desktop/cs348k_proj/outputs/controlNetScale/baseline_structural_canny/cfg_7p5_control_2p0/000000106235/target.png,/Users/yixiaoz/Desktop/cs348k_proj/outputs/controlNetScale/baseline_structural_canny/cfg_7p5_control_2p0/000000106235/canny.png,/Users/yixiaoz/Desktop/cs348k_proj/outputs/controlNetScale/baseline_structural_canny/cfg_7p5_control_2p0/000000106235/generated.png,empty_text_plus_canny,3,7.5,2.0,20,0.6245,0.5308,23.0495
117425,A young boy with a spoon looking at a birthday cupcake.,"A young child sits at a wooden table while looking closely at a small birthday cupcake decorated with a candle. The toddler appears curious and fascinated by the treat positioned directly in front of them. An adult stands nearby, partially visible, supervising the moment. Warm.",,/Users/yixiaoz/Desktop/cs348k_proj/outputs/controlNetScale/baseline_structural_canny/cfg_7p5_control_2p0/000000117425/target.png,/Users/yixiaoz/Desktop/cs348k_proj/outputs/controlNetScale/baseline_structural_canny/cfg_7p5_control_2p0/000000117425/canny.png,/Users/yixiaoz/Desktop/cs348k_proj/outputs/controlNetScale/baseline_structural_canny/cfg_7p5_control_2p0/000000117425/generated.png,empty_text_plus_canny,3,7.5,2.0,20,0.564,0.4672,27.8554
100624,A girl is standing by a storefront while talking on her phone.,"A young woman stands on a city sidewalk at night while talking on her mobile phone. Storefront windows, streetlights, and blurred city lights illuminate the background, creating an urban evening atmosphere. She appears focused on her conversation while standing near a shop entrance. The image.",,/Users/yixiaoz/Desktop/cs348k_proj/outputs/controlNetScale/baseline_structural_canny/cfg_7p5_control_2p0/000000100624/target.png,/Users/yixiaoz/Desktop/cs348k_proj/outputs/controlNetScale/baseline_structural_canny/cfg_7p5_control_2p0/000000100624/canny.png,/Users/yixiaoz/Desktop/cs348k_proj/outputs/controlNetScale/baseline_structural_canny/cfg_7p5_control_2p0/000000100624/generated.png,empty_text_plus_canny,3,7.5,2.0,20,0.6672,0.5648,24.0307
24243,"Two ladies seated with cups of drinks, one smoking while the other seated inside a fridge",Two women sit near a storefront or street-side seating area while holding drinks. One woman smokes a cigarette while the other sits inside a display-like enclosure resembling a refrigerator or booth. The unusual arrangement creates an eye-catching urban scene. Pedestrians and city elements appear in.,,/Users/yixiaoz/Desktop/cs348k_proj/outputs/controlNetScale/baseline_structural_canny/cfg_7p5_control_2p0/000000024243/target.png,/Users/yixiaoz/Desktop/cs348k_proj/outputs/controlNetScale/baseline_structural_canny/cfg_7p5_control_2p0/000000024243/canny.png,/Users/yixiaoz/Desktop/cs348k_proj/outputs/controlNetScale/baseline_structural_canny/cfg_7p5_control_2p0/000000024243/generated.png,empty_text_plus_canny,3,7.5,2.0,20,0.4537,0.4959,32.4882
31296,"A group of people, some in leftover US army clothing, sit at tables in a large dining room.","A large group of people gather around tables inside a spacious dining room decorated with military memorabilia and clothing. The diners appear engaged in conversation while sharing food and drinks. Wooden floors, warm lighting, and the arrangement of tables create a communal atmosphere. The image.",,/Users/yixiaoz/Desktop/cs348k_proj/outputs/controlNetScale/baseline_structural_canny/cfg_7p5_control_2p0/000000031296/target.png,/Users/yixiaoz/Desktop/cs348k_proj/outputs/controlNetScale/baseline_structural_canny/cfg_7p5_control_2p0/000000031296/canny.png,/Users/yixiaoz/Desktop/cs348k_proj/outputs/controlNetScale/baseline_structural_canny/cfg_7p5_control_2p0/000000031296/generated.png,empty_text_plus_canny,3,7.5,2.0,20,0.5083,0.3718,34.2403
40083,a vintage photo of some people sitting under an umbrella,"This black-and-white photograph shows several people seated beneath a large umbrella beside a street or outdoor market area. Tables, chairs, and nearby structures suggest a casual public gathering place. The monochrome presentation gives the image a vintage appearance, emphasizing everyday social activity and street life.",,/Users/yixiaoz/Desktop/cs348k_proj/outputs/controlNetScale/baseline_structural_canny/cfg_7p5_control_2p0/000000040083/target.png,/Users/yixiaoz/Desktop/cs348k_proj/outputs/controlNetScale/baseline_structural_canny/cfg_7p5_control_2p0/000000040083/canny.png,/Users/yixiaoz/Desktop/cs348k_proj/outputs/controlNetScale/baseline_structural_canny/cfg_7p5_control_2p0/000000040083/generated.png,empty_text_plus_canny,3,7.5,2.0,20,0.4512,0.3253,25.3724
36936,A man and woman sitting on a couch playing a video game.,"A man and woman sit together on a couch in a living room while playing a video game. A television displays the game in front of them, and snacks or drinks are visible on nearby tables. The indoor setting feels comfortable and informal, with warm.",,/Users/yixiaoz/Desktop/cs348k_proj/outputs/controlNetScale/baseline_structural_canny/cfg_7p5_control_2p0/000000036936/target.png,/Users/yixiaoz/Desktop/cs348k_proj/outputs/controlNetScale/baseline_structural_canny/cfg_7p5_control_2p0/000000036936/canny.png,/Users/yixiaoz/Desktop/cs348k_proj/outputs/controlNetScale/baseline_structural_canny/cfg_7p5_control_2p0/000000036936/generated.png,empty_text_plus_canny,3,7.5,2.0,20,0.5204,0.5712,21.1645
18150,A man with a receding hairline offers a slice of pizza to a toddler.,"A man with a receding hairline offers a slice of pizza to a young child seated nearby. The pair appear engaged in a friendly interaction, with the child focusing on the food being presented. The indoor setting suggests a casual family meal or gathering. The.",,/Users/yixiaoz/Desktop/cs348k_proj/outputs/controlNetScale/baseline_structural_canny/cfg_7p5_control_2p0/000000018150/target.png,/Users/yixiaoz/Desktop/cs348k_proj/outputs/controlNetScale/baseline_structural_canny/cfg_7p5_control_2p0/000000018150/canny.png,/Users/yixiaoz/Desktop/cs348k_proj/outputs/controlNetScale/baseline_structural_canny/cfg_7p5_control_2p0/000000018150/generated.png,empty_text_plus_canny,3,7.5,2.0,20,0.5433,0.5045,21.1647
115870,Some people hanging around in a living room with a big couch.,Several people relax in a spacious living room centered around a large couch and coffee table. Some sit while others stand and converse near large windows that bring natural light into the room. Household decorations and comfortable furniture create a welcoming atmosphere. The scene captures.,,/Users/yixiaoz/Desktop/cs348k_proj/outputs/controlNetScale/baseline_structural_canny/cfg_7p5_control_2p0/000000115870/target.png,/Users/yixiaoz/Desktop/cs348k_proj/outputs/controlNetScale/baseline_structural_canny/cfg_7p5_control_2p0/000000115870/canny.png,/Users/yixiaoz/Desktop/cs348k_proj/outputs/controlNetScale/baseline_structural_canny/cfg_7p5_control_2p0/000000115870/generated.png,empty_text_plus_canny,3,7.5,2.0,20,0.4662,0.4421,30.9797
32901,Four men are standing together behind a group of red chairs.,"Four men stand together behind a row of red chairs in an indoor event or meeting room. They smile toward the camera and appear dressed in semi-formal attire, suggesting a gathering, celebration, or professional occasion. The composition resembles a group portrait, with the individuals positioned.",,/Users/yixiaoz/Desktop/cs348k_proj/outputs/controlNetScale/baseline_structural_canny/cfg_7p5_control_2p0/000000032901/target.png,/Users/yixiaoz/Desktop/cs348k_proj/outputs/controlNetScale/baseline_structural_canny/cfg_7p5_control_2p0/000000032901/canny.png,/Users/yixiaoz/Desktop/cs348k_proj/outputs/controlNetScale/baseline_structural_canny/cfg_7p5_control_2p0/000000032901/generated.png,empty_text_plus_canny,3,7.5,2.0,20,0.4943,0.4559,24.6795
25560,A cat perches on top of an entertainment center in front of a TV.,"A cat perches on top of an entertainment center directly in front of a television screen. The television displays a person on screen, while the cat appears more interested in the elevated resting spot than the program itself. Household electronics and furniture surround the scene.",,/Users/yixiaoz/Desktop/cs348k_proj/outputs/controlNetScale/baseline_structural_canny/cfg_7p5_control_2p0/000000025560/target.png,/Users/yixiaoz/Desktop/cs348k_proj/outputs/controlNetScale/baseline_structural_canny/cfg_7p5_control_2p0/000000025560/canny.png,/Users/yixiaoz/Desktop/cs348k_proj/outputs/controlNetScale/baseline_structural_canny/cfg_7p5_control_2p0/000000025560/generated.png,empty_text_plus_canny,3,7.5,2.0,20,0.4999,0.4328,28.9125
115245,Several suitcases on wheels leaning up against one long table with chairs.,"Several suitcases of different sizes stand upright beside a long table and a row of chairs in what appears to be a waiting area or meeting room. The luggage is grouped together on a polished wooden floor, suggesting recent travel, arrival, or preparation for departure.",,/Users/yixiaoz/Desktop/cs348k_proj/outputs/controlNetScale/baseline_structural_canny/cfg_7p5_control_2p0/000000115245/target.png,/Users/yixiaoz/Desktop/cs348k_proj/outputs/controlNetScale/baseline_structural_canny/cfg_7p5_control_2p0/000000115245/canny.png,/Users/yixiaoz/Desktop/cs348k_proj/outputs/controlNetScale/baseline_structural_canny/cfg_7p5_control_2p0/000000115245/generated.png,empty_text_plus_canny,3,7.5,2.0,20,0.5504,0.6,25.7381
5001,A group of people holding a large pair of scissors to a ribbon.,"A crowd of adults and children gather around a ceremonial ribbon-cutting event. Several people smile and pose while a large pair of scissors is used to cut a ribbon stretched across the foreground. Balloons, cameras, and excited expressions contribute to the celebratory atmosphere. The gathering.",,/Users/yixiaoz/Desktop/cs348k_proj/outputs/controlNetScale/baseline_structural_canny/cfg_7p5_control_2p0/000000005001/target.png,/Users/yixiaoz/Desktop/cs348k_proj/outputs/controlNetScale/baseline_structural_canny/cfg_7p5_control_2p0/000000005001/canny.png,/Users/yixiaoz/Desktop/cs348k_proj/outputs/controlNetScale/baseline_structural_canny/cfg_7p5_control_2p0/000000005001/generated.png,empty_text_plus_canny,3,7.5,2.0,20,0.5252,0.631,23.3002
3934,A young girl in the foreground and a woman in a bridal dress and other adults in the background.,"A young girl wearing a light-colored dress stands in the foreground of a living room while adults gather in the background. Motion blur gives the impression of movement and activity throughout the room. Furniture, decorations, and warm indoor lighting create a family-oriented atmosphere. The scene.",,/Users/yixiaoz/Desktop/cs348k_proj/outputs/controlNetScale/baseline_structural_canny/cfg_7p5_control_2p0/000000003934/target.png,/Users/yixiaoz/Desktop/cs348k_proj/outputs/controlNetScale/baseline_structural_canny/cfg_7p5_control_2p0/000000003934/canny.png,/Users/yixiaoz/Desktop/cs348k_proj/outputs/controlNetScale/baseline_structural_canny/cfg_7p5_control_2p0/000000003934/generated.png,empty_text_plus_canny,3,7.5,2.0,20,0.5723,0.5388,29.5886
91500,Two kids hanging out playing video games on folding chairs.,"Two young men sit on folding chairs while playing a video game together indoors. Each player holds a game controller and focuses on an off-camera television or display. The room contains tables, chairs, and household furnishings that suggest a casual social gathering. Their relaxed posture.",,/Users/yixiaoz/Desktop/cs348k_proj/outputs/controlNetScale/baseline_structural_canny/cfg_7p5_control_2p0/000000091500/target.png,/Users/yixiaoz/Desktop/cs348k_proj/outputs/controlNetScale/baseline_structural_canny/cfg_7p5_control_2p0/000000091500/canny.png,/Users/yixiaoz/Desktop/cs348k_proj/outputs/controlNetScale/baseline_structural_canny/cfg_7p5_control_2p0/000000091500/generated.png,empty_text_plus_canny,3,7.5,2.0,20,0.5264,0.4063,29.0507
82696,a white and black bird is walking by a table and some chairs,"A white and black bird walks across the floor of an indoor dining area filled with tables and chairs. The bird moves freely between the furniture, creating an unusual contrast between wildlife and a human-designed environment. Empty chairs and table arrangements suggest a cafeteria, restaurant.",,/Users/yixiaoz/Desktop/cs348k_proj/outputs/controlNetScale/baseline_structural_canny/cfg_7p5_control_2p0/000000082696/target.png,/Users/yixiaoz/Desktop/cs348k_proj/outputs/controlNetScale/baseline_structural_canny/cfg_7p5_control_2p0/000000082696/canny.png,/Users/yixiaoz/Desktop/cs348k_proj/outputs/controlNetScale/baseline_structural_canny/cfg_7p5_control_2p0/000000082696/generated.png,empty_text_plus_canny,3,7.5,2.0,20,0.5584,0.474,35.9843
25986,"Food is on the counter including a glass of water, rice, vegetables, and more","Several plates of food are arranged on a kitchen counter, including vegetables, rice, and prepared dishes ready to be served. Bowls, utensils, and drinking glasses surround the meal preparation area. The countertop is busy with ingredients and completed dishes, suggesting an active cooking session or.",,/Users/yixiaoz/Desktop/cs348k_proj/outputs/controlNetScale/baseline_structural_canny/cfg_7p5_control_2p0/000000025986/target.png,/Users/yixiaoz/Desktop/cs348k_proj/outputs/controlNetScale/baseline_structural_canny/cfg_7p5_control_2p0/000000025986/canny.png,/Users/yixiaoz/Desktop/cs348k_proj/outputs/controlNetScale/baseline_structural_canny/cfg_7p5_control_2p0/000000025986/generated.png,empty_text_plus_canny,3,7.5,2.0,20,0.5321,0.3708,28.6908
17899,Woman working with large assortment of baked goods at kitchen table.,An older woman works at a kitchen table covered with baking supplies and a large assortment of cookies or pastries. Trays of baked goods are arranged across the tabletop while ingredients and utensils remain nearby. The woman appears focused on decorating or organizing the treats.,,/Users/yixiaoz/Desktop/cs348k_proj/outputs/controlNetScale/baseline_structural_canny/cfg_7p5_control_2p0/000000017899/target.png,/Users/yixiaoz/Desktop/cs348k_proj/outputs/controlNetScale/baseline_structural_canny/cfg_7p5_control_2p0/000000017899/canny.png,/Users/yixiaoz/Desktop/cs348k_proj/outputs/controlNetScale/baseline_structural_canny/cfg_7p5_control_2p0/000000017899/generated.png,empty_text_plus_canny,3,7.5,2.0,20,0.4957,0.439,25.8262
36494,"A crowd of people sitting in a room, with a clock tower in front.","A large crowd gathers inside a spacious hall featuring an enormous illuminated clock structure mounted on the wall. People sit and stand around tables while enjoying food, drinks, and conversation. The architecture, lighting, and oversized clock create a dramatic focal point within the room. The.",,/Users/yixiaoz/Desktop/cs348k_proj/outputs/controlNetScale/baseline_structural_canny/cfg_7p5_control_2p0/000000036494/target.png,/Users/yixiaoz/Desktop/cs348k_proj/outputs/controlNetScale/baseline_structural_canny/cfg_7p5_control_2p0/000000036494/canny.png,/Users/yixiaoz/Desktop/cs348k_proj/outputs/controlNetScale/baseline_structural_canny/cfg_7p5_control_2p0/000000036494/generated.png,empty_text_plus_canny,3,7.5,2.0,20,0.4938,0.3208,31.2411
24610,There is a laptop computer in a room with a couch and a bookcase.,"A quiet room contains a desk with a laptop computer, bookshelves filled with books, and a couch positioned along one wall. Warm lighting and simple furnishings create a calm, comfortable environment suitable for reading, studying, or working. The arrangement suggests a personal living space or.",,/Users/yixiaoz/Desktop/cs348k_proj/outputs/controlNetScale/baseline_structural_canny/cfg_7p5_control_2p0/000000024610/target.png,/Users/yixiaoz/Desktop/cs348k_proj/outputs/controlNetScale/baseline_structural_canny/cfg_7p5_control_2p0/000000024610/canny.png,/Users/yixiaoz/Desktop/cs348k_proj/outputs/controlNetScale/baseline_structural_canny/cfg_7p5_control_2p0/000000024610/generated.png,empty_text_plus_canny,3,7.5,2.0,20,0.6248,0.4627,27.86
18380,a family sitting around a long table filled with a lot of food,"A large family gathers around a long dining table filled with food, drinks, and serving dishes. Adults and children smile toward the camera while seated closely together in a warm home environment. The table is crowded with meals prepared for sharing, creating a festive atmosphere.",,/Users/yixiaoz/Desktop/cs348k_proj/outputs/controlNetScale/baseline_structural_canny/cfg_7p5_control_2p0/000000018380/target.png,/Users/yixiaoz/Desktop/cs348k_proj/outputs/controlNetScale/baseline_structural_canny/cfg_7p5_control_2p0/000000018380/canny.png,/Users/yixiaoz/Desktop/cs348k_proj/outputs/controlNetScale/baseline_structural_canny/cfg_7p5_control_2p0/000000018380/generated.png,empty_text_plus_canny,3,7.5,2.0,20,0.5446,0.3162,31.3462
102411,Two people sitting on a motorcycle in the street next to a beach.,"Two people sit on a motorcycle parked beside a waterfront area near a beach. The ocean, shoreline, and distant scenery provide a scenic backdrop while the riders pause along the road. Nearby pedestrians and open coastal views contribute to the relaxed atmosphere. The image combines.",,/Users/yixiaoz/Desktop/cs348k_proj/outputs/controlNetScale/baseline_structural_canny/cfg_7p5_control_2p0/000000102411/target.png,/Users/yixiaoz/Desktop/cs348k_proj/outputs/controlNetScale/baseline_structural_canny/cfg_7p5_control_2p0/000000102411/canny.png,/Users/yixiaoz/Desktop/cs348k_proj/outputs/controlNetScale/baseline_structural_canny/cfg_7p5_control_2p0/000000102411/generated.png,empty_text_plus_canny,3,7.5,2.0,20,0.4614,0.4144,30.5332
99053,"A bowl of noodles, meat, broccoli and carrots in a sauce with a fork.","A bowl of noodles mixed with meat, broccoli, carrots, and vegetables sits on a table with a fork resting inside. The colorful ingredients are coated in sauce and arranged casually within the bowl. The close-up perspective focuses attention on the meal while minimizing background distractions.",,/Users/yixiaoz/Desktop/cs348k_proj/outputs/controlNetScale/baseline_structural_canny/cfg_7p5_control_2p0/000000099053/target.png,/Users/yixiaoz/Desktop/cs348k_proj/outputs/controlNetScale/baseline_structural_canny/cfg_7p5_control_2p0/000000099053/canny.png,/Users/yixiaoz/Desktop/cs348k_proj/outputs/controlNetScale/baseline_structural_canny/cfg_7p5_control_2p0/000000099053/generated.png,empty_text_plus_canny,3,7.5,2.0,20,0.6021,0.4685,25.2588
84650,THERE IS A CAT THAT IS SITTION ON TOP OF THE SUITCASE,A cat rests comfortably on top of a large suitcase surrounded by luggage and travel bags. The animal appears relaxed despite sitting among items associated with movement and transportation. The scene suggests preparation for a trip or recent arrival. The contrast between the cat’s calm.,,/Users/yixiaoz/Desktop/cs348k_proj/outputs/controlNetScale/baseline_structural_canny/cfg_7p5_control_2p0/000000084650/target.png,/Users/yixiaoz/Desktop/cs348k_proj/outputs/controlNetScale/baseline_structural_canny/cfg_7p5_control_2p0/000000084650/canny.png,/Users/yixiaoz/Desktop/cs348k_proj/outputs/controlNetScale/baseline_structural_canny/cfg_7p5_control_2p0/000000084650/generated.png,empty_text_plus_canny,3,7.5,2.0,20,0.5218,0.4598,30.1971
114049,"People inside a commuter train, with their luggage and bicycles.","Passengers stand inside a crowded train car surrounded by luggage, bicycles, and personal belongings. The narrow aisle is filled with travelers preparing for or continuing their journey. Bicycle wheels, suitcases, and overhead fixtures emphasize the transportation setting. The image captures the realities of public transit.",,/Users/yixiaoz/Desktop/cs348k_proj/outputs/controlNetScale/baseline_structural_canny/cfg_7p5_control_2p0/000000114049/target.png,/Users/yixiaoz/Desktop/cs348k_proj/outputs/controlNetScale/baseline_structural_canny/cfg_7p5_control_2p0/000000114049/canny.png,/Users/yixiaoz/Desktop/cs348k_proj/outputs/controlNetScale/baseline_structural_canny/cfg_7p5_control_2p0/000000114049/generated.png,empty_text_plus_canny,3,7.5,2.0,20,0.5289,0.594,23.5371
100723,Crown marching in one direction in a lightly attended protest.,"A group of protesters march through a public street carrying signs and banners while moving together in the same direction. Participants of different ages fill the scene, creating a visible demonstration of collective action. The signs suggest support for a social or political cause, while.",,/Users/yixiaoz/Desktop/cs348k_proj/outputs/controlNetScale/baseline_structural_canny/cfg_7p5_control_2p0/000000100723/target.png,/Users/yixiaoz/Desktop/cs348k_proj/outputs/controlNetScale/baseline_structural_canny/cfg_7p5_control_2p0/000000100723/canny.png,/Users/yixiaoz/Desktop/cs348k_proj/outputs/controlNetScale/baseline_structural_canny/cfg_7p5_control_2p0/000000100723/generated.png,empty_text_plus_canny,3,7.5,2.0,20,0.4663,0.3616,31.7206
40471,A painted white kitchen with a refrigerator and an automatic dish washer next to an oven stove.,"A clean white kitchen contains a refrigerator, oven, dishwasher, cabinets, and countertops arranged in a practical layout. Bright lighting reflects off the appliances and tiled surfaces, creating an organized and modern appearance. The room appears ready for cooking and daily household use. The image emphasizes.",,/Users/yixiaoz/Desktop/cs348k_proj/outputs/controlNetScale/baseline_structural_canny/cfg_7p5_control_2p0/000000040471/target.png,/Users/yixiaoz/Desktop/cs348k_proj/outputs/controlNetScale/baseline_structural_canny/cfg_7p5_control_2p0/000000040471/canny.png,/Users/yixiaoz/Desktop/cs348k_proj/outputs/controlNetScale/baseline_structural_canny/cfg_7p5_control_2p0/000000040471/generated.png,empty_text_plus_canny,3,7.5,2.0,20,0.479,0.3711,31.7563
100238,A family standing next to each other while holding frisbees.,"A family stands outdoors together while holding colorful frisbees. Adults and children pose side by side in a grassy area, appearing relaxed and cheerful. The open environment suggests a park, recreational field, or family gathering. Their casual clothing and outdoor setting contribute to a friendly.",,/Users/yixiaoz/Desktop/cs348k_proj/outputs/controlNetScale/baseline_structural_canny/cfg_7p5_control_2p0/000000100238/target.png,/Users/yixiaoz/Desktop/cs348k_proj/outputs/controlNetScale/baseline_structural_canny/cfg_7p5_control_2p0/000000100238/canny.png,/Users/yixiaoz/Desktop/cs348k_proj/outputs/controlNetScale/baseline_structural_canny/cfg_7p5_control_2p0/000000100238/generated.png,empty_text_plus_canny,3,7.5,2.0,20,0.5187,0.4055,28.5711
39484,A street full of cars that are driving and parked and a group of people sitting outside eating.,"Cars move along a city street lined with buildings, storefronts, and restaurants. Some people sit outside dining establishments while traffic passes through the urban area. Signs, parked vehicles, and commercial activity contribute to a lively downtown atmosphere. The image captures the interaction between transportation, business.",,/Users/yixiaoz/Desktop/cs348k_proj/outputs/controlNetScale/baseline_structural_canny/cfg_7p5_control_2p0/000000039484/target.png,/Users/yixiaoz/Desktop/cs348k_proj/outputs/controlNetScale/baseline_structural_canny/cfg_7p5_control_2p0/000000039484/canny.png,/Users/yixiaoz/Desktop/cs348k_proj/outputs/controlNetScale/baseline_structural_canny/cfg_7p5_control_2p0/000000039484/generated.png,empty_text_plus_canny,3,7.5,2.0,20,0.4716,0.4788,25.9801
13729,A group of people playing with a Wii in the living room.,"Several people stand in a living room while playing a Nintendo Wii video game. Participants face a television and appear engaged in the activity, moving their bodies as part of the gameplay. Household furniture, decorations, and open floor space provide room for interaction. The image.",,/Users/yixiaoz/Desktop/cs348k_proj/outputs/controlNetScale/baseline_structural_canny/cfg_7p5_control_2p0/000000013729/target.png,/Users/yixiaoz/Desktop/cs348k_proj/outputs/controlNetScale/baseline_structural_canny/cfg_7p5_control_2p0/000000013729/canny.png,/Users/yixiaoz/Desktop/cs348k_proj/outputs/controlNetScale/baseline_structural_canny/cfg_7p5_control_2p0/000000013729/generated.png,empty_text_plus_canny,3,7.5,2.0,20,0.4491,0.3934,35.6581
80340,a small child wearing a tie and holding a suitcase with other people in the background,"A small child wearing a dress shirt, tie, and formal clothing stands on a sidewalk holding a rolling suitcase. Adults and other people gather nearby in the background, suggesting a family event, celebration, or travel occasion. The child’s serious posture contrasts with the oversized luggage.",,/Users/yixiaoz/Desktop/cs348k_proj/outputs/controlNetScale/baseline_structural_canny/cfg_7p5_control_2p0/000000080340/target.png,/Users/yixiaoz/Desktop/cs348k_proj/outputs/controlNetScale/baseline_structural_canny/cfg_7p5_control_2p0/000000080340/canny.png,/Users/yixiaoz/Desktop/cs348k_proj/outputs/controlNetScale/baseline_structural_canny/cfg_7p5_control_2p0/000000080340/generated.png,empty_text_plus_canny,3,7.5,2.0,20,0.4416,0.4427,27.436
38829,Two boys riding on a single bicycle on a city street,"Two people ride together through a busy city street on a single bicycle while surrounded by scooters, motorcycles, and other commuters. Urban storefronts, signs, and passing vehicles create a lively transportation scene. The riders appear relaxed as they navigate traffic alongside other travelers. The image.",,/Users/yixiaoz/Desktop/cs348k_proj/outputs/controlNetScale/baseline_structural_canny/cfg_7p5_control_2p0/000000038829/target.png,/Users/yixiaoz/Desktop/cs348k_proj/outputs/controlNetScale/baseline_structural_canny/cfg_7p5_control_2p0/000000038829/canny.png,/Users/yixiaoz/Desktop/cs348k_proj/outputs/controlNetScale/baseline_structural_canny/cfg_7p5_control_2p0/000000038829/generated.png,empty_text_plus_canny,3,7.5,2.0,20,0.5238,0.4858,31.8605
66841,"A whimsical artistic toaster has eyes, a mouth, a nose, spoon feet, spoon ears, and a mixing beater tail.","A whimsical toaster has been creatively decorated with eyes, a nose, spoon-shaped ears, and other objects to resemble a human face. The appliance stands upright in a kitchen or dining area, transforming an ordinary household item into a playful character. Surrounding utensils and decorative elements.",,/Users/yixiaoz/Desktop/cs348k_proj/outputs/controlNetScale/baseline_structural_canny/cfg_7p5_control_2p0/000000066841/target.png,/Users/yixiaoz/Desktop/cs348k_proj/outputs/controlNetScale/baseline_structural_canny/cfg_7p5_control_2p0/000000066841/canny.png,/Users/yixiaoz/Desktop/cs348k_proj/outputs/controlNetScale/baseline_structural_canny/cfg_7p5_control_2p0/000000066841/generated.png,empty_text_plus_canny,3,7.5,2.0,20,0.4825,0.4535,28.7843
25386,A man and woman are sitting together while the man eats with chopsticks.,"A man and woman sit together at a restaurant table while sharing a meal. Plates of food, chopsticks, drinks, and condiments are arranged in front of them as they look toward the camera. The indoor dining environment appears casual and welcoming. Their expressions suggest a.",,/Users/yixiaoz/Desktop/cs348k_proj/outputs/controlNetScale/baseline_structural_canny/cfg_7p5_control_2p0/000000025386/target.png,/Users/yixiaoz/Desktop/cs348k_proj/outputs/controlNetScale/baseline_structural_canny/cfg_7p5_control_2p0/000000025386/canny.png,/Users/yixiaoz/Desktop/cs348k_proj/outputs/controlNetScale/baseline_structural_canny/cfg_7p5_control_2p0/000000025386/generated.png,empty_text_plus_canny,3,7.5,2.0,20,0.5071,0.5618,26.7645
83531,A BBQ topped with lots of sausages sitting side by side.,"Several sausages cook on a barbecue grill above glowing heat while metal tongs rest nearby. The close-up perspective focuses on the food as it browns and develops grill marks. Smoke, cooking equipment, and the outdoor setting suggest a backyard gathering or cookout. The image emphasizes.",,/Users/yixiaoz/Desktop/cs348k_proj/outputs/controlNetScale/baseline_structural_canny/cfg_7p5_control_2p0/000000083531/target.png,/Users/yixiaoz/Desktop/cs348k_proj/outputs/controlNetScale/baseline_structural_canny/cfg_7p5_control_2p0/000000083531/canny.png,/Users/yixiaoz/Desktop/cs348k_proj/outputs/controlNetScale/baseline_structural_canny/cfg_7p5_control_2p0/000000083531/generated.png,empty_text_plus_canny,3,7.5,2.0,20,0.5989,0.666,25.6203
98392,"A photo of a busy intersection with a bus, several cars and a clock tower.","A busy city intersection contains multiple cars, a bus, and a prominent clock tower rising above nearby buildings. Traffic moves through the streets while pedestrians and commercial activity contribute to the urban atmosphere. Architectural details and transportation infrastructure create a recognizable downtown setting. The image.",,/Users/yixiaoz/Desktop/cs348k_proj/outputs/controlNetScale/baseline_structural_canny/cfg_7p5_control_2p0/000000098392/target.png,/Users/yixiaoz/Desktop/cs348k_proj/outputs/controlNetScale/baseline_structural_canny/cfg_7p5_control_2p0/000000098392/canny.png,/Users/yixiaoz/Desktop/cs348k_proj/outputs/controlNetScale/baseline_structural_canny/cfg_7p5_control_2p0/000000098392/generated.png,empty_text_plus_canny,3,7.5,2.0,20,0.4871,0.4231,29.1426
12576,An elderly woman seated at a table holding three pizzas.,"An elderly woman sits at a dining table with several pizzas placed in front of her. Glasses, dishes, and table settings suggest a meal shared with others outside the frame. The warm indoor environment creates a comfortable and social atmosphere. The image highlights casual dining.",,/Users/yixiaoz/Desktop/cs348k_proj/outputs/controlNetScale/baseline_structural_canny/cfg_7p5_control_2p0/000000012576/target.png,/Users/yixiaoz/Desktop/cs348k_proj/outputs/controlNetScale/baseline_structural_canny/cfg_7p5_control_2p0/000000012576/canny.png,/Users/yixiaoz/Desktop/cs348k_proj/outputs/controlNetScale/baseline_structural_canny/cfg_7p5_control_2p0/000000012576/generated.png,empty_text_plus_canny,3,7.5,2.0,20,0.5627,0.5969,24.8507
22705,A woman in a short black dress is holding a champagne flute and standing in front of a refrigerator.,"A woman wearing a black dress stands confidently in a kitchen while holding a champagne flute. Stainless steel appliances, wooden cabinets, and household furnishings form the background. Her posture and expression suggest she may be attending a celebration, gathering, or special occasion. The image combines.",,/Users/yixiaoz/Desktop/cs348k_proj/outputs/controlNetScale/baseline_structural_canny/cfg_7p5_control_2p0/000000022705/target.png,/Users/yixiaoz/Desktop/cs348k_proj/outputs/controlNetScale/baseline_structural_canny/cfg_7p5_control_2p0/000000022705/canny.png,/Users/yixiaoz/Desktop/cs348k_proj/outputs/controlNetScale/baseline_structural_canny/cfg_7p5_control_2p0/000000022705/generated.png,empty_text_plus_canny,3,7.5,2.0,20,0.4808,0.3964,29.6553
26204,A group of cars waiting at an intersection for the light to change,"Cars wait at an urban intersection lined with buildings, trees, and traffic infrastructure. Vehicles occupy multiple lanes as they pause for a traffic signal before continuing through the city. Sidewalks, storefronts, and street signs contribute to the metropolitan atmosphere. The image emphasizes transportation systems, traffic.",,/Users/yixiaoz/Desktop/cs348k_proj/outputs/controlNetScale/baseline_structural_canny/cfg_7p5_control_2p0/000000026204/target.png,/Users/yixiaoz/Desktop/cs348k_proj/outputs/controlNetScale/baseline_structural_canny/cfg_7p5_control_2p0/000000026204/canny.png,/Users/yixiaoz/Desktop/cs348k_proj/outputs/controlNetScale/baseline_structural_canny/cfg_7p5_control_2p0/000000026204/generated.png,empty_text_plus_canny,3,7.5,2.0,20,0.4016,0.3404,28.8955
31248,"Living room with white chairs and couches, fireplace and books on bookshelves.","A bright living room features white chairs, comfortable couches, bookshelves, and a fireplace serving as the central focal point. Decorative lamps, framed artwork, and neatly arranged furniture create an elegant and inviting atmosphere. Natural light and balanced interior design contribute to the room’s spacious appearance.",,/Users/yixiaoz/Desktop/cs348k_proj/outputs/controlNetScale/baseline_structural_canny/cfg_7p5_control_2p0/000000031248/target.png,/Users/yixiaoz/Desktop/cs348k_proj/outputs/controlNetScale/baseline_structural_canny/cfg_7p5_control_2p0/000000031248/canny.png,/Users/yixiaoz/Desktop/cs348k_proj/outputs/controlNetScale/baseline_structural_canny/cfg_7p5_control_2p0/000000031248/generated.png,empty_text_plus_canny,3,7.5,2.0,20,0.4408,0.3953,27.0028
107339,A pretty young lady standing in front of a couch behind a wooden table.,"A woman stands in a modern room near a couch and low wooden tables while another person sits nearby. Bright walls, large windows, and contemporary furniture create a clean and open interior space. The standing woman appears to be speaking, presenting, or interacting with the.",,/Users/yixiaoz/Desktop/cs348k_proj/outputs/controlNetScale/baseline_structural_canny/cfg_7p5_control_2p0/000000107339/target.png,/Users/yixiaoz/Desktop/cs348k_proj/outputs/controlNetScale/baseline_structural_canny/cfg_7p5_control_2p0/000000107339/canny.png,/Users/yixiaoz/Desktop/cs348k_proj/outputs/controlNetScale/baseline_structural_canny/cfg_7p5_control_2p0/000000107339/generated.png,empty_text_plus_canny,3,7.5,2.0,20,0.5732,0.5329,29.002
87476,two people standing on the same skateboard and holding each other up.,"Two young people stand together at a public event while holding skateboards and interacting with one another. One person wears a helmet while colorful vehicles and event displays appear in the background. Their posture suggests friendship, instruction, or support during a skateboarding activity. The image.",,/Users/yixiaoz/Desktop/cs348k_proj/outputs/controlNetScale/baseline_structural_canny/cfg_7p5_control_2p0/000000087476/target.png,/Users/yixiaoz/Desktop/cs348k_proj/outputs/controlNetScale/baseline_structural_canny/cfg_7p5_control_2p0/000000087476/canny.png,/Users/yixiaoz/Desktop/cs348k_proj/outputs/controlNetScale/baseline_structural_canny/cfg_7p5_control_2p0/000000087476/generated.png,empty_text_plus_canny,3,7.5,2.0,20,0.521,0.4249,32.6179
78748,"A couple of motorcycles in front of sign, with people standing around.","Several motorcycles are parked in front of a display area featuring brand signage while people gather nearby. The polished bikes are arranged for viewing, suggesting a motorcycle show, dealership event, or public exhibition. Spectators walk around the display, examining the vehicles and socializing. The image.",,/Users/yixiaoz/Desktop/cs348k_proj/outputs/controlNetScale/baseline_structural_canny/cfg_7p5_control_2p0/000000078748/target.png,/Users/yixiaoz/Desktop/cs348k_proj/outputs/controlNetScale/baseline_structural_canny/cfg_7p5_control_2p0/000000078748/canny.png,/Users/yixiaoz/Desktop/cs348k_proj/outputs/controlNetScale/baseline_structural_canny/cfg_7p5_control_2p0/000000078748/generated.png,empty_text_plus_canny,3,7.5,2.0,20,0.5342,0.5176,32.3654
29596,"A room with a couch, table set with dinnerware and a television.","A hotel-style room contains a couch, television, dining table, and neatly arranged place settings. Warm lighting, curtains, and decorative furnishings create a comfortable and welcoming atmosphere. The table is prepared for a meal, suggesting hospitality or room service. The image highlights interior design, temporary accommodations.",,/Users/yixiaoz/Desktop/cs348k_proj/outputs/controlNetScale/baseline_structural_canny/cfg_7p5_control_2p0/000000029596/target.png,/Users/yixiaoz/Desktop/cs348k_proj/outputs/controlNetScale/baseline_structural_canny/cfg_7p5_control_2p0/000000029596/canny.png,/Users/yixiaoz/Desktop/cs348k_proj/outputs/controlNetScale/baseline_structural_canny/cfg_7p5_control_2p0/000000029596/generated.png,empty_text_plus_canny,3,7.5,2.0,20,0.4786,0.335,30.6907
33854,"parked cars, motorcycles and buses on a cobblestone parking lot next to a street.","Cars, buses, and motorcycles occupy a cobblestone parking area near a city street lined with buildings. The scene contains multiple forms of transportation gathered within a shared urban space. Pedestrians move through the area while parked vehicles await their drivers. The image captures urban infrastructure.",,/Users/yixiaoz/Desktop/cs348k_proj/outputs/controlNetScale/baseline_structural_canny/cfg_7p5_control_2p0/000000033854/target.png,/Users/yixiaoz/Desktop/cs348k_proj/outputs/controlNetScale/baseline_structural_canny/cfg_7p5_control_2p0/000000033854/canny.png,/Users/yixiaoz/Desktop/cs348k_proj/outputs/controlNetScale/baseline_structural_canny/cfg_7p5_control_2p0/000000033854/generated.png,empty_text_plus_canny,3,7.5,2.0,20,0.4865,0.4341,30.1497
36844,a black couch a green chair a red chair a mirror and a ceiling fan,"A living room contains a black couch, colorful chairs, a ceiling fan, and large windows that allow natural light into the space. Various pieces of furniture and decorative items are arranged throughout the room, creating a comfortable residential environment. The layout suggests an area designed.",,/Users/yixiaoz/Desktop/cs348k_proj/outputs/controlNetScale/baseline_structural_canny/cfg_7p5_control_2p0/000000036844/target.png,/Users/yixiaoz/Desktop/cs348k_proj/outputs/controlNetScale/baseline_structural_canny/cfg_7p5_control_2p0/000000036844/canny.png,/Users/yixiaoz/Desktop/cs348k_proj/outputs/controlNetScale/baseline_structural_canny/cfg_7p5_control_2p0/000000036844/generated.png,empty_text_plus_canny,3,7.5,2.0,20,0.4762,0.384,28.9207
1000,A group of kids posing for a picture on a tennis court.,A large group of children gather together on a tennis court while posing for a photograph. Some hold tennis equipment while others stand closely beside teammates and friends. The outdoor sports facility provides a bright and energetic setting. Smiles and casual poses suggest a team.,,/Users/yixiaoz/Desktop/cs348k_proj/outputs/controlNetScale/baseline_structural_canny/cfg_7p5_control_2p0/000000001000/target.png,/Users/yixiaoz/Desktop/cs348k_proj/outputs/controlNetScale/baseline_structural_canny/cfg_7p5_control_2p0/000000001000/canny.png,/Users/yixiaoz/Desktop/cs348k_proj/outputs/controlNetScale/baseline_structural_canny/cfg_7p5_control_2p0/000000001000/generated.png,empty_text_plus_canny,3,7.5,2.0,20,0.5522,0.5097,24.1703
55528,A man holding a paper bag while showing the camera a toothbrush.,"A man sits in a chair while holding a paper bag and displaying a toothbrush toward the camera. His expression suggests humor or casual conversation as he presents the object. The indoor environment appears relaxed and informal, with household furnishings visible around him. The image.",,/Users/yixiaoz/Desktop/cs348k_proj/outputs/controlNetScale/baseline_structural_canny/cfg_7p5_control_2p0/000000055528/target.png,/Users/yixiaoz/Desktop/cs348k_proj/outputs/controlNetScale/baseline_structural_canny/cfg_7p5_control_2p0/000000055528/canny.png,/Users/yixiaoz/Desktop/cs348k_proj/outputs/controlNetScale/baseline_structural_canny/cfg_7p5_control_2p0/000000055528/generated.png,empty_text_plus_canny,3,7.5,2.0,20,0.4263,0.5188,30.9799
2006,City bus driving through pedestrian saturated area near crosswalk.,"A city bus travels through a busy urban area near a crosswalk while pedestrians and vehicles move through the surrounding streets. Buildings, signs, and transportation infrastructure create a dynamic city environment. The bus serves as the focal point, illustrating the role of public transit in.",,/Users/yixiaoz/Desktop/cs348k_proj/outputs/controlNetScale/baseline_structural_canny/cfg_7p5_control_2p0/000000002006/target.png,/Users/yixiaoz/Desktop/cs348k_proj/outputs/controlNetScale/baseline_structural_canny/cfg_7p5_control_2p0/000000002006/canny.png,/Users/yixiaoz/Desktop/cs348k_proj/outputs/controlNetScale/baseline_structural_canny/cfg_7p5_control_2p0/000000002006/generated.png,empty_text_plus_canny,3,7.5,2.0,20,0.4667,0.5365,24.7603
113720,A couple are enjoying pizza and drinks at the restaurant,"A smiling couple sits together at a restaurant table enjoying pizza, drinks, and conversation. Plates of food and beverages are arranged neatly while the pair look toward the camera. The atmosphere appears relaxed and friendly, suggesting a casual meal shared between friends or partners. The.",,/Users/yixiaoz/Desktop/cs348k_proj/outputs/controlNetScale/baseline_structural_canny/cfg_7p5_control_2p0/000000113720/target.png,/Users/yixiaoz/Desktop/cs348k_proj/outputs/controlNetScale/baseline_structural_canny/cfg_7p5_control_2p0/000000113720/canny.png,/Users/yixiaoz/Desktop/cs348k_proj/outputs/controlNetScale/baseline_structural_canny/cfg_7p5_control_2p0/000000113720/generated.png,empty_text_plus_canny,3,7.5,2.0,20,0.4969,0.4686,28.6828
52413,"A child holding a pink toy cell phone with ""Princess Aurora"" inside it.",A child holds a pink toy flip phone decorated with imagery inspired by a princess character. The toy is displayed prominently in the foreground while other people and objects appear nearby. Bright colors and playful design elements emphasize childhood interests and imaginative play. The image.,,/Users/yixiaoz/Desktop/cs348k_proj/outputs/controlNetScale/baseline_structural_canny/cfg_7p5_control_2p0/000000052413/target.png,/Users/yixiaoz/Desktop/cs348k_proj/outputs/controlNetScale/baseline_structural_canny/cfg_7p5_control_2p0/000000052413/canny.png,/Users/yixiaoz/Desktop/cs348k_proj/outputs/controlNetScale/baseline_structural_canny/cfg_7p5_control_2p0/000000052413/generated.png,empty_text_plus_canny,3,7.5,2.0,20,0.5962,0.6664,20.2308
60932,A man in a suit that is standing in front of a group of people.,"A man dressed in a formal suit stands confidently in front of a group of people at what appears to be a celebration or reception. The black-and-white image captures him smiling and raising a hand while guests gather in the background. Tables, decorations, and formally.",,/Users/yixiaoz/Desktop/cs348k_proj/outputs/controlNetScale/baseline_structural_canny/cfg_7p5_control_2p0/000000060932/target.png,/Users/yixiaoz/Desktop/cs348k_proj/outputs/controlNetScale/baseline_structural_canny/cfg_7p5_control_2p0/000000060932/canny.png,/Users/yixiaoz/Desktop/cs348k_proj/outputs/controlNetScale/baseline_structural_canny/cfg_7p5_control_2p0/000000060932/generated.png,empty_text_plus_canny,3,7.5,2.0,20,0.408,0.4528,24.6793
102805,A man in holds a Frisbee in the parking lot by the river.,"A man wearing a hat stands near a riverside parking area while holding a Frisbee in his hand. Mountains and water stretch across the background, creating a scenic outdoor setting. Several parked vehicles and open space suggest a recreational destination where people gather for leisure.",,/Users/yixiaoz/Desktop/cs348k_proj/outputs/controlNetScale/baseline_structural_canny/cfg_7p5_control_2p0/000000102805/target.png,/Users/yixiaoz/Desktop/cs348k_proj/outputs/controlNetScale/baseline_structural_canny/cfg_7p5_control_2p0/000000102805/canny.png,/Users/yixiaoz/Desktop/cs348k_proj/outputs/controlNetScale/baseline_structural_canny/cfg_7p5_control_2p0/000000102805/generated.png,empty_text_plus_canny,3,7.5,2.0,20,0.5137,0.3506,31.5653
15254,These platters display healthy food choices of two entrees with a side  vegetable and fruit,"A neatly organized lunch container displays a balanced meal consisting of rice, vegetables, fruit, and other healthy foods arranged in separate compartments. Grapes, carrots, and a colorful entrée contribute to the vibrant appearance. The close-up perspective emphasizes nutrition, portioning, and meal preparation. The image reflects.",,/Users/yixiaoz/Desktop/cs348k_proj/outputs/controlNetScale/baseline_structural_canny/cfg_7p5_control_2p0/000000015254/target.png,/Users/yixiaoz/Desktop/cs348k_proj/outputs/controlNetScale/baseline_structural_canny/cfg_7p5_control_2p0/000000015254/canny.png,/Users/yixiaoz/Desktop/cs348k_proj/outputs/controlNetScale/baseline_structural_canny/cfg_7p5_control_2p0/000000015254/generated.png,empty_text_plus_canny,3,7.5,2.0,20,0.5261,0.4874,28.7733
24567,There is a man looking at a lot if hot dogs in a bun in a pan,"A man wearing a hat looks down at a tray filled with hot dogs arranged in buns. The outdoor setting suggests a barbecue, picnic, or community gathering where food is being prepared and served. Bright colors from the toppings and buns create a festive appearance.",,/Users/yixiaoz/Desktop/cs348k_proj/outputs/controlNetScale/baseline_structural_canny/cfg_7p5_control_2p0/000000024567/target.png,/Users/yixiaoz/Desktop/cs348k_proj/outputs/controlNetScale/baseline_structural_canny/cfg_7p5_control_2p0/000000024567/canny.png,/Users/yixiaoz/Desktop/cs348k_proj/outputs/controlNetScale/baseline_structural_canny/cfg_7p5_control_2p0/000000024567/generated.png,empty_text_plus_canny,3,7.5,2.0,20,0.6072,0.6284,21.8451
25603,A girl sitting around a table in a restaurant eating a pizza.,"A young girl sits at a restaurant table with a pizza placed in front of her. Glasses, plates, and table settings surround the meal while the warm indoor lighting creates a cozy atmosphere. She looks toward the camera as if waiting to eat or enjoying.",,/Users/yixiaoz/Desktop/cs348k_proj/outputs/controlNetScale/baseline_structural_canny/cfg_7p5_control_2p0/000000025603/target.png,/Users/yixiaoz/Desktop/cs348k_proj/outputs/controlNetScale/baseline_structural_canny/cfg_7p5_control_2p0/000000025603/canny.png,/Users/yixiaoz/Desktop/cs348k_proj/outputs/controlNetScale/baseline_structural_canny/cfg_7p5_control_2p0/000000025603/generated.png,empty_text_plus_canny,3,7.5,2.0,20,0.5183,0.4179,26.1091
55150,Two children sit atop their parent's luggage in the parking lot.,"Two children sit atop luggage carts in a parking lot while surrounded by parked vehicles. The scene appears to capture a family trip, airport arrival, or vacation departure. The children seem comfortable and playful as they ride on the luggage. Cars, travel equipment, and open.",,/Users/yixiaoz/Desktop/cs348k_proj/outputs/controlNetScale/baseline_structural_canny/cfg_7p5_control_2p0/000000055150/target.png,/Users/yixiaoz/Desktop/cs348k_proj/outputs/controlNetScale/baseline_structural_canny/cfg_7p5_control_2p0/000000055150/canny.png,/Users/yixiaoz/Desktop/cs348k_proj/outputs/controlNetScale/baseline_structural_canny/cfg_7p5_control_2p0/000000055150/generated.png,empty_text_plus_canny,3,7.5,2.0,20,0.464,0.5173,25.7509
30828,A person covered with an orange sleeping bag rests his head on a blue back pack as he sleeps on a park bench.,"A person sleeps on a park bench while covered by an orange sleeping bag and resting beside a backpack. The outdoor setting includes grass, trees, and surrounding park features. The image captures a quiet moment of rest in a public space, contrasting the bright colors.",,/Users/yixiaoz/Desktop/cs348k_proj/outputs/controlNetScale/baseline_structural_canny/cfg_7p5_control_2p0/000000030828/target.png,/Users/yixiaoz/Desktop/cs348k_proj/outputs/controlNetScale/baseline_structural_canny/cfg_7p5_control_2p0/000000030828/canny.png,/Users/yixiaoz/Desktop/cs348k_proj/outputs/controlNetScale/baseline_structural_canny/cfg_7p5_control_2p0/000000030828/generated.png,empty_text_plus_canny,3,7.5,2.0,20,0.6091,0.512,26.7034
32334,"Two people, a man and a woman, are toasting with wine glasses.","A smiling man and woman hold wine glasses while posing together indoors. The casual setting appears to be a social gathering, dinner, or celebration where friends enjoy food and drinks. Warm lighting and relaxed expressions create a welcoming atmosphere. The image emphasizes companionship, hospitality, and.",,/Users/yixiaoz/Desktop/cs348k_proj/outputs/controlNetScale/baseline_structural_canny/cfg_7p5_control_2p0/000000032334/target.png,/Users/yixiaoz/Desktop/cs348k_proj/outputs/controlNetScale/baseline_structural_canny/cfg_7p5_control_2p0/000000032334/canny.png,/Users/yixiaoz/Desktop/cs348k_proj/outputs/controlNetScale/baseline_structural_canny/cfg_7p5_control_2p0/000000032334/generated.png,empty_text_plus_canny,3,7.5,2.0,20,0.5059,0.5061,20.333
92416,A male with a bottled beverage wearing a flower in his lapel.,"A young man wearing formal attire stands outdoors holding a bottled beverage. A flower pinned to his lapel suggests participation in a wedding, graduation, or other ceremonial event. Water and distant scenery form a pleasant background. His posture and clothing indicate a special occasion, while.",,/Users/yixiaoz/Desktop/cs348k_proj/outputs/controlNetScale/baseline_structural_canny/cfg_7p5_control_2p0/000000092416/target.png,/Users/yixiaoz/Desktop/cs348k_proj/outputs/controlNetScale/baseline_structural_canny/cfg_7p5_control_2p0/000000092416/canny.png,/Users/yixiaoz/Desktop/cs348k_proj/outputs/controlNetScale/baseline_structural_canny/cfg_7p5_control_2p0/000000092416/generated.png,empty_text_plus_canny,3,7.5,2.0,20,0.5112,0.3708,25.5089
20553,Large stuffed animal posed outdoors as if sitting in a chair with beverages on a table.,A large stuffed animal is arranged outdoors in a desert-like environment while seated in a chair beside beverages and decorative items placed on a small table. The unusual setup creates a humorous and imaginative scene. Open ground and sparse surroundings emphasize the contrast between the.,,/Users/yixiaoz/Desktop/cs348k_proj/outputs/controlNetScale/baseline_structural_canny/cfg_7p5_control_2p0/000000020553/target.png,/Users/yixiaoz/Desktop/cs348k_proj/outputs/controlNetScale/baseline_structural_canny/cfg_7p5_control_2p0/000000020553/canny.png,/Users/yixiaoz/Desktop/cs348k_proj/outputs/controlNetScale/baseline_structural_canny/cfg_7p5_control_2p0/000000020553/generated.png,empty_text_plus_canny,3,7.5,2.0,20,0.507,0.4348,28.17
93437,An older man is wearing a funny hat in his dining room.,"An elderly man wearing a distinctive hat stands inside a dining area or kitchen while smiling toward the camera. Household furnishings and cabinets appear in the background, creating a comfortable domestic setting. His expression suggests warmth and friendliness, while the unusual hat adds character and.",,/Users/yixiaoz/Desktop/cs348k_proj/outputs/controlNetScale/baseline_structural_canny/cfg_7p5_control_2p0/000000093437/target.png,/Users/yixiaoz/Desktop/cs348k_proj/outputs/controlNetScale/baseline_structural_canny/cfg_7p5_control_2p0/000000093437/canny.png,/Users/yixiaoz/Desktop/cs348k_proj/outputs/controlNetScale/baseline_structural_canny/cfg_7p5_control_2p0/000000093437/generated.png,empty_text_plus_canny,3,7.5,2.0,20,0.4262,0.3906,24.6127
89648,People using electronic devises all facing in the same direction.,"Several people sit in rows while using laptops and other electronic devices. Viewed from above, the scene resembles a classroom, workshop, conference, or training session focused on technology. Participants face the same direction and appear engaged with their screens. The arrangement emphasizes learning, collaboration, and.",,/Users/yixiaoz/Desktop/cs348k_proj/outputs/controlNetScale/baseline_structural_canny/cfg_7p5_control_2p0/000000089648/target.png,/Users/yixiaoz/Desktop/cs348k_proj/outputs/controlNetScale/baseline_structural_canny/cfg_7p5_control_2p0/000000089648/canny.png,/Users/yixiaoz/Desktop/cs348k_proj/outputs/controlNetScale/baseline_structural_canny/cfg_7p5_control_2p0/000000089648/generated.png,empty_text_plus_canny,3,7.5,2.0,20,0.4538,0.4402,33.3653
7574,"A kitchen with two sinks, a counter, detergent, a stove and a refrigerator in it.","A kitchen interior contains wooden cabinets, a refrigerator, a stove, countertops, and cleaning supplies arranged around the room. Various household items are visible near the sink and work surfaces, creating a realistic lived-in appearance. The image emphasizes domestic functionality and organization while showcasing the appliances.",,/Users/yixiaoz/Desktop/cs348k_proj/outputs/controlNetScale/baseline_structural_canny/cfg_7p5_control_2p0/000000007574/target.png,/Users/yixiaoz/Desktop/cs348k_proj/outputs/controlNetScale/baseline_structural_canny/cfg_7p5_control_2p0/000000007574/canny.png,/Users/yixiaoz/Desktop/cs348k_proj/outputs/controlNetScale/baseline_structural_canny/cfg_7p5_control_2p0/000000007574/generated.png,empty_text_plus_canny,3,7.5,2.0,20,0.4357,0.4152,29.4465
88040,"Plates of shrimp, vegetables, and noodles served with tea.","Several plates of food are arranged on a table viewed from above, including shrimp, vegetables, noodles, and accompanying beverages. Bowls, cups, and serving dishes contribute to the inviting dining presentation. The meal appears carefully prepared and shared among multiple people. The image highlights culinary variety.",,/Users/yixiaoz/Desktop/cs348k_proj/outputs/controlNetScale/baseline_structural_canny/cfg_7p5_control_2p0/000000088040/target.png,/Users/yixiaoz/Desktop/cs348k_proj/outputs/controlNetScale/baseline_structural_canny/cfg_7p5_control_2p0/000000088040/canny.png,/Users/yixiaoz/Desktop/cs348k_proj/outputs/controlNetScale/baseline_structural_canny/cfg_7p5_control_2p0/000000088040/generated.png,empty_text_plus_canny,3,7.5,2.0,20,0.5418,0.4403,27.8774
4134,Two men standing next to each other holding hands.,"Two men stand together at a formal event while greeting one another and shaking hands. Other attendees and banquet tables are visible in the background, suggesting a conference, reception, or celebration. Their professional attire and engaged expressions indicate a respectful social interaction. The image highlights.",,/Users/yixiaoz/Desktop/cs348k_proj/outputs/controlNetScale/baseline_structural_canny/cfg_7p5_control_2p0/000000004134/target.png,/Users/yixiaoz/Desktop/cs348k_proj/outputs/controlNetScale/baseline_structural_canny/cfg_7p5_control_2p0/000000004134/canny.png,/Users/yixiaoz/Desktop/cs348k_proj/outputs/controlNetScale/baseline_structural_canny/cfg_7p5_control_2p0/000000004134/generated.png,empty_text_plus_canny,3,7.5,2.0,20,0.5466,0.5327,26.3824
39769,Two cats sleeping with a remote control near each of them.,Two cats sleep peacefully on a bright pink blanket with television remotes placed nearby. Their relaxed poses and stretched bodies create a calm and comfortable scene. The indoor setting suggests a living room or bedroom where the animals have chosen a soft resting place. The.,,/Users/yixiaoz/Desktop/cs348k_proj/outputs/controlNetScale/baseline_structural_canny/cfg_7p5_control_2p0/000000039769/target.png,/Users/yixiaoz/Desktop/cs348k_proj/outputs/controlNetScale/baseline_structural_canny/cfg_7p5_control_2p0/000000039769/canny.png,/Users/yixiaoz/Desktop/cs348k_proj/outputs/controlNetScale/baseline_structural_canny/cfg_7p5_control_2p0/000000039769/generated.png,empty_text_plus_canny,3,7.5,2.0,20,0.6667,0.5467,26.5031
14439,A group of people standing on a field flying a colorful kite.,"A group of people stand together in a grassy park while flying a large colorful kite. Open space, recreational equipment, and other visitors create a lively outdoor environment. Participants work together to manage the kite as it catches the wind above the field. The image.",,/Users/yixiaoz/Desktop/cs348k_proj/outputs/controlNetScale/baseline_structural_canny/cfg_7p5_control_2p0/000000014439/target.png,/Users/yixiaoz/Desktop/cs348k_proj/outputs/controlNetScale/baseline_structural_canny/cfg_7p5_control_2p0/000000014439/canny.png,/Users/yixiaoz/Desktop/cs348k_proj/outputs/controlNetScale/baseline_structural_canny/cfg_7p5_control_2p0/000000014439/generated.png,empty_text_plus_canny,3,7.5,2.0,20,0.7234,0.6483,23.9227
104669,"A plate with a meal of meat, potatoes, carrots, and broccoli.","A plate holds a complete meal featuring a piece of meat alongside potatoes, carrots, broccoli, and other vegetables. The arrangement is neatly presented, suggesting a restaurant dish or carefully prepared home-cooked dinner. Bright colors from the vegetables contrast with the darker entrée. The image emphasizes.",,/Users/yixiaoz/Desktop/cs348k_proj/outputs/controlNetScale/baseline_structural_canny/cfg_7p5_control_2p0/000000104669/target.png,/Users/yixiaoz/Desktop/cs348k_proj/outputs/controlNetScale/baseline_structural_canny/cfg_7p5_control_2p0/000000104669/canny.png,/Users/yixiaoz/Desktop/cs348k_proj/outputs/controlNetScale/baseline_structural_canny/cfg_7p5_control_2p0/000000104669/generated.png,empty_text_plus_canny,3,7.5,2.0,20,0.5445,0.5185,24.1658
11149,A man sitting on a motorcycle near several bicycles with a partially visible person standing nearby.,"A motorcycle is parked near several bicycles while people stand nearby in an outdoor setting. The collection of vehicles suggests a shared recreational or transportation area. Trees, pathways, and surrounding activity contribute to the public atmosphere. The image highlights different modes of personal transportation and.",,/Users/yixiaoz/Desktop/cs348k_proj/outputs/controlNetScale/baseline_structural_canny/cfg_7p5_control_2p0/000000011149/target.png,/Users/yixiaoz/Desktop/cs348k_proj/outputs/controlNetScale/baseline_structural_canny/cfg_7p5_control_2p0/000000011149/canny.png,/Users/yixiaoz/Desktop/cs348k_proj/outputs/controlNetScale/baseline_structural_canny/cfg_7p5_control_2p0/000000011149/generated.png,empty_text_plus_canny,3,7.5,2.0,20,0.486,0.3898,29.3476
52996,A group of women in military outfits helping other women in a kitchen.,"A group of women wearing military-style uniforms work together in a kitchen while preparing food. Large pots, utensils, and work surfaces indicate an organized cooking effort intended to serve many people. Their coordinated activity reflects teamwork and shared responsibility. The image highlights food preparation, community.",,/Users/yixiaoz/Desktop/cs348k_proj/outputs/controlNetScale/baseline_structural_canny/cfg_7p5_control_2p0/000000052996/target.png,/Users/yixiaoz/Desktop/cs348k_proj/outputs/controlNetScale/baseline_structural_canny/cfg_7p5_control_2p0/000000052996/canny.png,/Users/yixiaoz/Desktop/cs348k_proj/outputs/controlNetScale/baseline_structural_canny/cfg_7p5_control_2p0/000000052996/generated.png,empty_text_plus_canny,3,7.5,2.0,20,0.4624,0.4012,30.186
30213,"The picture shows the interior of a kitchen, with vintage refrigerator, stove, and other appliances.","The interior of a vintage-style kitchen is filled with retro appliances, patterned wallpaper, wooden cabinets, and decorative household items. A classic refrigerator, stove, sink, and dining furniture create a nostalgic atmosphere reminiscent of mid-century home design. Various utensils, containers, and decorations are arranged throughout the.",,/Users/yixiaoz/Desktop/cs348k_proj/outputs/controlNetScale/baseline_structural_canny/cfg_7p5_control_2p0/000000030213/target.png,/Users/yixiaoz/Desktop/cs348k_proj/outputs/controlNetScale/baseline_structural_canny/cfg_7p5_control_2p0/000000030213/canny.png,/Users/yixiaoz/Desktop/cs348k_proj/outputs/controlNetScale/baseline_structural_canny/cfg_7p5_control_2p0/000000030213/generated.png,empty_text_plus_canny,3,7.5,2.0,20,0.4749,0.3757,25.6027
56127,"A room with a fire extinguisher, mugs hanging from a shelf and several lights.","A narrow interior room contains shelves lined with mugs, a fire extinguisher, counters, hanging lights, and decorative details. Warm lighting and colorful walls create a welcoming atmosphere that resembles a small café, restaurant service area, or compact workspace. The room is carefully organized to maximize.",,/Users/yixiaoz/Desktop/cs348k_proj/outputs/controlNetScale/baseline_structural_canny/cfg_7p5_control_2p0/000000056127/target.png,/Users/yixiaoz/Desktop/cs348k_proj/outputs/controlNetScale/baseline_structural_canny/cfg_7p5_control_2p0/000000056127/canny.png,/Users/yixiaoz/Desktop/cs348k_proj/outputs/controlNetScale/baseline_structural_canny/cfg_7p5_control_2p0/000000056127/generated.png,empty_text_plus_canny,3,7.5,2.0,20,0.5387,0.3743,24.2035
84031,A batter swinging a bat at a baseball with the catcher and umpire behind him.,A baseball player swings at a pitch while the catcher and umpire closely follow the action behind home plate. The game takes place on a well-maintained field surrounded by spectators and stadium structures. The batter’s posture captures the intensity and timing required in competitive baseball.,,/Users/yixiaoz/Desktop/cs348k_proj/outputs/controlNetScale/baseline_structural_canny/cfg_7p5_control_2p0/000000084031/target.png,/Users/yixiaoz/Desktop/cs348k_proj/outputs/controlNetScale/baseline_structural_canny/cfg_7p5_control_2p0/000000084031/canny.png,/Users/yixiaoz/Desktop/cs348k_proj/outputs/controlNetScale/baseline_structural_canny/cfg_7p5_control_2p0/000000084031/generated.png,empty_text_plus_canny,3,7.5,2.0,20,0.4938,0.5243,19.878
74209,A black and stainless steel kitchen with a snack bar and bar stools.,"A modern kitchen features stainless steel appliances, polished countertops, pendant lighting, and a snack bar lined with stools. The clean design emphasizes contemporary architecture and efficient use of space. Cabinets, sinks, and work surfaces are neatly arranged to support cooking and dining activities. The room.",,/Users/yixiaoz/Desktop/cs348k_proj/outputs/controlNetScale/baseline_structural_canny/cfg_7p5_control_2p0/000000074209/target.png,/Users/yixiaoz/Desktop/cs348k_proj/outputs/controlNetScale/baseline_structural_canny/cfg_7p5_control_2p0/000000074209/canny.png,/Users/yixiaoz/Desktop/cs348k_proj/outputs/controlNetScale/baseline_structural_canny/cfg_7p5_control_2p0/000000074209/generated.png,empty_text_plus_canny,3,7.5,2.0,20,0.4601,0.3483,27.3832
52891,A dog walking on the beach with a frizzbe in his month.,"A dog stands on a sandy beach while carrying a bright yellow frisbee in its mouth. Ocean water, waves, and distant shoreline scenery create a scenic coastal backdrop. The animal appears alert and energetic, as if engaged in a game of fetch with its owner.",,/Users/yixiaoz/Desktop/cs348k_proj/outputs/controlNetScale/baseline_structural_canny/cfg_7p5_control_2p0/000000052891/target.png,/Users/yixiaoz/Desktop/cs348k_proj/outputs/controlNetScale/baseline_structural_canny/cfg_7p5_control_2p0/000000052891/canny.png,/Users/yixiaoz/Desktop/cs348k_proj/outputs/controlNetScale/baseline_structural_canny/cfg_7p5_control_2p0/000000052891/generated.png,empty_text_plus_canny,3,7.5,2.0,20,0.6268,0.668,30.8773
99039,Plates of food and two glasses of red wine are on a table.,Several plates of food and two glasses of red wine are arranged on a table beside a large window overlooking greenery and nearby buildings. The setting appears to be a restaurant or dining area where people are enjoying a meal together. Soft natural light enters.,,/Users/yixiaoz/Desktop/cs348k_proj/outputs/controlNetScale/baseline_structural_canny/cfg_7p5_control_2p0/000000099039/target.png,/Users/yixiaoz/Desktop/cs348k_proj/outputs/controlNetScale/baseline_structural_canny/cfg_7p5_control_2p0/000000099039/canny.png,/Users/yixiaoz/Desktop/cs348k_proj/outputs/controlNetScale/baseline_structural_canny/cfg_7p5_control_2p0/000000099039/generated.png,empty_text_plus_canny,3,7.5,2.0,20,0.4799,0.4964,28.9821
66635,"An apple computer monitor, keyboard and mouse sits on top of a clean wooden desk.","An Apple desktop computer sits on a clean wooden desk alongside a keyboard and mouse. The workspace is simple, organized, and free from clutter, emphasizing productivity and focus. The monitor occupies the center of the arrangement while the surrounding furniture provides ample working space. The.",,/Users/yixiaoz/Desktop/cs348k_proj/outputs/controlNetScale/baseline_structural_canny/cfg_7p5_control_2p0/000000066635/target.png,/Users/yixiaoz/Desktop/cs348k_proj/outputs/controlNetScale/baseline_structural_canny/cfg_7p5_control_2p0/000000066635/canny.png,/Users/yixiaoz/Desktop/cs348k_proj/outputs/controlNetScale/baseline_structural_canny/cfg_7p5_control_2p0/000000066635/generated.png,empty_text_plus_canny,3,7.5,2.0,20,0.6045,0.413,32.1477
107226,Men race on wheeled vehicles towed by a group of husky dogs.,Competitors participate in a dog-powered racing event where huskies pull wheeled vehicles through an outdoor course. Spectators gather nearby to watch the action while handlers guide the dogs. The animals appear strong and energetic as they work together as a team. The image highlights sporting.,,/Users/yixiaoz/Desktop/cs348k_proj/outputs/controlNetScale/baseline_structural_canny/cfg_7p5_control_2p0/000000107226/target.png,/Users/yixiaoz/Desktop/cs348k_proj/outputs/controlNetScale/baseline_structural_canny/cfg_7p5_control_2p0/000000107226/canny.png,/Users/yixiaoz/Desktop/cs348k_proj/outputs/controlNetScale/baseline_structural_canny/cfg_7p5_control_2p0/000000107226/generated.png,empty_text_plus_canny,3,7.5,2.0,20,0.604,0.6224,26.1086
14038,A kitchen with hard wood floors and a yellow smiley face balloon.,"A living room decorated for a celebration contains colorful balloons, furniture, and a large yellow smiley-face balloon suspended near the ceiling. The room features wooden flooring, entertainment equipment, and decorative touches that create a festive atmosphere. The arrangement suggests a birthday party or social gathering.",,/Users/yixiaoz/Desktop/cs348k_proj/outputs/controlNetScale/baseline_structural_canny/cfg_7p5_control_2p0/000000014038/target.png,/Users/yixiaoz/Desktop/cs348k_proj/outputs/controlNetScale/baseline_structural_canny/cfg_7p5_control_2p0/000000014038/canny.png,/Users/yixiaoz/Desktop/cs348k_proj/outputs/controlNetScale/baseline_structural_canny/cfg_7p5_control_2p0/000000014038/generated.png,empty_text_plus_canny,3,7.5,2.0,20,0.4596,0.4257,21.5217
114884,"A woman with a cigarette standing, while a group of people with luggage walk towards a bus.","A woman stands inside a transportation terminal while travelers carrying luggage move through the background toward buses or other transit services. The spacious facility contains seating areas, structural supports, and signs associated with public transportation. People appear focused on their journeys as they navigate the.",,/Users/yixiaoz/Desktop/cs348k_proj/outputs/controlNetScale/baseline_structural_canny/cfg_7p5_control_2p0/000000114884/target.png,/Users/yixiaoz/Desktop/cs348k_proj/outputs/controlNetScale/baseline_structural_canny/cfg_7p5_control_2p0/000000114884/canny.png,/Users/yixiaoz/Desktop/cs348k_proj/outputs/controlNetScale/baseline_structural_canny/cfg_7p5_control_2p0/000000114884/generated.png,empty_text_plus_canny,3,7.5,2.0,20,0.5198,0.4991,25.302
12120,A couple of women playing a game of tennis on a tennis court.,"Two women compete in a tennis match on a professional court surrounded by spectators and stadium seating. Both athletes focus intensely on the ball as they move across the blue playing surface. The sporting venue includes advertising displays, officials, and fans observing the competition. The.",,/Users/yixiaoz/Desktop/cs348k_proj/outputs/controlNetScale/baseline_structural_canny/cfg_7p5_control_2p0/000000012120/target.png,/Users/yixiaoz/Desktop/cs348k_proj/outputs/controlNetScale/baseline_structural_canny/cfg_7p5_control_2p0/000000012120/canny.png,/Users/yixiaoz/Desktop/cs348k_proj/outputs/controlNetScale/baseline_structural_canny/cfg_7p5_control_2p0/000000012120/generated.png,empty_text_plus_canny,3,7.5,2.0,20,0.5792,0.5589,25.2775
87470,a big heard of cows walking down a road in a row with green tags on their ears,A large herd of cattle walks together along a rural road bordered by open countryside. The animals move in an organized line while green ear tags help identify members of the herd. Rolling terrain and natural vegetation create an agricultural landscape in the background. The.,,/Users/yixiaoz/Desktop/cs348k_proj/outputs/controlNetScale/baseline_structural_canny/cfg_7p5_control_2p0/000000087470/target.png,/Users/yixiaoz/Desktop/cs348k_proj/outputs/controlNetScale/baseline_structural_canny/cfg_7p5_control_2p0/000000087470/canny.png,/Users/yixiaoz/Desktop/cs348k_proj/outputs/controlNetScale/baseline_structural_canny/cfg_7p5_control_2p0/000000087470/generated.png,empty_text_plus_canny,3,7.5,2.0,20,0.4652,0.3633,28.9007
41872,"A bedroom with  a large bed facing a fireplace that has a television over the top of it, in a shelf space.","A comfortable bedroom contains a large bed, fireplace, television, built-in shelving, and warm lighting. Soft furnishings and decorative details create a relaxing atmosphere designed for rest and comfort. The layout resembles a hotel suite or upscale residential bedroom where entertainment and relaxation are combined in.",,/Users/yixiaoz/Desktop/cs348k_proj/outputs/controlNetScale/baseline_structural_canny/cfg_7p5_control_2p0/000000041872/target.png,/Users/yixiaoz/Desktop/cs348k_proj/outputs/controlNetScale/baseline_structural_canny/cfg_7p5_control_2p0/000000041872/canny.png,/Users/yixiaoz/Desktop/cs348k_proj/outputs/controlNetScale/baseline_structural_canny/cfg_7p5_control_2p0/000000041872/generated.png,empty_text_plus_canny,3,7.5,2.0,20,0.6657,0.4406,29.075
60899,The young boy is playing in the living room of his house.,"A young boy plays in a living room while raising an object above his head. Household furniture, rugs, and natural light create a comfortable domestic setting. The child appears energetic and engaged in imaginative play. The image captures a candid family moment that reflects childhood.",,/Users/yixiaoz/Desktop/cs348k_proj/outputs/controlNetScale/baseline_structural_canny/cfg_7p5_control_2p0/000000060899/target.png,/Users/yixiaoz/Desktop/cs348k_proj/outputs/controlNetScale/baseline_structural_canny/cfg_7p5_control_2p0/000000060899/canny.png,/Users/yixiaoz/Desktop/cs348k_proj/outputs/controlNetScale/baseline_structural_canny/cfg_7p5_control_2p0/000000060899/generated.png,empty_text_plus_canny,3,7.5,2.0,20,0.4788,0.634,25.8039
46872,a man standing next to a truck with some stuff on it,"A man stands beside a flatbed truck loaded with large industrial materials and equipment. The outdoor setting suggests a construction, transportation, or delivery operation. The truck occupies most of the scene while the worker appears to inspect or supervise the cargo. The image highlights logistics.",,/Users/yixiaoz/Desktop/cs348k_proj/outputs/controlNetScale/baseline_structural_canny/cfg_7p5_control_2p0/000000046872/target.png,/Users/yixiaoz/Desktop/cs348k_proj/outputs/controlNetScale/baseline_structural_canny/cfg_7p5_control_2p0/000000046872/canny.png,/Users/yixiaoz/Desktop/cs348k_proj/outputs/controlNetScale/baseline_structural_canny/cfg_7p5_control_2p0/000000046872/generated.png,empty_text_plus_canny,3,7.5,2.0,20,0.4659,0.4813,29.948
33638,A woman wearing shorts bends over a frying pan on a stove.,"A woman bends over a stove while preparing food in a traditional kitchen. Pots, utensils, and cooking equipment surround her as she works on a meal. The room contains functional appliances and furnishings that support everyday household cooking. The image emphasizes domestic life, food preparation.",,/Users/yixiaoz/Desktop/cs348k_proj/outputs/controlNetScale/baseline_structural_canny/cfg_7p5_control_2p0/000000033638/target.png,/Users/yixiaoz/Desktop/cs348k_proj/outputs/controlNetScale/baseline_structural_canny/cfg_7p5_control_2p0/000000033638/canny.png,/Users/yixiaoz/Desktop/cs348k_proj/outputs/controlNetScale/baseline_structural_canny/cfg_7p5_control_2p0/000000033638/generated.png,empty_text_plus_canny,3,7.5,2.0,20,0.585,0.4967,28.3758
66038,The father and daughter are under an umbrella on the beach.,"A father and daughter relax beneath colorful beach umbrellas near the shoreline. Sand, water, and bright weather create a pleasant coastal environment suited for recreation and family outings. The pair appear comfortable as they spend time together enjoying the outdoors. The image highlights family relationships.",,/Users/yixiaoz/Desktop/cs348k_proj/outputs/controlNetScale/baseline_structural_canny/cfg_7p5_control_2p0/000000066038/target.png,/Users/yixiaoz/Desktop/cs348k_proj/outputs/controlNetScale/baseline_structural_canny/cfg_7p5_control_2p0/000000066038/canny.png,/Users/yixiaoz/Desktop/cs348k_proj/outputs/controlNetScale/baseline_structural_canny/cfg_7p5_control_2p0/000000066038/generated.png,empty_text_plus_canny,3,7.5,2.0,20,0.5106,0.5252,22.6218
86582,A person watering plants with a computer in the foreground.,"A laptop computer sits prominently in the foreground while a person tends plants in the background. Potted plants, gardening supplies, and outdoor views create a peaceful setting that combines technology with nature. The scene suggests remote work, personal projects, or a lifestyle that balances digital.",,/Users/yixiaoz/Desktop/cs348k_proj/outputs/controlNetScale/baseline_structural_canny/cfg_7p5_control_2p0/000000086582/target.png,/Users/yixiaoz/Desktop/cs348k_proj/outputs/controlNetScale/baseline_structural_canny/cfg_7p5_control_2p0/000000086582/canny.png,/Users/yixiaoz/Desktop/cs348k_proj/outputs/controlNetScale/baseline_structural_canny/cfg_7p5_control_2p0/000000086582/generated.png,empty_text_plus_canny,3,7.5,2.0,20,0.5757,0.5149,24.4365
32610,Assortment of laptop computers displayed on table with backpacks full of electronic cords.,"Multiple laptop computers, backpacks, cables, and electronic accessories are displayed across a table. The collection of equipment suggests a workshop, conference, classroom, or technology-focused event. Devices are arranged side by side, emphasizing preparation and connectivity. The image highlights digital tools used for communication, learning, and.",,/Users/yixiaoz/Desktop/cs348k_proj/outputs/controlNetScale/baseline_structural_canny/cfg_7p5_control_2p0/000000032610/target.png,/Users/yixiaoz/Desktop/cs348k_proj/outputs/controlNetScale/baseline_structural_canny/cfg_7p5_control_2p0/000000032610/canny.png,/Users/yixiaoz/Desktop/cs348k_proj/outputs/controlNetScale/baseline_structural_canny/cfg_7p5_control_2p0/000000032610/generated.png,empty_text_plus_canny,3,7.5,2.0,20,0.5717,0.4472,29.0677
8021,An audience is looking at an film of a man taking that is projected onto a wall.,"A speaker stands in front of a large projected image while addressing an audience seated in a darkened room. The presentation appears to be part of a conference, lecture, or public event. Audience members focus on the stage while the presenter gestures toward visual material.",,/Users/yixiaoz/Desktop/cs348k_proj/outputs/controlNetScale/baseline_structural_canny/cfg_7p5_control_2p0/000000008021/target.png,/Users/yixiaoz/Desktop/cs348k_proj/outputs/controlNetScale/baseline_structural_canny/cfg_7p5_control_2p0/000000008021/canny.png,/Users/yixiaoz/Desktop/cs348k_proj/outputs/controlNetScale/baseline_structural_canny/cfg_7p5_control_2p0/000000008021/generated.png,empty_text_plus_canny,3,7.5,2.0,20,0.571,0.5211,26.011
81738,Someone about to cut and birthday cake with blue and yellow frosting.,"A rectangular birthday cake decorated with blue and yellow frosting sits on a kitchen counter while a person uses a knife to cut into it. The cake appears homemade or specially prepared for a celebration, with decorative writing and icing patterns spread across the surface.",,/Users/yixiaoz/Desktop/cs348k_proj/outputs/controlNetScale/baseline_structural_canny/cfg_7p5_control_2p0/000000081738/target.png,/Users/yixiaoz/Desktop/cs348k_proj/outputs/controlNetScale/baseline_structural_canny/cfg_7p5_control_2p0/000000081738/canny.png,/Users/yixiaoz/Desktop/cs348k_proj/outputs/controlNetScale/baseline_structural_canny/cfg_7p5_control_2p0/000000081738/generated.png,empty_text_plus_canny,3,7.5,2.0,20,0.517,0.4879,28.9875
94944,A skier on skies and a snowboarder carrying a snowboard on a mountain slope.,"Several people are gathered on a snowy mountain slope surrounded by dramatic alpine scenery and distant snow-covered peaks. One individual carries a snowboard while others prepare equipment or rest nearby. The expansive landscape dominates the background, emphasizing the scale of the mountainous environment. The image.",,/Users/yixiaoz/Desktop/cs348k_proj/outputs/controlNetScale/baseline_structural_canny/cfg_7p5_control_2p0/000000094944/target.png,/Users/yixiaoz/Desktop/cs348k_proj/outputs/controlNetScale/baseline_structural_canny/cfg_7p5_control_2p0/000000094944/canny.png,/Users/yixiaoz/Desktop/cs348k_proj/outputs/controlNetScale/baseline_structural_canny/cfg_7p5_control_2p0/000000094944/generated.png,empty_text_plus_canny,3,7.5,2.0,20,0.4576,0.41,28.4172
48504,A brown and a gray elephant are in a circus ring and the brown elephant is walking behind the gray elephant as well as two people training them are standing nearby.,Two elephants stand inside a large indoor training or exhibition space while handlers supervise them nearby. One elephant follows behind the other as they move across the floor beneath overhead lighting and structural beams. Equipment and barriers suggest a controlled environment designed for animal care.,,/Users/yixiaoz/Desktop/cs348k_proj/outputs/controlNetScale/baseline_structural_canny/cfg_7p5_control_2p0/000000048504/target.png,/Users/yixiaoz/Desktop/cs348k_proj/outputs/controlNetScale/baseline_structural_canny/cfg_7p5_control_2p0/000000048504/canny.png,/Users/yixiaoz/Desktop/cs348k_proj/outputs/controlNetScale/baseline_structural_canny/cfg_7p5_control_2p0/000000048504/generated.png,empty_text_plus_canny,3,7.5,2.0,20,0.41,0.3329,30.6107
69213,Two men who are wearing suits and hats standing next to each other.,"Two men wearing dark suits and matching hats stand side by side outdoors while looking toward the camera. Their formal attire contrasts with the busy background, where people and vehicles are visible. The pair appear composed and confident, suggesting they may be attending a formal.",,/Users/yixiaoz/Desktop/cs348k_proj/outputs/controlNetScale/baseline_structural_canny/cfg_7p5_control_2p0/000000069213/target.png,/Users/yixiaoz/Desktop/cs348k_proj/outputs/controlNetScale/baseline_structural_canny/cfg_7p5_control_2p0/000000069213/canny.png,/Users/yixiaoz/Desktop/cs348k_proj/outputs/controlNetScale/baseline_structural_canny/cfg_7p5_control_2p0/000000069213/generated.png,empty_text_plus_canny,3,7.5,2.0,20,0.4938,0.3874,27.311
44877,Two people are in a wheelchair and only one of them is holding a racket.,"Two people are positioned on a tennis court, one seated in a wheelchair while holding a tennis racket. The scene highlights adaptive sports and athletic participation regardless of physical ability. Both individuals focus on the activity taking place on the court, surrounded by fencing and.",,/Users/yixiaoz/Desktop/cs348k_proj/outputs/controlNetScale/baseline_structural_canny/cfg_7p5_control_2p0/000000044877/target.png,/Users/yixiaoz/Desktop/cs348k_proj/outputs/controlNetScale/baseline_structural_canny/cfg_7p5_control_2p0/000000044877/canny.png,/Users/yixiaoz/Desktop/cs348k_proj/outputs/controlNetScale/baseline_structural_canny/cfg_7p5_control_2p0/000000044877/generated.png,empty_text_plus_canny,3,7.5,2.0,20,0.4866,0.3311,31.8281
74058,A sidewalk next to the outdoor sitting area of a restaurant.,"A black-and-white street scene shows a sidewalk café or restaurant with outdoor seating positioned beside a busy road. Bicycles are parked nearby while tables and chairs extend beneath awnings. Cars line the street and pedestrians move through the area. The monochrome presentation emphasizes geometry, shadows.",,/Users/yixiaoz/Desktop/cs348k_proj/outputs/controlNetScale/baseline_structural_canny/cfg_7p5_control_2p0/000000074058/target.png,/Users/yixiaoz/Desktop/cs348k_proj/outputs/controlNetScale/baseline_structural_canny/cfg_7p5_control_2p0/000000074058/canny.png,/Users/yixiaoz/Desktop/cs348k_proj/outputs/controlNetScale/baseline_structural_canny/cfg_7p5_control_2p0/000000074058/generated.png,empty_text_plus_canny,3,7.5,2.0,20,0.4305,0.4209,21.8762
69356,An Indian woman stands in front of a man selling his fruit,"A fruit vendor stands beside a colorful outdoor market stall filled with oranges, bananas, and other produce. A woman stands nearby while additional people move through the area. Trees and buildings line the background, suggesting a neighborhood street market. The image highlights small-scale commerce, local.",,/Users/yixiaoz/Desktop/cs348k_proj/outputs/controlNetScale/baseline_structural_canny/cfg_7p5_control_2p0/000000069356/target.png,/Users/yixiaoz/Desktop/cs348k_proj/outputs/controlNetScale/baseline_structural_canny/cfg_7p5_control_2p0/000000069356/canny.png,/Users/yixiaoz/Desktop/cs348k_proj/outputs/controlNetScale/baseline_structural_canny/cfg_7p5_control_2p0/000000069356/generated.png,empty_text_plus_canny,3,7.5,2.0,20,0.5041,0.4835,25.1648
57232,A chair is fashioned from baseball bats and two cushions.,"A chair has been creatively constructed from baseball bats and cushioned seating materials, transforming sporting equipment into functional furniture. Additional decorative items, including a globe and various objects, surround the unusual piece. The craftsmanship demonstrates artistic repurposing and design innovation. The image highlights the intersection.",,/Users/yixiaoz/Desktop/cs348k_proj/outputs/controlNetScale/baseline_structural_canny/cfg_7p5_control_2p0/000000057232/target.png,/Users/yixiaoz/Desktop/cs348k_proj/outputs/controlNetScale/baseline_structural_canny/cfg_7p5_control_2p0/000000057232/canny.png,/Users/yixiaoz/Desktop/cs348k_proj/outputs/controlNetScale/baseline_structural_canny/cfg_7p5_control_2p0/000000057232/generated.png,empty_text_plus_canny,3,7.5,2.0,20,0.4714,0.3199,27.1685
5193,A group of people pose for a picture while a man holds two surfboards.,"A group of people gathers indoors for a photograph while one individual holds two colorful surfboards upright. Several children and adults pose together, smiling toward the camera. The surfboards act as focal points, suggesting a beach, surfing, or recreational theme. The image captures a celebratory.",,/Users/yixiaoz/Desktop/cs348k_proj/outputs/controlNetScale/baseline_structural_canny/cfg_7p5_control_2p0/000000005193/target.png,/Users/yixiaoz/Desktop/cs348k_proj/outputs/controlNetScale/baseline_structural_canny/cfg_7p5_control_2p0/000000005193/canny.png,/Users/yixiaoz/Desktop/cs348k_proj/outputs/controlNetScale/baseline_structural_canny/cfg_7p5_control_2p0/000000005193/generated.png,empty_text_plus_canny,3,7.5,2.0,20,0.52,0.5034,24.2525
94751,A traffic light and a signpost at a crossroads intersection near a waterway.,"Traffic lights and road signs stand at an intersection near a waterfront area. Fences, streets, and utility structures define the urban landscape while water and distant infrastructure appear in the background. The scene focuses on transportation systems and traffic management rather than people. The image.",,/Users/yixiaoz/Desktop/cs348k_proj/outputs/controlNetScale/baseline_structural_canny/cfg_7p5_control_2p0/000000094751/target.png,/Users/yixiaoz/Desktop/cs348k_proj/outputs/controlNetScale/baseline_structural_canny/cfg_7p5_control_2p0/000000094751/canny.png,/Users/yixiaoz/Desktop/cs348k_proj/outputs/controlNetScale/baseline_structural_canny/cfg_7p5_control_2p0/000000094751/generated.png,empty_text_plus_canny,3,7.5,2.0,20,0.4571,0.3071,29.207
13546,Young man on skate board balancing on concrete barrier near sidewalk with small park area near by.,"A skateboarder balances on a concrete structure within a small park while performing a trick. The rider’s posture demonstrates concentration and control as wheels contact the edge of the obstacle. Grass, pathways, and recreational facilities surround the scene. The image captures motion and athletic skill.",,/Users/yixiaoz/Desktop/cs348k_proj/outputs/controlNetScale/baseline_structural_canny/cfg_7p5_control_2p0/000000013546/target.png,/Users/yixiaoz/Desktop/cs348k_proj/outputs/controlNetScale/baseline_structural_canny/cfg_7p5_control_2p0/000000013546/canny.png,/Users/yixiaoz/Desktop/cs348k_proj/outputs/controlNetScale/baseline_structural_canny/cfg_7p5_control_2p0/000000013546/generated.png,empty_text_plus_canny,3,7.5,2.0,20,0.4749,0.5283,32.1681
112378,A bunch of bananas on a wooden bench with hammocks in the background.,"A bunch of bananas rests on a wooden bench in an outdoor setting where hammocks and tropical vegetation appear in the background. The fruit is arranged casually, creating a simple still-life composition. Natural lighting and greenery contribute to a relaxed atmosphere. The image highlights everyday.",,/Users/yixiaoz/Desktop/cs348k_proj/outputs/controlNetScale/baseline_structural_canny/cfg_7p5_control_2p0/000000112378/target.png,/Users/yixiaoz/Desktop/cs348k_proj/outputs/controlNetScale/baseline_structural_canny/cfg_7p5_control_2p0/000000112378/canny.png,/Users/yixiaoz/Desktop/cs348k_proj/outputs/controlNetScale/baseline_structural_canny/cfg_7p5_control_2p0/000000112378/generated.png,empty_text_plus_canny,3,7.5,2.0,20,0.5583,0.4707,24.2646
57672,a river.A group of people with life jacket rowing a long boat in,"A long rowing boat moves across a calm river while a coordinated team of rowers wearing life jackets paddles together. Their synchronized effort propels the vessel through the water as spectators and shoreline features remain visible in the distance. The image highlights teamwork, endurance, and.",,/Users/yixiaoz/Desktop/cs348k_proj/outputs/controlNetScale/baseline_structural_canny/cfg_7p5_control_2p0/000000057672/target.png,/Users/yixiaoz/Desktop/cs348k_proj/outputs/controlNetScale/baseline_structural_canny/cfg_7p5_control_2p0/000000057672/canny.png,/Users/yixiaoz/Desktop/cs348k_proj/outputs/controlNetScale/baseline_structural_canny/cfg_7p5_control_2p0/000000057672/generated.png,empty_text_plus_canny,3,7.5,2.0,20,0.5216,0.4838,34.7473
19432,He's almost got this tennis ball at the end of his racket.,"A tennis player focuses intensely on a ball approaching the racket during a match on a professional court. Stadium seating and fencing create the backdrop while the athlete prepares to make contact. The composition freezes a precise moment that requires timing, concentration, and technical skill.",,/Users/yixiaoz/Desktop/cs348k_proj/outputs/controlNetScale/baseline_structural_canny/cfg_7p5_control_2p0/000000019432/target.png,/Users/yixiaoz/Desktop/cs348k_proj/outputs/controlNetScale/baseline_structural_canny/cfg_7p5_control_2p0/000000019432/canny.png,/Users/yixiaoz/Desktop/cs348k_proj/outputs/controlNetScale/baseline_structural_canny/cfg_7p5_control_2p0/000000019432/generated.png,empty_text_plus_canny,3,7.5,2.0,20,0.5012,0.4994,26.2011
73702,A couple of guys standingoutside in the sun talking to each other.,"Several people stand together outdoors near a transportation or public-service area while engaged in conversation. Some individuals carry bags or wear protective clothing, suggesting travel, work, or transit-related activities. The scene appears candid and documentary in nature, focusing on social interaction rather than posed photography.",,/Users/yixiaoz/Desktop/cs348k_proj/outputs/controlNetScale/baseline_structural_canny/cfg_7p5_control_2p0/000000073702/target.png,/Users/yixiaoz/Desktop/cs348k_proj/outputs/controlNetScale/baseline_structural_canny/cfg_7p5_control_2p0/000000073702/canny.png,/Users/yixiaoz/Desktop/cs348k_proj/outputs/controlNetScale/baseline_structural_canny/cfg_7p5_control_2p0/000000073702/generated.png,empty_text_plus_canny,3,7.5,2.0,20,0.4481,0.5462,21.1986
84241,Three women cooking in a professional kitchen together.,"Three women work together inside a professional kitchen while preparing food. Large bowls of vegetables, cookware, and stainless-steel surfaces surround them as they coordinate meal preparation. The environment suggests a restaurant, catering operation, or culinary training setting. The image highlights teamwork, food service, and culinary.",,/Users/yixiaoz/Desktop/cs348k_proj/outputs/controlNetScale/baseline_structural_canny/cfg_7p5_control_2p0/000000084241/target.png,/Users/yixiaoz/Desktop/cs348k_proj/outputs/controlNetScale/baseline_structural_canny/cfg_7p5_control_2p0/000000084241/canny.png,/Users/yixiaoz/Desktop/cs348k_proj/outputs/controlNetScale/baseline_structural_canny/cfg_7p5_control_2p0/000000084241/generated.png,empty_text_plus_canny,3,7.5,2.0,20,0.5639,0.3754,28.7038
34417,Donuts traveling down an assembly line in a factory while people work behind it.,"Donuts move along a production line inside a bakery or food-processing facility while workers supervise operations in the background. Conveyors, trays, and industrial equipment are visible throughout the workspace. The image illustrates large-scale food production and the systems used to manufacture baked goods efficiently. It.",,/Users/yixiaoz/Desktop/cs348k_proj/outputs/controlNetScale/baseline_structural_canny/cfg_7p5_control_2p0/000000034417/target.png,/Users/yixiaoz/Desktop/cs348k_proj/outputs/controlNetScale/baseline_structural_canny/cfg_7p5_control_2p0/000000034417/canny.png,/Users/yixiaoz/Desktop/cs348k_proj/outputs/controlNetScale/baseline_structural_canny/cfg_7p5_control_2p0/000000034417/generated.png,empty_text_plus_canny,3,7.5,2.0,20,0.5164,0.3797,31.6719
25181,A train station with an awning is depicted with a train on the right platform.,"A train station platform extends into the distance beneath a large canopy, creating strong lines and symmetry throughout the composition. A train sits along one side of the platform while signs and architectural details reinforce the sense of order. The black-and-white presentation emphasizes structure and.",,/Users/yixiaoz/Desktop/cs348k_proj/outputs/controlNetScale/baseline_structural_canny/cfg_7p5_control_2p0/000000025181/target.png,/Users/yixiaoz/Desktop/cs348k_proj/outputs/controlNetScale/baseline_structural_canny/cfg_7p5_control_2p0/000000025181/canny.png,/Users/yixiaoz/Desktop/cs348k_proj/outputs/controlNetScale/baseline_structural_canny/cfg_7p5_control_2p0/000000025181/generated.png,empty_text_plus_canny,3,7.5,2.0,20,0.3789,0.2623,30.9382
67213,"A dog jumping through the air above a pool of water that has been marked for distance, with people watching in the distance.","A dog leaps high above a pool during a dock-diving competition while spectators watch from behind barriers. The animal is captured midair, demonstrating athletic ability, speed, and confidence. Water, measuring equipment, and event organizers suggest a structured sporting competition. The image highlights the bond between.",,/Users/yixiaoz/Desktop/cs348k_proj/outputs/controlNetScale/baseline_structural_canny/cfg_7p5_control_2p0/000000067213/target.png,/Users/yixiaoz/Desktop/cs348k_proj/outputs/controlNetScale/baseline_structural_canny/cfg_7p5_control_2p0/000000067213/canny.png,/Users/yixiaoz/Desktop/cs348k_proj/outputs/controlNetScale/baseline_structural_canny/cfg_7p5_control_2p0/000000067213/generated.png,empty_text_plus_canny,3,7.5,2.0,20,0.558,0.5319,23.4602
94871,A group of people standing around sheep on a field.,"Several sheep stand together in a field while people gather nearby. Different breeds and wool colors create visual variety across the scene. The setting resembles an agricultural fair, livestock exhibition, or rural community event where animals are displayed and evaluated. The image highlights farming culture.",,/Users/yixiaoz/Desktop/cs348k_proj/outputs/controlNetScale/baseline_structural_canny/cfg_7p5_control_2p0/000000094871/target.png,/Users/yixiaoz/Desktop/cs348k_proj/outputs/controlNetScale/baseline_structural_canny/cfg_7p5_control_2p0/000000094871/canny.png,/Users/yixiaoz/Desktop/cs348k_proj/outputs/controlNetScale/baseline_structural_canny/cfg_7p5_control_2p0/000000094871/generated.png,empty_text_plus_canny,3,7.5,2.0,20,0.5241,0.5915,28.1657
